t_s,vbus_V,current_A
47.50026,8.9961,0.000593
47.50057,9.0018,0.000593
47.50088,8.9979,0.000697
47.50119,8.9932,0.001089
47.50145,9.0035,0.001089
47.50176,9.0008,-0.000111
47.50207,8.9941,0.001089
47.50238,8.9988,0.000881
47.50268,8.9988,0.000089
47.50300,8.9932,0.000697
47.50325,8.9961,0.000697
47.50356,8.9971,0.000193
47.50387,8.9971,0.000697
47.50418,8.9971,-0.000111
47.50449,8.9998,0.000985
47.50474,8.9914,0.000985
47.50505,8.9941,0.000089
47.50536,8.9922,0.001089
47.50567,8.9941,-0.000007
47.50598,9.0027,-0.000111
47.50629,8.9951,0.000089
47.50654,8.9988,0.000089
47.50685,8.9979,0.000881
47.50716,8.9961,-0.000111
47.50747,8.9971,0.000089
47.50778,8.9932,0.000697
47.50990,8.9971,-0.000007
47.51166,9.0084,0.000593
47.51342,8.9979,0.000297
47.51518,9.0018,0.001489
47.51694,8.9988,0.000193
47.51869,9.0055,0.000489
47.52045,8.9922,0.000777
47.52221,8.9951,0.001673
47.52246,9.0027,0.001489
47.52277,9.0018,0.000489
47.52308,8.9961,-0.000591
47.52339,8.9971,0.000297
47.52364,8.9961,0.000297
47.52395,9.0018,0.000985
47.52426,8.9914,0.000489
47.52457,9.0035,-0.000191
47.52488,8.9998,0.000593
47.52519,8.9979,0.000881
47.52545,8.9979,0.000881
47.52576,9.0018,-0.000695
47.52607,8.9998,-0.000191
47.52638,8.9941,0.000593
47.52669,8.9988,-0.000399
47.52695,8.9914,-0.000399
47.52725,9.0045,-0.000591
47.52756,8.9988,0.000385
47.52787,8.9941,0.001593
47.52818,8.9961,0.001193
47.52844,8.9988,0.001193
47.52875,9.0008,0.001281
47.52905,8.9922,0.000385
47.52937,8.9971,0.000881
47.52968,8.9914,0.000489
47.52999,8.9914,0.000089
47.53024,8.9941,0.000089
47.53055,8.9971,0.000089
47.53086,8.9998,0.001489
47.53117,8.9979,0.000297
47.53148,9.0055,0.000385
47.53179,8.9998,-0.000295
47.53204,9.0018,-0.000295
47.53235,9.0018,0.000489
47.53266,9.0045,0.000697
47.53298,9.0008,-0.000007
47.53328,8.9971,-0.000007
47.53354,8.9961,-0.000007
47.53385,8.9979,0.000297
47.53416,8.9932,0.001385
47.53447,8.9961,-0.000191
47.53478,8.9979,0.001089
47.53509,9.0027,0.000297
47.53534,8.9971,0.000297
47.53565,8.9971,0.000089
47.53596,9.0008,0.001193
47.53627,9.0008,-0.000511
47.53658,8.9988,0.001089
47.53689,8.9895,0.000697
47.53714,8.9998,0.000697
47.53745,9.0027,0.001089
47.53777,9.0018,0.000489
47.53808,9.0035,0.000881
47.53839,8.9988,0.000881
47.53864,8.9971,0.000881
47.53895,8.9941,0.000697
47.53926,8.9961,0.000385
47.53957,8.9979,0.000089
47.53988,8.9988,0.000593
47.54019,8.9904,0.000385
47.54044,8.9941,0.000385
47.54075,9.0008,0.000193
47.54106,9.0102,0.000297
47.54137,8.9971,-0.000191
47.54168,9.0008,0.000193
47.54199,8.9961,0.000593
47.54224,9.0018,0.000593
47.54255,8.9951,-0.000295
47.54286,9.0008,0.000777
47.54317,9.0018,0.000697
47.54348,9.0018,0.000193
47.54374,8.9971,0.000193
47.54405,8.9988,0.001193
47.54436,8.9941,-0.000007
47.54467,8.9951,0.000697
47.54498,8.9951,0.000089
47.54529,9.0027,0.000697
47.54554,9.0008,0.000697
47.54585,9.0018,0.000089
47.54616,8.9922,0.000193
47.54647,8.9932,0.000089
47.54678,8.9961,0.000881
47.54709,8.9988,0.000777
47.54734,8.9971,0.000777
47.54765,8.9961,0.000089
47.54796,8.9951,0.000385
47.54827,9.0035,0.000089
47.54858,8.9998,0.000385
47.54883,8.9998,0.000385
47.54914,8.9971,0.000297
47.54945,8.9951,0.000777
47.54977,8.9961,0.000985
47.55008,9.0008,-0.000399
47.55039,8.9951,-0.000295
47.55064,8.9971,-0.000295
47.55095,8.9904,0.001193
47.55126,9.0008,0.000385
47.55157,9.0027,0.000089
47.55188,9.0018,0.000297
47.55219,8.9971,0.000385
47.55244,8.9998,0.000385
47.55275,8.9998,0.000593
47.55306,8.9998,0.000489
47.55337,8.9951,-0.000111
47.55368,8.9998,0.000193
47.55399,8.9998,0.000593
47.55424,8.9988,0.000593
47.55455,8.9932,0.001089
47.55486,8.9922,0.000385
47.55517,8.9941,-0.000111
47.55548,9.0027,0.000593
47.55574,8.9988,0.000593
47.55605,9.0008,-0.000191
47.55636,8.9961,0.000697
47.55667,8.9951,-0.000007
47.55698,8.9998,0.001193
47.55729,8.9998,0.000089
47.55754,8.9961,0.000089
47.55785,8.9951,0.000297
47.55816,8.9998,0.000985
47.55847,9.0064,-0.000111
47.55878,8.9998,0.000489
47.55903,8.9988,0.000489
47.55934,8.9988,-0.000007
47.55965,8.9941,0.000297
47.55996,8.9971,0.000985
47.56027,8.9941,0.000297
47.56058,9.0027,0.000089
47.56083,8.9875,0.000089
47.56114,8.9951,0.000297
47.56145,9.0045,0.001089
47.56177,9.0018,0.000089
47.56208,8.9971,0.000697
47.56239,8.9914,0.000385
47.56264,8.9971,0.000385
47.56295,9.0008,0.000697
47.56326,8.9961,0.001089
47.56357,8.9979,0.000089
47.56388,8.9988,0.001385
47.56419,8.9979,0.000489
47.56444,8.9951,0.000489
47.56475,8.9979,0.000297
47.56506,8.9922,-0.000591
47.56537,8.9998,0.000881
47.56568,8.9988,0.000297
47.56593,9.0018,0.000297
47.56624,9.0008,-0.000695
47.56655,8.9979,0.000777
47.56686,8.9988,0.001193
47.56717,8.9988,0.000697
47.56748,9.0018,0.000193
47.56774,9.0018,0.000193
47.56805,9.0018,0.000193
47.56836,9.0045,0.000193
47.56867,9.0035,0.000697
47.56898,8.9988,-0.000007
47.56929,8.9971,0.000489
47.56954,8.9961,0.000489
47.56985,8.9998,0.000385
47.57016,8.9932,0.020425
47.57047,8.9932,0.020825
47.57078,8.9951,0.020929
47.57103,8.9932,0.020929
47.57134,8.9951,0.022425
47.57165,8.9971,0.025121
47.57196,8.9951,0.024225
47.57227,8.9951,0.025225
47.57258,8.9857,0.024017
47.57283,8.9885,0.024017
47.57314,8.9941,0.024513
47.57345,8.9932,0.024121
47.57376,8.9914,0.024121
47.57407,8.9885,0.023825
47.57438,8.9979,0.024017
47.57464,8.9932,0.024017
47.57495,8.9914,0.023433
47.57526,8.9885,0.024913
47.57557,8.9979,0.023825
47.57588,9.0064,0.024329
47.57619,9.0008,0.023009
47.57644,8.9971,0.023009
47.57675,8.9932,0.023433
47.57706,8.9961,0.024121
47.57737,8.9971,0.052441
47.57768,8.9961,0.052737
47.57793,8.9914,0.052737
47.57824,8.9828,0.060705
47.57855,8.9838,0.049937
47.57886,8.9828,0.128913
47.57917,8.9818,0.076865
47.57948,8.9922,0.079953
47.57973,8.9818,0.079953
47.58004,8.9771,0.088633
47.58035,8.9848,0.098897
47.58066,8.9791,0.104273
47.58097,8.9875,0.104377
47.58128,8.9895,0.081641
47.58154,8.9865,0.081641
47.58185,8.9951,0.077873
47.58216,8.9838,0.077953
47.58246,8.9875,0.076865
47.58278,8.9904,0.078457
47.58308,8.9941,0.122233
47.58334,8.9791,0.122233
47.58365,8.9365,0.269409
47.58396,8.3580,0.936137
47.58427,9.0197,0.271497
47.58458,8.9574,0.624849
47.58483,8.9555,0.624849
47.58514,8.9488,0.335297
47.58545,8.9412,0.218137
47.58576,8.9432,0.253641
47.58607,8.9631,0.231113
47.58638,8.9602,0.227129
47.58663,8.9695,0.227129
47.58694,8.9611,0.223937
47.58725,8.9648,0.196513
47.58756,8.9688,0.195217
47.58787,8.9744,0.194529
47.58818,8.9705,0.196321
47.58844,8.9791,0.196321
47.58874,8.9818,0.168497
47.58905,8.9801,0.160033
47.58936,8.9762,0.159713
47.58967,8.9705,0.161217
47.58998,8.9809,0.162009
47.59024,8.9818,0.162009
47.59055,8.9781,0.160617
47.59086,8.9828,0.161905
47.59117,8.9725,0.162321
47.59148,8.9781,0.163113
47.59173,8.9818,0.163113
47.59204,8.9648,0.165497
47.59235,8.9762,0.163913
47.59266,8.9715,0.167785
47.59297,8.9781,0.166097
47.59328,8.9744,0.166809
47.59353,8.9771,0.166809
47.59384,8.9771,0.160721
47.59415,8.9809,0.165201
47.59446,8.9762,0.163409
47.59477,8.9809,0.167601
47.59508,8.9744,0.165705
47.59533,8.9752,0.165705
47.59564,8.8516,0.171689
47.59595,8.9725,0.189937
47.59626,8.9744,0.161409
47.59657,8.9754,0.166497
47.59688,8.9781,0.165409
47.59713,8.9781,0.165409
47.59745,8.9781,0.157425
47.59776,8.9705,0.213761
47.59807,8.9648,0.210777
47.59838,8.9754,0.244881
47.59863,8.9639,0.244881
47.59894,8.9658,0.229713
47.59925,8.9611,0.241081
47.59956,8.9592,0.238497
47.59987,8.9648,0.237681
47.60018,8.9641,0.239393
47.60043,8.9688,0.239393
47.60074,8.9631,0.238577
47.60105,8.9715,0.235305
47.60136,8.9631,0.234993
47.60167,8.9695,0.233305
47.60193,8.9744,0.233305
47.60224,8.9791,0.238577
47.60255,8.9695,0.240481
47.60286,8.9705,0.230721
47.60316,8.9791,0.219249
47.60348,8.9602,0.217161
47.60373,8.9631,0.217161
47.60404,8.9762,0.213657
47.60435,8.9688,0.218953
47.60466,8.9668,0.216161
47.60497,8.9705,0.220041
47.60528,8.9668,0.216553
47.60553,8.9715,0.216553
47.60584,8.9762,0.217449
47.60615,8.9705,0.219457
47.60646,8.9678,0.218057
47.60677,8.9631,0.218745
47.60708,8.9678,0.216161
47.60733,8.9725,0.216161
47.60764,8.9752,0.217849
47.60795,8.9725,0.214465
47.60826,8.9641,0.216953
47.60857,8.9725,0.215049
47.60888,8.9695,0.214865
47.60913,8.9688,0.214865
47.60945,8.9658,0.215265
47.60976,8.9658,0.214553
47.61007,8.9725,0.218449
47.61038,8.9762,0.214865
47.61063,8.9648,0.214865
47.61094,8.9744,0.215657
47.61125,8.9668,0.215049
47.61156,8.9705,0.216849
47.61187,8.9734,0.215049
47.61218,8.9725,0.215761
47.61243,8.9705,0.215761
47.61274,8.9725,0.215657
47.61305,8.9705,0.217953
47.61336,8.9744,0.217345
47.61367,8.9688,0.217657
47.61398,8.9688,0.219537
47.61423,8.9771,0.219537
47.61454,8.9695,0.228921
47.61485,8.9705,0.217057
47.61516,8.9668,0.219849
47.61547,8.9688,0.218745
47.61573,8.9668,0.218745
47.61604,8.9734,0.221537
47.61635,8.9715,0.217849
47.61666,8.9668,0.217849
47.61697,8.9695,0.218241
47.61728,8.9781,0.216553
47.61753,8.9781,0.216553
47.61784,8.9771,0.213361
47.61815,8.9725,0.212761
47.61846,8.9734,0.210673
47.61877,8.9752,0.210961
47.61908,8.9734,0.211465
47.61933,8.9705,0.211465
47.61964,8.9762,0.213465
47.61995,8.9611,0.219849
47.62026,8.9725,0.220849
47.62057,8.9695,0.216449
47.62082,8.9678,0.216449
47.62113,8.9734,0.211777
47.62144,8.9631,0.221937
47.62176,8.9695,0.219953
47.62207,8.9705,0.211569
47.62238,8.9697,0.209673
47.62263,8.9678,0.209673
47.62294,8.9734,0.210777
47.62325,8.9715,0.214153
47.62356,8.9752,0.210777
47.62387,8.9734,0.209169
47.62418,8.9695,0.211777
47.62443,8.9781,0.211777
47.62474,8.9762,0.209273
47.62505,8.9762,0.214945
47.62536,8.9725,0.210673
47.62567,8.9641,0.219457
47.62592,8.9771,0.219457
47.62623,8.9752,0.211465
47.62654,8.9744,0.213257
47.62685,8.9658,0.213569
47.62716,8.9697,0.212465
47.62747,8.9631,0.218137
47.62773,8.9705,0.218137
47.62804,8.9725,0.213153
47.62835,8.9715,0.211673
47.62866,8.9621,0.212073
47.62897,8.9744,0.215049
47.62928,8.9725,0.209777
47.62953,8.9555,0.209777
47.62984,8.9688,0.211777
47.63015,8.9734,0.211673
47.63046,8.9725,0.208481
47.63077,8.9705,0.209169
47.63108,8.9648,0.209777
47.63133,8.9678,0.209777
47.63164,8.9762,0.208377
47.63195,8.9781,0.215265
47.63226,8.9668,0.217553
47.63257,8.9752,0.216161
47.63282,8.9658,0.216161
47.63313,8.9678,0.213465
47.63344,8.9688,0.214049
47.63376,8.9744,0.218241
47.63407,8.9688,0.220145
47.63438,8.9715,0.215865
47.63463,8.9705,0.215865
47.63494,8.9771,0.211465
47.63525,8.9658,0.220145
47.63556,8.9688,0.215553
47.63587,8.9641,0.211465
47.63612,8.9801,0.211465
47.63643,8.9705,0.209377
47.63674,8.9744,0.210569
47.63705,8.9734,0.208481
47.63736,8.9695,0.210569
47.63767,8.9725,0.211281
47.63792,8.9705,0.211281
47.63823,8.9752,0.208585
47.63854,8.9678,0.214553
47.63885,8.9705,0.211777
47.63916,8.9695,0.208673
47.63947,8.9725,0.212673
47.63973,8.9658,0.212673
47.64004,8.9752,0.210169
47.64035,8.9744,0.210465
47.64066,8.9791,0.209881
47.64097,8.9744,0.213465
47.64122,8.9697,0.213465
47.64153,8.9725,0.216161
47.64184,8.9734,0.211465
47.64215,8.9725,0.210065
47.64246,8.9639,0.209377
47.64277,8.9754,0.200409
47.64302,8.9744,0.200409
47.64333,8.9695,0.210169
47.64364,8.9695,0.211969
47.64395,8.9771,0.212073
47.64426,8.9801,0.210961
47.64457,8.9705,0.209273
47.64482,8.9705,0.209273
47.64513,8.9668,0.210857
47.64544,8.9668,0.214465
47.64576,8.9725,0.213257
47.64607,8.9838,0.211777
47.64632,8.9678,0.211777
47.64663,8.9705,0.208777
47.64694,8.9715,0.213465
47.64725,8.9631,0.211177
47.64756,8.9715,0.213257
47.64787,8.9734,0.213657
47.64812,8.9725,0.213657
47.64843,8.9705,0.227129
47.64874,8.9734,0.224625
47.64905,8.9621,0.227025
47.64936,8.9668,0.227425
47.64967,8.9611,0.225233
47.64992,8.9697,0.225233
47.65023,8.9648,0.225129
47.65054,8.9734,0.224337
47.65085,8.9725,0.224521
47.65116,8.9658,0.222537
47.65147,8.9648,0.225921
47.65173,8.9705,0.225921
47.65204,8.9658,0.223625
47.65235,8.9678,0.226233
47.65266,8.9695,0.228529
47.65297,8.9705,0.226633
47.65322,8.9705,0.226633
47.65353,8.9697,0.221937
47.65384,8.9705,0.228217
47.65415,8.9658,0.228113
47.65446,8.9715,0.226025
47.65477,8.9725,0.231721
47.65502,8.9762,0.231721
47.65533,8.9631,0.238793
47.65564,8.9648,0.237601
47.65595,8.9725,0.240793
47.65626,8.9639,0.254433
47.65657,8.9648,0.239001
47.65682,8.9695,0.239001
47.65713,8.9668,0.239977
47.65745,8.9781,0.238497
47.65776,8.9752,0.235393
47.65807,8.9752,0.237993
47.65832,8.9668,0.237993
47.65863,8.9725,0.236785
47.65894,8.9725,0.238393
47.65925,8.9668,0.237993
47.65956,8.9688,0.238105
47.65987,8.9525,0.270889
47.66012,8.9498,0.270889
47.66043,8.9621,0.270393
47.66074,8.9639,0.251057
47.66105,8.9734,0.232201
47.66136,8.9754,0.218641
47.66167,8.9648,0.219249
47.66192,8.9705,0.219249
47.66224,8.9771,0.228025
47.66255,8.9688,0.223041
47.66286,8.9715,0.223833
47.66316,8.9744,0.226129
47.66347,8.9715,0.226737
47.66373,8.9695,0.226737
47.66404,8.9695,0.221041
47.66435,8.9648,0.223545
47.66466,8.9744,0.218745
47.66497,8.9705,0.221249
47.66522,8.9781,0.221249
47.66553,8.9715,0.224521
47.66584,8.9762,0.226313
47.66615,8.9648,0.234809
47.66646,8.9639,0.233697
47.66677,8.9648,0.235809
47.66702,8.9621,0.235809
47.66733,8.9688,0.235097
47.66764,8.9725,0.238081
47.66795,8.9744,0.239185
47.66826,8.9715,0.242081
47.66857,8.9697,0.242193
47.66883,8.9639,0.242193
47.66914,8.9762,0.245169
47.66945,8.9715,0.238185
47.66976,8.9658,0.243377
47.67007,8.9641,0.248073
47.67032,8.9631,0.248073
47.67063,8.9668,0.242273
47.67094,8.9715,0.242777
47.67125,8.9688,0.236785
47.67156,8.9695,0.238577
47.67187,8.9725,0.242377
47.67212,8.9734,0.242377
47.67243,8.9658,0.236705
47.67274,8.9688,0.238393
47.67305,8.9668,0.239081
47.67336,8.9697,0.237393
47.67367,8.9705,0.237785
47.67393,8.9688,0.237785
47.67423,8.9631,0.242273
47.67454,8.9621,0.242585
47.67485,8.9678,0.241185
47.67516,8.9715,0.241185
47.67542,8.9658,0.241185
47.67573,8.9621,0.244777
47.67604,8.9641,0.242777
47.67635,8.9688,0.239393
47.67666,8.9695,0.235889
47.67697,8.9715,0.236705
47.67722,8.9641,0.236705
47.67753,8.9648,0.247177
47.67784,8.9734,0.242673
47.67815,8.9648,0.244065
47.67846,8.9648,0.243481
47.67877,8.9668,0.241273
47.67902,8.9744,0.241273
47.67933,8.9631,0.237289
47.67964,8.9725,0.234705
47.67995,8.9658,0.236889
47.68026,8.9678,0.232801
47.68057,8.9678,0.230505
47.68082,8.9744,0.230505
47.68113,8.9658,0.227425
47.68144,8.9658,0.228529
47.68176,8.9688,0.228129
47.68207,8.9668,0.230401
47.68232,8.9668,0.230401
47.68263,8.9678,0.228113
47.68294,8.9678,0.232113
47.68325,8.9762,0.234009
47.68356,8.9705,0.230617
47.68387,8.9678,0.234305
47.68412,8.9688,0.234305
47.68443,8.9678,0.246361
47.68474,8.9668,0.240377
47.68505,8.9705,0.239689
47.68536,8.9611,0.234705
47.68561,8.9715,0.234705
47.68592,8.9705,0.228817
47.68623,8.9725,0.225337
47.68654,8.9639,0.241585
47.68685,8.9688,0.238577
47.68716,8.9631,0.239081
47.68742,8.9631,0.239081
47.68773,8.9631,0.240185
47.68804,8.9668,0.238185
47.68835,8.9668,0.236305
47.68866,8.9725,0.239185
47.68897,8.9639,0.241769
47.68922,8.9678,0.241769
47.68953,8.9678,0.241689
47.68984,8.9725,0.247073
47.69015,8.9688,0.274289
47.69046,8.9639,0.279273
47.69077,8.9555,0.278065
47.69102,8.9555,0.278065
47.69133,8.9752,0.234993
47.69164,8.9631,0.223625
47.69195,8.9668,0.215865
47.69226,8.9678,0.213361
47.69257,8.9705,0.221145
47.69282,8.9668,0.221145
47.69313,8.9715,0.218745
47.69344,8.9688,0.215161
47.69376,8.9781,0.216057
47.69407,8.9705,0.224521
47.69432,8.9771,0.224521
47.69463,8.9725,0.221249
47.69494,8.9734,0.223545
47.69525,8.9658,0.222329
47.69556,8.9697,0.220937
47.69587,8.9752,0.214361
47.69612,8.9725,0.214361
47.69643,8.9715,0.218137
47.69674,8.9752,0.224521
47.69705,8.9631,0.232617
47.69736,8.9648,0.232409
47.69761,8.9781,0.232409
47.69792,8.9648,0.232305
47.69823,8.9791,0.229817
47.69854,8.9725,0.241185
47.69885,8.9639,0.273289
47.69916,8.9584,0.271289
47.69941,8.9582,0.271289
47.69973,8.9574,0.274585
47.70004,8.8082,1.749641
47.70035,8.7572,1.668481
47.70066,8.7799,1.792817
47.70097,8.7695,1.744577
47.70122,8.7506,1.744577
47.70153,8.7488,1.931921
47.70184,8.7393,2.499345
47.70215,8.5996,3.018729
47.70246,8.6176,2.982545
47.70277,8.6242,2.832865
47.70302,8.6082,2.832865
47.70333,8.5902,3.081745
47.70364,8.6195,2.946041
47.70395,8.6186,2.900465
47.70426,8.6156,2.857897
47.70451,8.6232,2.857897
47.70482,8.6402,2.882025
47.70513,8.6166,2.840849
47.70544,8.6375,2.784225
47.70576,8.6336,2.707945
47.70601,8.6402,2.707945
47.70632,8.6479,2.795593
47.70663,8.6705,2.686401
47.70694,8.6439,2.456769
47.70725,8.7082,2.103017
47.70756,8.7318,1.982769
47.70781,8.7393,1.982769
47.70812,8.7385,1.988449
47.70843,8.7562,1.949273
47.70874,8.7516,1.939889
47.70905,8.7498,1.882569
47.70936,8.7441,2.089545
47.70961,8.7252,2.089545
47.70992,8.7139,2.025345
47.71023,8.7186,2.078097
47.71054,8.7102,2.224745
47.71085,8.6969,2.363241
47.71116,8.6715,2.493569
47.71142,8.7158,2.493569
47.71173,8.7449,2.322281
47.71204,8.7412,2.009889
47.71235,8.7355,2.108505
47.71266,8.7186,2.129633
47.71291,8.7232,2.129633
47.71322,8.7998,1.727721
47.71353,8.7555,1.861233
47.71384,8.7525,2.007201
47.71415,8.7432,1.558521
47.71446,8.7781,1.812257
47.71471,8.7611,1.812257
47.71502,8.7498,1.893521
47.71533,8.8205,1.499489
47.71564,8.7969,1.727825
47.71595,8.7658,1.651737
47.71626,8.7951,1.610961
47.71652,8.7771,1.610961
47.71682,8.7742,1.777569
47.71714,8.8139,1.487225
47.71745,8.7855,1.542961
47.71776,8.8318,1.451521
47.71801,8.8025,1.451521
47.71832,8.7902,1.697313
47.71863,8.8158,1.482825
47.71894,8.7932,1.472665
47.71925,8.8346,1.418017
47.71956,8.8148,1.546545
47.71981,8.8168,1.546545
47.72012,8.8148,1.153897
47.72043,8.7959,1.387425
47.72074,8.8271,1.413137
47.72105,8.8178,1.558121
47.72136,8.8252,1.127569
47.72161,8.8639,1.127569
47.72193,8.8395,1.092881
47.72224,8.8734,1.078721
47.72255,8.8535,1.237265
47.72285,8.8289,0.834433
47.72316,8.8752,1.046121
47.72342,8.8545,1.046121
47.72373,8.8385,1.356193
47.72404,8.8885,1.030665
47.72435,8.8459,1.241641
47.72466,8.8289,1.118209
47.72492,8.8838,1.118209
47.72522,8.8912,0.779809
47.72553,8.8895,0.810505
47.72584,8.8951,0.791673
47.72615,8.8904,0.814889
47.72646,8.8912,0.814385
47.72672,8.8941,0.814385
47.72703,8.8895,0.796161
47.72734,8.8904,0.828761
47.72764,8.8818,0.841817
47.72796,8.8875,0.849993
47.72827,8.9035,0.836537
47.72852,8.8961,0.836537
47.72883,8.8895,0.864657
47.72914,8.8932,0.856081
47.72945,8.8922,0.859273
47.72976,8.8904,0.871937
47.73002,8.8799,0.871937
47.73032,8.8855,0.875713
47.73063,8.8818,0.889585
47.73094,8.8941,0.888977
47.73125,8.8875,0.906121
47.73156,8.8848,0.925665
47.73182,8.8771,0.925665
47.73212,8.8668,0.922393
47.73243,8.8781,0.944129
47.73275,8.8639,0.948505
47.73306,8.8809,0.948401
47.73331,8.8752,0.948401
47.73362,8.8705,0.953489
47.73393,8.8855,0.944625
47.73424,8.8904,0.827761
47.73455,8.8904,0.828865
47.73486,8.8848,0.830153
47.73511,8.8865,0.830153
47.73542,8.8922,0.843113
47.73573,8.8904,0.850393
47.73604,8.8855,0.834745
47.73635,8.8932,0.843817
47.73661,8.8818,0.843817
47.73692,8.8885,0.833641
47.73723,8.8912,0.858273
47.73754,8.8912,0.780993
47.73785,8.9025,0.713001
47.73816,8.9025,0.713393
47.73841,8.9082,0.713393
47.73872,8.9131,0.711889
47.73903,8.9035,0.713601
47.73934,8.9018,0.708513
47.73965,8.8979,0.713497
47.73996,8.9045,0.711201
47.74021,8.8998,0.711201
47.74052,8.9064,0.706825
47.74083,8.8979,0.737321
47.74114,8.9018,0.734729
47.74145,8.8979,0.733441
47.74176,8.9055,0.750977
47.74202,8.9111,0.750977
47.74233,8.9035,0.714793
47.74264,8.9018,0.705825
47.74295,8.9055,0.723569
47.74326,8.8988,0.728457
47.74351,8.9045,0.728457
47.74382,8.9035,0.731041
47.74413,8.9121,0.728241
47.74444,8.8998,0.711601
47.74475,8.9035,0.716377
47.74506,8.9102,0.664545
47.74531,8.9131,0.664545
47.74562,8.9205,0.673513
47.74593,8.9121,0.663545
47.74624,8.9139,0.638305
47.74655,8.9111,0.614193
47.74686,8.9252,0.619177
47.74711,8.9121,0.619177
47.74742,8.9148,0.619265
47.74773,8.9168,0.618865
47.74805,8.9148,0.630545
47.74836,8.9064,0.623353
47.74861,8.9244,0.623353
47.74892,8.9215,0.644209
47.74923,8.9178,0.618465
47.74954,8.9168,0.634825
47.74985,8.9234,0.630233
47.75016,8.9148,0.635137
47.75041,8.9111,0.635137
47.75072,8.9205,0.627649
47.75103,8.9195,0.628249
47.75134,8.9158,0.613793
47.75165,8.9244,0.619177
47.75196,8.9178,0.620865
47.75221,8.9158,0.620865
47.75252,8.9178,0.627353
47.75283,8.9168,0.624665
47.75314,8.9082,0.623265
47.75345,8.9205,0.622161
47.75376,8.9187,0.621553
47.75401,8.9158,0.621553
47.75433,8.9158,0.627457
47.75463,8.9092,0.630153
47.75495,8.9178,0.641913
47.75525,8.9187,0.642809
47.75551,8.9178,0.642809
47.75582,8.9215,0.629249
47.75613,8.9139,0.637009
47.75644,8.9102,0.627145
47.75675,8.9187,0.630153
47.75706,8.9225,0.630625
47.75731,8.9131,0.630625
47.75762,8.9121,0.636617
47.75793,8.9187,0.626961
47.75824,8.9186,0.629441
47.75855,8.9148,0.622873
47.75886,8.9064,0.654761
47.75911,8.9055,0.654761
47.75942,8.9205,0.671321
47.75973,8.9139,0.634129
47.76004,8.9187,0.631841
47.76035,8.9186,0.624849
47.76060,8.9092,0.624849
47.76091,8.9205,0.637905
47.76122,8.9215,0.649985
47.76153,8.9195,0.631737
47.76184,8.9111,0.628937
47.76215,8.9121,0.639513
47.76240,8.9168,0.639513
47.76271,8.9205,0.641809
47.76302,8.9195,0.626753
47.76333,8.9195,0.641097
47.76364,8.9092,0.627857
47.76395,8.9195,0.633129
47.76421,8.9139,0.633129
47.76452,8.9092,0.620865
47.76483,8.9111,0.644001
47.76514,8.9102,0.638009
47.76544,8.9158,0.649881
47.76576,8.9139,0.629833
47.76601,8.9139,0.629833
47.76632,8.9111,0.639705
47.76663,8.9168,0.628937
47.76694,8.9186,0.650593
47.76725,8.9148,0.648777
47.76750,8.8979,0.648777
47.76781,8.9139,0.666633
47.76812,8.9178,0.625745
47.76843,8.9121,0.626249
47.76874,8.9205,0.636217
47.76905,8.9129,0.647089
47.76930,8.9187,0.647089
47.76961,8.9158,0.629441
47.76992,8.9234,0.643897
47.77023,8.9225,0.631233
47.77054,8.9187,0.646689
47.77085,8.9187,0.623769
47.77111,8.9178,0.623769
47.77142,8.9299,0.626641
47.77173,8.9158,0.624057
47.77204,8.9139,0.625953
47.77235,8.9234,0.639617
47.77260,8.8988,0.639617
47.77291,8.8855,0.804625
47.77322,8.9025,0.907521
47.77353,8.9121,0.649377
47.77384,8.9187,0.645585
47.77415,8.9178,0.644601
47.77440,8.9195,0.644601
47.77471,8.9074,0.635825
47.77502,8.9129,0.645585
47.77533,8.9195,0.644393
47.77564,8.9168,0.648689
47.77595,8.9131,0.661537
47.77621,8.9195,0.661537
47.77652,8.9148,0.635929
47.77682,8.9148,0.650169
47.77713,8.9187,0.637425
47.77745,8.9082,0.626857
47.77776,8.9215,0.594753
47.77801,8.9242,0.594753
47.77832,8.9205,0.597737
47.77863,8.9215,0.608313
47.77894,8.9262,0.633529
47.77925,8.9045,0.609001
47.77950,8.9215,0.609001
47.77981,8.9215,0.600929
47.78012,8.9178,0.630233
47.78043,8.9291,0.620177
47.78074,8.9225,0.631441
47.78105,8.9225,0.625353
47.78130,8.9092,0.625353
47.78161,8.9178,0.641017
47.78192,8.7139,2.251385
47.78223,8.7102,2.150281
47.78254,8.7338,2.133121
47.78285,8.7215,2.069209
47.78311,8.7346,2.069209
47.78342,8.7336,2.018457
47.78373,8.7545,1.905497
47.78404,8.7611,1.870601
47.78435,8.7715,1.964233
47.78460,8.7195,1.964233
47.78491,8.7168,2.138809
47.78522,8.7111,2.170121
47.78553,8.7139,2.229545
47.78584,8.7166,2.194441
47.78615,8.7271,1.771481
47.78640,8.7762,1.771481
47.78671,8.7562,1.871393
47.78702,8.7328,2.053169
47.78733,8.7242,2.175609
47.78764,8.7158,2.154769
47.78795,8.7242,2.153953
47.78820,8.7498,2.153953
47.78851,8.7742,1.610561
47.78882,8.8525,1.180033
47.78913,8.8451,1.246425
47.78944,8.8346,1.312041
47.78976,8.8299,1.339945
47.79001,8.8271,1.339945
47.79032,8.9018,1.313041
47.79063,8.8564,1.142129
47.79094,8.7318,2.142401
47.79125,8.7232,2.193041
47.79150,8.7223,2.193041
47.79181,8.7271,2.148177
47.79212,8.7082,1.780265
47.79243,8.7658,1.850369
47.79274,8.7355,1.933713
47.79305,8.7139,2.134825
47.79330,8.7158,2.134825
47.79361,8.7025,2.238225
47.79392,8.7053,2.264233
47.79423,8.7432,1.819745
47.79454,8.7393,2.039697
47.79485,8.7355,2.239017
47.79510,8.7035,2.239017
47.79541,8.7025,2.307409
47.79573,8.7025,2.236425
47.79604,8.6969,2.302425
47.79635,8.7686,1.927521
47.79660,8.7205,1.927521
47.79691,8.7186,2.044593
47.79722,8.7045,2.286281
47.79753,8.6979,2.290369
47.79784,8.7082,2.251673
47.79815,8.7092,1.794529
47.79840,8.7639,1.794529
47.79871,8.7479,1.869097
47.79902,8.7289,2.107105
47.79933,8.7328,2.177505
47.79964,8.7289,2.136121
47.79995,8.7223,2.133433
47.80020,8.7658,2.133433
47.80051,8.7799,1.585633
47.80082,8.7582,1.892937
47.80113,8.7498,1.950569
47.80145,8.7488,1.921241
47.80170,8.7355,1.921241
47.80201,8.7355,2.001209
47.80232,8.8072,1.652337
47.80263,8.7611,1.830617
47.80294,8.7545,1.902097
47.80325,8.7469,1.947481
47.80350,8.7555,1.947481
47.80381,8.7525,1.830721
47.80412,8.7535,1.422209
47.80443,8.8102,1.540457
47.80474,8.7742,1.774777
47.80505,8.7611,1.827025
47.80531,8.7516,1.827025
47.80562,8.7582,1.828609
47.80592,8.7639,1.857729
47.80623,8.8055,1.351921
47.80654,8.7998,1.594705
47.80685,8.7846,1.775489
47.80711,8.7611,1.775489
47.80742,8.7469,1.832113
47.80773,8.7611,1.870305
47.80992,8.7639,1.860921
47.81168,8.7619,1.863113
47.81344,8.7648,1.856329
47.81520,8.7742,1.707465
47.81696,8.7385,1.919945
47.81872,8.7506,1.990953
47.82048,8.7375,1.963417
47.82223,8.7998,1.551321
47.82243,8.7941,1.568889
47.82274,8.8102,1.532201
47.82305,8.8008,1.501185
47.82330,8.8045,1.501185
47.82361,8.8064,1.517825
47.82392,8.8025,1.485225
47.82423,8.8025,1.439569
47.82454,8.8121,1.429097
47.82485,8.8158,1.409345
47.82510,8.8225,1.409345
47.82541,8.8121,1.415833
47.82572,8.8139,1.398977
47.82603,8.8262,1.401769
47.82634,8.8168,1.403465
47.82665,8.8176,1.372465
47.82690,8.8225,1.372465
47.82721,8.8328,1.388817
47.82753,8.8355,1.283713
47.82784,8.8355,1.340449
47.82815,8.8318,1.325201
47.82840,8.8309,1.325201
47.82871,8.8148,1.336673
47.82902,8.8215,1.375953
47.82933,8.8289,1.325809
47.82964,8.8178,1.317217
47.82990,8.8299,1.317217
47.83020,8.8232,1.331377
47.83051,8.8232,1.335777
47.83082,8.8385,1.367777
47.83113,8.8205,1.346145
47.83144,8.8242,1.286409
47.83170,8.8225,1.286409
47.83201,8.8262,1.286617
47.83232,8.8328,1.309033
47.83263,8.8582,1.048601
47.83293,8.8629,1.044433
47.83325,8.8602,1.077617
47.83350,8.8725,1.077617
47.83381,8.8725,1.079017
47.83413,8.8621,1.100745
47.83444,8.8572,1.078121
47.83475,8.8582,1.103249
47.83500,8.8459,1.103249
47.83531,8.8678,1.070337
47.83562,8.8695,1.027369
47.83593,8.8695,1.052793
47.83624,8.8629,1.030457
47.83655,8.8621,1.044617
47.83680,8.8715,1.044617
47.83711,8.8686,1.105049
47.83742,8.8572,1.056281
47.83773,8.8535,1.059177
47.83804,8.8592,1.089089
47.83835,8.8705,1.063769
47.83860,8.8621,1.063769
47.83891,8.8658,1.045017
47.83922,8.8545,1.086209
47.83953,8.8602,1.093281
47.83984,8.8592,1.168561
47.84010,8.8555,1.168561
47.84041,8.8498,1.101457
47.84072,8.8516,1.112217
47.84103,8.8572,1.133769
47.84134,8.8582,1.102545
47.84165,8.8525,1.109529
47.84190,8.8508,1.109529
47.84221,8.8498,1.123193
47.84252,8.8545,1.157193
47.84283,8.8564,1.135161
47.84314,8.8525,1.119209
47.84339,8.8451,1.119209
47.84370,8.8535,1.156505
47.84401,8.8498,1.184017
47.84432,8.8338,1.169953
47.84463,8.8441,1.149121
47.84494,8.8441,1.179721
47.84519,8.8469,1.179721
47.84551,8.8545,1.154705
47.84582,8.8516,1.150809
47.84613,8.8459,1.144137
47.84644,8.8498,1.171057
47.84669,8.8395,1.171057
47.84700,8.8545,1.182905
47.84731,8.8469,1.164073
47.84762,8.8479,1.201953
47.84793,8.8365,1.226481
47.84824,8.8516,1.234257
47.84849,8.8828,1.234257
47.84880,8.8875,0.913321
47.84911,8.8848,0.858961
47.84942,8.9111,0.592249
47.84973,8.9252,0.605017
47.85004,8.9178,0.592065
47.85030,8.9234,0.592065
47.85061,8.9215,0.601721
47.85091,8.9234,0.600425
47.85122,8.9205,0.646001
47.85154,8.9148,0.609209
47.85179,8.9225,0.609209
47.85210,8.9205,0.596633
47.85241,8.9168,0.595841
47.85272,8.9195,0.596841
47.85303,8.9148,0.592753
47.85334,8.9225,0.531825
47.85359,8.9508,0.531825
47.85390,8.9328,0.426033
47.85421,8.9365,0.483577
47.85452,8.9395,0.441193
47.85483,8.9441,0.445073
47.85514,8.9422,0.443593
47.85540,8.9451,0.443593
47.85570,8.9338,0.449977
47.85602,8.9338,0.496529
47.85633,8.9318,0.526441
47.85664,8.9252,0.526841
47.85694,8.9348,0.527233
47.85720,8.9309,0.527233
47.85751,8.9385,0.527945
47.85782,8.9318,0.527945
47.85813,8.9291,0.530241
47.85844,8.9225,0.531137
47.85870,8.9338,0.531137
47.85901,8.9385,0.527441
47.85932,8.9281,0.523249
47.85963,8.9348,0.522561
47.85994,8.9252,0.522249
47.86025,8.9348,0.520561
47.86050,8.9375,0.520561
47.86081,8.9271,0.519873
47.86112,8.9301,0.518473
47.86143,8.9281,0.518665
47.86174,8.9328,0.518369
47.86199,8.9309,0.518369
47.86230,8.9301,0.521065
47.86261,8.9271,0.521457
47.86292,8.9365,0.519769
47.86323,8.9338,0.520457
47.86354,8.9318,0.519369
47.86380,8.9338,0.519369
47.86411,8.9338,0.519873
47.86442,8.9328,0.521169
47.86472,8.9412,0.523961
47.86503,8.9309,0.524465
47.86534,8.9215,0.523065
47.86560,8.9281,0.523065
47.86591,8.9234,0.543297
47.86622,8.9291,0.519873
47.86652,8.9385,0.523353
47.86684,8.9301,0.519457
47.86715,8.9365,0.521353
47.86740,8.9375,0.521353
47.86771,8.9309,0.519665
47.86802,8.9281,0.519057
47.86833,8.9328,0.518561
47.86864,8.9301,0.556065
47.86895,8.9281,0.542297
47.86920,8.9451,0.542297
47.86951,8.9328,0.516761
47.86982,8.9234,0.516073
47.87014,8.9338,0.517265
47.87045,8.9385,0.518161
47.87075,8.9338,0.514969
47.87101,8.9234,0.514969
47.87132,8.9301,0.516681
47.87163,8.9355,0.516761
47.87194,8.9338,0.520161
47.87225,8.9271,0.519769
47.87250,8.9252,0.519769
47.87281,8.9281,0.518561
47.87312,8.9412,0.519769
47.87343,8.9348,0.519057
47.87374,8.9309,0.515785
47.87405,8.9244,0.518265
47.87430,8.9318,0.518265
47.87461,8.9328,0.515681
47.87492,8.9365,0.518265
47.87523,8.9338,0.519369
47.87554,8.9348,0.521665
47.87585,8.9375,0.492233
47.87611,8.9309,0.492233
47.87642,8.9395,0.489857
47.87673,8.9318,0.489857
47.87704,8.9301,0.486961
47.87735,8.9412,0.490649
47.87760,8.9328,0.490649
47.87791,8.9348,0.491257
47.87822,8.9309,0.488353
47.87853,8.9338,0.491441
47.87884,8.9357,0.491841
47.87915,8.9357,0.517161
47.87940,8.9348,0.517161
47.87971,8.9412,0.521353
47.88002,8.9328,0.524441
47.88033,8.9215,0.564033
47.88064,8.9262,0.522649
47.88095,8.9281,0.521753
47.88120,8.9338,0.521753
47.88151,8.9271,0.521353
47.88183,8.9385,0.515073
47.88214,8.9291,0.518977
47.88245,8.9281,0.516761
47.88270,8.9262,0.516761
47.88301,8.9291,0.518561
47.88332,8.9318,0.533825
47.88363,8.9422,0.514969
47.88394,8.9357,0.516369
47.88425,8.9309,0.518977
47.88450,8.9318,0.518977
47.88481,8.9385,0.521665
47.88512,8.9318,0.521961
47.88543,8.9338,0.456441
47.88574,8.9404,0.458841
47.88605,8.9338,0.460529
47.88630,8.9422,0.460529
47.88661,8.9385,0.461425
47.88692,8.9404,0.466121
47.88723,8.9357,0.460449
47.88754,8.9357,0.461929
47.88780,8.9488,0.461929
47.88811,8.9422,0.457545
47.88842,8.9385,0.458633
47.88873,8.9357,0.458049
47.88904,8.9422,0.459449
47.88935,8.9404,0.430833
47.88960,8.9422,0.430833
47.88991,8.9441,0.422657
47.89022,8.9338,0.432017
47.89053,8.9338,0.461929
47.89084,8.9348,0.467417
47.89115,8.9328,0.443489
47.89140,8.9404,0.443489
47.89171,8.9348,0.481473
47.89202,8.9441,0.484057
47.89233,8.9412,0.482265
47.89264,8.9318,0.483473
47.89295,8.9404,0.487065
47.89320,8.9348,0.487065
47.89351,8.9404,0.484473
47.89382,8.9365,0.484057
47.89414,8.9385,0.485273
47.89445,8.9357,0.485457
47.89470,8.9318,0.485457
47.89501,8.9338,0.524945
47.89532,8.9357,0.482577
47.89563,8.9385,0.478993
47.89594,8.9348,0.482577
47.89625,8.9385,0.481977
47.89650,8.9412,0.481977
47.89681,8.9404,0.479385
47.89712,8.9328,0.483873
47.89743,8.9385,0.480785
47.89774,8.9385,0.527337
47.89805,8.9357,0.481473
47.89830,8.9348,0.481473
47.89861,8.9318,0.478097
47.89892,8.9395,0.483473
47.89923,8.9301,0.487353
47.89954,8.9309,0.486065
47.89980,8.9338,0.486065
47.90011,8.9582,0.330521
47.90042,8.9611,0.326729
47.90073,8.9611,0.322345
47.90104,8.9639,0.319761
47.90135,8.9564,0.326729
47.90160,8.9582,0.326729
47.90191,8.9574,0.324033
47.90222,8.9592,0.315857
47.90253,8.9545,0.298009
47.90284,8.9631,0.318257
47.90315,8.9564,0.320553
47.90340,8.9545,0.320553
47.90371,8.9621,0.319153
47.90402,8.9648,0.315361
47.90433,8.9498,0.326833
47.90464,8.9535,0.317761
47.90495,8.9564,0.321057
47.90520,8.9564,0.321057
47.90551,8.9621,0.320241
47.90583,8.9498,0.320841
47.90614,8.9611,0.318361
47.90645,8.9535,0.317865
47.90670,8.9621,0.317865
47.90701,8.9451,0.321345
47.90732,8.9508,0.321553
47.90763,8.9564,0.320153
47.90794,8.9631,0.322241
47.90825,8.9545,0.323537
47.90850,8.9592,0.323537
47.90881,8.9451,0.322537
47.90912,8.9555,0.364313
47.90943,8.9469,0.327625
47.90974,8.9592,0.319761
47.91005,8.9574,0.317153
47.91030,8.9668,0.317153
47.91061,8.9611,0.321057
47.91092,8.9574,0.318553
47.91123,8.9631,0.319761
47.91154,8.9592,0.319153
47.91180,8.9695,0.319153
47.91211,8.9535,0.318761
47.91242,8.9479,0.319553
47.91273,8.9611,0.317865
47.91304,8.9555,0.320241
47.91335,8.9592,0.320449
47.91360,8.9535,0.320449
47.91391,8.9555,0.321345
47.91422,8.9469,0.316257
47.91453,8.9545,0.322745
47.91484,8.9602,0.323745
47.91509,8.9688,0.323745
47.91540,8.9602,0.311377
47.91571,8.9611,0.321553
47.91602,8.9582,0.319657
47.91633,8.9574,0.319657
47.91664,8.9555,0.320257
47.91690,8.9639,0.320257
47.91720,8.9678,0.320049
47.91752,8.9639,0.317865
47.91783,8.9535,0.321745
47.91814,8.9592,0.319945
47.91839,8.9564,0.319945
47.91870,8.9508,0.318049
47.91901,8.9668,0.320953
47.91932,8.9555,0.319945
47.91963,8.9518,0.317465
47.91994,8.9631,0.319345
47.92019,8.9525,0.319345
47.92050,8.9564,0.323433
47.92081,8.9584,0.323849
47.92112,8.9564,0.323537
47.92143,8.9488,0.322953
47.92174,8.9592,0.322345
47.92200,8.9508,0.322345
47.92231,8.9535,0.323849
47.92261,8.9564,0.321345
47.92293,8.9545,0.319257
47.92324,8.9611,0.321745
47.92355,8.9611,0.344081
47.92380,8.9525,0.344081
47.92411,8.9602,0.349465
47.92442,8.9592,0.317553
47.92473,8.9574,0.318865
47.92504,8.9535,0.319841
47.92529,8.9584,0.319841
47.92560,8.9582,0.316865
47.92591,8.9564,0.319657
47.92622,8.9602,0.319657
47.92653,8.9582,0.361121
47.92684,8.9564,0.339385
47.92709,8.9592,0.339385
47.92740,8.9648,0.321345
47.92771,8.9582,0.323641
47.92802,8.9518,0.322641
47.92833,8.9479,0.326121
47.92864,8.9564,0.322745
47.92890,8.9574,0.322745
47.92920,8.9527,0.325145
47.92952,8.9678,0.323825
47.92983,8.9488,0.323137
47.93014,8.9574,0.321953
47.93039,8.9648,0.321953
47.93070,8.9545,0.320953
47.93101,8.9648,0.320241
47.93132,8.9602,0.318361
47.93163,8.9555,0.321057
47.93194,8.9639,0.318945
47.93219,8.9592,0.318945
47.93250,8.9508,0.320449
47.93281,8.9564,0.319841
47.93312,8.9518,0.320553
47.93343,8.9564,0.318049
47.93374,8.9668,0.317361
47.93400,8.9602,0.317361
47.93430,8.9479,0.320345
47.93461,8.9639,0.322537
47.93492,8.9611,0.322953
47.93523,8.9535,0.323537
47.93554,8.9592,0.322137
47.93580,8.9535,0.322137
47.93611,8.9621,0.324937
47.93642,8.9574,0.321641
47.93673,8.9574,0.315753
47.93704,8.9508,0.319553
47.93729,8.9574,0.319553
47.93760,8.9508,0.318945
47.93791,8.9648,0.318945
47.93822,8.9498,0.369113
47.93853,8.9498,0.318945
47.93884,8.9574,0.321953
47.93909,8.9518,0.321953
47.93940,8.9582,0.323849
47.93971,8.9564,0.321345
47.94002,8.9611,0.312169
47.94033,8.9488,0.325833
47.94064,8.9602,0.325145
47.94089,8.9479,0.325145
47.94120,8.9535,0.344873
47.94151,8.9488,0.319841
47.94183,8.9508,0.327937
47.94214,8.9592,0.328625
47.94239,8.9498,0.328625
47.94270,8.9545,0.325729
47.94301,8.9602,0.325833
47.94332,8.9545,0.326121
47.94363,8.9564,0.326729
47.94394,8.9762,0.322953
47.94419,8.9574,0.322953
47.94450,8.9535,0.322137
47.94481,8.9535,0.324641
47.94512,8.9545,0.326833
47.94543,8.9582,0.320049
47.94574,8.9545,0.323345
47.94599,8.9545,0.323345
47.94630,8.9631,0.319449
47.94661,8.9555,0.319153
47.94692,8.9555,0.320449
47.94723,8.9518,0.319449
47.94754,8.9611,0.319761
47.94780,8.9602,0.319761
47.94811,8.9592,0.320841
47.94842,8.9574,0.319657
47.94873,8.9535,0.321953
47.94904,8.9621,0.324745
47.94929,8.9545,0.324745
47.94960,8.9525,0.324641
47.94991,8.9508,0.322641
47.95022,8.9545,0.324137
47.95053,8.9574,0.321745
47.95084,8.9545,0.319553
47.95109,8.9525,0.319553
47.95140,8.9582,0.319945
47.95171,8.9518,0.319761
47.95202,8.9621,0.319345
47.95233,8.9555,0.306185
47.95264,8.9545,0.361433
47.95289,8.9518,0.361433
47.95320,8.9592,0.321641
47.95351,8.9535,0.321553
47.95383,8.9582,0.325729
47.95414,8.9639,0.320553
47.95439,8.9582,0.320553
47.95470,8.9582,0.316065
47.95501,8.9508,0.323137
47.95532,8.9574,0.321553
47.95563,8.9518,0.362329
47.95594,8.9574,0.320953
47.95619,8.9592,0.320953
47.95650,8.9564,0.325833
47.95681,8.9535,0.326041
47.95712,8.9564,0.323929
47.95743,8.9545,0.322641
47.95774,8.9498,0.320153
47.95799,8.9508,0.320153
47.95830,8.9621,0.319841
47.95861,8.9518,0.317865
47.95892,8.9469,0.321057
47.95923,8.9518,0.319657
47.95949,8.9545,0.319657
47.95980,8.9611,0.319841
47.96011,8.9498,0.319945
47.96042,8.9518,0.317657
47.96073,8.9555,0.318865
47.96104,8.9631,0.321057
47.96129,8.9574,0.321057
47.96160,8.9498,0.319657
47.96191,8.9441,0.318361
47.96222,8.9574,0.321137
47.96253,8.9602,0.324433
47.96284,8.9574,0.311481
47.96309,8.9602,0.311481
47.96340,8.9555,0.309689
47.96371,8.9564,0.310873
47.96402,8.9611,0.310081
47.96433,8.9639,0.309977
47.96459,8.9592,0.309977
47.96490,8.9574,0.314857
47.96520,8.9498,0.297321
47.96552,8.9582,0.310689
47.96583,8.9592,0.310585
47.96609,8.9564,0.310585
47.96639,8.9508,0.310377
47.96671,8.9639,0.309873
47.96702,8.9535,0.355553
47.96733,8.9555,0.315065
47.96763,8.9545,0.312481
47.96789,8.9602,0.312481
47.96820,8.9648,0.312481
47.96851,8.9631,0.310769
47.96882,8.9688,0.311585
47.96913,8.9564,0.311081
47.96944,8.9582,0.311273
47.96969,8.9518,0.311273
47.97000,8.9498,0.314673
47.97031,8.9525,0.313673
47.97062,8.9564,0.312169
47.97093,8.9592,0.316569
47.97124,8.9555,0.311081
47.97149,8.9582,0.311081
47.97180,8.9611,0.312665
47.97211,8.9584,0.309481
47.97242,8.9611,0.311769
47.97273,8.9658,0.308681
47.97299,8.9602,0.308681
47.97330,8.9564,0.306497
47.97361,8.9688,0.308185
47.97392,8.9518,0.311169
47.97423,8.9584,0.312561
47.97454,8.9592,0.309793
47.97479,8.9592,0.309793
47.97510,8.9545,0.309185
47.97541,8.9592,0.310585
47.97572,8.9648,0.310977
47.97603,8.9582,0.309481
47.97634,8.9611,0.309585
47.97659,8.9639,0.309585
47.97690,8.9564,0.309873
47.97721,8.9498,0.304097
47.97752,8.9535,0.313065
47.97783,8.9545,0.312561
47.97809,8.9668,0.312561
47.97840,8.9479,0.312769
47.97871,8.9621,0.309585
47.97902,8.9498,0.310185
47.97933,8.9648,0.315673
47.97964,8.9592,0.310377
47.97989,8.9498,0.310377
47.98020,8.9592,0.310873
47.98051,8.9592,0.310377
47.98082,8.9582,0.309481
47.98113,8.9535,0.311081
47.98144,8.9611,0.343081
47.98169,8.9525,0.343081
47.98200,8.9592,0.336409
47.98231,8.9602,0.310977
47.98262,8.9611,0.310377
47.98293,8.9621,0.309481
47.98324,8.9564,0.308081
47.98349,8.9611,0.308081
47.98380,8.9574,0.311481
47.98411,8.9535,0.309977
47.98442,8.9668,0.355633
47.98473,8.9584,0.326937
47.98499,8.9518,0.326937
47.98529,8.9574,0.310769
47.98560,8.9518,0.303801
47.98591,8.9535,0.316257
47.98622,8.9535,0.312881
47.98653,8.9621,0.307577
47.98679,8.9688,0.307577
47.98710,8.9582,0.304305
47.98741,8.9592,0.303697
47.98772,8.9592,0.303097
47.98803,8.9602,0.303697
47.98834,8.9518,0.303593
47.98859,8.9611,0.303593
47.98890,8.9545,0.314569
47.98921,8.9582,0.303097
47.98952,8.9545,0.302593
47.98983,8.9631,0.286657
47.99008,8.9621,0.286657
47.99039,8.9641,0.304489
47.99070,8.9592,0.305201
47.99101,8.9592,0.305497
47.99132,8.9592,0.307785
47.99163,8.9639,0.306785
47.99188,8.9582,0.306785
47.99219,8.9574,0.305281
47.99250,8.9574,0.306289
47.99281,8.9535,0.298921
47.99312,8.9639,0.303409
47.99343,8.9648,0.305785
47.99368,8.9639,0.305785
47.99400,8.9564,0.303993
47.99431,8.9592,0.305497
47.99462,8.9564,0.302593
47.99492,8.9639,0.303889
47.99524,8.9574,0.309081
47.99549,8.9574,0.309081
47.99580,8.9535,0.304097
47.99611,8.9498,0.346081
47.99642,8.9525,0.304489
47.99673,8.9648,0.301905
47.99698,8.9582,0.301905
47.99729,8.9488,0.303801
47.99760,8.9574,0.304889
47.99791,8.9592,0.306993
47.99822,8.9592,0.308185
47.99853,8.9555,0.306993
47.99878,8.9564,0.306993
47.99909,8.9584,0.284449
47.99940,8.9631,0.258337
47.99971,8.9639,0.242585
48.00002,8.9639,0.242377
48.00033,8.9574,0.245169
48.00059,8.9668,0.245169
48.00090,8.9744,0.241289
48.00121,8.9631,0.246361
48.00152,8.9668,0.255353
48.00183,8.9688,0.266697
48.00208,8.9734,0.266697
48.00239,8.9705,0.260729
48.00270,8.9695,0.270601
48.00301,8.9574,0.306993
48.00332,8.9555,0.306785
48.00363,8.9621,0.304697
48.00388,8.9639,0.304697
48.00419,8.9582,0.306601
48.00450,8.9592,0.305201
48.00481,8.9498,0.306601
48.00512,8.9555,0.307977
48.00543,8.9611,0.305993
48.00568,8.9678,0.305993
48.00599,8.9602,0.309793
48.00630,8.9592,0.325041
48.00661,8.9592,0.319657
48.00692,8.9574,0.316257
48.00723,8.9695,0.315169
48.00749,8.9648,0.315169
48.00780,8.9592,0.318257
48.00811,8.9574,0.316649
48.00842,8.9582,0.315257
48.00873,8.9688,0.317969
48.00898,8.9479,0.317969
48.00929,8.9602,0.324137
48.00960,8.9564,0.327225
48.00991,8.9498,0.320657
48.01022,8.9564,0.322137
48.01053,8.9488,0.364713
48.01078,8.9479,0.364713
48.01110,8.9574,0.324937
48.01140,8.9611,0.323033
48.01171,8.9555,0.326833
48.01202,8.9545,0.326121
48.01233,8.9527,0.325537
48.01259,8.9611,0.325537
48.01290,8.9564,0.325537
48.01321,8.9535,0.329921
48.01352,8.9545,0.373305
48.01383,8.9574,0.321641
48.01408,8.9621,0.321641
48.01439,8.9555,0.325041
48.01470,8.9564,0.308577
48.01501,8.9648,0.311169
48.01532,8.9602,0.312273
48.01563,8.9545,0.310481
48.01589,8.9705,0.310481
48.01620,8.9527,0.310689
48.01651,8.9602,0.313881
48.01681,8.9555,0.312169
48.01713,8.9695,0.313465
48.01744,8.9564,0.309185
48.01769,8.9574,0.309185
48.01800,8.9648,0.315169
48.01831,8.9508,0.316649
48.01862,8.9611,0.312985
48.01893,8.9648,0.317657
48.01918,8.9545,0.317657
48.01949,8.9611,0.315753
48.01980,8.9592,0.320345
48.02011,8.9668,0.316065
48.02042,8.9498,0.317553
48.02073,8.9631,0.307393
48.02099,8.9574,0.307393
48.02130,8.9621,0.316065
48.02160,8.9469,0.308473
48.02192,8.9535,0.311377
48.02223,8.9592,0.313569
48.02248,8.9602,0.313569
48.02279,8.9631,0.311481
48.02310,8.9705,0.312961
48.02341,8.9545,0.313465
48.02372,8.9611,0.309793
48.02403,8.9469,0.309081
48.02428,8.9621,0.309081
48.02459,8.9592,0.310689
48.02490,8.9602,0.311665
48.02521,8.9479,0.315361
48.02552,8.9602,0.315169
48.02583,8.9621,0.314777
48.02609,8.9498,0.314777
48.02640,8.9498,0.314273
48.02671,8.9535,0.315569
48.02702,8.9611,0.315465
48.02733,8.9535,0.313569
48.02758,8.9555,0.313569
48.02789,8.9488,0.313881
48.02820,8.9508,0.361833
48.02851,8.9592,0.313169
48.02882,8.9631,0.310977
48.02913,8.9621,0.309689
48.02938,8.9648,0.309689
48.02969,8.9602,0.310377
48.03000,8.9564,0.312377
48.03031,8.9564,0.312065
48.03062,8.9592,0.308681
48.03093,8.9688,0.311585
48.03118,8.9535,0.311585
48.03149,8.9564,0.324537
48.03181,8.9518,0.325729
48.03211,8.9602,0.325937
48.03243,8.9441,0.323137
48.03268,8.9602,0.323137
48.03299,8.9574,0.323929
48.03330,8.9574,0.324825
48.03361,8.9469,0.321137
48.03392,8.9525,0.321137
48.03423,8.9621,0.318761
48.03448,8.9582,0.318761
48.03479,8.9592,0.316257
48.03510,8.9555,0.313777
48.03541,8.9582,0.313465
48.03572,8.9621,0.313777
48.03603,8.9479,0.311481
48.03628,8.9611,0.311481
48.03659,8.9555,0.312273
48.03690,8.9621,0.311585
48.03721,8.9564,0.314361
48.03752,8.9602,0.309793
48.03778,8.9545,0.309793
48.03809,8.9574,0.310377
48.03840,8.9508,0.312169
48.03871,8.9631,0.310769
48.03902,8.9611,0.310977
48.03933,8.9639,0.346561
48.03958,8.9471,0.346561
48.03989,8.9461,0.338993
48.04020,8.9621,0.318761
48.04051,8.9582,0.316649
48.04082,8.9744,0.315169
48.04113,8.9525,0.317049
48.04138,8.9621,0.317049
48.04169,8.9582,0.314961
48.04200,8.9574,0.312961
48.04231,8.9584,0.360625
48.04262,8.9564,0.321849
48.04293,8.9658,0.312881
48.04318,8.9621,0.312881
48.04349,8.9611,0.313881
48.04381,8.9621,0.311585
48.04412,8.9648,0.309977
48.04443,8.9564,0.312377
48.04468,8.9584,0.312377
48.04499,8.9564,0.308393
48.04530,8.9592,0.310273
48.04561,8.9602,0.312081
48.04592,8.9611,0.309585
48.04623,8.9564,0.312961
48.04648,8.9584,0.312961
48.04679,8.9668,0.314273
48.04710,8.9648,0.315361
48.04741,8.9525,0.314673
48.04772,8.9564,0.315257
48.04803,8.9695,0.317865
48.04828,8.9574,0.317865
48.04859,8.9535,0.327121
48.04890,8.9498,0.312377
48.04921,8.9535,0.312769
48.04952,8.9545,0.324137
48.04977,8.9631,0.324137
48.05009,8.9582,0.313961
48.05040,8.9631,0.310185
48.05071,8.9592,0.312481
48.05102,8.9621,0.314361
48.05133,8.9602,0.311977
48.05158,8.9668,0.311977
48.05189,8.9584,0.311977
48.05220,8.9574,0.313569
48.05251,8.9564,0.312065
48.05282,8.9602,0.313169
48.05313,8.9688,0.312961
48.05338,8.9611,0.312961
48.05369,8.9611,0.312881
48.05400,8.9518,0.360225
48.05431,8.9602,0.315257
48.05462,8.9602,0.313377
48.05493,8.9535,0.316257
48.05518,8.9602,0.316257
48.05549,8.9631,0.315257
48.05580,8.9658,0.312561
48.05612,8.9602,0.317465
48.05643,8.9574,0.319449
48.05668,8.9555,0.319449
48.05699,8.9451,0.342497
48.05730,8.9564,0.319257
48.05761,8.9564,0.316153
48.05792,8.9535,0.318449
48.05823,8.9574,0.316649
48.05848,8.9564,0.316649
48.05879,8.9668,0.312481
48.05910,8.9592,0.312481
48.05941,8.9555,0.309977
48.05972,8.9574,0.312169
48.06003,8.9621,0.312377
48.06028,8.9695,0.312377
48.06059,8.9602,0.310769
48.06090,8.9518,0.314169
48.06121,8.9545,0.313169
48.06152,8.9574,0.315361
48.06178,8.9592,0.315361
48.06209,8.9658,0.312561
48.06239,8.9555,0.314361
48.06271,8.9479,0.314777
48.06302,8.9621,0.313673
48.06332,8.9621,0.314361
48.06358,8.9621,0.314361
48.06389,8.9611,0.311081
48.06420,8.9508,0.311273
48.06451,8.9611,0.310769
48.06482,8.9592,0.311769
48.06513,8.9555,0.312377
48.06538,8.9688,0.312377
48.06569,8.9639,0.313569
48.06600,8.9584,0.312273
48.06631,8.9611,0.311273
48.06662,8.9611,0.310185
48.06693,8.9582,0.314273
48.06718,8.9564,0.314273
48.06749,8.9695,0.312961
48.06781,8.9555,0.317969
48.06812,8.9535,0.314361
48.06842,8.9582,0.354449
48.06868,8.9498,0.354449
48.06899,8.9631,0.315961
48.06930,8.9621,0.314361
48.06961,8.9469,0.311585
48.06992,8.9668,0.310377
48.07023,8.9592,0.310769
48.07048,8.9602,0.310769
48.07079,8.9611,0.308793
48.07110,8.9518,0.317553
48.07141,8.9525,0.359641
48.07172,8.9668,0.310585
48.07203,8.9695,0.310769
48.07228,8.9592,0.310769
48.07259,8.9535,0.312065
48.07290,8.9602,0.310873
48.07321,8.9688,0.306889
48.07352,8.9631,0.304097
48.07378,8.9574,0.304097
48.07409,8.9582,0.309289
48.07440,8.9545,0.308793
48.07471,8.9668,0.312377
48.07502,8.9574,0.312881
48.07533,8.9602,0.313881
48.07558,8.9498,0.313881
48.07589,8.9602,0.315961
48.07620,8.9518,0.309793
48.07651,8.9574,0.314673
48.07682,8.9498,0.306785
48.07707,8.9564,0.306785
48.07738,8.9564,0.311585
48.07769,8.9545,0.312377
48.07800,8.9725,0.312961
48.07831,8.9592,0.310873
48.07862,8.9555,0.311169
48.07887,8.9488,0.311169
48.07918,8.9631,0.310769
48.07949,8.9564,0.309977
48.07981,8.9668,0.313569
48.08012,8.9611,0.311769
48.08043,8.9611,0.311377
48.08068,8.9611,0.311377
48.08099,8.9545,0.309377
48.08130,8.9584,0.315961
48.08161,8.9602,0.317361
48.08192,8.9574,0.314465
48.08217,8.9535,0.314465
48.08248,8.9545,0.316569
48.08279,8.9498,0.313169
48.08310,8.9508,0.315169
48.08341,8.9648,0.314961
48.08372,8.9525,0.312961
48.08397,8.9592,0.312961
48.08428,8.9535,0.312481
48.08459,8.9518,0.310769
48.08490,8.9621,0.310873
48.08521,8.9555,0.313569
48.08552,8.9592,0.312377
48.08578,8.9498,0.312377
48.08609,8.9639,0.358241
48.08640,8.9639,0.315673
48.08671,8.9648,0.317153
48.08702,8.9611,0.314569
48.08727,8.9582,0.314569
48.08758,8.9525,0.316649
48.08789,8.9508,0.317553
48.08820,8.9668,0.316065
48.08851,8.9602,0.315465
48.08882,8.9611,0.317865
48.08907,8.9545,0.317865
48.08938,8.9602,0.319449
48.08969,8.9574,0.321745
48.09000,8.9555,0.316969
48.09031,8.9611,0.313569
48.09062,8.9611,0.316569
48.09087,8.9564,0.316569
48.09118,8.9574,0.314169
48.09149,8.9525,0.312985
48.09181,8.9582,0.311769
48.09211,8.9641,0.306785
48.09243,8.9584,0.298713
48.09268,8.9621,0.298713
48.09299,8.9695,0.297921
48.09330,8.9611,0.296417
48.09361,8.9508,0.296313
48.09392,8.9535,0.300009
48.09417,8.9574,0.300009
48.09448,8.9641,0.299401
48.09479,8.9611,0.297713
48.09510,8.9648,0.297025
48.09541,8.9648,0.297209
48.09572,8.9602,0.300401
48.09597,8.9648,0.300401
48.09628,8.9611,0.301697
48.09659,8.9611,0.302009
48.09690,8.9574,0.300609
48.09721,8.9555,0.339889
48.09752,8.9584,0.298921
48.09778,8.9668,0.298921
48.09809,8.9688,0.265505
48.09840,8.9631,0.258521
48.09871,8.9648,0.263609
48.09902,8.9631,0.272681
48.09927,8.9602,0.272681
48.09958,8.9631,0.281257
48.09989,8.9592,0.272577
48.10020,8.9564,0.317657
48.10051,8.9678,0.276665
48.10082,8.9705,0.272097
48.10107,8.9678,0.272097
48.10138,8.9648,0.271993
48.10169,8.9639,0.270785
48.10200,8.9582,0.268305
48.10231,8.9648,0.273393
48.10262,8.9648,0.269705
48.10287,8.9705,0.269705
48.10318,8.9678,0.273081
48.10349,8.9658,0.282073
48.10381,8.9611,0.283049
48.10412,8.9525,0.280857
48.10437,8.9555,0.280857
48.10468,8.9697,0.285153
48.10499,8.9564,0.269201
48.10530,8.9621,0.279569
48.10561,8.9508,0.281465
48.10592,8.9678,0.280753
48.10617,8.9611,0.280753
48.10648,8.9648,0.280857
48.10679,8.9602,0.285265
48.10710,8.9602,0.276185
48.10741,8.9631,0.280673
48.10772,8.9525,0.277273
48.10797,8.9648,0.277273
48.11010,8.9621,0.289137
48.11186,8.9545,0.304993
48.11362,8.9688,0.278569
48.11538,8.9621,0.279569
48.11714,8.9621,0.281169
48.11890,8.9611,0.283049
48.12065,8.9725,0.281969
48.12241,8.9631,0.278961
48.12266,8.9582,0.278961
48.12297,8.9658,0.284657
48.12328,8.9621,0.283153
48.12360,8.9705,0.283657
48.12391,8.9639,0.274185
48.12422,8.9574,0.291433
48.12447,8.9574,0.291433
48.12478,8.9555,0.303801
48.12509,8.9611,0.285049
48.12540,8.9611,0.285449
48.12571,8.9648,0.261313
48.12602,8.9705,0.272497
48.12627,8.9639,0.272497
48.12658,8.9621,0.330921
48.12689,8.9631,0.283257
48.12720,8.9631,0.263713
48.12751,8.9658,0.265905
48.12776,8.9621,0.265905
48.12807,8.9754,0.269489
48.12838,8.9621,0.276977
48.12869,8.9555,0.314961
48.12900,8.9668,0.326729
48.12931,8.9508,0.356449
48.12956,8.9582,0.356449
48.12988,8.9639,0.311377
48.13019,8.9555,0.312881
48.13050,8.9639,0.312769
48.13081,8.9621,0.274393
48.13112,8.9621,0.270601
48.13137,8.9592,0.270601
48.13168,8.9695,0.270889
48.13199,8.9705,0.273577
48.13230,8.9621,0.276873
48.13261,8.9592,0.276585
48.13286,8.9555,0.276585
48.13317,8.9631,0.280673
48.13348,8.9611,0.272993
48.13379,8.9639,0.269889
48.13410,8.9602,0.271201
48.13441,8.9668,0.274977
48.13466,8.9658,0.274977
48.13497,8.9639,0.273289
48.13528,8.9639,0.272097
48.13560,8.9621,0.274481
48.13591,8.9631,0.272393
48.13616,8.9641,0.272393
48.13647,8.9648,0.270993
48.13678,8.9658,0.272097
48.13709,8.9631,0.269809
48.13740,8.9658,0.274793
48.13771,8.9658,0.274289
48.13796,8.9621,0.274289
48.13827,8.9668,0.275081
48.13858,8.9592,0.273393
48.13889,8.9678,0.279673
48.13920,8.9508,0.279065
48.13951,8.9631,0.280361
48.13976,8.9611,0.280361
48.14007,8.9695,0.278481
48.14038,8.9592,0.275769
48.14069,8.9631,0.316465
48.14100,8.9555,0.273497
48.14131,8.9744,0.309289
48.14157,8.9611,0.309289
48.14188,8.9688,0.322745
48.14219,8.9631,0.333713
48.14250,8.9592,0.328521
48.14281,8.9592,0.328833
48.14307,8.9535,0.328833
48.14337,8.9545,0.329129
48.14368,8.9498,0.351857
48.14399,8.9525,0.294129
48.14430,8.9535,0.285345
48.14461,8.9639,0.285049
48.14487,8.9648,0.285049
48.14518,8.9631,0.285265
48.14549,8.9611,0.285265
48.14580,8.9555,0.285153
48.14611,8.9678,0.286449
48.14642,8.9781,0.285345
48.14667,8.9725,0.285345
48.14698,8.9648,0.282257
48.14729,8.9592,0.281753
48.14760,8.9555,0.282465
48.14791,8.9639,0.279569
48.14817,8.9639,0.279569
48.14847,8.9705,0.285737
48.14879,8.9688,0.283257
48.14909,8.9592,0.283153
48.14940,8.9658,0.284553
48.14971,8.9705,0.280753
48.14997,8.9488,0.280753
48.15028,8.9582,0.280169
48.15059,8.9648,0.279465
48.15090,8.9678,0.280361
48.15121,8.9648,0.280465
48.15152,8.9658,0.281649
48.15177,8.9602,0.281649
48.15208,8.9631,0.285449
48.15239,8.9582,0.289249
48.15270,8.9639,0.286345
48.15301,8.9611,0.284449
48.15332,8.9688,0.284657
48.15357,8.9582,0.284657
48.15388,8.9697,0.280569
48.15419,8.9611,0.282257
48.15450,8.9678,0.284049
48.15481,8.9658,0.282657
48.15506,8.9631,0.282657
48.15537,8.9545,0.322849
48.15568,8.9648,0.279673
48.15599,8.9639,0.279857
48.15630,8.9668,0.282569
48.15661,8.9648,0.282657
48.15687,8.9564,0.282657
48.15718,8.9631,0.279273
48.15749,8.9584,0.282657
48.15780,8.9688,0.281753
48.15810,8.9602,0.324137
48.15842,8.9592,0.283945
48.15867,8.9631,0.283945
48.15898,8.9648,0.290329
48.15929,8.9611,0.287849
48.15960,8.9508,0.289641
48.15991,8.9648,0.282465
48.16016,8.9582,0.282465
48.16047,8.9631,0.283865
48.16078,8.9574,0.279777
48.16109,8.9658,0.284257
48.16140,8.9611,0.293337
48.16171,8.9639,0.279569
48.16197,8.9574,0.279569
48.16228,8.9705,0.281361
48.16259,8.9668,0.281465
48.16289,8.9564,0.280857
48.16320,8.9678,0.280673
48.16351,8.9658,0.281257
48.16377,8.9641,0.281257
48.16408,8.9564,0.281969
48.16439,8.9582,0.277881
48.16470,8.9648,0.275481
48.16501,8.9602,0.278481
48.16526,8.9725,0.278481
48.16557,8.9545,0.276481
48.16588,8.9582,0.284553
48.16619,8.9668,0.286241
48.16650,8.9678,0.282465
48.16681,8.9648,0.281569
48.16707,8.9602,0.281569
48.16737,8.9555,0.284153
48.16768,8.9555,0.284449
48.16800,8.9631,0.283553
48.16831,8.9621,0.285737
48.16856,8.9621,0.285737
48.16887,8.9602,0.281649
48.16918,8.9621,0.284153
48.16949,8.9658,0.307785
48.16980,8.9602,0.315753
48.17011,8.9602,0.283761
48.17036,8.9602,0.283761
48.17067,8.9648,0.284945
48.17098,8.9668,0.281753
48.17129,8.9734,0.284945
48.17160,8.9648,0.286161
48.17191,8.9602,0.282865
48.17217,8.9658,0.282865
48.17248,8.9658,0.284761
48.17279,8.9631,0.306185
48.17310,8.9621,0.284449
48.17341,8.9631,0.287449
48.17366,8.9592,0.287449
48.17397,8.9658,0.286849
48.17428,8.9658,0.285265
48.17459,8.9621,0.283465
48.17490,8.9602,0.282969
48.17521,8.9809,0.283049
48.17546,8.9678,0.283049
48.17577,8.9592,0.284257
48.17608,8.9592,0.283361
48.17639,8.9668,0.285737
48.17670,8.9641,0.282761
48.17701,8.9574,0.282569
48.17726,8.9574,0.282569
48.17757,8.9592,0.283465
48.17788,8.9678,0.285953
48.17819,8.9564,0.282361
48.17851,8.9695,0.284449
48.17876,8.9545,0.284449
48.17907,8.9648,0.283761
48.17938,8.9621,0.286745
48.17969,8.9668,0.285449
48.18000,8.9527,0.285449
48.18031,8.9555,0.288537
48.18056,8.9621,0.288537
48.18087,8.9621,0.288449
48.18118,8.9639,0.282257
48.18149,8.9631,0.282073
48.18180,8.9592,0.278481
48.18211,8.9678,0.279777
48.18236,8.9668,0.279777
48.18267,8.9688,0.284945
48.18298,8.9611,0.287137
48.18329,8.9641,0.284657
48.18360,8.9582,0.283657
48.18386,8.9678,0.283657
48.18417,8.9535,0.288433
48.18448,8.9582,0.284841
48.18479,8.9602,0.284761
48.18510,8.9658,0.286745
48.18541,8.9688,0.284553
48.18566,8.9705,0.284553
48.18597,8.9648,0.283257
48.18628,8.9602,0.284945
48.18659,8.9602,0.281969
48.18690,8.9631,0.305889
48.18721,8.9592,0.327017
48.18746,8.9498,0.327017
48.18777,8.9678,0.290641
48.18808,8.9582,0.288849
48.18839,8.9555,0.289433
48.18870,8.9574,0.286241
48.18896,8.9631,0.286241
48.18926,8.9592,0.285953
48.18958,8.9602,0.285553
48.18989,8.9564,0.286953
48.19020,8.9678,0.288137
48.19051,8.9592,0.286057
48.19076,8.9582,0.286057
48.19107,8.9639,0.287449
48.19138,8.9658,0.282865
48.19169,8.9602,0.282361
48.19200,8.9695,0.281257
48.19231,8.9631,0.282657
48.19256,8.9639,0.282657
48.19287,8.9602,0.281257
48.19318,8.9611,0.283361
48.19349,8.9668,0.283257
48.19380,8.9631,0.280961
48.19406,8.9688,0.280961
48.19437,8.9584,0.283761
48.19468,8.9648,0.283465
48.19499,8.9582,0.274977
48.19529,8.9668,0.283945
48.19561,8.9631,0.283761
48.19586,8.9648,0.283761
48.19617,8.9641,0.282073
48.19648,8.9592,0.283361
48.19679,8.9631,0.280673
48.19710,8.9668,0.280673
48.19736,8.9584,0.280673
48.19766,8.9545,0.280961
48.19797,8.9648,0.278881
48.19828,8.9678,0.285553
48.19859,8.9584,0.319153
48.19890,8.9535,0.281169
48.19916,8.9697,0.281169
48.19947,8.9658,0.282657
48.19978,8.9631,0.279361
48.20008,8.9592,0.282465
48.20040,8.9695,0.281969
48.20071,8.9602,0.283865
48.20096,8.9648,0.283865
48.20127,8.9668,0.282361
48.20158,8.9678,0.327625
48.20189,8.9545,0.284841
48.20220,8.9621,0.286345
48.20251,8.9715,0.284761
48.20276,8.9697,0.284761
48.20307,8.9648,0.281865
48.20338,8.9631,0.283361
48.20369,8.9555,0.282465
48.20400,8.9498,0.281169
48.20425,8.9602,0.281169
48.20456,8.9621,0.281065
48.20487,8.9535,0.282553
48.20518,8.9582,0.282761
48.20549,8.9648,0.281065
48.20580,8.9602,0.284841
48.20606,8.9668,0.284841
48.20636,8.9648,0.281649
48.20667,8.9592,0.282257
48.20698,8.9611,0.281065
48.20729,8.9734,0.276481
48.20761,8.9555,0.282569
48.20786,8.9592,0.282569
48.20817,8.9695,0.284841
48.20848,8.9582,0.283761
48.20879,8.9621,0.283761
48.20910,8.9639,0.287449
48.20935,8.9621,0.287449
48.20966,8.9621,0.288537
48.20997,8.9631,0.284945
48.21028,8.9678,0.288033
48.21059,8.9611,0.298713
48.21090,8.9631,0.284449
48.21115,8.9545,0.284449
48.21147,8.9602,0.285737
48.21178,8.9574,0.283553
48.21208,8.9621,0.283553
48.21239,8.9555,0.284657
48.21270,8.9744,0.283465
48.21296,8.9611,0.283465
48.21327,8.9564,0.327121
48.21358,8.9668,0.283153
48.21389,8.9611,0.285657
48.21420,8.9611,0.282865
48.21445,8.9508,0.282865
48.21476,8.9602,0.280673
48.21507,8.9648,0.280465
48.21538,8.9648,0.281865
48.21569,8.9621,0.285449
48.21600,8.9498,0.329729
48.21625,8.9592,0.329729
48.21656,8.9611,0.286449
48.21687,8.9648,0.285449
48.21718,8.9582,0.283153
48.21749,8.9592,0.284153
48.21780,8.9621,0.283865
48.21806,8.9668,0.283865
48.21837,8.9752,0.283153
48.21868,8.9592,0.284761
48.21898,8.9631,0.282073
48.21930,8.9574,0.282865
48.21955,8.9574,0.282865
48.21986,8.9648,0.281569
48.22017,8.9592,0.279465
48.22049,8.9631,0.283865
48.22079,8.9621,0.283257
48.22110,8.9658,0.284657
48.22136,8.9688,0.284657
48.22167,8.9592,0.285449
48.22198,8.9648,0.287057
48.22229,8.9611,0.287849
48.22260,8.9678,0.284841
48.22291,8.9631,0.286449
48.22316,8.9535,0.286449
48.22347,8.9648,0.283553
48.22378,8.9621,0.286345
48.22409,8.9584,0.283761
48.22440,8.9621,0.283761
48.22471,8.9611,0.284841
48.22496,8.9574,0.284841
48.22527,8.9582,0.284841
48.22558,8.9639,0.282465
48.22589,8.9668,0.287849
48.22620,8.9582,0.287057
48.22646,8.9518,0.287057
48.22677,8.9648,0.284553
48.22708,8.9678,0.271785
48.22739,8.9639,0.315257
48.22770,8.9631,0.311377
48.22801,8.9611,0.292225
48.22826,8.9592,0.292225
48.22857,8.9648,0.285953
48.22888,8.9658,0.287553
48.22919,8.9525,0.289745
48.22950,8.9648,0.289937
48.22975,8.9668,0.289937
48.23006,8.9678,0.287449
48.23037,8.9688,0.286745
48.23068,8.9611,0.301193
48.23099,8.9668,0.285737
48.23130,8.9725,0.281465
48.23155,8.9631,0.281465
48.23186,8.9639,0.279169
48.23217,8.9582,0.294129
48.23248,8.9564,0.293833
48.23279,8.9678,0.292225
48.23310,8.9564,0.293521
48.23336,8.9631,0.293521
48.23366,8.9602,0.291641
48.23397,8.9611,0.286849
48.23428,8.9639,0.289937
48.23459,8.9648,0.281753
48.23490,8.9688,0.285849
48.23516,8.9621,0.285849
48.23547,8.9555,0.286953
48.23578,8.9734,0.288641
48.23609,8.9574,0.288345
48.23640,8.9555,0.287745
48.23665,8.9602,0.287745
48.23696,8.9611,0.285049
48.23727,8.9602,0.285657
48.23758,8.9639,0.292041
48.23789,8.9695,0.289433
48.23820,8.9592,0.289033
48.23846,8.9639,0.289033
48.23877,8.9602,0.289433
48.23908,8.9668,0.288137
48.23939,8.9545,0.290833
48.23970,8.9678,0.289833
48.23995,8.9688,0.289833
48.24026,8.9574,0.288433
48.24057,8.9592,0.288641
48.24088,8.9592,0.289249
48.24119,8.9668,0.290329
48.24150,8.9695,0.289353
48.24175,8.9639,0.289353
48.24206,8.9479,0.299401
48.24237,8.9574,0.289433
48.24268,8.9574,0.292225
48.24299,8.9582,0.293121
48.24330,8.9611,0.302801
48.24355,8.9582,0.302801
48.24386,8.9621,0.290329
48.24418,8.9592,0.293225
48.24449,8.9611,0.292225
48.24480,8.9631,0.313169
48.24505,8.9564,0.313169
48.24536,8.9611,0.323745
48.24567,8.9648,0.290329
48.24598,8.9631,0.289353
48.24629,8.9582,0.291225
48.24660,8.9574,0.287241
48.24685,8.9668,0.287241
48.24716,8.9648,0.289249
48.24747,8.9602,0.287449
48.24778,8.9564,0.287449
48.24809,8.9602,0.284049
48.24840,8.9631,0.291329
48.24865,8.9574,0.291329
48.24896,8.9725,0.284761
48.24927,8.9715,0.292833
48.24958,8.9611,0.288537
48.24989,8.9678,0.292833
48.25015,8.9631,0.292833
48.25046,8.9592,0.297025
48.25077,8.9564,0.292937
48.25108,8.9621,0.293729
48.25139,8.9668,0.292625
48.25170,8.9555,0.293441
48.25195,8.9639,0.293441
48.25226,8.9602,0.287537
48.25257,8.9688,0.291433
48.25288,8.9611,0.293625
48.25319,8.9648,0.289833
48.25350,8.9658,0.288449
48.25375,8.9555,0.288449
48.25406,8.9574,0.290937
48.25437,8.9545,0.290329
48.25468,8.9602,0.274081
48.25499,8.9641,0.262025
48.25530,8.9695,0.261817
48.25555,8.9621,0.261817
48.25586,8.9715,0.261233
48.25617,8.9648,0.259025
48.25648,8.9564,0.303305
48.25680,8.9611,0.266801
48.25705,8.9621,0.266801
48.25736,8.9631,0.262817
48.25767,8.9621,0.263609
48.25798,8.9658,0.262817
48.25829,8.9725,0.267305
48.25860,8.9668,0.266513
48.25885,8.9705,0.266513
48.25916,8.9602,0.278273
48.25947,8.9602,0.334113
48.25978,8.9555,0.278273
48.26009,8.9695,0.279169
48.26040,8.9648,0.278673
48.26065,8.9611,0.278673
48.26096,8.9688,0.277273
48.26127,8.9658,0.283153
48.26158,8.9564,0.285657
48.26190,8.9574,0.309289
48.26215,8.9555,0.309289
48.26246,8.9602,0.293729
48.26277,8.9602,0.279961
48.26308,8.9611,0.313065
48.26339,8.9498,0.277273
48.26370,8.9555,0.278961
48.26395,8.9648,0.278961
48.26426,8.9734,0.316257
48.26457,8.9678,0.277481
48.26488,8.9668,0.284841
48.26519,8.9527,0.312881
48.26550,8.9564,0.277169
48.26575,8.9715,0.277169
48.26606,8.9668,0.279857
48.26637,8.9574,0.279857
48.26668,8.9525,0.276769
48.26699,8.9621,0.291937
48.26730,8.9621,0.310377
48.26755,8.9611,0.310377
48.26787,8.9621,0.278481
48.26818,8.9658,0.312169
48.26849,8.9695,0.279569
48.26880,8.9621,0.281169
48.26905,8.9648,0.281169
48.26936,8.9535,0.298817
48.26967,8.9602,0.278065
48.26998,8.9688,0.274689
48.27029,8.9705,0.312561
48.27060,8.9584,0.277665
48.27085,8.9631,0.277665
48.27116,8.9602,0.327729
48.27147,8.9631,0.300713
48.27178,8.9678,0.279569
48.27209,8.9582,0.277169
48.27240,8.9602,0.314961
48.27265,8.9621,0.314961
48.27296,8.9592,0.278169
48.27327,8.9631,0.308393
48.27358,8.9658,0.288449
48.27390,8.9545,0.319945
48.27415,8.9621,0.319945
48.27446,8.9574,0.276665
48.27477,8.9639,0.273393
48.27508,8.9668,0.277881
48.27539,8.9668,0.305097
48.27570,8.9574,0.279377
48.27595,8.9639,0.279377
48.27626,8.9648,0.276769
48.27657,8.9631,0.311481
48.27688,8.9621,0.277665
48.27719,8.9582,0.274081
48.27744,8.9678,0.274081
48.27775,8.9479,0.304201
48.27806,8.9678,0.279465
48.27837,8.9688,0.296417
48.27868,8.9535,0.303409
48.27899,8.9621,0.279361
48.27925,8.9678,0.279361
48.27956,8.9592,0.282153
48.27987,8.9678,0.276769
48.28018,8.9592,0.272289
48.28049,8.9725,0.294417
48.28080,8.9574,0.293833
48.28105,8.9639,0.293833
48.28136,8.9639,0.272497
48.28167,8.9631,0.302097
48.28198,8.9695,0.266801
48.28229,8.9658,0.271497
48.28254,8.9668,0.271497
48.28285,8.9574,0.304809
48.28316,8.9611,0.289433
48.28347,8.9631,0.273497
48.28378,8.9574,0.312769
48.28409,8.9611,0.276273
48.28434,8.9639,0.276273
48.28465,8.9611,0.283049
48.28496,8.9574,0.308977
48.28527,8.9602,0.315569
48.28558,8.9555,0.305601
48.28590,8.9525,0.312561
48.28615,8.9574,0.312561
48.28646,8.9602,0.275689
48.28677,8.9582,0.311081
48.28708,8.9631,0.278169
48.28739,8.9648,0.272993
48.28764,8.9611,0.272993
48.28795,8.9582,0.286953
48.28826,8.9668,0.309481
48.28857,8.9574,0.279569
48.28888,8.9658,0.316969
48.28919,8.9631,0.280961
48.28944,8.9611,0.280961
48.28975,8.9535,0.280465
48.29006,8.9602,0.305993
48.29037,8.9621,0.277273
48.29068,8.9631,0.282361
48.29099,8.9631,0.316865
48.29124,8.9621,0.316865
48.29156,8.9611,0.280961
48.29187,8.9678,0.306889
48.29218,8.9582,0.303009
48.29249,8.9592,0.276585
48.29274,8.9602,0.276585
48.29305,8.9744,0.281065
48.29336,8.9611,0.317153
48.29367,8.9631,0.280065
48.29398,8.9564,0.304993
48.29429,8.9592,0.292225
48.29454,8.9611,0.292225
48.29485,8.9639,0.280753
48.29516,8.9555,0.279065
48.29547,8.9648,0.277081
48.29578,8.9535,0.277169
48.29609,8.9564,0.310689
48.29634,8.9639,0.310689
48.29665,8.9611,0.277273
48.29696,8.9725,0.281969
48.29727,8.9574,0.308977
48.29758,8.9611,0.278673
48.29790,8.9631,0.272497
48.29815,8.9564,0.272497
48.29846,8.9574,0.307681
48.29877,8.9592,0.274689
48.29908,8.9695,0.295313
48.29939,8.9611,0.309081
48.29964,8.9658,0.309081
48.29995,8.9555,0.303201
48.30026,8.9688,0.329921
48.30057,8.9602,0.289937
48.30088,8.9611,0.286241
48.30119,8.9611,0.303993
48.30144,8.9525,0.303993
48.30175,8.9582,0.308081
48.30206,8.9621,0.287345
48.30237,8.9535,0.321953
48.30268,8.9498,0.311977
48.30299,8.9564,0.305785
48.30324,8.9678,0.305785
48.30355,8.9621,0.277585
48.30386,8.9592,0.279961
48.30417,8.9658,0.274793
48.30448,8.9639,0.287137
48.30479,8.9678,0.269305
48.30505,8.9658,0.269305
48.30535,8.9639,0.275289
48.30566,8.9648,0.278065
48.30597,8.9639,0.281257
48.30628,8.9592,0.289353
48.30659,8.9611,0.299609
48.30685,8.9535,0.299609
48.30716,8.9611,0.302697
48.30747,8.9781,0.283257
48.30778,8.9668,0.286849
48.30809,8.9621,0.283761
48.30834,8.9648,0.283761
48.30865,8.9658,0.290041
48.30896,8.9611,0.290249
48.30927,8.9631,0.289537
48.30958,8.9705,0.304305
48.30989,8.9574,0.301409
48.31014,8.9658,0.301409
48.31046,8.9592,0.303305
48.31077,8.9602,0.296625
48.31108,8.9574,0.339385
48.31138,8.9564,0.332609
48.31170,8.9592,0.338889
48.31195,8.9564,0.338889
48.31226,8.9611,0.336113
48.31257,8.9555,0.315569
48.31288,8.9639,0.305393
48.31319,8.9648,0.296025
48.31344,8.9678,0.296025
48.31375,8.9592,0.282865
48.31406,8.9688,0.293833
48.31437,8.9574,0.344689
48.31468,8.9592,0.294817
48.31499,8.9648,0.287137
48.31524,8.9668,0.287137
48.31555,8.9582,0.311273
48.31586,8.9611,0.313569
48.31617,8.9658,0.291833
48.31648,8.9574,0.287449
48.31679,8.9574,0.288641
48.31705,8.9574,0.288641
48.31736,8.9574,0.296921
48.31767,8.9641,0.287641
48.31797,8.9631,0.286657
48.31829,8.9781,0.287553
48.31854,8.9545,0.287553
48.31885,8.9648,0.300217
48.31916,8.9668,0.302305
48.31947,8.9602,0.301297
48.31978,8.9602,0.302697
48.32009,8.9574,0.305993
48.32034,8.9621,0.305993
48.32065,8.9639,0.303489
48.32096,8.9545,0.302697
48.32127,8.9602,0.305681
48.32158,8.9631,0.306993
48.32189,8.9648,0.302009
48.32214,8.9631,0.302009
48.32245,8.9564,0.300009
48.32276,8.9535,0.335505
48.32307,8.9555,0.341097
48.32338,8.9525,0.325329
48.32364,8.9518,0.325329
48.32395,8.9582,0.280857
48.32425,8.9564,0.304889
48.32456,8.9648,0.288449
48.32488,8.9621,0.296521
48.32519,8.9582,0.296625
48.32544,8.9555,0.296625
48.32575,8.9508,0.295129
48.32606,8.9611,0.294129
48.32637,8.9695,0.284449
48.32668,8.9621,0.285449
48.32699,8.9611,0.289433
48.32724,8.9564,0.289433
48.32755,8.9725,0.291641
48.32786,8.9705,0.300401
48.32817,8.9602,0.312065
48.32848,8.9574,0.316465
48.32879,8.9592,0.330313
48.32904,8.9639,0.330313
48.32935,8.9611,0.286241
48.32966,8.9602,0.300801
48.32997,8.9525,0.298009
48.33028,8.9602,0.302697
48.33054,8.9602,0.302697
48.33085,8.9592,0.303889
48.33116,8.9592,0.303593
48.33147,8.9545,0.297609
48.33178,8.9631,0.341185
48.33209,8.9582,0.290537
48.33234,8.9592,0.290537
48.33265,8.9574,0.299321
48.33296,8.9574,0.347457
48.33327,8.9584,0.341185
48.33358,8.9508,0.336297
48.33389,8.9574,0.310273
48.33415,8.9602,0.310273
48.33446,8.9592,0.300113
48.33476,8.9648,0.294337
48.33507,8.9648,0.279065
48.33538,8.9564,0.278273
48.33564,8.9582,0.278273
48.33595,8.9658,0.281257
48.33626,8.9621,0.295313
48.33657,8.9668,0.297425
48.33688,8.9535,0.298217
48.33719,8.9564,0.307185
48.33744,8.9688,0.307185
48.33775,8.9744,0.305393
48.33806,8.9508,0.299113
48.33837,8.9574,0.299905
48.33868,8.9535,0.301513
48.33899,8.9555,0.299401
48.33924,8.9602,0.299401
48.33955,8.9582,0.293921
48.33986,8.9631,0.290249
48.34017,8.9545,0.299401
48.34048,8.9602,0.301697
48.34073,8.9621,0.301697
48.34104,8.9518,0.304993
48.34135,8.9621,0.302593
48.34166,8.9631,0.302993
48.34197,8.9658,0.292537
48.34228,8.9611,0.301617
48.34254,8.9592,0.301617
48.34285,8.9545,0.299321
48.34316,8.9555,0.344081
48.34346,8.9535,0.314065
48.34378,8.9535,0.303201
48.34409,8.9555,0.293625
48.34434,8.9621,0.293625
48.34465,8.9611,0.288241
48.34496,8.9602,0.283465
48.34527,8.9621,0.289433
48.34558,8.9631,0.290145
48.34584,8.9705,0.290145
48.34615,8.9648,0.288929
48.34646,8.9592,0.293729
48.34677,8.9678,0.288449
48.34708,8.9611,0.301801
48.34739,8.9602,0.303905
48.34764,8.9518,0.303905
48.34795,8.9668,0.304489
48.34826,8.9639,0.303409
48.34857,8.9555,0.312665
48.34888,8.9545,0.302009
48.34919,8.9631,0.304593
48.34944,8.9574,0.304593
48.34975,8.9592,0.343081
48.35006,8.9525,0.339489
48.35037,8.9611,0.324825
48.35068,8.9611,0.296713
48.35093,8.9564,0.296713
48.35124,8.9602,0.300113
48.35156,8.9582,0.296313
48.35187,8.9648,0.285849
48.35218,8.9535,0.278961
48.35249,8.9582,0.302305
48.35274,8.9582,0.302305
48.35305,8.9639,0.286553
48.35336,8.9564,0.284049
48.35367,8.9602,0.281065
48.35398,8.9584,0.285849
48.35423,8.9611,0.285849
48.35454,8.9678,0.287849
48.35485,8.9631,0.290329
48.35516,8.9564,0.315673
48.35547,8.9545,0.315753
48.35578,8.9639,0.303201
48.35603,8.9602,0.303201
48.35634,8.9611,0.303889
48.35665,8.9639,0.308897
48.35696,8.9658,0.296921
48.35727,8.9611,0.289745
48.35758,8.9715,0.312881
48.35784,8.9621,0.312881
48.35815,8.9584,0.340385
48.35846,8.9564,0.300697
48.35877,8.9545,0.301697
48.35908,8.9641,0.300401
48.35933,8.9725,0.300401
48.35964,8.9582,0.299009
48.35995,8.9518,0.320553
48.36026,8.9582,0.338409
48.36057,8.9574,0.375097
48.36088,8.9582,0.316753
48.36113,8.9545,0.316753
48.36144,8.9545,0.308081
48.36175,8.9658,0.307185
48.36206,8.9611,0.294817
48.36237,8.9648,0.299713
48.36268,8.9639,0.284449
48.36293,8.9602,0.284449
48.36324,8.9639,0.292833
48.36355,8.9611,0.283657
48.36387,8.9725,0.278169
48.36418,8.9518,0.281969
48.36449,8.9631,0.283153
48.36474,8.9678,0.283153
48.36505,8.9621,0.277881
48.36536,8.9754,0.263113
48.36567,8.9695,0.257433
48.36598,8.9525,0.272497
48.36629,8.9648,0.281649
48.36654,8.9564,0.281649
48.36685,8.9621,0.264905
48.36716,8.9648,0.275977
48.36747,8.9621,0.289353
48.36778,8.9555,0.278673
48.36803,8.9639,0.278673
48.36834,8.9688,0.277377
48.36865,8.9621,0.283449
48.36896,8.9715,0.283257
48.36927,8.9668,0.279273
48.36958,8.9658,0.280569
48.36990,8.9574,0.284553
48.37015,8.9574,0.284553
48.37046,8.9648,0.282969
48.37077,8.9678,0.276977
48.37108,8.9688,0.278377
48.37139,8.9621,0.265321
48.37170,8.9658,0.271289
48.37195,8.9688,0.271289
48.37226,8.9611,0.273681
48.37257,8.9592,0.274185
48.37288,8.9639,0.282761
48.37319,8.9648,0.282865
48.37344,8.9695,0.282865
48.37375,8.9734,0.275977
48.37406,8.9658,0.281569
48.37437,8.9688,0.283049
48.37468,8.9639,0.276873
48.37499,8.9631,0.302513
48.37524,8.9602,0.302513
48.37555,8.9611,0.322241
48.37587,8.9621,0.288641
48.37618,8.9641,0.285953
48.37649,8.9631,0.286849
48.37674,8.9744,0.286849
48.37705,8.9621,0.277169
48.37736,8.9602,0.273577
48.37767,8.9688,0.273577
48.37798,8.9668,0.285049
48.37829,8.9602,0.273897
48.37854,8.9611,0.273897
48.37885,8.9611,0.267513
48.37916,8.9678,0.275289
48.37947,8.9668,0.270393
48.37978,8.9621,0.286745
48.38009,8.9631,0.283361
48.38034,8.9621,0.283361
48.38065,8.9658,0.281569
48.38096,8.9574,0.279465
48.38127,8.9639,0.279065
48.38158,8.9592,0.277585
48.38189,8.9668,0.278569
48.38215,8.9611,0.278569
48.38246,8.9705,0.270601
48.38277,8.9621,0.284257
48.38308,8.9621,0.279169
48.38339,8.9631,0.287057
48.38364,8.9678,0.287057
48.38395,8.9611,0.285265
48.38426,8.9574,0.285049
48.38457,8.9631,0.286345
48.38488,8.9631,0.274793
48.38519,8.9602,0.282657
48.38544,8.9658,0.282657
48.38575,8.9582,0.282569
48.38606,8.9621,0.282569
48.38637,8.9582,0.283761
48.38668,8.9535,0.310769
48.38699,8.9631,0.272497
48.38724,8.9631,0.272497
48.38756,8.9611,0.270097
48.38787,8.9715,0.278169
48.38818,8.9422,0.280673
48.38849,8.9658,0.284257
48.38874,8.9602,0.284257
48.38905,8.9602,0.278481
48.38936,8.9715,0.284657
48.38967,8.9648,0.328337
48.38998,8.9648,0.284945
48.39029,8.9602,0.286345
48.39054,8.9658,0.286345
48.39085,8.9678,0.288449
48.39116,8.9648,0.286057
48.39147,8.9695,0.291537
48.39178,8.9611,0.282465
48.39209,8.9648,0.280961
48.39234,8.9752,0.280961
48.39265,8.9574,0.284553
48.39296,8.9639,0.281865
48.39327,8.9611,0.288033
48.39358,8.9611,0.282865
48.39384,8.9621,0.282865
48.39415,8.9715,0.277665
48.39446,8.9658,0.283553
48.39477,8.9518,0.275977
48.39508,8.9602,0.269201
48.39539,8.9564,0.269705
48.39564,8.9631,0.269705
48.39595,8.9668,0.263505
48.39626,8.9668,0.274873
48.39657,8.9621,0.270601
48.39688,8.9648,0.268097
48.39719,8.9668,0.276081
48.39744,8.9668,0.276081
48.39775,8.9621,0.274873
48.39806,8.9678,0.273681
48.39837,8.9762,0.268305
48.39868,8.9678,0.268697
48.39899,8.9668,0.256937
48.39924,8.9639,0.256937
48.39955,8.9744,0.272185
48.39987,8.9631,0.271393
48.40018,8.9631,0.269889
48.40049,8.9668,0.265801
48.40074,8.9668,0.265801
48.40105,8.9621,0.269409
48.40136,8.9574,0.273793
48.40167,8.9658,0.265505
48.40198,8.9621,0.269489
48.40229,8.9705,0.270393
48.40254,8.9641,0.270393
48.40285,8.9705,0.266113
48.40316,8.9592,0.272785
48.40347,8.9525,0.278881
48.40378,8.9734,0.279857
48.40409,8.9602,0.318049
48.40434,8.9574,0.318049
48.40465,8.9545,0.283361
48.40496,8.9688,0.272185
48.40527,8.9697,0.265321
48.40558,8.9631,0.271993
48.40584,8.9631,0.271993
48.40614,8.9564,0.258729
48.40646,8.9611,0.268905
48.40677,8.9705,0.267113
48.40708,8.9658,0.272289
48.40738,8.9525,0.273081
48.40764,8.9725,0.273081
48.40795,8.9621,0.275081
48.41013,8.9631,0.298713
48.41190,8.9602,0.289249
48.41366,8.9631,0.284657
48.41541,8.9611,0.289353
48.41717,8.9592,0.327729
48.41893,8.9639,0.295521
48.42069,8.9668,0.273977
48.42245,8.9621,0.288449
48.42264,8.9771,0.288449
48.42295,8.9695,0.289745
48.42326,8.9582,0.292121
48.42357,8.9631,0.285449
48.42388,8.9648,0.292537
48.42413,8.9648,0.292537
48.42444,8.9668,0.290145
48.42475,8.9639,0.302201
48.42506,8.9592,0.308793
48.42537,8.9602,0.314777
48.42568,8.9582,0.294417
48.42594,8.9611,0.294417
48.42625,8.9639,0.292121
48.42656,8.9525,0.332713
48.42687,8.9611,0.325729
48.42718,8.9592,0.326729
48.42749,8.9658,0.276873
48.42774,8.9602,0.276873
48.42805,8.9678,0.297025
48.42836,8.9527,0.280569
48.42867,8.9658,0.275793
48.42898,8.9611,0.283761
48.42923,8.9658,0.283761
48.42954,8.9582,0.280673
48.42985,8.9555,0.289353
48.43016,8.9535,0.340385
48.43047,8.9631,0.291937
48.43078,8.9658,0.308185
48.43103,8.9631,0.308185
48.43134,8.9564,0.305281
48.43166,8.9582,0.283945
48.43197,8.9592,0.290937
48.43228,8.9611,0.285953
48.43259,8.9631,0.286553
48.43284,8.9668,0.286553
48.43315,8.9639,0.312065
48.43346,8.9688,0.293833
48.43377,8.9574,0.285153
48.43408,8.9555,0.283257
48.43433,8.9545,0.283257
48.43464,8.9658,0.291729
48.43495,8.9631,0.293337
48.43526,8.9734,0.291641
48.43557,8.9725,0.289353
48.43588,8.9592,0.288241
48.43613,8.9574,0.288241
48.43644,8.9602,0.285553
48.43675,8.9602,0.290833
48.43706,8.9545,0.287241
48.43737,8.9641,0.288449
48.43768,8.9602,0.286657
48.43794,8.9611,0.286657
48.43825,8.9574,0.283049
48.43856,8.9631,0.291225
48.43887,8.9592,0.289641
48.43918,8.9668,0.293625
48.43943,8.9688,0.293625
48.43974,8.9592,0.281649
48.44005,8.9582,0.289249
48.44036,8.9592,0.292041
48.44067,8.9602,0.290641
48.44098,8.9574,0.285265
48.44123,8.9641,0.285265
48.44154,8.9658,0.282257
48.44185,8.9678,0.286953
48.44216,8.9648,0.287449
48.44247,8.9641,0.285265
48.44278,8.9678,0.283945
48.44303,8.9488,0.283945
48.44334,8.9592,0.322953
48.44365,8.9611,0.319049
48.44397,8.9611,0.319049
48.44428,8.9641,0.285449
48.44453,8.9611,0.285449
48.44484,8.9555,0.326729
48.44515,8.9688,0.274585
48.44546,8.9639,0.276873
48.44577,8.9658,0.278673
48.44608,8.9668,0.287449
48.44633,8.9582,0.287449
48.44664,8.9648,0.272785
48.44695,8.9658,0.271289
48.44726,8.9621,0.283049
48.44757,8.9574,0.318761
48.44788,8.9611,0.278961
48.44813,8.9611,0.278961
48.44844,8.9658,0.286449
48.44875,8.9602,0.306393
48.44906,8.9631,0.280673
48.44937,8.9611,0.278881
48.44968,8.9631,0.284449
48.44994,8.9705,0.284449
48.45025,8.9611,0.286449
48.45056,8.9545,0.287241
48.45087,8.9611,0.283865
48.45118,8.9678,0.287449
48.45143,8.9648,0.287449
48.45174,8.9668,0.287137
48.45205,8.9555,0.292537
48.45236,8.9611,0.301009
48.45267,8.9668,0.283361
48.45298,8.9631,0.331209
48.45323,8.9498,0.331209
48.45354,8.9508,0.326625
48.45385,8.9518,0.329921
48.45416,8.9602,0.283465
48.45447,8.9631,0.298905
48.45478,8.9648,0.287057
48.45503,8.9668,0.287057
48.45534,8.9658,0.276273
48.45565,8.9639,0.276081
48.45597,8.9611,0.272889
48.45628,8.9621,0.280065
48.45653,8.9648,0.280065
48.45684,8.9564,0.280465
48.45715,8.9648,0.290729
48.45746,8.9631,0.309873
48.45777,8.9602,0.299609
48.45808,8.9555,0.296921
48.45833,8.9631,0.296921
48.45864,8.9611,0.287849
48.45895,8.9564,0.331417
48.45926,8.9498,0.293337
48.45957,8.9525,0.284449
48.45988,8.9678,0.313273
48.46013,8.9658,0.313273
48.46044,8.9648,0.317865
48.46075,8.9545,0.290041
48.46106,8.9574,0.327225
48.46137,8.9555,0.292329
48.46168,8.9574,0.283153
48.46194,8.9602,0.283153
48.46225,8.9574,0.306289
48.46256,8.9592,0.279777
48.46287,8.9658,0.278065
48.46318,8.9582,0.313777
48.46343,8.9592,0.313777
48.46374,8.9688,0.276185
48.46405,8.9621,0.310585
48.46436,8.9771,0.288449
48.46467,8.9725,0.277169
48.46498,8.9602,0.278961
48.46523,8.9508,0.278961
48.46554,8.9734,0.309977
48.46585,8.9648,0.273393
48.46616,8.9582,0.310081
48.46647,8.9574,0.281569
48.46678,8.9555,0.279961
48.46703,8.9771,0.279961
48.46734,8.9545,0.291225
48.46765,8.9555,0.280273
48.46797,8.9525,0.283257
48.46828,8.9668,0.315673
48.46853,8.9631,0.315673
48.46884,8.9725,0.281649
48.46915,8.9564,0.291145
48.46946,8.9518,0.307185
48.46977,8.9688,0.277985
48.47008,8.9639,0.277665
48.47033,8.9611,0.277665
48.47064,8.9574,0.312481
48.47095,8.9688,0.277985
48.47126,8.9631,0.301905
48.47157,8.9535,0.297817
48.47188,8.9658,0.278673
48.47213,8.9639,0.278673
48.47244,8.9611,0.266801
48.47275,8.9631,0.283865
48.47306,8.9678,0.283153
48.47337,8.9611,0.351857
48.47363,8.9508,0.351857
48.47394,8.9602,0.320553
48.47425,8.9688,0.288241
48.47456,8.9602,0.320841
48.47487,8.9602,0.284761
48.47518,8.9602,0.286849
48.47543,8.9631,0.286849
48.47574,8.9592,0.319153
48.47605,8.9525,0.282465
48.47636,8.9658,0.329521
48.47667,8.9535,0.325937
48.47698,8.9668,0.285553
48.47723,8.9688,0.285553
48.47754,8.9631,0.282465
48.47785,8.9518,0.286161
48.47816,8.9555,0.282969
48.47847,8.9555,0.295417
48.47878,8.9545,0.313465
48.47903,8.9611,0.313465
48.47934,8.9584,0.284049
48.47966,8.9602,0.313465
48.47997,8.9545,0.280065
48.48028,8.9592,0.278377
48.48053,8.9621,0.278377
48.48084,8.9582,0.299609
48.48115,8.9715,0.280673
48.48146,8.9678,0.283761
48.48177,8.9555,0.311273
48.48208,8.9611,0.277169
48.48233,8.9602,0.277169
48.48264,8.9771,0.275689
48.48295,8.9621,0.293921
48.48326,8.9752,0.277377
48.48357,8.9688,0.277273
48.48383,8.9602,0.277273
48.48413,8.9688,0.311977
48.48444,8.9582,0.278569
48.48475,8.9631,0.310081
48.48506,8.9525,0.288641
48.48537,8.9639,0.278273
48.48563,8.9658,0.278273
48.48594,8.9545,0.277985
48.48625,8.9688,0.274481
48.48656,8.9631,0.276377
48.48687,8.9582,0.308897
48.48712,8.9574,0.308897
48.48743,8.9584,0.283257
48.48774,8.9631,0.279777
48.48805,8.9611,0.345665
48.48836,8.9648,0.265609
48.48867,8.9658,0.268801
48.48893,8.9658,0.268801
48.48924,8.9631,0.305705
48.48954,8.9611,0.267305
48.48986,8.9648,0.281569
48.49017,8.9631,0.295625
48.49048,8.9641,0.265721
48.49073,8.9498,0.265721
48.49104,8.9631,0.297713
48.49135,8.9744,0.266305
48.49166,8.9678,0.263713
48.49197,8.9668,0.285049
48.49228,8.9621,0.289833
48.49253,8.9648,0.289833
48.49284,8.9668,0.265505
48.49315,8.9602,0.301617
48.49346,8.9602,0.265905
48.49377,8.9631,0.264713
48.49402,8.9705,0.264713
48.49433,8.9602,0.293225
48.49464,8.9715,0.281257
48.49495,8.9658,0.267513
48.49526,8.9592,0.304201
48.49557,8.9668,0.265905
48.49582,8.9668,0.265905
48.49613,8.9611,0.268993
48.49644,8.9668,0.301193
48.49675,8.9631,0.264905
48.49706,8.9564,0.271097
48.49737,8.9621,0.301009
48.49763,8.9705,0.301009
48.49794,8.9648,0.267513
48.49825,8.9582,0.303801
48.49856,8.9631,0.266009
48.49887,8.9678,0.269809
48.49913,8.9648,0.269809
48.49943,8.9631,0.272289
48.49974,8.9688,0.266697
48.50005,8.9648,0.266305
48.50036,8.9641,0.301009
48.50067,8.9631,0.261129
48.50093,8.9621,0.261129
48.50124,8.9715,0.258121
48.50155,8.9715,0.256641
48.50185,8.9688,0.258337
48.50217,8.9611,0.258041
48.50248,8.9602,0.327433
48.50273,8.9658,0.327433
48.50304,8.9648,0.267513
48.50335,8.9695,0.267201
48.50366,8.9725,0.262425
48.50397,8.9582,0.274185
48.50423,8.9621,0.274185
48.50454,8.9602,0.284761
48.50484,8.9678,0.288033
48.50516,8.9631,0.314169
48.50547,8.9611,0.340281
48.50578,8.9611,0.286745
48.50603,8.9744,0.286745
48.50634,8.9631,0.278481
48.50665,8.9631,0.280361
48.50696,8.9668,0.279273
48.50727,8.9611,0.281361
48.50758,8.9695,0.281257
48.50783,8.9574,0.281257
48.50814,8.9602,0.279857
48.50845,8.9705,0.280673
48.50876,8.9611,0.281753
48.50907,8.9668,0.281753
48.50932,8.9648,0.281753
48.50963,8.9564,0.290729
48.50994,8.9734,0.321641
48.51025,8.9621,0.325145
48.51056,8.9555,0.288849
48.51087,8.9631,0.298009
48.51112,8.9648,0.298009
48.51143,8.9631,0.302409
48.51175,8.9658,0.278961
48.51205,8.9631,0.281969
48.51236,8.9648,0.279857
48.51267,8.9631,0.279569
48.51293,8.9602,0.279569
48.51323,8.9621,0.297921
48.51355,8.9564,0.285265
48.51386,8.9648,0.303697
48.51417,8.9611,0.303489
48.51447,8.9695,0.304593
48.51473,8.9602,0.304593
48.51504,8.9668,0.281865
48.51535,8.9648,0.274873
48.51566,8.9639,0.279169
48.51597,8.9668,0.277985
48.51622,8.9688,0.277985
48.51653,8.9555,0.291833
48.51684,8.9602,0.332425
48.51715,8.9574,0.290041
48.51746,8.9602,0.289137
48.51777,8.9631,0.289249
48.51802,8.9574,0.289249
48.51833,8.9582,0.288449
48.51864,8.9641,0.286745
48.51895,8.9688,0.292225
48.51926,8.9678,0.292329
48.51957,8.9715,0.295233
48.51983,8.9535,0.295233
48.52013,8.9639,0.337409
48.52044,8.9697,0.290433
48.52075,8.9658,0.289433
48.52106,8.9535,0.287849
48.52137,8.9639,0.283153
48.52163,8.9678,0.283153
48.52194,8.9639,0.285153
48.52225,8.9611,0.284449
48.52256,8.9668,0.285049
48.52287,8.9668,0.286553
48.52313,8.9584,0.286553
48.52344,8.9631,0.288137
48.52374,8.9639,0.293833
48.52406,8.9621,0.287345
48.52437,8.9508,0.286449
48.52468,8.9697,0.287137
48.52493,8.9621,0.287137
48.52524,8.9584,0.283865
48.52555,8.9658,0.296209
48.52586,8.9697,0.290937
48.52617,8.9648,0.297105
48.52642,8.9592,0.297105
48.52673,8.9414,0.330625
48.52704,8.9592,0.324937
48.52735,8.9602,0.287953
48.52766,8.9705,0.280273
48.52797,8.9688,0.284841
48.52823,8.9658,0.284841
48.52853,8.9668,0.268905
48.52884,8.9611,0.281465
48.52915,8.9734,0.283945
48.52946,8.9648,0.289537
48.52977,8.9631,0.279065
48.53003,8.9611,0.279065
48.53034,8.9658,0.282073
48.53065,8.9668,0.274481
48.53096,8.9631,0.291537
48.53127,8.9555,0.345873
48.53152,8.9631,0.345873
48.53183,8.9639,0.310873
48.53214,8.9658,0.302593
48.53245,8.9725,0.290329
48.53276,8.9574,0.296417
48.53307,8.9668,0.297921
48.53332,8.9574,0.297921
48.53363,8.9611,0.317761
48.53394,8.9555,0.308473
48.53425,8.9592,0.348961
48.53456,8.9555,0.301409
48.53487,8.9734,0.294337
48.53512,8.9621,0.294337
48.53543,8.9592,0.294233
48.53574,8.9639,0.286657
48.53605,8.9631,0.301409
48.53636,8.9648,0.347881
48.53667,8.9639,0.353945
48.53692,8.9582,0.353945
48.53723,8.9574,0.339489
48.53754,8.9648,0.303801
48.53785,8.9545,0.296313
48.53816,8.9545,0.302801
48.53842,8.9574,0.302801
48.53872,8.9621,0.292225
48.53904,8.9668,0.285553
48.53935,8.9648,0.278961
48.53966,8.9678,0.277377
48.53997,8.9582,0.281465
48.54022,8.9631,0.281465
48.54053,8.9545,0.285345
48.54084,8.9631,0.304593
48.54115,8.9555,0.310185
48.54146,8.9611,0.293337
48.54177,8.9611,0.292225
48.54202,8.9705,0.292225
48.54233,8.9631,0.290937
48.54264,8.9631,0.294025
48.54295,8.9658,0.337201
48.54326,8.9621,0.310481
48.54357,8.9535,0.303201
48.54382,8.9555,0.303201
48.54413,8.9592,0.317465
48.54444,8.9631,0.300505
48.54475,8.9648,0.298321
48.54506,8.9611,0.299009
48.54532,8.9648,0.299009
48.54563,8.9658,0.302201
48.54594,8.9631,0.339281
48.54625,8.9535,0.320153
48.54656,8.9574,0.286849
48.54687,8.9555,0.285449
48.54712,8.9621,0.285449
48.54743,8.9639,0.287137
48.54774,8.9688,0.283657
48.54805,8.9621,0.286641
48.54836,8.9678,0.288449
48.54867,8.9602,0.324537
48.54892,8.9631,0.324537
48.54923,8.9762,0.313273
48.54954,8.9641,0.290641
48.54985,8.9639,0.294729
48.55016,8.9631,0.317657
48.55047,8.9648,0.307889
48.55072,8.9648,0.307889
48.55103,8.9564,0.323137
48.55134,8.9648,0.301617
48.55166,8.9535,0.298113
48.55197,8.9555,0.298321
48.55222,8.9508,0.298321
48.55253,8.9648,0.315569
48.55284,8.9688,0.295817
48.55315,8.9611,0.308393
48.55346,8.9621,0.348569
48.55377,8.9602,0.321553
48.55402,8.9564,0.321553
48.55433,8.9535,0.329025
48.55464,8.9602,0.281649
48.55495,8.9678,0.286745
48.55526,8.9592,0.279273
48.55551,8.9639,0.279273
48.55582,8.9631,0.278169
48.55613,8.9525,0.282073
48.55644,8.9658,0.285657
48.55675,8.9688,0.273289
48.55706,8.9641,0.272393
48.55732,8.9668,0.272393
48.55763,8.9725,0.273681
48.55794,8.9688,0.285049
48.55825,8.9621,0.327521
48.55856,8.9611,0.310769
48.55881,8.9602,0.310769
48.55912,8.9688,0.311377
48.55943,8.9602,0.338593
48.55974,8.9592,0.299505
48.56005,8.9688,0.297817
48.56036,8.9535,0.340601
48.56062,8.9639,0.340601
48.56092,8.9639,0.297817
48.56123,8.9592,0.301297
48.56154,8.9631,0.293625
48.56185,8.9611,0.291833
48.56216,8.9592,0.288137
48.56242,8.9658,0.288137
48.56273,8.9678,0.289937
48.56304,8.9564,0.309481
48.56335,8.9525,0.399521
48.56365,8.9611,0.342081
48.56397,8.9479,0.349465
48.56422,8.9451,0.349465
48.56453,8.9639,0.347769
48.56484,8.9631,0.304305
48.56515,8.9688,0.297529
48.56546,8.9602,0.288929
48.56577,8.9525,0.284153
48.56602,8.9611,0.284153
48.56633,8.9631,0.302697
48.56664,8.9602,0.284945
48.56695,8.9574,0.282569
48.56726,8.9658,0.299505
48.56751,8.9602,0.299505
48.56782,8.9631,0.306185
48.56813,8.9668,0.292625
48.56844,8.9584,0.289433
48.56875,8.9611,0.322449
48.56906,8.9611,0.292041
48.56931,8.9744,0.292041
48.56962,8.9592,0.291225
48.56994,8.9668,0.288745
48.57025,8.9621,0.292433
48.57056,8.9648,0.294025
48.57087,8.9631,0.323641
48.57112,8.9498,0.323641
48.57143,8.9705,0.289249
48.57174,8.9705,0.287449
48.57205,8.9695,0.286345
48.57236,8.9535,0.296817
48.57261,8.9658,0.296817
48.57292,8.9641,0.294337
48.57323,8.9641,0.294625
48.57354,8.9574,0.292537
48.57385,8.9582,0.296625
48.57416,8.9602,0.305601
48.57441,8.9611,0.305601
48.57472,8.9582,0.284553
48.57503,8.9602,0.326537
48.57534,8.9658,0.286241
48.57565,8.9688,0.284361
48.57597,8.9648,0.283049
48.57622,8.9611,0.283049
48.57653,8.9695,0.286849
48.57684,8.9648,0.288449
48.57715,8.9668,0.289937
48.57746,8.9555,0.290249
48.57771,8.9574,0.290249
48.57802,8.9574,0.332209
48.57833,8.9688,0.324937
48.57864,8.9648,0.289137
48.57895,8.9631,0.292625
48.57926,8.9658,0.289641
48.57951,8.9688,0.289641
48.57982,8.9641,0.290433
48.58013,8.9574,0.327329
48.58044,8.9621,0.328729
48.58075,8.9518,0.327225
48.58106,8.9602,0.311769
48.58131,8.9621,0.311769
48.58162,8.9611,0.277481
48.58194,8.9752,0.263713
48.58225,8.9592,0.268097
48.58256,8.9621,0.272393
48.58281,8.9648,0.272393
48.58312,8.9705,0.271289
48.58343,8.9678,0.275377
48.58374,8.9678,0.276873
48.58405,8.9584,0.295521
48.58436,8.9715,0.298713
48.58461,8.9658,0.298713
48.58492,8.9639,0.293225
48.58523,8.9631,0.287641
48.58554,8.9631,0.294025
48.58585,8.9592,0.292625
48.58616,8.9631,0.293937
48.58642,8.9621,0.293937
48.58673,8.9592,0.293225
48.58703,8.9611,0.295625
48.58734,8.9611,0.296417
48.58765,8.9592,0.293921
48.58791,8.9752,0.293921
48.58822,8.9555,0.289937
48.58853,8.9611,0.286057
48.58884,8.9621,0.322241
48.58915,8.9688,0.335297
48.58946,8.9639,0.294417
48.58971,8.9611,0.294417
48.59002,8.9574,0.326329
48.59033,8.9639,0.327625
48.59064,8.9602,0.301113
48.59095,8.9668,0.286345
48.59126,8.9582,0.286345
48.59151,8.9688,0.286345
48.59182,8.9678,0.290145
48.59213,8.9648,0.326729
48.59244,8.9584,0.282969
48.59275,8.9631,0.286241
48.59306,8.9621,0.292225
48.59332,8.9621,0.292225
48.59363,8.9648,0.327225
48.59394,8.9621,0.303993
48.59425,8.9564,0.310273
48.59456,8.9535,0.302801
48.59481,8.9648,0.302801
48.59512,8.9658,0.289537
48.59543,8.9648,0.293521
48.59574,8.9592,0.290145
48.59605,8.9621,0.294625
48.59636,8.9695,0.292433
48.59661,8.9734,0.292433
48.59692,8.9574,0.293625
48.59723,8.9592,0.295729
48.59754,8.9791,0.290729
48.59785,8.9754,0.293337
48.59816,8.9734,0.291729
48.59841,8.9715,0.291729
48.59873,8.9611,0.293441
48.59904,8.9621,0.318553
48.59935,8.9592,0.290249
48.59965,8.9611,0.287641
48.59991,8.9658,0.287641
48.60022,8.9611,0.288537
48.60053,8.9678,0.290937
48.60084,8.9695,0.286161
48.60115,8.9744,0.288929
48.60146,8.9668,0.298009
48.60172,8.9641,0.298009
48.60203,8.9648,0.291729
48.60234,8.9695,0.290537
48.60264,8.9611,0.289937
48.60296,8.9611,0.316969
48.60321,8.9602,0.316969
48.60352,8.9648,0.291729
48.60383,8.9525,0.320953
48.60414,8.9678,0.291433
48.60445,8.9582,0.288745
48.60476,8.9611,0.287057
48.60501,8.9592,0.287057
48.60532,8.9611,0.286553
48.60563,8.9688,0.290433
48.60594,8.9771,0.288641
48.60625,8.9592,0.295233
48.60656,8.9631,0.367209
48.60681,8.9611,0.367209
48.60712,8.9631,0.350169
48.60743,8.9555,0.307081
48.60774,8.9602,0.282257
48.60805,8.9648,0.284257
48.60836,8.9695,0.275689
48.60861,8.9648,0.275689
48.60892,8.9678,0.281257
48.60923,8.9592,0.278465
48.60954,8.9734,0.286849
48.60985,8.9658,0.271785
48.61016,8.9668,0.271201
48.61041,8.9518,0.271201
48.61072,8.9648,0.272097
48.61103,8.9725,0.278065
48.61134,8.9602,0.315673
48.61165,8.9621,0.288449
48.61191,8.9621,0.288449
48.61222,8.9631,0.295417
48.61253,8.9621,0.282761
48.61284,8.9592,0.283865
48.61315,8.9498,0.286953
48.61346,8.9658,0.291729
48.61371,8.9611,0.291729
48.61402,8.9525,0.290249
48.61433,8.9582,0.295129
48.61464,8.9668,0.294521
48.61495,8.9688,0.313065
48.61526,8.9631,0.293833
48.61551,8.9658,0.293833
48.61582,8.9555,0.286449
48.61613,8.9592,0.287745
48.61644,8.9602,0.319945
48.61675,8.9535,0.332609
48.61706,8.9639,0.340385
48.61731,8.9555,0.340385
48.61763,8.9631,0.328729
48.61794,8.9574,0.301617
48.61825,8.9582,0.340993
48.61856,8.9611,0.291537
48.61881,8.9668,0.291537
48.61912,8.9668,0.276481
48.61943,8.9697,0.275769
48.61974,8.9611,0.277777
48.62005,8.9631,0.278961
48.62036,8.9611,0.288137
48.62061,8.9555,0.288137
48.62092,8.9621,0.293441
48.62123,8.9592,0.332713
48.62154,8.9469,0.297209
48.62185,8.9582,0.292833
48.62216,8.9592,0.295625
48.62241,8.9574,0.295625
48.62272,8.9564,0.297529
48.62303,8.9574,0.295025
48.62334,8.9602,0.293729
48.62365,8.9688,0.325641
48.62391,8.9611,0.325641
48.62422,8.9725,0.289641
48.62453,8.9602,0.310873
48.62484,8.9611,0.351257
48.62515,8.9668,0.292433
48.62546,8.9621,0.293937
48.62571,8.9574,0.293937
48.62602,8.9451,0.326625
48.62633,8.9639,0.292121
48.62664,8.9639,0.316969
48.62695,8.9592,0.347273
48.62726,8.9611,0.291329
48.62751,8.9658,0.291329
48.62782,8.9518,0.288849
48.62813,8.9592,0.289137
48.62844,8.9648,0.288033
48.62875,8.9611,0.317553
48.62901,8.9582,0.317553
48.62931,8.9631,0.304385
48.62963,8.9648,0.294817
48.62994,8.9648,0.326329
48.63025,8.9648,0.293017
48.63056,8.9602,0.291833
48.63081,8.9525,0.291833
48.63112,8.9518,0.327041
48.63143,8.9641,0.285953
48.63174,8.9602,0.291329
48.63205,8.9592,0.315961
48.63230,8.9688,0.315961
48.63261,8.9582,0.285049
48.63292,8.9555,0.322137
48.63323,8.9668,0.290833
48.63354,8.9621,0.291041
48.63385,8.9611,0.306889
48.63411,8.9639,0.306889
48.63442,8.9621,0.322745
48.63472,8.9744,0.296417
48.63504,8.9602,0.361625
48.63535,8.9658,0.294417
48.63565,8.9592,0.332921
48.63591,8.9695,0.332921
48.63622,8.9611,0.308897
48.63653,8.9564,0.288137
48.63684,8.9744,0.285345
48.63715,8.9564,0.322745
48.63746,8.9592,0.293017
48.63771,8.9564,0.293017
48.63802,8.9592,0.290833
48.63833,8.9602,0.309793
48.63864,8.9535,0.292537
48.63895,8.9668,0.315065
48.63920,8.9648,0.315065
48.63951,8.9678,0.329817
48.63982,8.9725,0.286745
48.64013,8.9545,0.318945
48.64044,8.9432,0.299009
48.64075,8.9631,0.285449
48.64100,8.9668,0.285449
48.64131,8.9582,0.291329
48.64163,8.9688,0.291833
48.64194,8.9602,0.295521
48.64225,8.9715,0.328225
48.64256,8.9621,0.299009
48.64281,8.9592,0.299009
48.64312,8.9639,0.299505
48.64343,8.9535,0.325641
48.64374,8.9602,0.283865
48.64405,8.9631,0.290537
48.64430,8.9705,0.290537
48.64461,8.9564,0.322537
48.64492,8.9592,0.287057
48.64523,8.9688,0.303993
48.64554,8.9715,0.315361
48.64585,8.9631,0.291329
48.64610,8.9621,0.291329
48.64641,8.9592,0.289033
48.64672,8.9582,0.292225
48.64703,8.9621,0.364025
48.64734,8.9602,0.311081
48.64766,8.9688,0.307185
48.64791,8.9518,0.307185
48.64822,8.9648,0.284841
48.64853,8.9631,0.316465
48.64884,8.9658,0.282657
48.64915,8.9574,0.287449
48.64940,8.9602,0.287449
48.64971,8.9621,0.314961
48.65002,8.9592,0.336193
48.65033,8.9525,0.294233
48.65064,8.9555,0.326329
48.65095,8.9648,0.309481
48.65121,8.9658,0.309481
48.65151,8.9621,0.292329
48.65182,8.9641,0.292041
48.65213,8.9705,0.283865
48.65244,8.9555,0.289833
48.65275,8.9545,0.321641
48.65301,8.9564,0.321641
48.65332,8.9574,0.285761
48.65363,8.9602,0.325145
48.65394,8.9639,0.293017
48.65425,8.9631,0.290433
48.65450,8.9592,0.290433
48.65481,8.9725,0.301513
48.65512,8.9592,0.307081
48.65543,8.9688,0.285049
48.65574,8.9545,0.321953
48.65605,8.9564,0.287849
48.65630,8.9648,0.287849
48.65662,8.9658,0.288033
48.65693,8.9705,0.315753
48.65724,8.9592,0.289937
48.65755,8.9602,0.294417
48.65785,8.9555,0.327329
48.65811,8.9555,0.327329
48.65842,8.9668,0.288345
48.65873,8.9648,0.314857
48.65904,8.9498,0.344481
48.65935,8.9611,0.288449
48.65966,8.9631,0.283153
48.65991,8.9564,0.283153
48.66022,8.9574,0.318153
48.66053,8.9744,0.284361
48.66084,8.9648,0.316753
48.66115,8.9678,0.296817
48.66140,8.9641,0.296817
48.66171,8.9602,0.330025
48.66202,8.9584,0.323345
48.66233,8.9631,0.289641
48.66264,8.9668,0.290937
48.66295,8.9648,0.346561
48.66320,8.9611,0.346561
48.66351,8.9535,0.304809
48.66382,8.9631,0.294817
48.66413,8.9668,0.328921
48.66444,8.9582,0.329729
48.66475,8.9631,0.279569
48.66501,8.9705,0.279569
48.66532,8.9648,0.277665
48.66563,8.9648,0.267697
48.66594,8.9602,0.274873
48.66625,8.9668,0.276481
48.66650,8.9621,0.276481
48.66681,8.9752,0.278881
48.66712,8.9611,0.278481
48.66743,8.9678,0.286449
48.66774,8.9611,0.285553
48.66805,8.9715,0.293017
48.66830,8.9639,0.293017
48.66861,8.9535,0.299905
48.66892,8.9688,0.294817
48.66923,8.9639,0.298009
48.66954,8.9611,0.299217
48.66985,8.9641,0.294729
48.67010,8.9535,0.294729
48.67041,8.9564,0.293729
48.67072,8.9555,0.314569
48.67103,8.9668,0.288345
48.67134,8.9678,0.288241
48.67165,8.9641,0.282465
48.67191,8.9658,0.282465
48.67222,8.9631,0.287849
48.67253,8.9574,0.333609
48.67284,8.9592,0.327225
48.67315,8.9621,0.302801
48.67340,8.9688,0.302801
48.67371,8.9611,0.283465
48.67402,8.9555,0.289937
48.67433,8.9631,0.283361
48.67464,8.9611,0.281753
48.67495,8.9695,0.283049
48.67520,8.9695,0.283049
48.67551,8.9639,0.311769
48.67582,8.9705,0.300801
48.67613,8.9582,0.334905
48.67644,8.9639,0.300713
48.67675,8.9592,0.310977
48.67700,8.9639,0.310977
48.67731,8.9668,0.305497
48.67763,8.9592,0.296417
48.67794,8.9508,0.294921
48.67825,8.9602,0.294921
48.67850,8.9611,0.294921
48.67881,8.9525,0.296025
48.67912,8.9518,0.344081
48.67943,8.9621,0.293921
48.67974,8.9592,0.292225
48.68005,8.9641,0.292537
48.68030,8.9639,0.292537
48.68061,8.9525,0.293337
48.68092,8.9518,0.294625
48.68123,8.9592,0.307977
48.68154,8.9668,0.285553
48.68185,8.9678,0.287849
48.68211,8.9592,0.287849
48.68242,8.9631,0.282569
48.68273,8.9621,0.280465
48.68304,8.9762,0.286161
48.68334,8.9648,0.292041
48.68360,8.9688,0.292041
48.68391,8.9725,0.294833
48.68422,8.9639,0.293833
48.68453,8.9668,0.287057
48.68484,8.9631,0.297713
48.68515,8.9574,0.306785
48.68540,8.9734,0.306785
48.68571,8.9668,0.288929
48.68602,8.9648,0.288033
48.68633,8.9574,0.284361
48.68664,8.9668,0.285153
48.68690,8.9648,0.285153
48.68720,8.9658,0.287057
48.68751,8.9631,0.291729
48.68782,8.9574,0.291641
48.68813,8.9631,0.289833
48.68844,8.9668,0.288849
48.68870,8.9611,0.288849
48.68901,8.9592,0.291041
48.68932,8.9705,0.363121
48.68963,8.9592,0.320841
48.68994,8.9678,0.315569
48.69025,8.9762,0.281169
48.69050,8.9631,0.281169
48.69081,8.9648,0.321345
48.69112,8.9668,0.280169
48.69143,8.9555,0.282865
48.69174,8.9611,0.280273
48.69205,8.9639,0.288241
48.69230,8.9611,0.288241
48.69261,8.9658,0.275081
48.69292,8.9582,0.272185
48.69323,8.9611,0.283761
48.69354,8.9518,0.317865
48.69380,8.9621,0.317865
48.69410,8.9535,0.303201
48.69441,8.9602,0.286953
48.69472,8.9658,0.299905
48.69503,8.9678,0.288745
48.69534,8.9678,0.292833
48.69560,8.9611,0.292833
48.69591,8.9744,0.300217
48.69622,8.9725,0.290641
48.69653,8.9611,0.289433
48.69684,8.9648,0.299609
48.69715,8.9695,0.308577
48.69740,8.9584,0.308577
48.69771,8.9658,0.290433
48.69802,8.9611,0.294625
48.69833,8.9611,0.292329
48.69864,8.9648,0.291329
48.69889,8.9639,0.291329
48.69920,8.9545,0.311377
48.69951,8.9592,0.355449
48.69982,8.9631,0.323033
48.70013,8.9639,0.277273
48.70044,8.9648,0.291537
48.70069,8.9668,0.291537
48.70100,8.9621,0.292329
48.70131,8.9621,0.284449
48.70163,8.9641,0.283361
48.70194,8.9602,0.281065
48.70225,8.9592,0.282153
48.70250,8.9574,0.282153
48.70281,8.9678,0.282761
48.70312,8.9564,0.314065
48.70343,8.9697,0.278777
48.70374,8.9631,0.279857
48.70405,8.9648,0.280673
48.70430,8.9715,0.280673
48.70461,8.9611,0.282257
48.70492,8.9592,0.339785
48.70523,8.9555,0.298505
48.70554,8.9658,0.291329
48.70579,8.9688,0.291329
48.70610,8.9555,0.293121
48.70641,8.9639,0.291537
48.70672,8.9592,0.295129
48.70703,8.9658,0.323929
48.70734,8.9564,0.291937
48.70759,8.9621,0.291937
48.70791,8.9498,0.292937
48.71016,8.9658,0.286345
48.71193,8.9535,0.293225
48.71369,8.9564,0.287241
48.71544,8.9611,0.287641
48.71720,8.9621,0.323641
48.71896,8.9631,0.285265
48.72072,8.9631,0.287057
48.72248,8.9582,0.335401
48.72267,8.9648,0.285849
48.72292,8.9705,0.295233
48.72323,8.9648,0.300297
48.72354,8.9535,0.287745
48.72380,8.9582,0.287745
48.72411,8.9668,0.287241
48.72442,8.9688,0.293017
48.72473,8.9631,0.290937
48.72503,8.9555,0.291329
48.72535,8.9631,0.291329
48.72560,8.9639,0.291329
48.72591,8.9678,0.290833
48.72622,8.9697,0.294817
48.72653,8.9611,0.295625
48.72684,8.9564,0.296817
48.72715,8.9574,0.292729
48.72740,8.9582,0.292729
48.72771,8.9564,0.330713
48.72802,8.9555,0.338201
48.72833,8.9535,0.318553
48.72864,8.9705,0.290329
48.72889,8.9668,0.290329
48.72920,8.9658,0.292433
48.72951,8.9668,0.284761
48.72982,8.9602,0.280465
48.73013,8.9658,0.280673
48.73044,8.9574,0.284153
48.73070,8.9555,0.284153
48.73100,8.9688,0.283465
48.73131,8.9564,0.298905
48.73162,8.9705,0.307081
48.73193,8.9592,0.305281
48.73224,8.9582,0.294729
48.73250,8.9639,0.294729
48.73281,8.9695,0.283553
48.73312,8.9705,0.285049
48.73342,8.9564,0.291833
48.73374,8.9592,0.316153
48.73399,8.9535,0.316153
48.73430,8.9639,0.330025
48.73461,8.9658,0.292833
48.73492,8.9668,0.303593
48.73523,8.9555,0.299217
48.73554,8.9602,0.288849
48.73580,8.9648,0.288849
48.73610,8.9678,0.283945
48.73642,8.9621,0.290537
48.73673,8.9668,0.327225
48.73704,8.9488,0.332025
48.73735,8.9639,0.296521
48.73760,8.9639,0.296521
48.73791,8.9678,0.289433
48.73822,8.9525,0.286657
48.73853,8.9631,0.291329
48.73884,8.9734,0.294729
48.73909,8.9668,0.294729
48.73940,8.9611,0.316969
48.73971,8.9621,0.287137
48.74002,8.9658,0.286449
48.74033,8.9631,0.288449
48.74064,8.9602,0.286161
48.74089,8.9602,0.286161
48.74120,8.9639,0.288449
48.74151,8.9668,0.291641
48.74182,8.9648,0.288849
48.74213,8.9631,0.289537
48.74244,8.9582,0.289137
48.74269,8.9611,0.289137
48.74300,8.9678,0.291537
48.74331,8.9602,0.291041
48.74362,8.9697,0.285553
48.74393,8.9631,0.292729
48.74424,8.9592,0.325433
48.74450,8.9574,0.325433
48.74481,8.9592,0.327041
48.74512,8.9555,0.283465
48.74543,8.9621,0.279273
48.74574,8.9715,0.282569
48.74599,8.9658,0.282569
48.74630,8.9641,0.273897
48.74661,8.9648,0.288033
48.74692,8.9621,0.271097
48.74723,8.9611,0.276873
48.74754,8.9744,0.279377
48.74779,8.9705,0.279377
48.74810,8.9648,0.276769
48.74841,8.9545,0.343873
48.74872,8.9639,0.294729
48.74903,8.9611,0.282361
48.74934,8.9631,0.299713
48.74959,8.9658,0.299713
48.74990,8.9592,0.288241
48.75021,8.9631,0.291537
48.75052,8.9658,0.292625
48.75083,8.9592,0.292433
48.75114,8.9631,0.309185
48.75140,8.9602,0.309185
48.75171,8.9641,0.331609
48.75202,8.9648,0.325145
48.75233,8.9641,0.303889
48.75264,8.9582,0.286657
48.75289,8.9574,0.286657
48.75320,8.9648,0.293225
48.75351,8.9734,0.298609
48.75382,8.9508,0.334113
48.75413,8.9555,0.382169
48.75444,8.9648,0.329817
48.75469,8.9621,0.329817
48.75500,8.9564,0.286657
48.75531,8.9631,0.297713
48.75562,8.9668,0.294233
48.75593,8.9648,0.278569
48.75624,8.9518,0.281865
48.75650,8.9648,0.281865
48.75680,8.9668,0.283049
48.75711,8.9621,0.287849
48.75742,8.9688,0.289353
48.75774,8.9715,0.298425
48.75799,8.9658,0.298425
48.75830,8.9545,0.343977
48.75861,8.9611,0.303489
48.75892,8.9631,0.291641
48.75923,8.9744,0.293337
48.75954,8.9715,0.291225
48.75979,8.9725,0.291225
48.76010,8.9688,0.292433
48.76041,8.9592,0.313569
48.76072,8.9641,0.295417
48.76103,8.9695,0.297209
48.76134,8.9535,0.300905
48.76159,8.9678,0.300905
48.76190,8.9648,0.296129
48.76221,8.9592,0.302905
48.76252,8.9564,0.314777
48.76283,8.9658,0.335193
48.76314,8.9621,0.290833
48.76339,8.9697,0.290833
48.76371,8.9678,0.291833
48.76402,8.9668,0.289433
48.76433,8.9555,0.303593
48.76464,8.9592,0.302801
48.76489,8.9582,0.302801
48.76520,8.9611,0.286953
48.76551,8.9545,0.284449
48.76582,8.9611,0.325833
48.76613,8.9631,0.283361
48.76644,8.9639,0.287137
48.76669,8.9564,0.287137
48.76700,8.9648,0.292329
48.76731,8.9697,0.293921
48.76762,8.9611,0.291833
48.76793,8.9535,0.321553
48.76824,8.9525,0.297609
48.76849,8.9631,0.297609
48.76880,8.9611,0.290833
48.76911,8.9611,0.288929
48.76942,8.9584,0.291433
48.76973,8.9611,0.288849
48.76999,8.9631,0.288849
48.77030,8.9705,0.287449
48.77061,8.9648,0.330313
48.77092,8.9582,0.331025
48.77123,8.9631,0.329313
48.77154,8.9574,0.281865
48.77179,8.9648,0.281865
48.77210,8.9582,0.272097
48.77241,8.9668,0.265321
48.77272,8.9668,0.273793
48.77303,8.9621,0.271393
48.77334,8.9611,0.269705
48.77359,8.9611,0.269705
48.77390,8.9602,0.278881
48.77421,8.9725,0.260921
48.77452,8.9631,0.275689
48.77483,8.9658,0.293833
48.77514,8.9611,0.272497
48.77539,8.9592,0.272497
48.77570,8.9621,0.274081
48.77601,8.9564,0.296521
48.77633,8.9648,0.310481
48.77664,8.9611,0.283257
48.77689,8.9564,0.283257
48.77720,8.9668,0.287641
48.77751,8.9535,0.296625
48.77782,8.9525,0.289249
48.77813,8.9648,0.291833
48.77844,8.9498,0.302993
48.77869,8.9648,0.302993
48.77900,8.9564,0.287641
48.77931,8.9631,0.294921
48.77962,8.9658,0.291145
48.77993,8.9648,0.290745
48.78024,8.9602,0.341289
48.78049,8.9508,0.341289
48.78080,8.9648,0.343785
48.78111,8.9688,0.326937
48.78142,8.9527,0.323849
48.78173,8.9648,0.276769
48.78198,8.9582,0.276769
48.78229,8.9582,0.289745
48.78260,8.9602,0.283657
48.78291,8.9705,0.279961
48.78322,8.9631,0.281969
48.78353,8.9695,0.289833
48.78379,8.9582,0.289833
48.78409,8.9631,0.310769
48.78441,8.9668,0.291329
48.78472,8.9611,0.290641
48.78503,8.9611,0.302305
48.78534,8.9574,0.304993
48.78559,8.9611,0.304993
48.78590,8.9611,0.290145
48.78621,8.9705,0.292121
48.78652,8.9611,0.286953
48.78683,8.9564,0.287849
48.78714,8.9648,0.314361
48.78739,8.9574,0.314361
48.78770,8.9688,0.306889
48.78801,8.9602,0.283049
48.78832,8.9592,0.283761
48.78863,8.9535,0.322745
48.78888,8.9621,0.322745
48.78919,8.9688,0.292833
48.78950,8.9695,0.313961
48.78981,8.9695,0.319345
48.79012,8.9705,0.294521
48.79043,8.9648,0.294417
48.79069,8.9631,0.294417
48.79100,8.9611,0.328521
48.79131,8.9602,0.288849
48.79162,8.9621,0.345081
48.79192,8.9518,0.328521
48.79223,8.9725,0.286745
48.79249,8.9582,0.286745
48.79280,8.9518,0.286849
48.79311,8.9592,0.286345
48.79342,8.9545,0.291041
48.79373,8.9574,0.323929
48.79398,8.9574,0.323929
48.79429,8.9648,0.301801
48.79460,8.9641,0.340385
48.79491,8.9535,0.361225
48.79522,8.9508,0.291833
48.79553,8.9545,0.286161
48.79579,8.9744,0.286161
48.79609,8.9621,0.322449
48.79640,8.9744,0.289833
48.79671,8.9705,0.294729
48.79702,8.9631,0.323745
48.79733,8.9592,0.295233
48.79759,8.9518,0.295233
48.79790,8.9584,0.292729
48.79821,8.9508,0.292833
48.79851,8.9611,0.292329
48.79883,8.9602,0.308577
48.79914,8.9545,0.326433
48.79939,8.9695,0.326433
48.79970,8.9631,0.284449
48.80001,8.9564,0.320553
48.80032,8.9639,0.291537
48.80063,8.9648,0.285449
48.80088,8.9631,0.285449
48.80119,8.9602,0.310273
48.80150,8.9678,0.291145
48.80181,8.9648,0.292729
48.80212,8.9639,0.324937
48.80243,8.9688,0.288849
48.80269,8.9639,0.288849
48.80300,8.9648,0.294337
48.80330,8.9592,0.311769
48.80362,8.9631,0.285153
48.80393,8.9631,0.292041
48.80424,8.9592,0.326329
48.80449,8.9648,0.326329
48.80480,8.9611,0.284449
48.80511,8.9648,0.320737
48.80542,8.9621,0.300113
48.80573,8.9611,0.291041
48.80598,8.9631,0.291041
48.80629,8.9461,0.308577
48.80660,8.9648,0.290329
48.80691,8.9592,0.320153
48.80722,8.9518,0.327729
48.80753,8.9631,0.288345
48.80779,8.9668,0.288345
48.80810,8.9641,0.291145
48.80841,8.9508,0.316753
48.80872,8.9631,0.285049
48.80903,8.9611,0.309481
48.80933,8.9508,0.366313
48.80959,8.9479,0.366313
48.80990,8.9668,0.294521
48.81021,8.9602,0.315065
48.81052,8.9555,0.317153
48.81083,8.9688,0.298009
48.81108,8.9574,0.298009
48.81139,8.9705,0.311273
48.81170,8.9611,0.279673
48.81201,8.9564,0.284841
48.81232,8.9668,0.311169
48.81263,8.9518,0.306601
48.81289,8.9639,0.306601
48.81319,8.9648,0.283257
48.81350,8.9678,0.322137
48.81381,8.9658,0.289641
48.81412,8.9611,0.288241
48.81443,8.9582,0.322345
48.81469,8.9518,0.322345
48.81500,8.9668,0.303409
48.81531,8.9574,0.293225
48.81561,8.9574,0.314961
48.81593,8.9648,0.276769
48.81618,8.9705,0.276769
48.81649,8.9705,0.279569
48.81680,8.9639,0.313065
48.81711,8.9592,0.287849
48.81742,8.9555,0.305201
48.81773,8.9725,0.325641
48.81798,8.9705,0.325641
48.81829,8.9688,0.291041
48.81860,8.9564,0.329025
48.81891,8.9602,0.307889
48.81922,8.9639,0.292537
48.81953,8.9648,0.302905
48.81978,8.9602,0.302905
48.82009,8.9668,0.318049
48.82040,8.9678,0.282657
48.82071,8.9648,0.359329
48.82102,8.9525,0.286345
48.82133,8.9602,0.293337
48.82158,8.9752,0.293337
48.82189,8.9621,0.311481
48.82220,8.9715,0.291937
48.82251,8.9631,0.298713
48.82282,8.9611,0.328729
48.82313,8.9592,0.309081
48.82339,8.9658,0.309081
48.82370,8.9611,0.288241
48.82401,8.9508,0.302409
48.82432,8.9621,0.287449
48.82463,8.9545,0.288537
48.82488,8.9525,0.288537
48.82519,8.9678,0.321449
48.82550,8.9555,0.291833
48.82581,8.9592,0.323033
48.82612,8.9631,0.299401
48.82643,8.9631,0.290729
48.82668,8.9621,0.290729
48.82699,8.9648,0.296817
48.82730,8.9658,0.289033
48.82761,8.9592,0.284761
48.82792,8.9648,0.317657
48.82823,8.9545,0.280273
48.82848,8.9668,0.280273
48.82879,8.9621,0.271681
48.82910,8.9658,0.277585
48.82941,8.9715,0.276185
48.82972,8.9725,0.272889
48.82998,8.9648,0.272889
48.83029,8.9648,0.280169
48.83060,8.9602,0.293729
48.83091,8.9555,0.297713
48.83122,8.9602,0.292521
48.83153,8.9535,0.297105
48.83178,8.9582,0.297105
48.83209,8.9668,0.294625
48.83240,8.9715,0.322953
48.83271,8.9555,0.291145
48.83302,8.9648,0.285761
48.83333,8.9535,0.292833
48.83358,8.9648,0.292833
48.83389,8.9648,0.294817
48.83420,8.9705,0.293625
48.83451,8.9582,0.321641
48.83482,8.9545,0.295313
48.83513,8.9518,0.324937
48.83538,8.9678,0.324937
48.83570,8.9648,0.286161
48.83601,8.9611,0.310481
48.83632,8.9545,0.329129
48.83663,8.9574,0.328921
48.83688,8.9518,0.328921
48.83719,8.9545,0.326937
48.83750,8.9695,0.287553
48.83781,8.9678,0.288033
48.83812,8.9584,0.331521
48.83843,8.9621,0.285449
48.83868,8.9668,0.285449
48.83899,8.9648,0.283761
48.83930,8.9648,0.320449
48.83961,8.9631,0.286241
48.83992,8.9592,0.292937
48.84023,8.9621,0.295521
48.84048,8.9658,0.295521
48.84079,8.9564,0.306601
48.84110,8.9639,0.297529
48.84141,8.9639,0.291833
48.84172,8.9611,0.291433
48.84198,8.9584,0.291433
48.84229,8.9631,0.293625
48.84260,8.9564,0.296313
48.84291,8.9705,0.301905
48.84322,8.9592,0.301193
48.84353,8.9545,0.293225
48.84378,8.9639,0.293225
48.84409,8.9648,0.292041
48.84440,8.9695,0.291729
48.84471,8.9678,0.297609
48.84502,8.9564,0.314169
48.84533,8.9592,0.307497
48.84558,8.9611,0.307497
48.84589,8.9668,0.288137
48.84620,8.9592,0.291729
48.84651,8.9631,0.289641
48.84682,8.9688,0.286849
48.84713,8.9705,0.286849
48.84738,8.9658,0.286849
48.84769,8.9715,0.293729
48.84801,8.9658,0.291225
48.84832,8.9582,0.290433
48.84857,8.9602,0.290433
48.84888,8.9648,0.288849
48.84919,8.9584,0.312769
48.84950,8.9695,0.330417
48.84981,8.9678,0.302801
48.85012,8.9631,0.287345
48.85037,8.9648,0.287345
48.85068,8.9611,0.286849
48.85099,8.9725,0.286553
48.85130,8.9592,0.293225
48.85161,8.9697,0.294729
48.85192,8.9592,0.296209
48.85217,8.9592,0.296209
48.85248,8.9611,0.298217
48.85280,8.9469,0.335193
48.85311,8.9535,0.351257
48.85342,8.9518,0.324537
48.85373,8.9631,0.322953
48.85398,8.9648,0.322953
48.85429,8.9611,0.284841
48.85460,8.9535,0.281569
48.85491,8.9641,0.282257
48.85522,8.9648,0.285049
48.85547,8.9639,0.285049
48.85578,8.9658,0.280361
48.85609,8.9621,0.277777
48.85640,8.9639,0.268305
48.85671,8.9705,0.269993
48.85702,8.9688,0.271681
48.85728,8.9592,0.271681
48.85759,8.9564,0.275873
48.85790,8.9631,0.296417
48.85820,8.9592,0.295817
48.85851,8.9574,0.293729
48.85882,8.9584,0.299905
48.85908,8.9678,0.299905
48.85939,8.9688,0.293017
48.85970,8.9639,0.287345
48.86001,8.9592,0.287641
48.86032,8.9611,0.290537
48.86057,8.9621,0.290537
48.86088,8.9668,0.286849
48.86119,8.9648,0.289353
48.86150,8.9658,0.289033
48.86181,8.9611,0.292041
48.86212,8.9555,0.319153
48.86237,8.9582,0.319153
48.86268,8.9695,0.289833
48.86299,8.9668,0.307185
48.86330,8.9527,0.329921
48.86361,8.9582,0.321953
48.86392,8.9574,0.339385
48.86418,8.9469,0.339385
48.86449,8.9631,0.322057
48.86479,8.9582,0.290833
48.86511,8.9734,0.290041
48.86541,8.9631,0.282969
48.86572,8.9602,0.280065
48.86598,8.9592,0.280065
48.86629,8.9508,0.279273
48.86660,8.9668,0.283865
48.86691,8.9592,0.361225
48.86722,8.9592,0.325937
48.86747,8.9639,0.325937
48.86778,8.9592,0.311081
48.86809,8.9668,0.306289
48.86840,8.9695,0.295625
48.86871,8.9752,0.289433
48.86902,8.9582,0.288745
48.86933,8.9631,0.289937
48.86958,8.9678,0.289937
48.86989,8.9648,0.289137
48.87020,8.9564,0.302801
48.87051,8.9621,0.289849
48.87082,8.9545,0.288449
48.87113,8.9621,0.290329
48.87138,8.9688,0.290329
48.87169,8.9639,0.287953
48.87201,8.9658,0.311769
48.87232,8.9648,0.292041
48.87263,8.9688,0.286745
48.87294,8.9631,0.289353
48.87319,8.9631,0.289353
48.87350,8.9641,0.293625
48.87381,8.9658,0.290537
48.87412,8.9658,0.291041
48.87443,8.9631,0.294417
48.87468,8.9658,0.294417
48.87499,8.9648,0.293441
48.87530,8.9695,0.293921
48.87561,8.9648,0.291041
48.87592,8.9555,0.316753
48.87623,8.9592,0.304809
48.87648,8.9648,0.304809
48.87679,8.9611,0.285849
48.87710,8.9688,0.287745
48.87741,8.9648,0.287057
48.87772,8.9611,0.286745
48.87803,8.9488,0.286657
48.87829,8.9695,0.286657
48.87860,8.9564,0.291433
48.87891,8.9631,0.293521
48.87921,8.9602,0.292729
48.87953,8.9564,0.291937
48.87984,8.9611,0.321745
48.88009,8.9479,0.321745
48.88040,8.9648,0.346873
48.88071,8.9545,0.324433
48.88102,8.9535,0.286553
48.88133,8.9668,0.297817
48.88158,8.9525,0.297817
48.88189,8.9688,0.328833
48.88220,8.9621,0.274689
48.88251,8.9611,0.272889
48.88282,8.9678,0.275481
48.88313,8.9678,0.270097
48.88338,8.9705,0.270097
48.88369,8.9658,0.273497
48.88400,8.9688,0.273577
48.88431,8.9658,0.274873
48.88462,8.9658,0.282569
48.88493,8.9631,0.302009
48.88518,8.9592,0.302009
48.88549,8.9602,0.287849
48.88580,8.9705,0.298817
48.88611,8.9631,0.286849
48.88642,8.9639,0.292937
48.88673,8.9668,0.293921
48.88699,8.9639,0.293921
48.88729,8.9621,0.291329
48.88760,8.9621,0.294129
48.88792,8.9762,0.306993
48.88823,8.9668,0.302201
48.88848,8.9648,0.302201
48.88879,8.9508,0.294025
48.88910,8.9648,0.292937
48.88941,8.9602,0.293441
48.88972,8.9658,0.291937
48.89003,8.9648,0.346273
48.89028,8.9582,0.346273
48.89059,8.9498,0.331713
48.89090,8.9631,0.322745
48.89121,8.9688,0.286345
48.89152,8.9611,0.294337
48.89183,8.9705,0.291729
48.89208,8.9611,0.291729
48.89240,8.9631,0.278961
48.89271,8.9744,0.280753
48.89302,8.9535,0.325937
48.89333,8.9582,0.285153
48.89358,8.9611,0.285153
48.89389,8.9592,0.285153
48.89420,8.9592,0.308681
48.89451,8.9602,0.310481
48.89482,8.9535,0.309873
48.89513,8.9602,0.294921
48.89538,8.9658,0.294921
48.89569,8.9641,0.292433
48.89600,8.9621,0.332505
48.89631,8.9525,0.286641
48.89662,8.9621,0.326041
48.89693,8.9611,0.291145
48.89718,8.9621,0.291145
48.89749,8.9668,0.291937
48.89780,8.9631,0.292625
48.89811,8.9641,0.290145
48.89842,8.9725,0.292729
48.89873,8.9582,0.318945
48.89898,8.9592,0.318945
48.89929,8.9611,0.288345
48.89960,8.9688,0.294129
48.89991,8.9705,0.285849
48.90022,8.9668,0.288745
48.90053,8.9611,0.286057
48.90079,8.9574,0.286057
48.90109,8.9631,0.323929
48.90140,8.9725,0.292937
48.90171,8.9592,0.294025
48.90203,8.9705,0.293729
48.90228,8.9611,0.293729
48.90259,8.9648,0.292329
48.90290,8.9611,0.322449
48.90321,8.9668,0.291225
48.90352,8.9621,0.291537
48.90383,8.9611,0.281753
48.90408,8.9621,0.281753
48.90439,8.9621,0.291937
48.90470,8.9752,0.292225
48.90501,8.9525,0.316569
48.90532,8.9602,0.288449
48.90563,8.9678,0.283865
48.90588,8.9621,0.283865
48.90619,8.9648,0.287057
48.90650,8.9582,0.285553
48.90681,8.9734,0.323641
48.90712,8.9771,0.320737
48.90743,8.9658,0.366521
48.90768,8.9479,0.366521
48.90800,8.9592,0.278673
48.90831,8.9688,0.276481
48.90862,8.9688,0.272289
48.90893,8.9658,0.268593
48.90918,8.9611,0.268593
48.90949,8.9611,0.275977
48.90980,8.9734,0.272393
48.91011,8.9678,0.272185
48.91042,8.9592,0.313777
48.91073,8.9592,0.274977
48.91098,8.9668,0.274977
48.91129,8.9697,0.310769
48.91160,8.9639,0.287745
48.91191,8.9631,0.289937
48.91222,8.9582,0.293441
48.91253,8.9648,0.288345
48.91278,8.9621,0.288345
48.91309,8.9648,0.288241
48.91340,8.9574,0.292329
48.91371,8.9535,0.328729
48.91402,8.9648,0.291433
48.91428,8.9678,0.291433
48.91459,8.9658,0.286849
48.91490,8.9639,0.292729
48.91521,8.9631,0.293625
48.91552,8.9658,0.296313
48.91583,8.9631,0.326833
48.91608,8.9631,0.326833
48.91639,8.9525,0.288033
48.91670,8.9641,0.327937
48.91701,8.9631,0.330129
48.91732,8.9584,0.299009
48.91763,8.9668,0.284657
48.91788,8.9668,0.284657
48.91819,8.9688,0.287241
48.91850,8.9648,0.282761
48.91881,8.9641,0.292041
48.91912,8.9574,0.290641
48.91943,8.9678,0.281361
48.91968,8.9555,0.281361
48.91999,8.9658,0.283361
48.92030,8.9639,0.290433
48.92061,8.9574,0.308289
48.92092,8.9658,0.311169
48.92117,8.9668,0.311169
48.92149,8.9678,0.302009
48.92180,8.9574,0.289937
48.92210,8.9574,0.326329
48.92241,8.9611,0.294129
48.92272,8.9639,0.292537
48.92298,8.9611,0.292537
48.92329,8.9584,0.313777
48.92360,8.9611,0.290641
48.92391,8.9611,0.287241
48.92422,8.9555,0.292225
48.92453,8.9639,0.295025
48.92478,8.9705,0.295025
48.92509,8.9592,0.328521
48.92540,8.9592,0.294233
48.92571,8.9592,0.289033
48.92602,8.9668,0.292625
48.92628,8.9564,0.292625
48.92659,8.9639,0.292121
48.92690,8.9639,0.312481
48.92720,8.9574,0.295233
48.92751,8.9631,0.289033
48.92782,8.9574,0.288449
48.92808,8.9678,0.288449
48.92839,8.9639,0.285049
48.92870,8.9801,0.288745
48.92901,8.9695,0.290433
48.92932,8.9555,0.295921
48.92963,8.9602,0.293441
48.92988,8.9631,0.293441
48.93019,8.9744,0.295625
48.93050,8.9602,0.294833
48.93081,8.9545,0.295025
48.93112,8.9584,0.310689
48.93143,8.9688,0.286745
48.93168,8.9574,0.286745
48.93199,8.9592,0.287849
48.93230,8.9602,0.286553
48.93262,8.9715,0.282465
48.93292,8.9705,0.290937
48.93318,8.9621,0.290937
48.93349,8.9582,0.324329
48.93380,8.9564,0.328521
48.93411,8.9658,0.280673
48.93442,8.9621,0.271497
48.93473,8.9705,0.279273
48.93498,8.9648,0.279273
48.93529,8.9658,0.268593
48.93560,8.9611,0.277273
48.93591,8.9564,0.275289
48.93622,8.9658,0.291937
48.93653,8.9564,0.320953
48.93678,8.9668,0.320953
48.93709,8.9744,0.277081
48.93740,8.9678,0.311769
48.93771,8.9668,0.279961
48.93802,8.9545,0.279777
48.93828,8.9574,0.279777
48.93859,8.9611,0.283465
48.93890,8.9574,0.300401
48.93921,8.9631,0.308577
48.93952,8.9518,0.326625
48.93982,8.9648,0.292121
48.94008,8.9621,0.292121
48.94039,8.9631,0.288345
48.94070,8.9592,0.289937
48.94101,8.9574,0.319049
48.94132,8.9611,0.295129
48.94163,8.9744,0.289537
48.94188,8.9621,0.289537
48.94219,8.9678,0.290041
48.94250,8.9631,0.289433
48.94281,8.9688,0.292329
48.94312,8.9602,0.362729
48.94343,8.9574,0.337097
48.94368,8.9535,0.337097
48.94399,8.9592,0.323745
48.94430,8.9668,0.288033
48.94461,8.9639,0.295313
48.94492,8.9668,0.287849
48.94517,8.9525,0.287849
48.94548,8.9555,0.278673
48.94579,8.9631,0.280673
48.94610,8.9658,0.282257
48.94641,8.9668,0.282465
48.94672,8.9602,0.289033
48.94698,8.9648,0.289033
48.94728,8.9658,0.321345
48.94759,8.9555,0.301801
48.94790,8.9715,0.298217
48.94821,8.9555,0.289641
48.94852,8.9688,0.285345
48.94878,8.9639,0.285345
48.94909,8.9574,0.282465
48.94940,8.9611,0.283761
48.94971,8.9631,0.298713
48.95002,8.9574,0.320737
48.95027,8.9668,0.320737
48.95058,8.9592,0.303993
48.95089,8.9574,0.347769
48.95120,8.9545,0.340281
48.95151,8.9555,0.293729
48.95182,8.9592,0.289937
48.95208,8.9602,0.289937
48.95239,8.9592,0.323929
48.95269,8.9564,0.292329
48.95300,8.9564,0.314569
48.95331,8.9545,0.330209
48.95362,8.9648,0.289537
48.95388,8.9584,0.289537
48.95419,8.9574,0.332425
48.95450,8.9584,0.291937
48.95481,8.9688,0.288449
48.95512,8.9688,0.329417
48.95543,8.9451,0.323033
48.95568,8.9658,0.323033
48.95599,8.9641,0.288849
48.95630,8.9545,0.323929
48.95661,8.9641,0.290145
48.95692,8.9668,0.293625
48.95717,8.9582,0.293625
48.95748,8.9564,0.339593
48.95779,8.9574,0.288449
48.95810,8.9639,0.290537
48.95841,8.9555,0.325641
48.95872,8.9592,0.288241
48.95897,8.9592,0.288241
48.95928,8.9611,0.285553
48.95959,8.9535,0.309793
48.95990,8.9564,0.291225
48.96021,8.9631,0.292041
48.96052,8.9621,0.325937
48.96077,8.9545,0.325937
48.96108,8.9555,0.291641
48.96139,8.9639,0.320657
48.96171,8.9668,0.294025
48.96202,8.9641,0.287137
48.96227,8.9678,0.287137
48.96258,8.9602,0.289433
48.96289,8.9705,0.286657
48.96320,8.9631,0.284553
48.96351,8.9602,0.327433
48.96382,8.9584,0.298609
48.96408,8.9584,0.298609
48.96439,8.9668,0.291641
48.96470,8.9582,0.326329
48.96501,8.9574,0.302801
48.96531,8.9592,0.370801
48.96557,8.9471,0.370801
48.96588,8.9508,0.326329
48.96619,8.9584,0.281257
48.96650,8.9631,0.296921
48.96681,8.9555,0.309377
48.96712,8.9695,0.284449
48.96737,8.9631,0.284449
48.96768,8.9658,0.292937
48.96799,8.9582,0.292121
48.96830,8.9488,0.334905
48.96861,8.9525,0.314569
48.96892,8.9574,0.319945
48.96917,8.9648,0.319945
48.96948,8.9639,0.301009
48.96979,8.9518,0.335801
48.97010,8.9631,0.293729
48.97041,8.9582,0.285265
48.97072,8.9555,0.318153
48.97097,8.9574,0.318153
48.97128,8.9582,0.300609
48.97159,8.9611,0.295417
48.97190,8.9574,0.327329
48.97221,8.9621,0.294417
48.97252,8.9621,0.292833
48.97277,8.9555,0.292833
48.97308,8.9564,0.327041
48.97339,8.9574,0.292833
48.97371,8.9631,0.307577
48.97402,8.9508,0.331921
48.97427,8.9621,0.331921
48.97458,8.9705,0.287345
48.97489,8.9611,0.316569
48.97520,8.9555,0.293729
48.97551,8.9592,0.302993
48.97582,8.9688,0.334009
48.97607,8.9555,0.334009
48.97638,8.9574,0.321137
48.97669,8.9695,0.285265
48.97700,8.9574,0.320657
48.97731,8.9525,0.289937
48.97762,8.9518,0.286241
48.97787,8.9574,0.286241
48.97818,8.9592,0.326537
48.97849,8.9688,0.295625
48.97880,8.9658,0.296521
48.97911,8.9592,0.336905
48.97937,8.9592,0.336905
48.97968,8.9631,0.316969
48.97999,8.9555,0.346769
48.98030,8.9611,0.321641
48.98061,8.9611,0.313673
48.98092,8.9582,0.328337
48.98117,8.9508,0.328337
48.98148,8.9441,0.372409
48.98179,8.9498,0.328625
48.98210,8.9525,0.364129
48.98241,8.9508,0.337201
48.98272,8.9592,0.370113
48.98297,8.9602,0.370113
48.98328,8.9525,0.338409
48.98359,8.9555,0.329129
48.98390,8.9611,0.329921
48.98421,8.9461,0.364625
48.98446,8.9592,0.364625
48.98477,8.9592,0.333401
48.98508,8.9631,0.330625
48.98539,8.9535,0.353945
48.98571,8.9639,0.321241
48.98602,8.9564,0.319049
48.98627,8.9555,0.319049
48.98658,8.9611,0.352657
48.98689,8.9592,0.316361
48.98720,8.9611,0.330817
48.98751,8.9574,0.343977
48.98782,8.9631,0.278777
48.98807,8.9602,0.278777
48.98838,8.9508,0.292433
48.98869,8.9592,0.307977
48.98900,8.9602,0.308081
48.98931,8.9705,0.336009
48.98962,8.9574,0.333113
48.98987,8.9658,0.333113
48.99018,8.9631,0.283657
48.99049,8.9555,0.318657
48.99080,8.9631,0.279777
48.99111,8.9658,0.270305
48.99136,8.9639,0.270305
48.99167,8.9639,0.275289
48.99199,8.9668,0.275377
48.99230,8.9648,0.277881
48.99261,8.9668,0.281969
48.99292,8.9688,0.288849
48.99317,8.9611,0.288849
48.99348,8.9705,0.290249
48.99379,8.9631,0.326833
48.99410,8.9564,0.329921
48.99441,8.9564,0.331713
48.99472,8.9705,0.288745
48.99497,8.9518,0.288745
48.99528,8.9592,0.293729
48.99559,8.9582,0.299009
48.99590,8.9592,0.299009
48.99621,8.9564,0.321345
48.99652,8.9508,0.316361
48.99677,8.9564,0.316361
48.99708,8.9648,0.317761
48.99739,8.9545,0.343081
48.99770,8.9611,0.316465
48.99801,8.9582,0.328921
48.99827,8.9479,0.328921
48.99857,8.9592,0.322033
48.99888,8.9488,0.349569
48.99919,8.9535,0.358137
48.99950,8.9469,0.355953
48.99981,8.9564,0.289033
49.00007,8.9518,0.289033
49.00038,8.9574,0.327833
49.00069,8.9584,0.294625
49.00100,8.9545,0.285657
49.00131,8.9582,0.307681
49.00162,8.9564,0.305601
49.00187,8.9621,0.305601
49.00218,8.9611,0.292521
49.00249,8.9602,0.310585
49.00280,8.9602,0.317361
49.00311,8.9648,0.323137
49.00342,8.9631,0.320345
49.00367,8.9592,0.320345
49.00398,8.9574,0.337993
49.00430,8.9535,0.344873
49.00461,8.9508,0.336009
49.00491,8.9641,0.336297
49.00517,8.9574,0.336297
49.00548,8.9555,0.313065
49.00579,8.9574,0.327625
49.00610,8.9545,0.331817
49.00641,8.9621,0.328521
49.00672,8.9545,0.342393
49.00697,8.9574,0.342393
49.00728,8.9715,0.339097
49.00759,8.9668,0.327729
49.00790,8.9582,0.330313
49.00821,8.9555,0.333609
49.01035,8.9639,0.334801
49.01211,8.9592,0.337201
49.01387,8.9498,0.328121
49.01562,8.9582,0.313961
49.01738,8.9535,0.330817
49.01914,8.9611,0.318257
49.02090,8.9574,0.330313
49.02266,8.9592,0.329729
49.02291,8.9621,0.325145
49.02316,8.9518,0.325145
49.02347,8.9535,0.377785
49.02378,8.9592,0.313273
49.02409,8.9535,0.326729
49.02440,8.9631,0.328417
49.02471,8.9469,0.325937
49.02497,8.9611,0.325937
49.02527,8.9658,0.321953
49.02559,8.9488,0.351969
49.02589,8.9545,0.355657
49.02620,8.9545,0.409489
49.02651,8.9535,0.378473
49.02677,8.9441,0.378473
49.02708,8.9639,0.325329
49.02739,8.9488,0.324241
49.02770,8.9688,0.313377
49.02801,8.9602,0.319153
49.02826,8.9574,0.319153
49.02857,8.9602,0.322241
49.02888,8.9582,0.330129
49.02919,8.9639,0.317465
49.02950,8.9564,0.322137
49.02981,8.9535,0.317361
49.03007,8.9564,0.317361
49.03038,8.9574,0.340097
49.03069,8.9564,0.344585
49.03100,8.9658,0.326433
49.03131,8.9582,0.315065
49.03156,8.9648,0.315065
49.03187,8.9648,0.307097
49.03218,8.9648,0.294025
49.03249,8.9715,0.287449
49.03280,8.9621,0.293225
49.03311,8.9641,0.289537
49.03336,8.9658,0.289537
49.03367,8.9639,0.294625
49.03398,8.9602,0.303697
49.03429,8.9611,0.302305
49.03460,8.9574,0.305201
49.03491,8.9752,0.289745
49.03516,8.9574,0.289745
49.03547,8.9574,0.318361
49.03578,8.9631,0.310977
49.03610,8.9611,0.307889
49.03641,8.9592,0.308185
49.03666,8.9564,0.308185
49.03697,8.9678,0.304489
49.03728,8.9555,0.299505
49.03759,8.9564,0.339097
49.03790,8.9584,0.312961
49.03821,8.9525,0.291433
49.03846,8.9584,0.291433
49.03877,8.9535,0.313673
49.03908,8.9592,0.330521
49.03939,8.9518,0.328017
49.03970,8.9564,0.327729
49.04001,8.9498,0.337305
49.04026,8.9621,0.337305
49.04057,8.9518,0.335297
49.04088,8.9508,0.327225
49.04119,8.9488,0.328017
49.04150,8.9488,0.333905
49.04181,8.9574,0.330817
49.04207,8.9488,0.330817
49.04238,8.9611,0.336409
49.04269,8.9535,0.352153
49.04300,8.9461,0.364921
49.04331,8.9461,0.368801
49.04356,8.9611,0.368801
49.04387,8.9574,0.327521
49.04418,8.9555,0.314569
49.04449,8.9535,0.316465
49.04480,8.9668,0.319345
49.04511,8.9582,0.323641
49.04536,8.9621,0.323641
49.04567,8.9535,0.326937
49.04598,8.9602,0.311769
49.04629,8.9611,0.302801
49.04660,8.9658,0.304201
49.04691,8.9668,0.306681
49.04716,8.9508,0.306681
49.04747,8.9611,0.318361
49.04778,8.9668,0.330025
49.04809,8.9574,0.343873
49.04840,8.9518,0.333905
49.04866,8.9555,0.333905
49.04897,8.9641,0.316465
49.04928,8.9555,0.320345
49.04959,8.9668,0.324937
49.04990,8.9527,0.335297
49.05021,8.9574,0.329921
49.05046,8.9592,0.329921
49.05077,8.9592,0.320841
49.05108,8.9518,0.311977
49.05139,8.9658,0.325833
49.05170,8.9631,0.327329
49.05201,8.9584,0.353153
49.05226,8.9508,0.353153
49.05257,8.9527,0.390241
49.05288,8.9441,0.348465
49.05319,8.9488,0.357849
49.05350,8.9555,0.331129
49.05381,8.9469,0.331921
49.05406,8.9639,0.331921
49.05437,8.9555,0.334113
49.05468,8.9555,0.325641
49.05499,8.9639,0.342977
49.05530,8.9488,0.335297
49.05556,8.9592,0.335297
49.05587,8.9564,0.318865
49.05618,8.9564,0.339697
49.05649,8.9527,0.348569
49.05679,8.9695,0.353657
49.05711,8.9592,0.343577
49.05736,8.9545,0.343577
49.05767,8.9498,0.338385
49.05798,8.9668,0.328625
49.05829,8.9602,0.329025
49.05860,8.9518,0.326937
49.05891,8.9631,0.330625
49.05916,8.9688,0.330625
49.05947,8.9611,0.323745
49.05978,8.9525,0.336009
49.06009,8.9545,0.332713
49.06040,8.9535,0.326433
49.06065,8.9621,0.326433
49.06096,8.9611,0.322449
49.06127,8.9611,0.323433
49.06158,8.9535,0.330025
49.06189,8.9535,0.337201
49.06220,8.9498,0.336409
49.06246,8.9555,0.336409
49.06277,8.9602,0.330129
49.06308,8.9525,0.313377
49.06338,8.9602,0.332921
49.06370,8.9582,0.326225
49.06401,8.9479,0.337409
49.06426,8.9602,0.337409
49.06457,8.9639,0.331313
49.06488,8.9592,0.317761
49.06519,8.9479,0.314961
49.06550,8.9611,0.319345
49.06581,8.9525,0.326937
49.06606,8.9582,0.326937
49.06638,8.9582,0.325433
49.06669,8.9508,0.376889
49.06700,8.9592,0.315169
49.06731,8.9535,0.311081
49.06756,8.9574,0.311081
49.06787,8.9574,0.315361
49.06818,8.9668,0.328017
49.06849,8.9631,0.328521
49.06880,8.9469,0.341681
49.06911,8.9498,0.330521
49.06936,8.9574,0.330521
49.06967,8.9518,0.369113
49.06998,8.9545,0.361833
49.07029,8.9441,0.354841
49.07060,8.9564,0.335905
49.07091,8.9545,0.342081
49.07116,8.9621,0.342081
49.07147,8.9592,0.325729
49.07178,8.9611,0.320953
49.07209,8.9564,0.310769
49.07240,8.9621,0.313273
49.07266,8.9621,0.313273
49.07297,8.9592,0.320449
49.07328,8.9602,0.328729
49.07359,8.9574,0.313569
49.07390,8.9641,0.333713
49.07420,8.9574,0.336697
49.07446,8.9631,0.336697
49.07477,8.9422,0.350361
49.07508,8.9535,0.338097
49.07539,8.9564,0.345873
49.07570,8.9631,0.333321
49.07601,8.9479,0.335697
49.07626,8.9592,0.335697
49.07657,8.9564,0.342785
49.07688,8.9574,0.336697
49.07719,8.9648,0.339697
49.07750,8.9535,0.338097
49.07775,8.9582,0.338097
49.07807,8.9535,0.333905
49.07838,8.9535,0.342185
49.07869,8.9641,0.335609
49.07900,8.9441,0.379585
49.07931,8.9545,0.366417
49.07956,8.9479,0.366417
49.07987,8.9527,0.363225
49.08018,8.9574,0.334505
49.08049,8.9555,0.348857
49.08080,8.9592,0.346273
49.08111,8.9545,0.372097
49.08136,8.9441,0.372097
49.08167,8.9582,0.314273
49.08198,8.9648,0.317257
49.08229,8.9574,0.326537
49.08260,8.9611,0.332025
49.08285,8.9488,0.332025
49.08316,8.9498,0.341497
49.08347,8.9592,0.350257
49.08378,8.9574,0.332313
49.08410,8.9518,0.369009
49.08441,8.9471,0.329313
49.08466,8.9545,0.329313
49.08497,8.9498,0.333321
49.08528,8.9611,0.342289
49.08559,8.9648,0.329521
49.08590,8.9545,0.309769
49.08621,8.9574,0.326625
49.08646,8.9574,0.326625
49.08677,8.9535,0.328729
49.08708,8.9545,0.335905
49.08739,8.9555,0.329129
49.08770,8.9525,0.335113
49.08795,8.9555,0.335113
49.08826,8.9582,0.313777
49.08857,8.9527,0.323345
49.08888,8.9508,0.335697
49.08919,8.9574,0.332425
49.08950,8.9508,0.335113
49.08975,8.9545,0.335113
49.09007,8.9602,0.345769
49.09038,8.9535,0.336113
49.09069,8.9611,0.341681
49.09100,8.9564,0.335193
49.09130,8.9678,0.320953
49.09156,8.9508,0.320953
49.09187,8.9518,0.317761
49.09218,8.9658,0.300401
49.09249,8.9631,0.309377
49.09280,8.9592,0.300609
49.09311,8.9535,0.296129
49.09336,8.9602,0.296129
49.09367,8.9602,0.295521
49.09398,8.9592,0.294921
49.09429,8.9678,0.297921
49.09460,8.9641,0.296521
49.09485,8.9631,0.296521
49.09516,8.9744,0.316969
49.09547,8.9584,0.327521
49.09578,8.9555,0.369297
49.09609,8.9535,0.359721
49.09640,8.9488,0.335401
49.09666,8.9592,0.335401
49.09697,8.9668,0.344689
49.09728,8.9639,0.319945
49.09759,8.9621,0.318449
49.09790,8.9688,0.310377
49.09821,8.9688,0.322849
49.09846,8.9545,0.322849
49.09877,8.9545,0.364817
49.09908,8.9545,0.304889
49.09939,8.9582,0.295233
49.09970,8.9678,0.290433
49.09995,8.9631,0.290433
49.10026,8.9498,0.294521
49.10057,8.9555,0.286449
49.10088,8.9631,0.306889
49.10119,8.9658,0.311481
49.10150,8.9535,0.322537
49.10175,8.9564,0.322537
49.10206,8.9582,0.326433
49.10237,8.9621,0.318361
49.10268,8.9602,0.315361
49.10299,8.9518,0.313465
49.10330,8.9555,0.314465
49.10356,8.9574,0.314465
49.10387,8.9592,0.293017
49.10417,8.9508,0.314361
49.10449,8.9611,0.326225
49.10480,8.9535,0.329129
49.10511,8.9602,0.335113
49.10536,8.9582,0.335113
49.10567,8.9574,0.329313
49.10598,8.9441,0.371297
49.10629,8.9422,0.379585
49.10660,8.9525,0.392641
49.10685,8.9535,0.392641
49.10716,8.9488,0.364713
49.10747,8.9648,0.321137
49.10778,8.9602,0.338889
49.10809,8.9715,0.327833
49.10840,8.9621,0.326433
49.10866,8.9555,0.326433
49.10897,8.9564,0.318361
49.10928,8.9631,0.309793
49.10959,8.9631,0.311585
49.10990,8.9592,0.364625
49.11015,8.9469,0.364625
49.11046,8.9441,0.367609
49.11077,8.9461,0.351065
49.11108,8.9545,0.345481
49.11139,8.9621,0.322137
49.11170,8.9535,0.325641
49.11195,8.9592,0.325641
49.11226,8.9602,0.328521
49.11257,8.9592,0.338489
49.11288,8.9545,0.396729
49.11319,8.9395,0.376185
49.11350,8.9648,0.311665
49.11375,8.9611,0.311665
49.11407,8.9535,0.329521
49.11438,8.9508,0.333113
49.11469,8.9602,0.328625
49.11500,8.9582,0.364233
49.11525,8.9508,0.364233
49.11556,8.9641,0.356345
49.11587,8.9648,0.331609
49.11618,8.9535,0.368217
49.11649,8.9525,0.328921
49.11680,8.9518,0.326937
49.11705,8.9574,0.326937
49.11736,8.9508,0.370593
49.11767,8.9564,0.323537
49.11798,8.9525,0.335297
49.11829,8.9545,0.382769
49.11860,8.9564,0.337305
49.11885,8.9545,0.337305
49.11916,8.9518,0.329729
49.11947,8.9461,0.334297
49.11979,8.9592,0.326625
49.12010,8.9527,0.343681
49.12035,8.9574,0.343681
49.12066,8.9611,0.372697
49.12097,8.9631,0.328337
49.12128,8.9611,0.369713
49.12159,8.9518,0.326121
49.12190,8.9611,0.328337
49.12215,8.9631,0.328337
49.12246,8.9498,0.350857
49.12277,8.9508,0.336593
49.12308,8.9648,0.331313
49.12339,8.9564,0.373489
49.12370,8.9479,0.321553
49.12396,8.9518,0.321553
49.12426,8.9518,0.323033
49.12457,8.9301,0.397729
49.12488,8.9564,0.338801
49.12519,8.9631,0.332025
49.12545,8.9582,0.332025
49.12576,8.9545,0.386257
49.12607,8.9469,0.321953
49.12638,8.9611,0.367713
49.12669,8.9479,0.360329
49.12700,8.9621,0.334297
49.12725,8.9584,0.334297
49.12756,8.9348,0.366713
49.12787,8.9648,0.315569
49.12818,8.9545,0.327329
49.12849,8.9441,0.366713
49.12880,8.9574,0.345585
49.12905,8.9555,0.345585
49.12936,8.9479,0.334113
49.12967,8.9508,0.375601
49.12998,8.9678,0.314465
49.13029,8.9498,0.331921
49.13060,8.9535,0.352257
49.13085,8.9545,0.352257
49.13116,8.9658,0.318361
49.13147,8.9611,0.329129
49.13179,8.9479,0.334905
49.13210,8.9678,0.311585
49.13235,8.9621,0.311585
49.13266,8.9602,0.301193
49.13297,8.9545,0.296521
49.13328,8.9611,0.313465
49.13359,8.9639,0.324937
49.13390,8.9592,0.327121
49.13415,8.9602,0.327121
49.13446,8.9631,0.307081
49.13477,8.9555,0.335401
49.13508,8.9639,0.301801
49.13539,8.9631,0.302697
49.13570,8.9648,0.331609
49.13595,8.9564,0.331609
49.13626,8.9678,0.327937
49.13657,8.9658,0.300113
49.13688,8.9602,0.337593
49.13719,8.9592,0.309289
49.13745,8.9582,0.309289
49.13775,8.9574,0.301513
49.13807,8.9678,0.326729
49.13838,8.9688,0.300401
49.13869,8.9555,0.303905
49.13900,8.9461,0.375785
49.13925,8.9564,0.375785
49.13956,8.9574,0.310185
49.13987,8.9678,0.349753
49.14018,8.9535,0.313169
49.14049,8.9631,0.303201
49.14080,8.9545,0.311377
49.14105,8.9441,0.311377
49.14136,8.9592,0.334009
49.14167,8.9648,0.304809
49.14198,8.9365,0.384361
49.14229,8.9555,0.307577
49.14260,8.9574,0.300297
49.14285,8.9631,0.300297
49.14316,8.9564,0.310585
49.14347,8.9678,0.296521
49.14378,8.9592,0.298217
49.14410,8.9535,0.335217
49.14435,8.9602,0.335217
49.14466,8.9611,0.305705
49.14497,8.9535,0.326041
49.14528,8.9564,0.318049
49.14559,8.9678,0.301801
49.14590,8.9555,0.300009
49.14615,8.9592,0.300009
49.14646,8.9498,0.355049
49.14677,8.9592,0.325937
49.14708,8.9639,0.346873
49.14739,8.9488,0.334321
49.14770,8.9584,0.322641
49.14795,8.9535,0.322641
49.14826,8.9602,0.330921
49.14857,8.9564,0.331713
49.14888,8.9564,0.326937
49.14919,8.9518,0.364129
49.14944,8.9461,0.364129
49.14975,8.9555,0.335297
49.15007,8.9611,0.336113
49.15038,8.9525,0.368905
49.15069,8.9582,0.332921
49.15100,8.9574,0.328921
49.15125,8.9611,0.328921
49.15156,8.9469,0.369113
49.15187,8.9611,0.322137
49.15218,8.9641,0.362433
49.15249,8.9602,0.388737
49.15280,8.9535,0.370113
49.15305,8.9498,0.370113
49.15336,8.9451,0.379665
49.15367,8.9385,0.370905
49.15398,8.9535,0.360145
49.15429,8.9564,0.370009
49.15454,8.9545,0.370009
49.15485,8.9545,0.366817
49.15516,8.9461,0.367897
49.15547,8.9584,0.327121
49.15578,8.9574,0.311377
49.15609,8.9432,0.334401
49.15635,8.9525,0.334401
49.15666,8.9432,0.380873
49.15697,8.9564,0.329417
49.15728,8.9621,0.333009
49.15758,8.9592,0.341681
49.15790,8.9488,0.322137
49.15815,8.9564,0.322137
49.15846,8.9611,0.337097
49.15877,8.9414,0.342977
49.15908,8.9611,0.333609
49.15939,8.9535,0.324825
49.15970,8.9508,0.340281
49.15995,8.9385,0.340281
49.16026,8.9525,0.329921
49.16057,8.9564,0.333817
49.16088,8.9611,0.347377
49.16119,8.9582,0.343577
49.16150,8.9508,0.369801
49.16175,8.9498,0.369801
49.16206,8.9469,0.359137
49.16237,8.9479,0.361121
49.16268,8.9592,0.330625
49.16299,8.9592,0.339201
49.16325,8.9525,0.339201
49.16356,8.9508,0.346081
49.16387,8.9518,0.335401
49.16417,8.9621,0.322849
49.16449,8.9621,0.328337
49.16480,8.9518,0.331025
49.16505,8.9555,0.331025
49.16536,8.9525,0.335801
49.16567,8.9535,0.365209
49.16598,8.9574,0.359641
49.16629,8.9688,0.346665
49.16660,8.9479,0.338889
49.16685,8.9508,0.338889
49.16716,8.9535,0.345977
49.16747,8.9508,0.346873
49.16778,8.9498,0.395433
49.16809,8.9441,0.370905
49.16835,8.9574,0.370905
49.16865,8.9582,0.332921
49.16897,8.9584,0.344873
49.16928,8.9555,0.345977
49.16959,8.9611,0.338697
49.16989,8.9555,0.350065
49.17015,8.9574,0.350065
49.17046,8.9535,0.339097
49.17077,8.9592,0.387153
49.17108,8.9498,0.354449
49.17139,8.9582,0.336905
49.17170,8.9602,0.328921
49.17195,8.9469,0.328921
49.17226,8.9555,0.344977
49.17257,8.9555,0.337305
49.17288,8.9584,0.342577
49.17319,8.9602,0.349857
49.17344,8.9535,0.349857
49.17375,8.9555,0.343681
49.17406,8.9582,0.347457
49.17437,8.9545,0.330129
49.17468,8.9518,0.340201
49.17499,8.9602,0.343185
49.17524,8.9525,0.343185
49.17555,8.9545,0.360329
49.17586,8.9518,0.337009
49.17617,8.9518,0.341993
49.17648,8.9508,0.320049
49.17679,8.9658,0.343081
49.17705,8.9631,0.343081
49.17736,8.9545,0.343081
49.17767,8.9564,0.338801
49.17798,8.9518,0.336697
49.17828,8.9564,0.347457
49.17860,8.9508,0.368321
49.17885,8.9525,0.368321
49.17916,8.9461,0.361433
49.17947,8.9508,0.359241
49.17978,8.9498,0.327625
49.18009,8.9602,0.333713
49.18034,8.9518,0.333713
49.18065,8.9592,0.332209
49.18096,8.9592,0.329817
49.18127,8.9545,0.328521
49.18158,8.9527,0.340281
49.18189,8.9488,0.332921
49.18214,8.9545,0.332921
49.18245,8.9469,0.333905
49.18276,8.9469,0.297425
49.18307,8.9611,0.312561
49.18338,8.9564,0.321849
49.18369,8.9574,0.339489
49.18395,8.9564,0.339489
49.18426,8.9592,0.336193
49.18457,8.9555,0.354553
49.18487,8.9592,0.323641
49.18519,8.9471,0.362225
49.18544,8.9432,0.362225
49.18575,8.9518,0.385961
49.18606,8.9545,0.338993
49.18637,8.9441,0.335697
49.18668,8.9498,0.334217
49.18699,8.9574,0.337697
49.18725,8.9564,0.337697
49.18755,8.9535,0.357449
49.18786,8.9479,0.342577
49.18817,8.9584,0.347881
49.18848,8.9508,0.337489
49.18879,8.9535,0.367425
49.18905,8.9518,0.367425
49.18935,8.9498,0.371401
49.18967,8.9404,0.353049
49.18998,8.9555,0.336297
49.19029,8.9564,0.353449
49.19054,8.9535,0.353449
49.19085,8.9518,0.339697
49.19116,8.9469,0.320737
49.19147,8.9611,0.318257
49.19178,8.9525,0.330713
49.19209,8.9555,0.351569
49.19234,8.9564,0.351569
49.19265,8.9518,0.344689
49.19296,8.9602,0.323745
49.19327,8.9535,0.346169
49.19358,8.9574,0.348857
49.19389,8.9518,0.342977
49.19414,8.9525,0.342977
49.19445,8.9564,0.344873
49.19476,8.9574,0.332505
49.19507,8.9564,0.314273
49.19538,8.9525,0.342785
49.19564,8.9574,0.342785
49.19595,8.9545,0.339201
49.19626,8.9611,0.343977
49.19657,8.9518,0.339889
49.19688,8.9488,0.394433
49.19718,8.9602,0.330713
49.19744,8.9602,0.330713
49.19775,8.9564,0.340097
49.19806,8.9545,0.339489
49.19837,8.9479,0.334401
49.19868,8.9469,0.331921
49.19899,8.9648,0.337489
49.19924,8.9535,0.337489
49.19955,8.9582,0.335905
49.19986,8.9582,0.384961
49.20017,8.9592,0.339281
49.20048,8.9545,0.327041
49.20079,8.9641,0.348353
49.20104,8.9641,0.348353
49.20135,8.9621,0.340385
49.20166,8.9574,0.336113
49.20197,8.9611,0.348857
49.20228,8.9535,0.345481
49.20254,8.9555,0.345481
49.20285,8.9508,0.344873
49.20316,8.9498,0.332817
49.20347,8.9621,0.333505
49.20377,8.9582,0.338801
49.20409,8.9527,0.336905
49.20434,8.9498,0.336905
49.20465,8.9648,0.340889
49.20496,8.9508,0.327041
49.20527,8.9582,0.324641
49.20558,8.9518,0.362433
49.20589,8.9574,0.372097
49.20614,8.9518,0.372097
49.20645,8.9479,0.373489
49.20676,8.9469,0.330921
49.20707,8.9545,0.324353
49.20738,8.9592,0.310585
49.20763,8.9631,0.310585
49.20794,8.9498,0.325641
49.20825,8.9469,0.326833
49.20856,8.9592,0.312169
49.20887,8.9535,0.305681
49.20918,8.9744,0.296817
49.20944,8.9602,0.296817
49.20975,8.9592,0.296025
49.21006,8.9611,0.294625
49.21037,8.9564,0.298609
49.21068,8.9592,0.315857
49.21099,8.9555,0.323433
49.21124,8.9469,0.323433
49.21155,8.9592,0.376393
49.21186,8.9631,0.327625
49.21217,8.9535,0.332505
49.21248,8.9592,0.338201
49.21273,8.9545,0.338201
49.21304,8.9525,0.337009
49.21335,8.9639,0.350361
49.21366,8.9545,0.352761
49.21397,8.9611,0.333009
49.21428,8.9498,0.371193
49.21454,8.9621,0.371193
49.21484,8.9555,0.361729
49.21516,8.9527,0.371593
49.21547,8.9621,0.379265
49.21578,8.9535,0.430513
49.21603,8.9498,0.430513
49.21634,8.9471,0.420465
49.21665,8.9432,0.390841
49.21696,8.9555,0.327937
49.21727,8.9564,0.344289
49.21758,8.9564,0.350857
49.21784,8.9555,0.350857
49.21815,8.9518,0.331209
49.21846,8.9525,0.359033
49.21877,8.9555,0.364129
49.21907,8.9574,0.370801
49.21939,8.9479,0.379689
49.21964,8.9479,0.379689
49.21995,8.9498,0.391529
49.22026,8.9461,0.399417
49.22057,8.9498,0.345185
49.22088,8.9564,0.341993
49.22119,8.9564,0.340889
49.22144,8.9574,0.340889
49.22175,8.9631,0.344689
49.22206,8.9555,0.346977
49.22237,8.9545,0.377681
49.22268,8.9498,0.367817
49.22294,8.9518,0.367817
49.22325,8.9525,0.379977
49.22356,8.9432,0.382769
49.22386,8.9441,0.377473
49.22417,8.9422,0.377289
49.22448,8.9508,0.363417
49.22474,8.9535,0.363417
49.22505,8.9564,0.335297
49.22536,8.9527,0.347065
49.22567,8.9574,0.424049
49.22598,8.9451,0.387761
49.22629,8.9611,0.377681
49.22654,8.9564,0.377681
49.22685,8.9479,0.377681
49.22716,8.9592,0.373201
49.22747,8.9545,0.390345
49.22778,8.9582,0.377785
49.22803,8.9469,0.377785
49.22834,8.9479,0.340281
49.22865,8.9441,0.375385
49.22896,8.9535,0.325833
49.22927,8.9631,0.330129
49.22958,8.9564,0.337305
49.22984,8.9498,0.337305
49.23015,8.9508,0.332313
49.23046,8.9658,0.330521
49.23077,8.9611,0.316153
49.23108,8.9535,0.324537
49.23139,8.9555,0.328921
49.23164,8.9592,0.328921
49.23195,8.9639,0.327521
49.23226,8.9535,0.321553
49.23257,8.9564,0.358537
49.23288,8.9451,0.349273
49.23319,8.9574,0.343081
49.23344,8.9535,0.343081
49.23375,8.9498,0.361433
49.23406,8.9555,0.321553
49.23437,8.9527,0.330313
49.23468,8.9611,0.316065
49.23493,8.9555,0.316065
49.23524,8.9592,0.301113
49.23556,8.9508,0.304993
49.23586,8.9668,0.306785
49.23617,8.9648,0.310377
49.23648,8.9611,0.316065
49.23674,8.9592,0.316065
49.23705,8.9592,0.320841
49.23736,8.9611,0.313569
49.23767,8.9525,0.335697
49.23798,8.9631,0.347457
49.23829,8.9611,0.331521
49.23854,8.9555,0.331521
49.23885,8.9564,0.332209
49.23916,8.9648,0.312881
49.23947,8.9574,0.324937
49.23978,8.9545,0.329521
49.24003,8.9545,0.329521
49.24034,8.9555,0.353553
49.24065,8.9518,0.340497
49.24096,8.9545,0.332817
49.24127,8.9621,0.317969
49.24158,8.9584,0.326433
49.24184,8.9648,0.326433
49.24214,8.9621,0.334113
49.24245,8.9498,0.367425
49.24276,8.9518,0.371801
49.24307,8.9582,0.396433
49.24338,8.9555,0.347561
49.24364,8.9631,0.347561
49.24395,8.9641,0.333817
49.24426,8.9535,0.324641
49.24456,8.9621,0.316753
49.24488,8.9555,0.320049
49.24519,8.9658,0.315465
49.24544,8.9582,0.315465
49.24575,8.9545,0.316569
49.24606,8.9602,0.341185
49.24637,8.9518,0.348065
49.24668,8.9535,0.348777
49.24693,8.9498,0.348777
49.24724,8.9574,0.328121
49.24755,8.9564,0.314569
49.24786,8.9592,0.318553
49.24817,8.9592,0.308185
49.24848,8.9545,0.312769
49.24874,8.9592,0.312769
49.24904,8.9602,0.311169
49.24935,8.9631,0.294337
49.24966,8.9574,0.298609
49.24997,8.9592,0.297425
49.25028,8.9611,0.299009
49.25054,8.9658,0.299009
49.25085,8.9574,0.311585
49.25116,8.9555,0.309289
49.25147,8.9518,0.296625
49.25178,8.9648,0.314465
49.25203,8.9564,0.314465
49.25234,8.9574,0.319761
49.25265,8.9621,0.312377
49.25296,8.9564,0.315857
49.25327,8.9668,0.313569
49.25358,8.9695,0.311169
49.25383,8.9648,0.311169
49.25414,8.9471,0.332609
49.25445,8.9545,0.333009
49.25476,8.9621,0.386545
49.25507,8.9611,0.330817
49.25538,8.9518,0.315065
49.25563,8.9582,0.315065
49.25594,8.9518,0.319945
49.25626,8.9564,0.333505
49.25657,8.9602,0.330313
49.25688,8.9488,0.335905
49.25718,8.9488,0.340097
49.25744,8.9535,0.340097
49.25775,8.9518,0.334297
49.25806,8.9525,0.334905
49.25837,8.9574,0.335505
49.25868,8.9555,0.331209
49.25893,8.9555,0.331209
49.25924,8.9592,0.372801
49.25955,8.9518,0.362521
49.25986,8.9525,0.327833
49.26017,8.9611,0.335401
49.26048,8.9611,0.329313
49.26073,8.9574,0.329313
49.26104,8.9518,0.314169
49.26135,8.9518,0.318657
49.26166,8.9592,0.320553
49.26197,8.9564,0.317657
49.26228,8.9668,0.318865
49.26254,8.9631,0.318865
49.26285,8.9621,0.314169
49.26316,8.9508,0.311273
49.26346,8.9688,0.305201
49.26378,8.9611,0.315361
49.26403,8.9611,0.315361
49.26434,8.9535,0.328417
49.26465,8.9584,0.346273
49.26496,8.9574,0.329521
49.26527,8.9535,0.324329
49.26558,8.9545,0.318257
49.26583,8.9564,0.318257
49.26614,8.9641,0.325225
49.26645,8.9545,0.332609
49.26676,8.9525,0.316569
49.26707,8.9518,0.329233
49.26733,8.9488,0.329233
49.26764,8.9584,0.316753
49.26795,8.9611,0.311169
49.26825,8.9582,0.328337
49.26857,8.9611,0.334713
49.26887,8.9602,0.371593
49.26913,8.9525,0.371593
49.26944,8.9414,0.416377
49.26975,8.9422,0.349673
49.27006,8.9582,0.329129
49.27037,8.9574,0.331713
49.27068,8.9518,0.335113
49.27093,8.9518,0.335113
49.27124,8.9498,0.322137
49.27155,8.9621,0.327729
49.27186,8.9631,0.310585
49.27217,8.9555,0.365521
49.27248,8.9535,0.328833
49.27273,8.9564,0.328833
49.27304,8.9535,0.339097
49.27335,8.9555,0.366105
49.27366,8.9574,0.350065
49.27397,8.9621,0.312961
49.27428,8.9639,0.319257
49.27453,8.9555,0.319257
49.27484,8.9611,0.324537
49.27515,8.9631,0.324433
49.27546,8.9498,0.330209
49.27578,8.9648,0.369505
49.27603,8.9564,0.369505
49.27634,8.9631,0.331025
49.27665,8.9602,0.337305
49.27696,8.9451,0.363809
49.27727,8.9564,0.319153
49.27758,8.9525,0.334609
49.27783,8.9574,0.334609
49.27814,8.9564,0.357537
49.27845,8.9555,0.328921
49.27876,8.9545,0.345481
49.27907,8.9488,0.366417
49.27932,8.9592,0.366417
49.27964,8.9498,0.324745
49.27994,8.9545,0.322745
49.28025,8.9574,0.321953
49.28056,8.9582,0.334905
49.28087,8.9545,0.348961
49.28113,8.9479,0.348961
49.28144,8.9545,0.359225
49.28175,8.9555,0.321449
49.28206,8.9582,0.343873
49.28237,8.9658,0.317945
49.28268,8.9584,0.327833
49.28293,8.9525,0.327833
49.28324,8.9527,0.352865
49.28355,8.9658,0.372697
49.28386,8.9441,0.324641
49.28417,8.9574,0.346081
49.28448,8.9479,0.317553
49.28473,8.9584,0.317553
49.28504,8.9574,0.320657
49.28535,8.9535,0.338097
49.28566,8.9535,0.327729
49.28597,8.9545,0.336905
49.28622,8.9498,0.336905
49.28653,8.9545,0.347457
49.28684,8.9602,0.366417
49.28715,8.9555,0.367713
49.28746,8.9574,0.336297
49.28778,8.9602,0.327625
49.28803,8.9582,0.327625
49.28834,8.9518,0.343393
49.28865,8.9451,0.321849
49.28896,8.9592,0.327329
49.28927,8.9469,0.366521
49.28952,8.9527,0.366521
49.28983,8.9582,0.327521
49.29014,8.9545,0.341393
49.29045,8.9498,0.351257
49.29076,8.9648,0.328625
49.29107,8.9488,0.333817
49.29132,8.9545,0.333817
49.29163,8.9525,0.366209
49.29194,8.9582,0.326041
49.29225,8.9535,0.354841
49.29256,8.9582,0.346665
49.29287,8.9631,0.331921
49.29313,8.9498,0.331921
49.29344,8.9535,0.343081
49.29375,8.9592,0.325145
49.29406,8.9508,0.334713
49.29437,8.9518,0.354657
49.29468,8.9441,0.344185
49.29493,8.9631,0.344185
49.29524,8.9582,0.328521
49.29555,8.9479,0.365817
49.29586,8.9498,0.326433
49.29617,8.9545,0.328625
49.29642,8.9574,0.328625
49.29673,8.9488,0.348353
49.29704,8.9592,0.330417
49.29735,8.9574,0.332209
49.29766,8.9535,0.367505
49.29797,8.9658,0.360833
49.29822,8.9508,0.360833
49.29853,8.9518,0.348569
49.29884,8.9508,0.346977
49.29915,8.9631,0.327833
49.29946,8.9602,0.343977
49.29977,8.9535,0.362913
49.30003,8.9555,0.362913
49.30034,8.9695,0.327041
49.30065,8.9498,0.341577
49.30096,8.9469,0.364129
49.30127,8.9498,0.344185
49.30153,8.9564,0.344185
49.30183,8.9498,0.350649
49.30214,8.9555,0.328833
49.30245,8.9631,0.332209
49.30276,8.9545,0.325537
49.30307,8.9631,0.294417
49.30333,8.9564,0.294417
49.30364,8.9639,0.313169
49.30395,8.9564,0.345081
49.30426,8.9592,0.321057
49.30456,8.9488,0.330209
49.30488,8.9555,0.358033
49.30513,8.9648,0.358033
49.30544,8.9602,0.320953
49.30575,8.9555,0.351969
49.30606,8.9518,0.340497
49.30637,8.9525,0.326329
49.30662,8.9592,0.326329
49.30693,8.9574,0.320257
49.30724,8.9535,0.324937
49.30755,8.9555,0.324433
49.30786,8.9602,0.356137
49.30817,8.9555,0.334009
49.31037,8.9508,0.292833
49.31213,8.9658,0.376393
49.31389,8.9555,0.328225
49.31565,8.9451,0.369297
49.31741,8.9648,0.310185
49.31917,8.9574,0.308289
49.32093,8.9611,0.328729
49.32269,8.9621,0.333713
49.32288,8.9471,0.318945
49.32313,8.9648,0.318945
49.32344,8.9631,0.332505
49.32375,8.9574,0.334113
49.32406,8.9545,0.330129
49.32437,8.9412,0.354153
49.32462,8.9488,0.354153
49.32493,8.9498,0.375993
49.32524,8.9535,0.355049
49.32555,8.9621,0.327225
49.32586,8.9508,0.333009
49.32612,8.9564,0.333009
49.32643,8.9574,0.333905
49.32674,8.9441,0.311873
49.32705,8.9488,0.346377
49.32736,8.9564,0.311585
49.32767,8.9535,0.318841
49.32792,8.9668,0.318841
49.32823,8.9525,0.327329
49.32854,8.9555,0.334009
49.32885,8.9611,0.353257
49.32916,8.9488,0.325937
49.32947,8.9555,0.326937
49.32972,8.9592,0.326937
49.33003,8.9518,0.327017
49.33034,8.9631,0.330025
49.33065,8.9602,0.336409
49.33096,8.9508,0.337905
49.33127,8.9535,0.313673
49.33152,8.9564,0.313673
49.33184,8.9574,0.321345
49.33215,8.9535,0.332921
49.33246,8.9592,0.331417
49.33277,8.9488,0.332209
49.33302,8.9535,0.332209
49.33333,8.9564,0.335609
49.33364,8.9592,0.326937
49.33395,8.9535,0.331129
49.33426,8.9518,0.331817
49.33457,8.9574,0.328337
49.33482,8.9471,0.328337
49.33513,8.9592,0.323929
49.33544,8.9592,0.327041
49.33575,8.9535,0.334113
49.33606,8.9525,0.337305
49.33637,8.9611,0.334713
49.33662,8.9592,0.334713
49.33693,8.9555,0.324825
49.33724,8.9527,0.318049
49.33755,8.9555,0.318945
49.33786,8.9621,0.331129
49.33812,8.9621,0.331129
49.33843,8.9555,0.329729
49.33874,8.9668,0.325537
49.33905,8.9574,0.321345
49.33936,8.9555,0.315753
49.33967,8.9611,0.316865
49.33992,8.9535,0.316865
49.34023,8.9518,0.329129
49.34054,8.9518,0.332817
49.34085,8.9697,0.342289
49.34116,8.9621,0.363729
49.34147,8.9479,0.393241
49.34172,8.9498,0.393241
49.34203,8.9508,0.361433
49.34234,8.9564,0.331129
49.34265,8.9621,0.326225
49.34296,8.9678,0.337305
49.34322,8.9564,0.337305
49.34353,8.9461,0.325729
49.34384,8.9535,0.318257
49.34415,8.9639,0.320345
49.34446,8.9592,0.355449
49.34477,8.9525,0.314065
49.34502,8.9564,0.314065
49.34533,8.9574,0.322241
49.34564,8.9545,0.301801
49.34595,8.9555,0.315673
49.34626,8.9602,0.328729
49.34657,8.9631,0.336905
49.34682,8.9602,0.336905
49.34713,8.9564,0.339993
49.34744,8.9527,0.337993
49.34775,8.9555,0.320449
49.34806,8.9621,0.325537
49.34837,8.9564,0.332313
49.34862,8.9564,0.332313
49.34893,8.9592,0.335505
49.34924,8.9479,0.332025
49.34955,8.9555,0.335697
49.34986,8.9527,0.323641
49.35012,8.9564,0.323641
49.35043,8.9564,0.325329
49.35074,8.9611,0.324745
49.35105,8.9705,0.334113
49.35136,8.9564,0.366921
49.35167,8.9508,0.360833
49.35192,8.9545,0.360833
49.35223,8.9508,0.365209
49.35254,8.9574,0.341289
49.35285,8.9705,0.339889
49.35316,8.9535,0.329521
49.35347,8.9555,0.310185
49.35372,8.9592,0.310185
49.35403,8.9611,0.306993
49.35434,8.9631,0.321449
49.35465,8.9658,0.332209
49.35496,8.9582,0.340201
49.35522,8.9555,0.340201
49.35552,8.9555,0.334713
49.35583,8.9488,0.330625
49.35615,8.9469,0.357137
49.35646,8.9488,0.332105
49.35677,8.9508,0.335801
49.35702,8.9498,0.335801
49.35733,8.9555,0.333321
49.35764,8.9668,0.330921
49.35795,8.9518,0.313465
49.35826,8.9611,0.319761
49.35857,8.9582,0.321953
49.35882,8.9479,0.321953
49.35913,8.9441,0.370905
49.35944,8.9518,0.334713
49.35975,8.9479,0.331817
49.36006,8.9555,0.312169
49.36037,8.9621,0.323137
49.36062,8.9574,0.323137
49.36093,8.9621,0.326729
49.36124,8.9545,0.324537
49.36155,8.9518,0.328729
49.36186,8.9535,0.332817
49.36211,8.9545,0.332817
49.36243,8.9658,0.318361
49.36274,8.9574,0.332313
49.36305,8.9545,0.330233
49.36336,8.9527,0.326121
49.36367,8.9611,0.342289
49.36392,8.9574,0.342289
49.36423,8.9564,0.334713
49.36454,8.9592,0.327521
49.36485,8.9518,0.332105
49.36516,8.9555,0.329313
49.36547,8.9639,0.323641
49.36572,8.9631,0.323641
49.36603,8.9545,0.319841
49.36634,8.9611,0.323641
49.36665,8.9574,0.323929
49.36696,8.9582,0.325041
49.36727,8.9592,0.328121
49.36752,8.9621,0.328121
49.36783,8.9461,0.319841
49.36814,8.9498,0.322345
49.36845,8.9611,0.353449
49.36876,8.9555,0.362521
49.36907,8.9508,0.359825
49.36933,8.9385,0.359825
49.36964,8.9518,0.327041
49.36994,8.9582,0.312273
49.37026,8.9592,0.331313
49.37056,8.9498,0.355953
49.37087,8.9592,0.338489
49.37113,8.9574,0.338489
49.37144,8.9688,0.332609
49.37175,8.9574,0.307185
49.37206,8.9545,0.313961
49.37237,8.9574,0.300009
49.37268,8.9582,0.302201
49.37293,8.9611,0.302201
49.37324,8.9535,0.316569
49.37355,8.9498,0.362913
49.37386,8.9518,0.342473
49.37417,8.9582,0.320953
49.37442,8.9668,0.320953
49.37473,8.9555,0.297921
49.37504,8.9545,0.297025
49.37535,8.9648,0.292833
49.37566,8.9631,0.293729
49.37597,8.9592,0.292625
49.37622,8.9555,0.292625
49.37653,8.9602,0.305601
49.37684,8.9611,0.319257
49.37715,8.9678,0.309481
49.37746,8.9471,0.295313
49.37777,8.9678,0.312273
49.37803,8.9574,0.312273
49.37834,8.9488,0.323929
49.37865,8.9639,0.339201
49.37896,8.9564,0.349857
49.37927,8.9574,0.287745
49.37957,8.9648,0.294921
49.37983,8.9582,0.294921
49.38014,8.9725,0.300401
49.38045,8.9697,0.285657
49.38076,8.9582,0.285265
49.38107,8.9658,0.281753
49.38132,8.9725,0.281753
49.38163,8.9639,0.287057
49.38194,8.9518,0.286657
49.38225,8.9725,0.305097
49.38256,8.9621,0.316649
49.38287,8.9555,0.323033
49.38312,8.9658,0.323033
49.38343,8.9564,0.317553
49.38374,8.9602,0.300113
49.38405,8.9621,0.302201
49.38436,8.9602,0.304489
49.38467,8.9545,0.302305
49.38492,8.9535,0.302305
49.38523,8.9555,0.344289
49.38554,8.9564,0.299217
49.38586,8.9678,0.293625
49.38617,8.9725,0.288449
49.38642,8.9631,0.288449
49.38673,8.9574,0.284841
49.38704,8.9631,0.285849
49.38735,8.9611,0.286345
49.38766,8.9639,0.303305
49.38797,8.9525,0.328833
49.38822,8.9688,0.328833
49.38853,8.9668,0.285345
49.38884,8.9648,0.287345
49.38915,8.9631,0.285657
49.38946,8.9555,0.283945
49.38977,8.9621,0.287057
49.39002,8.9734,0.287057
49.39033,8.9639,0.283761
49.39064,8.9602,0.289353
49.39095,8.9648,0.277985
49.39126,8.9668,0.274289
49.39157,8.9648,0.275481
49.39183,8.9658,0.275481
49.39214,8.9611,0.273393
49.39245,8.9631,0.276377
49.39276,8.9631,0.273081
49.39307,8.9648,0.271681
49.39332,8.9611,0.271681
49.39363,8.9668,0.272497
49.39394,8.9611,0.275585
49.39425,8.9631,0.274481
49.39456,8.9621,0.272393
49.39487,8.9648,0.274793
49.39513,8.9574,0.274793
49.39543,8.9641,0.305601
49.39574,8.9582,0.311585
49.39605,8.9668,0.275289
49.39636,8.9678,0.269593
49.39667,8.9658,0.268697
49.39693,8.9688,0.268697
49.39723,8.9658,0.261817
49.39755,8.9688,0.266113
49.39786,8.9584,0.256833
49.39817,8.9668,0.258233
49.39843,8.9678,0.258233
49.39874,8.9668,0.258233
49.39904,8.9611,0.257225
49.39935,8.9602,0.302305
49.39966,8.9611,0.272577
49.39997,8.9648,0.264713
49.40023,8.9648,0.264713
49.40054,8.9602,0.271681
49.40085,8.9641,0.261625
49.40116,8.9592,0.270393
49.40147,8.9582,0.269201
49.40172,8.9621,0.269201
49.40203,8.9621,0.273897
49.40234,8.9584,0.268697
49.40265,8.9668,0.281465
49.40296,8.9695,0.284049
49.40327,8.9688,0.286449
49.40352,8.9611,0.286449
49.40383,8.9582,0.281865
49.40414,8.9611,0.281257
49.40445,8.9621,0.283865
49.40476,8.9555,0.320153
49.40507,8.9555,0.326433
49.40533,8.9592,0.326433
49.40564,8.9611,0.318945
49.40594,8.9705,0.284841
49.40626,8.9574,0.292329
49.40657,8.9574,0.292121
49.40682,8.9688,0.292121
49.40713,8.9688,0.276273
49.40744,8.9639,0.279273
49.40775,8.9658,0.272097
49.40806,8.9725,0.275377
49.40837,8.9621,0.276273
49.40862,8.9592,0.276273
49.40893,8.9592,0.285265
49.40924,8.9592,0.307081
49.40955,8.9602,0.289249
49.40986,8.9705,0.283553
49.41017,8.9648,0.280569
49.41042,8.9621,0.280569
49.41073,8.9631,0.279169
49.41104,8.9611,0.286449
49.41135,8.9688,0.274873
49.41166,8.9695,0.278273
49.41197,8.9555,0.293441
49.41222,8.9508,0.293441
49.41253,8.9592,0.284657
49.41284,8.9688,0.282073
49.41315,8.9648,0.285553
49.41346,8.9592,0.281649
49.41372,8.9584,0.281649
49.41403,8.9525,0.324825
49.41433,8.9639,0.292433
49.41465,8.9582,0.276585
49.41496,8.9641,0.277273
49.41527,8.9574,0.296713
49.41552,8.9639,0.296713
49.41583,8.9621,0.278273
49.41614,8.9668,0.283553
49.41645,8.9611,0.279569
49.41676,8.9469,0.321849
49.41707,8.9658,0.277777
49.41732,8.9639,0.277777
49.41763,8.9705,0.276481
49.41794,8.9631,0.287641
49.41825,8.9611,0.286241
49.41856,8.9658,0.282969
49.41882,8.9648,0.282969
49.41913,8.9648,0.278881
49.41944,8.9611,0.287241
49.41975,8.9564,0.295625
49.42006,8.9592,0.285265
49.42036,8.9611,0.286641
49.42062,8.9631,0.286641
49.42093,8.9648,0.286449
49.42124,8.9658,0.283361
49.42155,8.9658,0.318449
49.42186,8.9555,0.325225
49.42212,8.9545,0.325225
49.42243,8.9525,0.315065
49.42274,8.9688,0.274793
49.42305,8.9688,0.280169
49.42336,8.9602,0.273681
49.42367,8.9611,0.275081
49.42392,8.9611,0.275081
49.42423,8.9668,0.274585
49.42454,8.9715,0.274081
49.42485,8.9688,0.261921
49.42516,8.9668,0.265801
49.42547,8.9658,0.263713
49.42572,8.9752,0.263713
49.42603,8.9611,0.270601
49.42634,8.9688,0.268009
49.42665,8.9631,0.286057
49.42696,8.9697,0.283465
49.42727,8.9621,0.298425
49.42752,8.9658,0.298425
49.42783,8.9582,0.296209
49.42814,8.9668,0.306681
49.42845,8.9574,0.315065
49.42876,8.9695,0.286745
49.42902,8.9695,0.286745
49.42933,8.9611,0.282153
49.42964,8.9648,0.283945
49.42995,8.9668,0.285345
49.43026,8.9688,0.283761
49.43057,8.9658,0.282865
49.43082,8.9639,0.282865
49.43113,8.9648,0.279169
49.43144,8.9555,0.300009
49.43175,8.9602,0.318257
49.43206,8.9592,0.317761
49.43237,8.9555,0.320657
49.43262,8.9555,0.320657
49.43293,8.9688,0.285553
49.43324,8.9621,0.286953
49.43355,8.9648,0.281361
49.43386,8.9705,0.271785
49.43417,8.9621,0.268409
49.43442,8.9564,0.268409
49.43473,8.9611,0.272185
49.43504,8.9631,0.275289
49.43535,8.9592,0.283465
49.43566,8.9648,0.290433
49.43592,8.9705,0.290433
49.43622,8.9564,0.293225
49.43653,8.9525,0.287449
49.43684,8.9631,0.268305
49.43715,8.9602,0.272889
49.43746,8.9715,0.276081
49.43772,8.9668,0.276081
49.43802,8.9648,0.279377
49.43834,8.9658,0.274689
49.43865,8.9631,0.308473
49.43896,8.9648,0.274481
49.43926,8.9545,0.274481
49.43952,8.9611,0.274481
49.43983,8.9545,0.284761
49.44014,8.9648,0.279169
49.44045,8.9584,0.272681
49.44076,8.9715,0.312665
49.44101,8.9631,0.312665
49.44132,8.9668,0.280465
49.44163,8.9725,0.276481
49.44194,8.9564,0.301409
49.44225,8.9555,0.275289
49.44256,8.9648,0.280273
49.44281,8.9498,0.280273
49.44312,8.9584,0.351465
49.44343,8.9715,0.267905
49.44374,8.9688,0.293833
49.44405,8.9592,0.290041
49.44436,8.9631,0.274873
49.44462,8.9639,0.274873
49.44493,8.9527,0.264113
49.44524,8.9611,0.276977
49.44555,8.9631,0.295313
49.44586,8.9621,0.344585
49.44611,8.9592,0.344585
49.44642,8.9725,0.291937
49.44673,8.9688,0.297921
49.44704,8.9555,0.301113
49.44735,8.9639,0.278569
49.44766,8.9602,0.280569
49.44792,8.9592,0.280569
49.44823,8.9545,0.345665
49.44853,8.9621,0.309585
49.44884,8.9611,0.315465
49.44916,8.9535,0.342393
49.44947,8.9574,0.301513
49.44972,8.9611,0.301513
49.45003,8.9518,0.304593
49.45034,8.9695,0.272289
49.45065,8.9668,0.272889
49.45096,8.9574,0.321057
49.45127,8.9574,0.345977
49.45152,8.9658,0.345977
49.45183,8.9555,0.312081
49.45214,8.9555,0.346377
49.45245,8.9574,0.316649
49.45276,8.9631,0.317553
49.45301,8.9611,0.317553
49.45332,8.9555,0.335801
49.45363,8.9574,0.275481
49.45394,8.9658,0.277985
49.45425,8.9545,0.317553
49.45456,8.9621,0.281361
49.45482,8.9648,0.281361
49.45512,8.9488,0.308577
49.45543,8.9564,0.327937
49.45574,8.9602,0.311377
49.45605,8.9535,0.309377
49.45636,8.9602,0.347881
49.45662,8.9592,0.347881
49.45692,8.9621,0.308977
49.45724,8.9611,0.356345
49.45755,8.9441,0.280857
49.45786,8.9592,0.262529
49.45811,8.9648,0.262529
49.45842,8.9527,0.266513
49.45873,8.9725,0.261233
49.45904,8.9668,0.264505
49.45935,8.9611,0.296209
49.45966,8.9574,0.266009
49.45991,8.9631,0.266009
49.46022,8.9545,0.266617
49.46053,8.9584,0.294233
49.46084,8.9611,0.265905
49.46115,8.9592,0.267113
49.46146,8.9639,0.300217
49.46171,8.9621,0.300217
49.46202,8.9762,0.267009
49.46233,8.9705,0.278777
49.46264,8.9592,0.293625
49.46295,8.9658,0.263321
49.46326,8.9695,0.263113
49.46352,8.9592,0.263113
49.46383,8.9574,0.297529
49.46414,8.9621,0.261129
49.46445,8.9564,0.285953
49.46476,8.9611,0.293521
49.46501,8.9648,0.293521
49.46532,8.9648,0.262817
49.46563,8.9621,0.296817
49.46594,8.9668,0.262321
49.46625,8.9678,0.262713
49.46656,8.9621,0.290329
49.46681,8.9648,0.290329
49.46712,8.9602,0.272097
49.46743,8.9688,0.260729
49.46774,8.9668,0.295025
49.46805,8.9725,0.264113
49.46836,8.9602,0.265721
49.46861,8.9688,0.265721
49.46892,8.9678,0.309481
49.46923,8.9688,0.268201
49.46954,8.9744,0.270201
49.46985,8.9621,0.295921
49.47011,8.9658,0.295921
49.47042,8.9744,0.262609
49.47073,8.9602,0.263713
49.47104,8.9582,0.267905
49.47135,8.9639,0.263113
49.47166,8.9658,0.318361
49.47191,8.9555,0.318361
49.47222,8.9668,0.298321
49.47253,8.9584,0.264009
49.47284,8.9648,0.294025
49.47315,8.9611,0.264009
49.47346,8.9668,0.263217
49.47371,8.9658,0.263217
49.47402,8.9545,0.281753
49.47433,8.9621,0.266513
49.47464,8.9631,0.307289
49.47495,8.9602,0.300713
49.47526,8.9518,0.266513
49.47551,8.9631,0.266513
49.47582,8.9621,0.265801
49.47614,8.9535,0.283865
49.47645,8.9695,0.266009
49.47676,8.9668,0.262529
49.47701,8.9545,0.262529
49.47732,8.9611,0.297209
49.47763,8.9715,0.262129
49.47794,8.9705,0.294729
49.47825,8.9592,0.276273
49.47856,8.9668,0.261313
49.47881,8.9631,0.261313
49.47912,8.9621,0.267113
49.47943,8.9602,0.257729
49.47974,8.9639,0.250761
49.48005,8.9631,0.250049
49.48036,8.9611,0.266721
49.48061,8.9621,0.266721
49.48092,8.9621,0.251057
49.48123,8.9582,0.255937
49.48154,8.9639,0.246673
49.48185,8.9648,0.251449
49.48216,8.9574,0.260129
49.48241,8.9668,0.260129
49.48272,8.9678,0.260521
49.48303,8.9744,0.273681
49.48334,8.9631,0.262425
49.48365,8.9744,0.255145
49.48391,8.9668,0.255145
49.48422,8.9688,0.259129
49.48453,8.9762,0.254137
49.48484,8.9602,0.259833
49.48515,8.9639,0.259337
49.48546,8.9688,0.267513
49.48571,8.9695,0.267513
49.48602,8.9668,0.261625
49.48633,8.9564,0.282153
49.48664,8.9688,0.261233
49.48695,8.9715,0.260025
49.48726,8.9658,0.299505
49.48751,8.9611,0.299505
49.48782,8.9611,0.306785
49.48813,8.9584,0.285849
49.48844,8.9688,0.269889
49.48875,8.9678,0.270601
49.48901,8.9658,0.270601
49.48932,8.9535,0.317553
49.48963,8.9611,0.264217
49.48994,8.9668,0.256937
49.49024,8.9658,0.260817
49.49056,8.9705,0.257729
49.49081,8.9762,0.257729
49.49112,8.9678,0.258937
49.49143,8.9592,0.279377
49.49174,8.9641,0.285953
49.49205,8.9715,0.273393
49.49236,8.9648,0.259521
49.49261,8.9639,0.259521
49.49292,8.9631,0.259921
49.49323,8.9648,0.261921
49.49354,8.9678,0.260817
49.49385,8.9648,0.259025
49.49411,8.9658,0.259025
49.49442,8.9648,0.261625
49.49473,8.9639,0.258729
49.49504,8.9695,0.261313
49.49535,8.9705,0.259729
49.49566,8.9602,0.262025
49.49591,8.9695,0.262025
49.49622,8.9574,0.264113
49.49653,8.9611,0.263713
49.49684,8.9678,0.263921
49.49715,8.9658,0.266217
49.49746,8.9715,0.264609
49.49771,8.9602,0.264609
49.49802,8.9611,0.259129
49.49833,8.9592,0.271201
49.49864,8.9631,0.259521
49.49895,8.9752,0.262817
49.49926,8.9705,0.263025
49.49951,8.9678,0.263025
49.49982,8.9592,0.260921
49.50013,8.9602,0.261233
49.50044,8.9658,0.272097
49.50075,8.9518,0.309481
49.50101,8.9592,0.309481
49.50132,8.9705,0.257041
49.50163,8.9695,0.265905
49.50194,8.9744,0.260729
49.50225,8.9592,0.261129
49.50256,8.9611,0.261625
49.50281,8.9631,0.261625
49.50312,8.9648,0.266513
49.50343,8.9658,0.297817
49.50374,8.9631,0.295921
49.50405,8.9678,0.302993
49.50436,8.9574,0.308681
49.50461,8.9621,0.308681
49.50492,8.9611,0.301513
49.50523,8.9678,0.259625
49.50554,8.9668,0.260625
49.50585,8.9592,0.250849
49.50610,8.9725,0.250849
49.50642,8.9705,0.260233
49.50673,8.9715,0.255745
49.50704,8.9678,0.256249
49.50735,8.9611,0.248073
49.50766,8.9695,0.248465
49.50791,8.9734,0.248465
49.50822,8.9621,0.245273
49.50853,8.9621,0.248761
49.50884,8.9639,0.256433
49.50915,8.9621,0.260233
49.50946,8.9705,0.272289
49.50971,8.9611,0.272289
49.51002,8.9611,0.277481
49.51033,8.9648,0.265905
49.51064,8.9574,0.260521
49.51095,8.9602,0.266617
49.51126,8.9648,0.266513
49.51151,8.9555,0.266513
49.51182,8.9668,0.265009
49.51214,8.9762,0.261025
49.51245,8.9611,0.262425
49.51276,8.9695,0.262129
49.51301,8.9648,0.262129
49.51332,8.9648,0.265297
49.51363,8.9621,0.260521
49.51394,8.9678,0.299321
49.51425,8.9631,0.307185
49.51456,8.9592,0.299609
49.51481,8.9602,0.299609
49.51512,8.9631,0.302801
49.51543,8.9688,0.268009
49.51574,8.9658,0.266305
49.51605,8.9697,0.254745
49.51630,8.9574,0.254745
49.51661,8.9639,0.253537
49.51692,8.9631,0.249361
49.51723,8.9678,0.252849
49.51754,8.9648,0.255641
49.51785,8.9621,0.279169
49.51811,8.9648,0.279169
49.51842,8.9621,0.318361
49.51873,8.9621,0.279777
49.51904,8.9592,0.262321
49.51935,8.9715,0.261817
49.51960,8.9648,0.261817
49.51991,8.9602,0.258521
49.52022,8.9648,0.264113
49.52053,8.9688,0.264009
49.52084,8.9631,0.263025
49.52115,8.9658,0.261817
49.52140,8.9668,0.261817
49.52171,8.9678,0.264009
49.52202,8.9705,0.262321
49.52233,8.9715,0.261025
49.52264,8.9734,0.261417
49.52295,8.9725,0.259337
49.52320,8.9631,0.259337
49.52351,8.9697,0.262817
49.52383,8.9734,0.264321
49.52414,8.9639,0.264505
49.52445,8.9658,0.264217
49.52470,8.9611,0.264217
49.52501,8.9648,0.265113
49.52532,8.9688,0.263217
49.52563,8.9611,0.265217
49.52594,8.9602,0.261521
49.52625,8.9705,0.261625
49.52650,8.9631,0.261625
49.52681,8.9754,0.259625
49.52712,8.9582,0.261921
49.52743,8.9705,0.261521
49.52774,8.9658,0.260921
49.52805,8.9631,0.260521
49.52830,8.9648,0.260521
49.52861,8.9688,0.260025
49.52892,8.9631,0.261129
49.52923,8.9602,0.261417
49.52954,8.9658,0.301009
49.52986,8.9631,0.258521
49.53011,8.9695,0.258521
49.53042,8.9744,0.263113
49.53073,8.9631,0.296521
49.53104,8.9592,0.299505
49.53135,8.9574,0.303593
49.53160,8.9611,0.303593
49.53191,8.9639,0.291729
49.53222,8.9658,0.260521
49.53253,8.9639,0.289641
49.53284,8.9658,0.255745
49.53315,8.9678,0.254745
49.53340,8.9611,0.254745
49.53371,8.9621,0.253745
49.53402,8.9648,0.242881
49.53433,8.9688,0.236601
49.53464,8.9648,0.242881
49.53495,8.9781,0.246361
49.53520,8.9705,0.246361
49.53551,8.9705,0.247361
49.53582,8.9639,0.256641
49.53614,8.9688,0.272681
49.53645,8.9621,0.278673
49.53670,8.9639,0.278673
49.53701,8.9762,0.262529
49.53732,8.9639,0.263217
49.53763,8.9564,0.262713
49.53794,8.9697,0.263425
49.53825,8.9734,0.264713
49.53850,8.9705,0.264713
49.53881,8.9658,0.265609
49.53912,8.9668,0.267201
49.53943,8.9648,0.264905
49.53974,8.9752,0.263505
49.54005,8.9668,0.264113
49.54030,8.9631,0.264113
49.54061,8.9611,0.264609
49.54092,8.9725,0.301697
49.54123,8.9574,0.303993
49.54154,8.9584,0.300217
49.54185,8.9602,0.262425
49.54211,8.9705,0.262425
49.54242,8.9668,0.278273
49.54273,8.9715,0.254937
49.54304,8.9688,0.257537
49.54335,8.9602,0.254937
49.54360,8.9648,0.254937
49.54391,8.9734,0.251953
49.54422,8.9639,0.271201
49.54453,8.9648,0.270785
49.54484,8.9668,0.274585
49.54515,8.9678,0.284361
49.54540,8.9639,0.284361
49.54571,8.9678,0.285553
49.54602,8.9592,0.265721
49.54633,8.9639,0.267409
49.54664,8.9621,0.265721
49.54695,8.9658,0.306785
49.54721,8.9602,0.306785
49.54752,8.9668,0.262217
49.54783,8.9648,0.264505
49.54814,8.9648,0.264217
49.54845,8.9678,0.266113
49.54870,8.9688,0.266113
49.54901,8.9695,0.261921
49.54932,8.9697,0.260921
49.54963,8.9658,0.259833
49.54994,8.9705,0.264217
49.55025,8.9639,0.260521
49.55050,8.9668,0.260521
49.55081,8.9658,0.255249
49.55112,8.9678,0.256537
49.55143,8.9631,0.260025
49.55174,8.9602,0.266193
49.55205,8.9641,0.264817
49.55231,8.9592,0.264817
49.55261,8.9658,0.269809
49.55292,8.9639,0.266305
49.55323,8.9648,0.266801
49.55354,8.9582,0.266697
49.55380,8.9668,0.266697
49.55411,8.9688,0.260625
49.55442,8.9639,0.265217
49.55473,8.9668,0.263921
49.55504,8.9592,0.266113
49.55535,8.9621,0.264713
49.55560,8.9688,0.264713
49.55591,8.9631,0.263713
49.55622,8.9582,0.266409
49.55653,8.9668,0.263609
49.55684,8.9641,0.266697
49.55715,8.9535,0.264713
49.55740,8.9705,0.264713
49.55771,8.9545,0.298425
49.55802,8.9582,0.299401
49.55833,8.9602,0.325041
49.55864,8.9611,0.297025
49.55890,8.9611,0.297025
49.55921,8.9631,0.262921
49.55951,8.9688,0.261129
49.55982,8.9781,0.261417
49.56014,8.9592,0.241377
49.56045,8.9668,0.250345
49.56070,8.9697,0.250345
49.56101,8.9658,0.247257
49.56132,8.9668,0.288241
49.56163,8.9631,0.269705
49.56194,8.9705,0.259441
49.56225,8.9695,0.264113
49.56250,8.9631,0.264113
49.56281,8.9695,0.274689
49.56312,8.9631,0.263609
49.56343,8.9688,0.261417
49.56374,8.9648,0.262129
49.56405,8.9639,0.264217
49.56430,8.9678,0.264217
49.56461,8.9584,0.259417
49.56492,8.9648,0.262025
49.56523,8.9639,0.260521
49.56554,8.9678,0.256145
49.56585,8.9678,0.263921
49.56610,8.9621,0.263921
49.56641,8.9648,0.259417
49.56672,8.9658,0.263113
49.56703,8.9621,0.296417
49.56734,8.9535,0.302993
49.56759,8.9555,0.302993
49.56790,8.9574,0.296817
49.56821,8.9639,0.277881
49.56852,8.9678,0.268489
49.56883,8.9744,0.270889
49.56914,8.9582,0.251849
49.56940,8.9688,0.251849
49.56970,8.9744,0.254433
49.57002,8.9715,0.253745
49.57033,8.9648,0.257145
49.57064,8.9697,0.261313
49.57094,8.9611,0.267905
49.57120,8.9592,0.267905
49.57151,8.9611,0.276377
49.57182,8.9648,0.276185
49.57213,8.9631,0.263025
49.57244,8.9658,0.261313
49.57269,8.9752,0.261313
49.57300,8.9584,0.269593
49.57331,8.9639,0.305497
49.57362,8.9688,0.268489
49.57393,8.9771,0.264425
49.57424,8.9688,0.266009
49.57450,8.9639,0.266009
49.57481,8.9658,0.264113
49.57512,8.9705,0.264217
49.57542,8.9621,0.261129
49.57573,8.9695,0.282969
49.57605,8.9555,0.303201
49.57630,8.9762,0.303201
49.57661,8.9744,0.261521
49.57692,8.9668,0.259233
49.57723,8.9791,0.263921
49.57754,8.9602,0.260233
49.57785,8.9705,0.258337
49.57810,8.9631,0.258337
49.57841,8.9658,0.260921
49.57872,8.9621,0.259921
49.57903,8.9648,0.260129
49.57934,8.9611,0.261921
49.57960,8.9678,0.261921
49.57991,8.9621,0.262217
49.58021,8.9697,0.267905
49.58053,8.9611,0.265721
49.58083,8.9639,0.271393
49.58114,8.9611,0.267409
49.58140,8.9668,0.267409
49.58171,8.9639,0.267305
49.58202,8.9631,0.266113
49.58233,8.9688,0.262817
49.58264,8.9648,0.260817
49.58295,8.9688,0.265609
49.58320,8.9621,0.265609
49.58351,8.9658,0.265721
49.58382,8.9725,0.295921
49.58413,8.9648,0.295625
49.58444,8.9602,0.290641
49.58469,8.9582,0.290641
49.58500,8.9602,0.266801
49.58531,8.9592,0.256537
49.58562,8.9658,0.247969
49.58593,8.9611,0.258521
49.58624,8.9611,0.259129
49.58649,8.9621,0.259129
49.58680,8.9734,0.254641
49.58711,8.9744,0.248465
49.58742,8.9488,0.296817
49.58773,8.9535,0.249657
49.58804,8.9705,0.249153
49.58830,8.9678,0.249153
49.58860,8.9639,0.250849
49.58892,8.9602,0.259233
49.58923,8.9631,0.272785
49.58954,8.9678,0.277169
49.58985,8.9771,0.256145
49.59010,8.9678,0.256145
49.59041,8.9639,0.307185
49.59072,8.9592,0.259025
49.59103,8.9621,0.264609
49.59134,8.9648,0.264505
49.59160,8.9592,0.264505
49.59190,8.9582,0.262529
49.59221,8.9734,0.266009
49.59252,8.9621,0.264113
49.59283,8.9695,0.263425
49.59314,8.9631,0.261713
49.59340,8.9668,0.261713
49.59371,8.9592,0.262921
49.59402,8.9574,0.310769
49.59433,8.9678,0.302201
49.59464,8.9574,0.302993
49.59495,8.9641,0.271097
49.59520,8.9621,0.271097
49.59551,8.9602,0.275377
49.59582,8.9658,0.258625
49.59613,8.9639,0.254745
49.59644,8.9668,0.254033
49.59669,8.9781,0.254033
49.59700,8.9725,0.252641
49.59731,8.9734,0.271785
49.59762,8.9639,0.272993
49.59793,8.9688,0.270889
49.59824,8.9631,0.282969
49.59850,8.9648,0.282969
49.59880,8.9678,0.283465
49.59911,8.9705,0.263025
49.59942,8.9781,0.261921
49.59973,8.9631,0.263921
49.60004,8.9715,0.260921
49.60030,8.9668,0.260921
49.60061,8.9639,0.260521
49.60092,8.9621,0.306097
49.60122,8.9695,0.258937
49.60154,8.9752,0.266193
49.60179,8.9508,0.266193
49.60210,8.9535,0.343081
49.60242,8.9592,0.261313
49.60273,8.9658,0.280361
49.60304,8.9688,0.290729
49.60334,8.9621,0.269097
49.60360,8.9592,0.269097
49.60391,8.9658,0.264009
49.60422,8.9611,0.264217
49.60453,8.9621,0.278881
49.60484,8.9668,0.342289
49.60509,8.9518,0.342289
49.60540,8.9648,0.288641
49.60571,8.9695,0.267409
49.60602,8.9631,0.299401
49.60633,8.9488,0.262025
49.60664,8.9668,0.265321
49.60689,8.9734,0.265321
49.60720,8.9658,0.295233
49.60751,8.9621,0.282153
49.60782,8.9602,0.268593
49.60813,8.9545,0.301801
49.61039,8.9582,0.304489
49.61215,8.9582,0.282073
49.61391,8.9678,0.276585
49.61567,8.9611,0.307577
49.61742,8.9688,0.346081
49.61918,8.9564,0.315169
49.62094,8.9518,0.281673
49.62270,8.9555,0.350169
49.62289,8.9584,0.312273
49.62309,8.9592,0.312273
49.62340,8.9611,0.278777
49.62371,8.9545,0.293937
49.62402,8.9695,0.262713
49.62433,8.9688,0.264905
49.62464,8.9678,0.298713
49.62489,8.9611,0.298713
49.62520,8.9631,0.265009
49.62551,8.9592,0.286057
49.62582,8.9631,0.284553
49.62613,8.9668,0.264905
49.62644,8.9648,0.264321
49.62669,8.9469,0.264321
49.62700,8.9631,0.298425
49.62731,8.9621,0.263505
49.62762,8.9668,0.290249
49.62793,8.9602,0.279065
49.62819,8.9639,0.279065
49.62850,8.9695,0.262921
49.62881,8.9611,0.300217
49.62912,8.9648,0.263921
49.62943,8.9668,0.267593
49.62974,8.9658,0.296209
49.62999,8.9631,0.296209
49.63030,8.9631,0.271993
49.63061,8.9695,0.284449
49.63092,8.9498,0.339281
49.63123,8.9668,0.264321
49.63154,8.9658,0.264609
49.63179,8.9574,0.264609
49.63210,8.9564,0.297209
49.63241,8.9611,0.261521
49.63272,8.9648,0.274393
49.63303,8.9592,0.290537
49.63328,8.9648,0.290537
49.63359,8.9611,0.259337
49.63391,8.9564,0.289353
49.63422,8.9648,0.262129
49.63453,8.9678,0.255041
49.63484,8.9791,0.278673
49.63509,8.9592,0.278673
49.63540,8.9631,0.286953
49.63571,8.9725,0.264905
49.63602,8.9762,0.299321
49.63633,8.9705,0.263609
49.63664,8.9574,0.265009
49.63689,8.9734,0.265009
49.63720,8.9648,0.289137
49.63751,8.9668,0.265113
49.63782,8.9725,0.258625
49.63813,8.9574,0.300801
49.63844,8.9725,0.271681
49.63869,8.9574,0.271681
49.63900,8.9668,0.263113
49.63931,8.9602,0.276873
49.63962,8.9621,0.264425
49.63993,8.9648,0.263425
49.64019,8.9648,0.263425
49.64050,8.9611,0.299009
49.64081,8.9668,0.263025
49.64111,8.9631,0.295817
49.64143,8.9498,0.262025
49.64174,8.9639,0.249945
49.64199,8.9678,0.249945
49.64230,8.9639,0.251745
49.64261,8.9678,0.251057
49.64292,8.9631,0.255145
49.64323,8.9678,0.261417
49.64354,8.9725,0.251345
49.64379,8.9668,0.251345
49.64410,8.9678,0.259025
49.64441,8.9697,0.266905
49.64472,8.9631,0.267801
49.64503,8.9602,0.272289
49.64534,8.9564,0.303409
49.64559,8.9668,0.303409
49.64590,8.9705,0.262713
49.64622,8.9705,0.259625
49.64653,8.9715,0.261025
49.64684,8.9611,0.260337
49.64709,8.9574,0.260337
49.64740,8.9725,0.261625
49.64771,8.9648,0.261233
49.64802,8.9705,0.270393
49.64833,8.9688,0.304809
49.64864,8.9705,0.263505
49.64889,8.9621,0.263505
49.64920,8.9631,0.258521
49.64951,8.9592,0.300801
49.64982,8.9611,0.300009
49.65013,8.9611,0.300217
49.65044,8.9621,0.258233
49.65069,8.9725,0.258233
49.65100,8.9611,0.264505
49.65131,8.9611,0.252641
49.65162,8.9658,0.252953
49.65193,8.9611,0.251553
49.65218,8.9688,0.251553
49.65249,8.9648,0.257433
49.65280,8.9658,0.251345
49.65311,8.9715,0.253449
49.65342,8.9631,0.254137
49.65373,8.9678,0.254033
49.65398,8.9621,0.254033
49.65429,8.9621,0.261817
49.65460,8.9658,0.272497
49.65491,8.9582,0.273393
49.65522,8.9621,0.264713
49.65553,8.9695,0.261521
49.65578,8.9697,0.261521
49.65610,8.9744,0.263321
49.65641,8.9744,0.260817
49.65672,8.9648,0.265321
49.65702,8.9668,0.262321
49.65734,8.9668,0.267905
49.65759,8.9668,0.267905
49.65790,8.9734,0.266409
49.65821,8.9688,0.262529
49.65852,8.9705,0.263025
49.65883,8.9688,0.263713
49.65908,8.9658,0.263713
49.65939,8.9705,0.260521
49.65970,8.9611,0.261713
49.66001,8.9668,0.260729
49.66032,8.9641,0.260129
49.66063,8.9602,0.261625
49.66088,8.9658,0.261625
49.66119,8.9611,0.260729
49.66150,8.9648,0.260921
49.66181,8.9631,0.261025
49.66212,8.9648,0.260921
49.66243,8.9658,0.262217
49.66269,8.9592,0.262217
49.66299,8.9648,0.303305
49.66330,8.9688,0.261713
49.66361,8.9668,0.264425
49.66393,8.9584,0.265905
49.66418,8.9602,0.265905
49.66449,8.9631,0.268489
49.66480,8.9715,0.268201
49.66511,8.9631,0.265721
49.66542,8.9648,0.265401
49.66573,8.9631,0.265801
49.66598,8.9658,0.265801
49.66629,8.9621,0.261713
49.66660,8.9705,0.261713
49.66691,8.9631,0.263321
49.66722,8.9705,0.291433
49.66753,8.9688,0.294921
49.66779,8.9574,0.294921
49.66809,8.9668,0.292329
49.66840,8.9678,0.259417
49.66871,8.9725,0.254641
49.66902,8.9648,0.256329
49.66933,8.9695,0.250657
49.66959,8.9611,0.250657
49.66990,8.9631,0.258337
49.67021,8.9648,0.258833
49.67052,8.9678,0.243881
49.67083,8.9631,0.250345
49.67108,8.9639,0.250345
49.67139,8.9678,0.247865
49.67170,8.9752,0.250265
49.67201,8.9648,0.253345
49.67232,8.9574,0.262921
49.67263,8.9631,0.271681
49.67288,8.9611,0.271681
49.67320,8.9668,0.275377
49.67351,8.9678,0.263321
49.67381,8.9668,0.259233
49.67412,8.9564,0.304697
49.67443,8.9574,0.272289
49.67469,8.9602,0.272289
49.67500,8.9574,0.260921
49.67531,8.9611,0.265721
49.67562,8.9631,0.262817
49.67593,8.9705,0.262713
49.67618,8.9688,0.262713
49.67649,8.9621,0.263321
49.67680,8.9602,0.264817
49.67711,8.9705,0.307889
49.67742,8.9545,0.307785
49.67773,8.9582,0.302097
49.67798,8.9668,0.302097
49.67829,8.9582,0.301193
49.67860,8.9639,0.268201
49.67891,8.9564,0.272577
49.67922,8.9705,0.274185
49.67953,8.9695,0.257329
49.67978,8.9621,0.257329
49.68009,8.9648,0.255937
49.68040,8.9648,0.257537
49.68071,8.9592,0.258833
49.68102,8.9555,0.263921
49.68133,8.9592,0.270305
49.68159,8.9631,0.270305
49.68190,8.9668,0.287641
49.68221,8.9611,0.274873
49.68252,8.9648,0.259625
49.68283,8.9639,0.261521
49.68308,8.9697,0.261521
49.68339,8.9697,0.261713
49.68370,8.9668,0.259921
49.68401,8.9648,0.256729
49.68432,8.9639,0.264713
49.68463,8.9611,0.256249
49.68488,8.9592,0.256249
49.68519,8.9592,0.264817
49.68550,8.9611,0.264713
49.68581,8.9498,0.265113
49.68612,8.9639,0.264113
49.68643,8.9564,0.267697
49.68668,8.9695,0.267697
49.68699,8.9695,0.262817
49.68730,8.9668,0.262713
49.68761,8.9695,0.258833
49.68793,8.9658,0.262321
49.68818,8.9658,0.262321
49.68849,8.9668,0.263113
49.68880,8.9582,0.298425
49.68911,8.9648,0.261625
49.68942,8.9705,0.269409
49.68973,8.9582,0.262425
49.68998,8.9631,0.262425
49.69029,8.9658,0.258337
49.69060,8.9584,0.260729
49.69091,8.9631,0.262713
49.69122,8.9611,0.262129
49.69153,8.9658,0.299505
49.69178,8.9725,0.299505
49.69209,8.9725,0.286849
49.69240,8.9564,0.262217
49.69271,8.9574,0.265113
49.69302,8.9639,0.263505
49.69333,8.9725,0.263113
49.69358,8.9688,0.263113
49.69390,8.9781,0.260417
49.69421,8.9602,0.303201
49.69452,8.9555,0.303201
49.69483,8.9668,0.296129
49.69508,8.9582,0.296129
49.69539,8.9611,0.255145
49.69570,8.9678,0.261313
49.69601,8.9668,0.242985
49.69632,8.9705,0.258833
49.69663,8.9611,0.255433
49.69688,8.9631,0.255433
49.69719,8.9592,0.252953
49.69750,8.9705,0.246361
49.69781,8.9715,0.241769
49.69812,8.9668,0.244777
49.69843,8.9725,0.246065
49.69868,8.9668,0.246065
49.69899,8.9734,0.250657
49.69930,8.9621,0.263425
49.69961,8.9744,0.273681
49.69992,8.9592,0.276665
49.70018,8.9564,0.276665
49.70049,8.9545,0.262921
49.70080,8.9695,0.250049
49.70111,8.9555,0.265401
49.70142,8.9734,0.253745
49.70173,8.9705,0.257329
49.70198,8.9697,0.257329
49.70229,8.9678,0.260729
49.70260,8.9658,0.261417
49.70291,8.9734,0.266305
49.70322,8.9592,0.305889
49.70353,8.9582,0.260129
49.70378,8.9658,0.260129
49.70409,8.9602,0.260337
49.70440,8.9535,0.296521
49.70471,8.9648,0.299609
49.70502,8.9564,0.278065
49.70533,8.9648,0.267905
49.70558,8.9592,0.267905
49.70590,8.9641,0.269809
49.70621,8.9555,0.301801
49.70652,8.9781,0.259233
49.70683,8.9648,0.258729
49.70708,8.9668,0.258729
49.70739,8.9584,0.261713
49.70770,8.9631,0.259625
49.70801,8.9668,0.268097
49.70832,8.9639,0.274977
49.70863,8.9639,0.283945
49.70888,8.9668,0.283945
49.70919,8.9621,0.280569
49.70950,8.9602,0.265505
49.70981,8.9631,0.264009
49.71012,8.9611,0.261025
49.71043,8.9715,0.265721
49.71068,8.9641,0.265721
49.71099,8.9734,0.261313
49.71130,8.9705,0.264905
49.71161,8.9611,0.263505
49.71193,8.9602,0.264505
49.71218,8.9705,0.264505
49.71249,8.9639,0.261521
49.71280,8.9648,0.266617
49.71311,8.9648,0.265505
49.71342,8.9715,0.267513
49.71373,8.9525,0.265505
49.71398,8.9639,0.265505
49.71429,8.9678,0.265905
49.71460,8.9678,0.265505
49.71491,8.9592,0.262025
49.71522,8.9611,0.261129
49.71553,8.9582,0.262425
49.71578,8.9705,0.262425
49.71609,8.9592,0.260625
49.71640,8.9639,0.260921
49.71671,8.9668,0.260817
49.71702,8.9668,0.262025
49.71727,8.9574,0.262025
49.71758,8.9621,0.260729
49.71790,8.9621,0.255329
49.71821,8.9592,0.258441
49.71852,8.9715,0.261417
49.71883,8.9621,0.264217
49.71908,8.9631,0.264217
49.71939,8.9648,0.263113
49.71970,8.9584,0.267009
49.72001,8.9631,0.265321
49.72032,8.9688,0.266513
49.72063,8.9602,0.305889
49.72088,8.9535,0.305889
49.72119,8.9631,0.306785
49.72150,8.9602,0.304593
49.72181,8.9621,0.287537
49.72212,8.9648,0.258041
49.72237,8.9648,0.258041
49.72268,8.9725,0.261025
49.72299,8.9744,0.253849
49.72330,8.9658,0.262217
49.72361,8.9715,0.248049
49.72393,8.9648,0.247969
49.72418,8.9658,0.247969
49.72449,8.9725,0.246865
49.72480,8.9705,0.246569
49.72511,8.9668,0.250953
49.72542,8.9631,0.263025
49.72567,8.9611,0.263025
49.72598,8.9602,0.261313
49.72629,8.9582,0.275289
49.72660,8.9678,0.263817
49.72691,8.9639,0.268905
49.72722,8.9648,0.264905
49.72747,8.9631,0.264905
49.72778,8.9602,0.265721
49.72809,8.9631,0.263713
49.72840,8.9582,0.266617
49.72871,8.9631,0.264217
49.72902,8.9705,0.263113
49.72928,8.9744,0.263113
49.72959,8.9611,0.261625
49.72990,8.9678,0.262025
49.73021,8.9791,0.264817
49.73052,8.9498,0.297025
49.73077,8.9658,0.297025
49.73108,8.9639,0.301193
49.73139,8.9498,0.302201
49.73170,8.9678,0.268905
49.73201,8.9621,0.312961
49.73232,8.9555,0.277777
49.73257,8.9715,0.277777
49.73288,8.9639,0.251849
49.73320,8.9592,0.250849
49.73350,8.9725,0.254457
49.73381,8.9648,0.265801
49.73412,8.9611,0.269809
49.73438,8.9574,0.269809
49.73469,8.9648,0.267905
49.73500,8.9592,0.328521
49.73531,8.9611,0.267305
49.73562,8.9658,0.264113
49.73593,8.9678,0.260729
49.73618,8.9602,0.260729
49.73649,8.9611,0.260921
49.73680,8.9639,0.260625
49.73711,8.9715,0.261025
49.73742,8.9574,0.262321
49.73767,8.9725,0.262321
49.73798,8.9695,0.257329
49.73829,8.9641,0.264713
49.73860,8.9631,0.261713
49.73891,8.9734,0.263529
49.73922,8.9668,0.263921
49.73948,8.9648,0.263921
49.73979,8.9631,0.260417
49.74010,8.9582,0.260025
49.74040,8.9621,0.270993
49.74071,8.9668,0.267305
49.74102,8.9781,0.268305
49.74128,8.9771,0.268305
49.74159,8.9611,0.266113
49.74190,8.9705,0.265009
49.74221,8.9688,0.264321
49.74252,8.9648,0.259521
49.74277,8.9688,0.259521
49.74308,8.9668,0.262025
49.74339,8.9631,0.262321
49.74370,8.9668,0.259417
49.74401,8.9658,0.261817
49.74432,8.9658,0.263025
49.74458,8.9688,0.263025
49.74488,8.9631,0.261313
49.74519,8.9744,0.257145
49.74550,8.9688,0.263713
49.74581,8.9734,0.260417
49.74612,8.9611,0.261921
49.74638,8.9688,0.261921
49.74669,8.9611,0.292225
49.74700,8.9648,0.275377
49.74731,8.9525,0.301513
49.74762,8.9695,0.302201
49.74793,8.9621,0.298009
49.74818,8.9611,0.298009
49.74849,8.9678,0.259233
49.74880,8.9631,0.263609
49.74911,8.9688,0.251745
49.74942,8.9648,0.311769
49.74967,8.9648,0.311769
49.74998,8.9611,0.268801
49.75029,8.9592,0.246865
49.75060,8.9668,0.240873
49.75091,8.9668,0.239393
49.75122,8.9602,0.249553
49.75148,8.9771,0.249553
49.75178,8.9688,0.240393
49.75209,8.9744,0.258041
49.75240,8.9592,0.262129
49.75271,8.9631,0.261625
49.75302,8.9678,0.274393
49.75328,8.9648,0.274393
49.75359,8.9705,0.269489
49.75390,8.9715,0.264609
49.75421,8.9631,0.262921
49.75452,8.9668,0.262425
49.75477,8.9762,0.262425
49.75508,8.9631,0.267009
49.75539,8.9734,0.265113
49.75570,8.9688,0.265801
49.75601,8.9658,0.267905
49.75632,8.9658,0.267905
49.75657,8.9697,0.267905
49.75688,8.9611,0.265401
49.75719,8.9584,0.302097
49.75750,8.9688,0.306097
49.75781,8.9592,0.298713
49.75812,8.9592,0.291041
49.75837,8.9592,0.291041
49.75868,8.9631,0.262321
49.75899,8.9592,0.273393
49.75930,8.9621,0.256641
49.75961,8.9658,0.255937
49.75992,8.9678,0.255537
49.76018,8.9668,0.255537
49.76049,8.9658,0.254641
49.76080,8.9582,0.273393
49.76111,8.9592,0.314273
49.76142,8.9641,0.277169
49.76167,8.9518,0.277169
49.76198,8.9582,0.286345
49.76229,8.9592,0.265009
49.76260,8.9641,0.265401
49.76291,8.9611,0.268097
49.76322,8.9725,0.265217
49.76347,8.9668,0.265217
49.76378,8.9725,0.267009
49.76409,8.9592,0.322057
49.76440,8.9574,0.271289
49.76471,8.9631,0.264505
49.76502,8.9697,0.266905
49.76527,8.9641,0.266905
49.76558,8.9641,0.297609
49.76589,8.9678,0.260233
49.76621,8.9631,0.300401
49.76652,8.9668,0.265905
49.76677,8.9695,0.265905
49.76708,8.9668,0.263425
49.76739,8.9639,0.295129
49.76770,8.9725,0.256641
49.76801,8.9631,0.257537
49.76832,8.9621,0.293921
49.76857,8.9574,0.293921
49.76888,8.9582,0.263505
49.76919,8.9592,0.287641
49.76950,8.9611,0.292225
49.76981,8.9611,0.263321
49.77012,8.9574,0.266697
49.77037,8.9658,0.266697
49.77068,8.9602,0.299217
49.77099,8.9688,0.265113
49.77130,8.9715,0.286657
49.77161,8.9631,0.283553
49.77187,8.9705,0.283553
49.77218,8.9705,0.261921
49.77249,8.9574,0.294129
49.77280,8.9582,0.260233
49.77311,8.9631,0.263921
49.77342,8.9678,0.293921
49.77367,8.9611,0.293921
49.77398,8.9678,0.274289
49.77429,8.9621,0.263113
49.77460,8.9648,0.295025
49.77491,8.9668,0.263217
49.77522,8.9715,0.262921
49.77547,8.9555,0.262921
49.77578,8.9584,0.338305
49.77609,8.9592,0.262609
49.77640,8.9658,0.275689
49.77671,8.9648,0.297921
49.77697,8.9695,0.297921
49.77728,8.9602,0.263025
49.77759,8.9574,0.263921
49.77790,8.9688,0.263505
49.77821,8.9705,0.268905
49.77852,8.9611,0.316257
49.77877,8.9705,0.316257
49.77908,8.9658,0.292041
49.77939,8.9602,0.261521
49.77970,8.9621,0.296129
49.78001,8.9582,0.261417
49.78032,8.9697,0.262217
49.78057,8.9705,0.262217
49.78088,8.9658,0.288641
49.78119,8.9611,0.263113
49.78150,8.9574,0.255537
49.78181,8.9574,0.295417
49.78207,8.9592,0.295417
49.78237,8.9744,0.260337
49.78268,8.9668,0.258441
49.78299,8.9564,0.281465
49.78330,8.9715,0.261713
49.78361,8.9658,0.263817
49.78387,8.9592,0.263817
49.78418,8.9631,0.295729
49.78449,8.9688,0.261817
49.78480,8.9857,0.287345
49.78511,8.9555,0.270889
49.78542,8.9744,0.266113
49.78567,8.9545,0.266113
49.78598,8.9582,0.264321
49.78629,8.9545,0.259729
49.78660,8.9734,0.261817
49.78691,8.9574,0.293937
49.78716,8.9535,0.293937
49.78747,8.9705,0.265217
49.78778,8.9564,0.263817
49.78809,8.9688,0.297025
49.78840,8.9725,0.263505
49.78871,8.9668,0.263505
49.78897,8.9611,0.263505
49.78928,8.9631,0.303409
49.78958,8.9752,0.263713
49.78990,8.9639,0.329129
49.79021,8.9592,0.292537
49.79047,8.9688,0.292537
49.79078,8.9592,0.266305
49.79109,8.9518,0.299321
49.79140,8.9574,0.271889
49.79171,8.9611,0.264321
49.79202,8.9641,0.289433
49.79227,8.9705,0.289433
49.79258,8.9695,0.282865
49.79289,8.9611,0.307289
49.79320,8.9611,0.299113
49.79351,8.9621,0.261713
49.79382,8.9648,0.261521
49.79407,8.9688,0.261521
49.79438,8.9518,0.292433
49.79469,8.9631,0.262217
49.79500,8.9715,0.266513
49.79531,8.9658,0.296817
49.79562,8.9621,0.262129
49.79587,8.9668,0.262129
49.79619,8.9668,0.297921
49.79650,8.9641,0.270393
49.79681,8.9648,0.265009
49.79712,8.9697,0.271681
49.79737,8.9582,0.271681
49.79768,8.9678,0.305393
49.79799,8.9668,0.261713
49.79830,8.9705,0.298713
49.79861,8.9592,0.267305
49.79892,8.9678,0.263817
49.79917,8.9602,0.263817
49.79948,8.9631,0.277481
49.79979,8.9639,0.263321
49.80010,8.9584,0.262529
49.80041,8.9705,0.299401
49.80066,8.9602,0.299401
49.80097,8.9621,0.260417
49.80128,8.9688,0.255745
49.80159,8.9688,0.280169
49.80190,8.9639,0.264505
49.80222,8.9611,0.261521
49.80247,8.9582,0.261521
49.80278,8.9725,0.296713
49.80309,8.9658,0.262217
49.80340,8.9631,0.289849
49.80371,8.9574,0.287953
49.80402,8.9621,0.265113
49.80427,8.9688,0.265113
49.80458,8.9582,0.309689
49.80489,8.9678,0.265801
49.80520,8.9695,0.257537
49.80551,8.9695,0.253537
49.80576,8.9688,0.253537
49.80607,8.9688,0.253137
49.80638,8.9744,0.251057
49.80669,8.9678,0.258121
49.80700,8.9705,0.252057
49.80731,8.9592,0.304201
49.80756,8.9574,0.304201
49.80787,8.9639,0.265505
49.80819,8.9678,0.276873
49.80850,8.9592,0.272889
49.80881,8.9658,0.262217
49.80912,8.9611,0.262529
49.80937,8.9688,0.262529
49.80968,8.9688,0.266905
49.80999,8.9658,0.260921
49.81030,8.9631,0.264505
49.81061,8.9648,0.262817
49.81086,8.9631,0.262817
49.81117,8.9631,0.264321
49.81148,8.9658,0.263217
49.81179,8.9631,0.265217
49.81210,8.9631,0.264713
49.81241,8.9602,0.262633
49.81266,8.9688,0.262633
49.81297,8.9555,0.302201
49.81328,8.9545,0.305601
49.81359,8.9668,0.285449
49.81390,8.9658,0.264817
49.81416,8.9668,0.264817
49.81447,8.9668,0.267513
49.81478,8.9678,0.271289
49.81509,8.9668,0.251265
49.81540,8.9734,0.252345
49.81571,8.9611,0.255641
49.81596,8.9592,0.255641
49.81627,8.9639,0.263817
49.81658,8.9592,0.266513
49.81689,8.9574,0.276977
49.81720,8.9668,0.286449
49.81751,8.9602,0.266009
49.81777,8.9621,0.266009
49.81807,8.9602,0.254745
49.81838,8.9545,0.259921
49.81869,8.9648,0.285953
49.81900,8.9592,0.300009
49.81931,8.9592,0.263713
49.81957,8.9648,0.263713
49.81988,8.9725,0.263921
49.82019,8.9668,0.261625
49.82050,8.9631,0.261313
49.82081,8.9658,0.259025
49.82106,8.9545,0.259025
49.82137,8.9725,0.261713
49.82168,8.9592,0.261025
49.82199,8.9555,0.286161
49.82230,8.9584,0.267009
49.82261,8.9631,0.261817
49.82286,8.9545,0.261817
49.82317,8.9535,0.260625
49.82348,8.9592,0.262321
49.82379,8.9695,0.262321
49.82410,8.9678,0.259833
49.82441,8.9658,0.263113
49.82466,8.9668,0.263113
49.82497,8.9592,0.263505
49.82528,8.9621,0.265721
49.82559,8.9762,0.264217
49.82590,8.9648,0.267113
49.82622,8.9725,0.261713
49.82647,8.9611,0.261713
49.82678,8.9639,0.264425
49.82709,8.9525,0.259417
49.82740,8.9592,0.260625
49.82771,8.9809,0.262025
49.82796,8.9648,0.262025
49.82827,8.9631,0.264425
49.82858,8.9678,0.264817
49.82889,8.9611,0.261713
49.82920,8.9611,0.275289
49.82951,8.9525,0.302009
49.82976,8.9648,0.302009
49.83007,8.9648,0.301801
49.83038,8.9461,0.255833
49.83069,8.9611,0.255145
49.83100,8.9678,0.262217
49.83131,8.9781,0.249361
49.83156,8.9555,0.249361
49.83187,8.9658,0.262425
49.83219,8.9668,0.256225
49.83250,8.9648,0.249865
49.83281,8.9705,0.245857
49.83306,8.9658,0.245857
49.83337,8.9535,0.249361
49.83368,8.9592,0.290937
49.83399,8.9791,0.245465
49.83430,8.9678,0.245361
49.83461,8.9658,0.256937
49.83486,8.9592,0.256937
49.83517,8.9639,0.266801
49.83548,8.9725,0.262713
49.83579,8.9688,0.263025
49.83610,8.9631,0.278673
49.83641,8.9592,0.302697
49.83666,8.9648,0.302697
49.83697,8.9668,0.259921
49.83728,8.9658,0.262609
49.83759,8.9668,0.266113
49.83790,8.9574,0.261417
49.83816,8.9631,0.261417
49.83847,8.9688,0.263505
49.83878,8.9695,0.268009
49.83909,8.9705,0.264713
49.83940,8.9648,0.300801
49.83971,8.9564,0.304385
49.83996,8.9611,0.304385
49.84027,8.9611,0.302993
49.84058,8.9611,0.266617
49.84089,8.9631,0.271889
49.84120,8.9631,0.273081
49.84151,8.9602,0.254937
49.84176,8.9639,0.254937
49.84207,8.9641,0.254353
49.84238,8.9754,0.259625
49.84269,8.9678,0.258625
49.84300,8.9744,0.257433
49.84331,8.9658,0.278169
49.84356,8.9678,0.278169
49.84387,8.9658,0.283553
49.84419,8.9668,0.272577
49.84450,8.9582,0.268305
49.84481,8.9639,0.262817
49.84506,8.9631,0.262817
49.84537,8.9631,0.264505
49.84568,8.9658,0.264321
49.84599,8.9611,0.265721
49.84630,8.9621,0.265217
49.84661,8.9535,0.262713
49.84686,8.9545,0.262713
49.84717,8.9535,0.266697
49.84748,8.9631,0.268097
49.84779,8.9668,0.306289
49.84810,8.9518,0.262817
49.84841,8.9688,0.264905
49.84866,8.9658,0.264905
49.84897,8.9631,0.263921
49.84928,8.9648,0.275585
49.84959,8.9582,0.262713
49.84990,8.9725,0.264009
49.85021,8.9611,0.265217
49.85046,8.9631,0.265217
49.85077,8.9555,0.262817
49.85108,8.9658,0.255041
49.85139,8.9621,0.265505
49.85170,8.9611,0.252345
49.85196,8.9725,0.252345
49.85227,8.9631,0.260625
49.85258,8.9744,0.273081
49.85289,8.9734,0.261713
49.85320,8.9688,0.264217
49.85351,8.9668,0.268009
49.85376,8.9648,0.268009
49.85407,8.9611,0.263921
49.85438,8.9725,0.260921
49.85469,8.9641,0.261625
49.85500,8.9734,0.262025
49.85531,8.9582,0.263425
49.85556,8.9648,0.263425
49.85587,8.9744,0.260521
49.85618,8.9611,0.294025
49.85649,8.9695,0.300297
49.85680,8.9631,0.303489
49.85711,8.9611,0.296025
49.85736,8.9678,0.296025
49.85767,8.9611,0.262217
49.85798,8.9582,0.252449
49.85829,8.9688,0.251553
49.85860,8.9752,0.254457
49.85885,8.9582,0.254457
49.85917,8.9641,0.255833
49.85948,8.9695,0.257329
49.85978,8.9678,0.247761
49.86009,8.9688,0.247257
49.86040,8.9574,0.249945
49.86066,8.9688,0.249945
49.86097,8.9611,0.249945
49.86128,8.9631,0.262129
49.86159,8.9725,0.269889
49.86190,8.9611,0.273081
49.86221,8.9555,0.312169
49.86246,8.9545,0.312169
49.86277,8.9678,0.269489
49.86308,8.9695,0.260417
49.86339,8.9771,0.258521
49.86370,8.9658,0.261129
49.86396,8.9678,0.261129
49.86427,8.9695,0.262321
49.86458,8.9639,0.264817
49.86488,8.9668,0.260129
49.86519,8.9695,0.301193
49.86550,8.9611,0.258937
49.86576,8.9668,0.258937
49.86607,8.9639,0.258833
49.86638,8.9658,0.301801
49.86669,8.9555,0.300401
49.86700,8.9592,0.301905
49.86731,8.9574,0.257433
49.86756,8.9631,0.257433
49.86787,8.9639,0.265505
49.86818,8.9648,0.265609
49.86849,8.9592,0.249049
49.86880,8.9611,0.246673
49.86911,8.9648,0.251265
49.86942,8.9688,0.254745
49.86967,8.9582,0.254745
49.86998,8.9781,0.253345
49.87029,8.9648,0.265321
49.87060,8.9631,0.280857
49.87091,8.9648,0.286657
49.87116,8.9801,0.286657
49.87147,8.9725,0.267009
49.87178,8.9705,0.263321
49.87209,8.9734,0.263425
49.87240,8.9668,0.262129
49.87271,8.9648,0.263321
49.87296,8.9725,0.263321
49.87327,8.9705,0.264217
49.87358,8.9592,0.267409
49.87390,8.9688,0.267905
49.87421,8.9658,0.266409
49.87446,8.9697,0.266409
49.87477,8.9658,0.265009
49.87508,8.9621,0.265401
49.87539,8.9715,0.266193
49.87570,8.9631,0.265321
49.87601,8.9754,0.264425
49.87626,8.9695,0.264425
49.87657,8.9648,0.262921
49.87688,8.9639,0.286241
49.87719,8.9678,0.262025
49.87750,8.9592,0.258625
49.87781,8.9639,0.263609
49.87807,8.9574,0.263609
49.87838,8.9678,0.262713
49.87869,8.9648,0.262025
49.87900,8.9611,0.261817
49.87930,8.9678,0.262129
49.87962,8.9641,0.302905
49.87987,8.9695,0.302905
49.88018,8.9602,0.273497
49.88049,8.9621,0.267113
49.88080,8.9648,0.266217
49.88111,8.9545,0.267201
49.88136,8.9641,0.267201
49.88167,8.9734,0.266009
49.88198,8.9631,0.267009
49.88229,8.9582,0.263817
49.88260,8.9725,0.265113
49.88291,8.9535,0.279065
49.88316,8.9725,0.279065
49.88347,8.9611,0.299713
49.88378,8.9555,0.297209
49.88409,8.9668,0.255353
49.88440,8.9734,0.246969
49.88471,8.9705,0.257833
49.88497,8.9734,0.257833
49.88528,8.9695,0.246257
49.88558,8.9555,0.251057
49.88590,8.9695,0.243777
49.88621,8.9631,0.245169
49.88646,8.9744,0.245169
49.88677,8.9734,0.243481
49.88708,8.9592,0.247257
49.88739,8.9752,0.252241
49.88770,8.9648,0.260817
49.88801,8.9555,0.274793
49.88826,8.9584,0.274793
49.88857,8.9725,0.280465
49.88888,8.9648,0.266009
49.88919,8.9574,0.267905
49.88950,8.9705,0.267305
49.88981,8.9641,0.263713
49.89007,8.9725,0.263713
49.89037,8.9678,0.265505
49.89068,8.9688,0.261521
49.89099,8.9584,0.279273
49.89130,8.9479,0.306497
49.89161,8.9631,0.262921
49.89187,8.9611,0.262921
49.89218,8.9639,0.263425
49.89249,8.9688,0.292937
49.89280,8.9555,0.304697
49.89311,8.9648,0.302513
49.89336,8.9525,0.302513
49.89367,8.9668,0.304809
49.89398,8.9592,0.296817
49.89429,8.9564,0.295921
49.89460,8.9658,0.253449
49.89491,8.9725,0.256433
49.89516,8.9678,0.256433
49.89547,8.9658,0.255937
49.89578,8.9715,0.255641
49.89609,8.9611,0.256145
49.89640,8.9744,0.269489
49.89671,8.9648,0.270097
49.89697,8.9621,0.270097
49.89728,8.9621,0.279377
49.89759,8.9582,0.269201
49.89790,8.9602,0.260521
49.89821,8.9744,0.260817
49.89846,8.9734,0.260817
49.89877,8.9631,0.259625
49.89908,8.9695,0.261817
49.89939,8.9658,0.260233
49.89970,8.9668,0.261921
49.90001,8.9668,0.259921
49.90026,8.9678,0.259921
49.90057,8.9641,0.259521
49.90088,8.9705,0.257433
49.90119,8.9621,0.252241
49.90150,8.9631,0.263217
49.90181,8.9695,0.257937
49.90207,8.9791,0.257937
49.90238,8.9631,0.263321
49.90269,8.9631,0.263817
49.90299,8.9715,0.262817
49.90330,8.9688,0.263505
49.90361,8.9668,0.264713
49.90387,8.9697,0.264713
49.90418,8.9582,0.259337
49.90449,8.9648,0.261025
49.90480,8.9639,0.261921
49.90511,8.9725,0.262921
49.90536,8.9631,0.262921
49.90567,8.9535,0.258937
49.90598,8.9582,0.261713
49.90629,8.9639,0.261025
49.90660,8.9668,0.261129
49.90691,8.9592,0.262217
49.90717,8.9678,0.262217
49.90747,8.9715,0.265113
49.90779,8.9695,0.261313
49.90809,8.9631,0.264817
49.90840,8.9658,0.268409
49.91054,8.9631,0.262217
49.91230,8.9688,0.259233
49.91406,8.9648,0.248465
49.91582,8.9602,0.264817
49.91758,8.9582,0.265009
49.91934,8.9695,0.277481
49.92110,8.9818,0.268201
49.92285,8.9658,0.263217
49.92311,8.9631,0.316569
49.92336,8.9602,0.316569
49.92367,8.9648,0.273577
49.92398,8.9545,0.293017
49.92429,8.9602,0.277665
49.92460,8.9631,0.265609
49.92491,8.9725,0.261713
49.92516,8.9695,0.261713
49.92547,8.9648,0.264713
49.92578,8.9631,0.263505
49.92609,8.9592,0.278377
49.92640,8.9621,0.296025
49.92665,8.9658,0.296025
49.92696,8.9658,0.262129
49.92727,8.9678,0.263505
49.92758,8.9611,0.262425
49.92789,8.9725,0.265721
49.92820,8.9631,0.279673
49.92846,8.9668,0.279673
49.92877,8.9582,0.292625
49.92908,8.9695,0.261921
49.92938,8.9621,0.297209
49.92970,8.9479,0.264713
49.93001,8.9648,0.266513
49.93026,8.9668,0.266513
49.93057,8.9631,0.290537
49.93088,8.9602,0.267801
49.93119,8.9668,0.269201
49.93150,8.9584,0.300609
49.93181,8.9695,0.264505
49.93206,8.9734,0.264505
49.93237,8.9668,0.262025
49.93268,8.9621,0.278777
49.93299,8.9762,0.262713
49.93330,8.9658,0.264713
49.93361,8.9688,0.293017
49.93386,8.9631,0.293017
49.93417,8.9584,0.261921
49.93448,8.9715,0.331209
49.93479,8.9582,0.287641
49.93510,8.9621,0.258337
49.93535,8.9592,0.258337
49.93566,8.9535,0.271201
49.93597,8.9631,0.298817
49.93628,8.9648,0.259025
49.93660,8.9648,0.293121
49.93691,8.9582,0.265321
49.93716,8.9648,0.265321
49.93747,8.9688,0.265505
49.93778,8.9545,0.296313
49.93809,8.9668,0.265009
49.93840,8.9592,0.263113
49.93871,8.9592,0.297713
49.93896,8.9688,0.297713
49.93927,8.9695,0.260337
49.93958,8.9631,0.281865
49.93989,8.9621,0.297817
49.94020,8.9705,0.261129
49.94051,8.9668,0.260129
49.94076,8.9688,0.260129
49.94107,8.9639,0.291641
49.94138,8.9621,0.260129
49.94169,8.9734,0.286657
49.94200,8.9668,0.281257
49.94226,8.9658,0.281257
49.94257,8.9639,0.261817
49.94288,8.9621,0.296921
49.94319,8.9697,0.262817
49.94350,8.9705,0.262129
49.94381,8.9631,0.299713
49.94406,8.9658,0.299713
49.94437,8.9705,0.276377
49.94468,8.9688,0.270785
49.94499,8.9688,0.298425
49.94530,8.9602,0.264425
49.94561,8.9668,0.263025
49.94586,8.9648,0.263025
49.94617,8.9621,0.294521
49.94648,8.9678,0.259233
49.94679,8.9602,0.269201
49.94710,8.9648,0.296625
49.94735,8.9631,0.296625
49.94766,8.9678,0.260521
49.94797,8.9678,0.260417
49.94828,8.9602,0.260729
49.94859,8.9705,0.261817
49.94890,8.9648,0.301009
49.94916,8.9545,0.301009
49.94946,8.9639,0.326433
49.94977,8.9648,0.261129
49.95008,8.9584,0.294337
49.95039,8.9611,0.259833
49.95070,8.9639,0.260025
49.95096,8.9611,0.260025
49.95127,8.9535,0.281865
49.95158,8.9602,0.263713
49.95189,8.9678,0.294025
49.95220,8.9535,0.323033
49.95251,8.9688,0.264009
49.95276,8.9639,0.264009
49.95307,8.9658,0.262129
49.95338,8.9582,0.275873
49.95369,8.9715,0.261713
49.95400,8.9695,0.262025
49.95425,8.9602,0.262025
49.95456,8.9592,0.294521
49.95487,8.9688,0.263505
49.95518,8.9592,0.296817
49.95549,8.9602,0.270097
49.95580,8.9641,0.263113
49.95606,8.9705,0.263113
49.95637,8.9564,0.268097
49.95667,8.9688,0.263025
49.95699,8.9678,0.262817
49.95730,8.9574,0.296417
49.95761,8.9602,0.266409
49.95786,8.9611,0.266409
49.95817,8.9668,0.266513
49.95848,8.9574,0.295417
49.95879,8.9611,0.266009
49.95910,8.9658,0.266513
49.95941,8.9469,0.298321
49.95966,8.9621,0.298321
49.95997,8.9688,0.264321
49.96029,8.9621,0.281169
49.96060,8.9592,0.290249
49.96091,8.9734,0.262321
49.96116,8.9752,0.262321
49.96147,8.9611,0.264321
49.96178,8.9518,0.263217
49.96209,8.9668,0.261521
49.96240,8.9648,0.287953
49.96265,8.9564,0.287953
49.96296,8.9602,0.281865
49.96327,8.9695,0.264113
49.96358,8.9631,0.337801
49.96389,8.9641,0.265905
49.96420,8.9621,0.264321
49.96445,8.9658,0.264321
49.96476,8.9648,0.291833
49.96507,8.9688,0.280857
49.96538,8.9639,0.268513
49.96569,8.9631,0.296817
49.96600,8.9631,0.272097
49.96626,8.9639,0.272097
49.96657,8.9611,0.284761
49.96688,8.9631,0.260233
49.96719,8.9631,0.249657
49.96750,8.9715,0.246569
49.96775,8.9621,0.246569
49.96806,8.9744,0.245569
49.96837,8.9658,0.239185
49.96868,8.9678,0.253953
49.96899,8.9752,0.247865
49.96930,8.9678,0.267513
49.96955,8.9564,0.267513
49.96986,8.9678,0.266801
49.97017,8.9602,0.258441
49.97048,8.9688,0.275977
49.97079,8.9668,0.264321
49.97110,8.9705,0.264113
49.97135,8.9668,0.264113
49.97166,8.9771,0.263505
49.97197,8.9592,0.269809
49.97229,8.9631,0.279961
49.97260,8.9611,0.265297
49.97285,8.9801,0.265297
49.97316,8.9648,0.266409
49.97347,8.9639,0.268097
49.97378,8.9715,0.264321
49.97409,8.9668,0.261313
49.97440,8.9611,0.265609
49.97465,8.9611,0.265609
49.97496,8.9621,0.297425
49.97527,8.9508,0.302905
49.97558,8.9602,0.305497
49.97589,8.9592,0.265505
49.97620,8.9545,0.271497
49.97645,8.9592,0.271497
49.97676,8.9602,0.267009
49.97707,8.9574,0.257833
49.97738,8.9592,0.257145
49.97769,8.9639,0.250953
49.97800,8.9631,0.309481
49.97826,8.9602,0.309481
49.97857,8.9697,0.273289
49.97888,8.9678,0.275185
49.97919,8.9592,0.286241
49.97950,8.9639,0.272393
49.97975,8.9602,0.272393
49.98006,8.9555,0.269489
49.98037,8.9602,0.264905
49.98068,8.9734,0.264425
49.98099,8.9631,0.303697
49.98130,8.9648,0.261625
49.98155,8.9611,0.261625
49.98186,8.9592,0.258937
49.98217,8.9648,0.263609
49.98248,8.9639,0.262529
49.98279,8.9621,0.259625
49.98310,8.9639,0.261313
49.98335,8.9697,0.261313
49.98366,8.9639,0.259417
49.98398,8.9648,0.260025
49.98429,8.9705,0.258041
49.98460,8.9668,0.255537
49.98485,8.9744,0.255537
49.98516,8.9762,0.262129
49.98547,8.9648,0.261233
49.98578,8.9734,0.263713
49.98609,8.9602,0.264905
49.98640,8.9744,0.252849
49.98665,8.9688,0.252849
49.98696,8.9697,0.261921
49.98727,8.9668,0.264113
49.98758,8.9611,0.266009
49.98789,8.9678,0.259921
49.98820,8.9725,0.263113
49.98846,8.9688,0.263113
49.98877,8.9705,0.263713
49.98907,8.9668,0.261521
49.98938,8.9752,0.261129
49.98969,8.9705,0.256041
49.98995,8.9648,0.256041
49.99026,8.9639,0.261625
49.99057,8.9658,0.261713
49.99088,8.9678,0.261817
49.99119,8.9668,0.261921
49.99150,8.9602,0.299217
49.99175,8.9631,0.299217
49.99206,8.9574,0.302201
49.99237,8.9535,0.333009
49.99268,8.9564,0.264905
49.99299,8.9611,0.259129
49.99330,8.9715,0.254849
49.99355,8.9688,0.254849
49.99386,8.9658,0.251953
49.99417,8.9744,0.260625
49.99448,8.9688,0.265905
49.99479,8.9715,0.244065
49.99510,8.9734,0.244065
49.99535,8.9648,0.244065
49.99566,8.9688,0.289137
49.99597,8.9641,0.251657
49.99629,8.9602,0.253537
49.99660,8.9678,0.260729
49.99685,8.9695,0.260729
49.99716,8.9611,0.265905
49.99747,8.9611,0.268489
49.99778,8.9725,0.264401
49.99809,8.9705,0.262025
49.99840,8.9668,0.262609
49.99865,8.9611,0.262609
49.99896,8.9574,0.265401
49.99927,8.9641,0.264905
49.99958,8.9668,0.262817
49.99989,8.9582,0.266113
50.00020,8.9621,0.267409
50.00045,8.9592,0.267409
50.00076,8.9658,0.266113
50.00107,8.9639,0.263113
50.00138,8.9648,0.278673
50.00169,8.9582,0.306681
50.00195,8.9621,0.306681
50.00226,8.9602,0.293441
50.00257,8.9582,0.256041
50.00288,8.9611,0.269097
50.00319,8.9545,0.265609
50.00350,8.9688,0.257625
50.00375,8.9658,0.257625
50.00406,8.9705,0.254537
50.00437,8.9725,0.253345
50.00468,8.9508,0.254641
50.00499,8.9668,0.256729
50.00530,8.9715,0.259921
50.00555,8.9688,0.259921
50.00586,8.9611,0.273497
50.00617,8.9555,0.287241
50.00648,8.9602,0.279465
50.00679,8.9648,0.318945
50.00704,8.9574,0.318945
50.00735,8.9648,0.301297
50.00766,8.9678,0.275185
50.00798,8.9688,0.272889
50.00829,8.9715,0.270705
50.00860,8.9555,0.271201
50.00885,8.9582,0.271201
50.00916,8.9668,0.269097
50.00947,8.9678,0.266113
50.00978,8.9658,0.313569
50.01009,8.9602,0.283257
50.01034,8.9611,0.283257
50.01065,8.9592,0.268489
50.01096,8.9621,0.268489
50.01127,8.9639,0.280065
50.01158,8.9611,0.270993
50.01189,8.9648,0.274393
50.01215,8.9545,0.274393
50.01245,8.9648,0.275377
50.01276,8.9631,0.279377
50.01307,8.9611,0.272097
50.01338,8.9658,0.281569
50.01369,8.9639,0.273289
50.01395,8.9705,0.273289
50.01426,8.9648,0.274873
50.01457,8.9668,0.269489
50.01488,8.9611,0.275689
50.01519,8.9574,0.272681
50.01544,8.9602,0.272681
50.01575,8.9592,0.284049
50.01606,8.9648,0.281569
50.01637,8.9582,0.307977
50.01668,8.9715,0.310689
50.01699,8.9697,0.310769
50.01724,8.9555,0.310769
50.01755,8.9574,0.310481
50.01786,8.9611,0.310977
50.01817,8.9611,0.290937
50.01848,8.9668,0.305785
50.01879,8.9545,0.305993
50.01905,8.9555,0.305993
50.01935,8.9574,0.313673
50.01967,8.9574,0.307081
50.01998,8.9545,0.308793
50.02029,8.9555,0.309377
50.02060,8.9602,0.305201
50.02085,8.9525,0.305201
50.02116,8.9621,0.309585
50.02147,8.9498,0.353049
50.02178,8.9621,0.260521
50.02209,8.9705,0.258121
50.02234,8.9744,0.258121
50.02265,8.9725,0.262529
50.02296,8.9639,0.257537
50.02327,8.9641,0.264817
50.02358,8.9584,0.296817
50.02389,8.9658,0.302697
50.02414,8.9631,0.302697
50.02445,8.9498,0.339785
50.02476,8.9631,0.308681
50.02507,8.9535,0.305993
50.02538,8.9631,0.310185
50.02569,8.9592,0.310273
50.02595,8.9631,0.310273
50.02626,8.9688,0.288641
50.02657,8.9678,0.275481
50.02688,8.9715,0.262321
50.02719,8.9678,0.264217
50.02744,8.9535,0.264217
50.02775,8.9602,0.260729
50.02806,8.9602,0.266009
50.02837,8.9695,0.264113
50.02868,8.9648,0.305993
50.02899,8.9602,0.307889
50.02924,8.9631,0.307889
50.02955,8.9658,0.303801
50.02986,8.9574,0.261713
50.03017,8.9678,0.270497
50.03048,8.9639,0.275185
50.03079,8.9648,0.252449
50.03105,8.9621,0.252449
50.03135,8.9648,0.255641
50.03166,8.9641,0.252745
50.03198,8.9688,0.255641
50.03229,8.9725,0.263609
50.03254,8.9744,0.263609
50.03285,8.9592,0.267305
50.03316,8.9582,0.277377
50.03347,8.9584,0.272185
50.03378,8.9555,0.261625
50.03409,8.9725,0.260025
50.03434,8.9648,0.260025
50.03465,8.9574,0.259921
50.03496,8.9639,0.266113
50.03527,8.9734,0.259625
50.03558,8.9648,0.261233
50.03589,8.9611,0.305281
50.03615,8.9648,0.305281
50.03645,8.9697,0.267305
50.03676,8.9631,0.259337
50.03707,8.9705,0.258441
50.03738,8.9734,0.262321
50.03769,8.9648,0.261025
50.03795,8.9621,0.261025
50.03826,8.9658,0.263609
50.03857,8.9695,0.270705
50.03888,8.9621,0.306393
50.03919,8.9639,0.264009
50.03944,8.9688,0.264009
50.03975,8.9639,0.265009
50.04006,8.9639,0.263025
50.04037,8.9648,0.265009
50.04068,8.9668,0.264009
50.04099,8.9715,0.266617
50.04125,8.9668,0.266617
50.04156,8.9621,0.265217
50.04187,8.9641,0.266009
50.04218,8.9668,0.271705
50.04248,8.9688,0.267201
50.04280,8.9639,0.266513
50.04305,8.9697,0.266513
50.04336,8.9611,0.266409
50.04367,8.9631,0.265905
50.04398,8.9621,0.264817
50.04429,8.9828,0.263321
50.04454,8.9648,0.263321
50.04485,8.9564,0.266113
50.04516,8.9762,0.268593
50.04547,8.9621,0.303593
50.04578,8.9611,0.305993
50.04609,8.9508,0.296129
50.04634,8.9479,0.296129
50.04665,8.9648,0.267409
50.04696,8.9715,0.260129
50.04727,8.9648,0.255353
50.04758,8.9592,0.253449
50.04789,8.9648,0.263217
50.04815,8.9754,0.263217
50.04846,8.9705,0.248969
50.04877,8.9705,0.249865
50.04907,8.9744,0.249865
50.04939,8.9695,0.254249
50.04970,8.9688,0.252553
50.04995,8.9688,0.252553
50.05026,8.9631,0.310769
50.05057,8.9602,0.278569
50.05088,8.9592,0.266009
50.05119,8.9668,0.260025
50.05144,8.9658,0.260025
50.05175,8.9725,0.256537
50.05206,8.9639,0.255745
50.05237,8.9535,0.268009
50.05268,8.9734,0.261713
50.05299,8.9631,0.260921
50.05324,8.9602,0.260921
50.05355,8.9592,0.313273
50.05386,8.9678,0.256833
50.05417,8.9648,0.261025
50.05448,8.9602,0.263217
50.05479,8.9574,0.290833
50.05504,8.9574,0.290833
50.05535,8.9648,0.304201
50.05566,8.9639,0.301297
50.05598,8.9648,0.263505
50.05629,8.9545,0.271993
50.05654,8.9678,0.271993
50.05685,8.9715,0.271785
50.05716,8.9535,0.257937
50.05747,8.9725,0.260921
50.05778,8.9695,0.258121
50.05809,8.9668,0.258937
50.05834,8.9668,0.258937
50.05865,8.9715,0.258625
50.05896,8.9592,0.270993
50.05927,8.9611,0.284761
50.05958,8.9639,0.275289
50.05989,8.9791,0.271785
50.06014,8.9648,0.271785
50.06046,8.9602,0.262817
50.06077,8.9658,0.263113
50.06108,8.9828,0.261129
50.06138,8.9697,0.255833
50.06164,8.9621,0.255833
50.06195,8.9611,0.262529
50.06226,8.9688,0.263321
50.06257,8.9668,0.264713
50.06288,8.9648,0.265721
50.06319,8.9648,0.264321
50.06344,8.9648,0.264321
50.06375,8.9715,0.262529
50.06406,8.9658,0.266905
50.06437,8.9715,0.262217
50.06468,8.9611,0.302905
50.06494,8.9602,0.302905
50.06525,8.9648,0.278169
50.06556,8.9695,0.262321
50.06587,8.9631,0.253641
50.06617,8.9705,0.261817
50.06649,8.9582,0.259337
50.06674,8.9668,0.259337
50.06705,8.9668,0.262129
50.06736,8.9631,0.262025
50.06767,8.9678,0.303993
50.06798,8.9611,0.258833
50.06829,8.9754,0.255745
50.06854,8.9602,0.255745
50.06885,8.9611,0.255433
50.06916,8.9648,0.261521
50.06947,8.9688,0.261921
50.06978,8.9611,0.256433
50.07004,8.9695,0.256433
50.07035,8.9688,0.262025
50.07065,8.9695,0.265113
50.07096,8.9715,0.263609
50.07127,8.9574,0.266513
50.07158,8.9668,0.302409
50.07184,8.9574,0.302409
50.07215,8.9592,0.296521
50.07246,8.9518,0.299321
50.07277,8.9752,0.257225
50.07308,8.9648,0.257329
50.07339,8.9668,0.252553
50.07364,8.9688,0.252553
50.07395,8.9668,0.254641
50.07426,8.9648,0.260337
50.07457,8.9631,0.260129
50.07488,8.9695,0.243481
50.07514,8.9688,0.243481
50.07544,8.9688,0.246673
50.07575,8.9668,0.245569
50.07606,8.9668,0.260921
50.07637,8.9688,0.264817
50.07668,8.9631,0.259337
50.07694,8.9725,0.259337
50.07724,8.9611,0.272185
50.07756,8.9631,0.274793
50.07787,8.9611,0.255537
50.07818,8.9715,0.267905
50.07849,8.9705,0.262713
50.07874,8.9705,0.262713
50.07905,8.9592,0.263817
50.07936,8.9574,0.301297
50.07967,8.9639,0.262817
50.07998,8.9688,0.264009
50.08029,8.9678,0.263921
50.08054,8.9744,0.263921
50.08085,8.9734,0.263713
50.08116,8.9602,0.265321
50.08147,8.9648,0.288849
50.08178,8.9631,0.304993
50.08203,8.9611,0.304993
50.08234,8.9592,0.336513
50.08265,8.9715,0.325729
50.08296,8.9621,0.270393
50.08327,8.9668,0.268801
50.08358,8.9518,0.255433
50.08384,8.9658,0.255433
50.08415,8.9631,0.259417
50.08446,8.9752,0.254937
50.08477,8.9668,0.254033
50.08508,8.9641,0.275689
50.08539,8.9611,0.267113
50.08564,8.9592,0.267113
50.08595,8.9668,0.270393
50.08626,8.9688,0.286849
50.08657,8.9668,0.259729
50.08688,8.9658,0.261233
50.08713,8.9621,0.261233
50.08744,8.9461,0.263113
50.08775,8.9545,0.262129
50.08806,8.9631,0.264321
50.08837,8.9658,0.263505
50.08868,8.9648,0.300401
50.08894,8.9715,0.300401
50.08925,8.9705,0.263505
50.08956,8.9641,0.297425
50.08986,8.9688,0.267801
50.09018,8.9734,0.262321
50.09049,8.9695,0.271497
50.09074,8.9545,0.271497
50.09105,8.9584,0.300801
50.09136,8.9668,0.266513
50.09167,8.9582,0.298025
50.09198,8.9574,0.267513
50.09223,8.9668,0.267513
50.09254,8.9678,0.267617
50.09285,8.9688,0.295729
50.09316,8.9631,0.263505
50.09347,8.9555,0.267513
50.09378,8.9535,0.340993
50.09404,8.9574,0.340993
50.09434,8.9725,0.263321
50.09466,8.9715,0.277665
50.09497,8.9621,0.286849
50.09528,8.9648,0.276873
50.09559,8.9678,0.265905
50.09584,8.9705,0.265905
50.09615,8.9602,0.298505
50.09646,8.9631,0.279273
50.09677,8.9621,0.336009
50.09708,8.9631,0.280961
50.09739,8.9688,0.269889
50.09764,8.9621,0.269889
50.09795,8.9555,0.265321
50.09826,8.9648,0.268097
50.09857,8.9688,0.259417
50.09888,8.9621,0.295817
50.09914,8.9535,0.295817
50.09945,8.9621,0.278481
50.09976,8.9668,0.267113
50.10007,8.9648,0.298113
50.10038,8.9574,0.261025
50.10068,8.9734,0.264113
50.10094,8.9611,0.264113
50.10125,8.9648,0.296921
50.10156,8.9621,0.255433
50.10187,8.9658,0.275977
50.10218,8.9535,0.288137
50.10249,8.9668,0.262817
50.10274,8.9705,0.262817
50.10305,8.9658,0.260817
50.10336,8.9592,0.260521
50.10367,8.9695,0.260817
50.10398,8.9611,0.281065
50.10423,8.9668,0.281065
50.10454,8.9705,0.300297
50.10485,8.9658,0.265505
50.10516,8.9715,0.295921
50.10547,8.9639,0.262217
50.10578,8.9688,0.262817
50.10604,8.9715,0.262817
50.10635,8.9611,0.285345
50.10666,8.9582,0.262609
50.10696,8.9648,0.262713
50.10728,8.9602,0.294817
50.10759,8.9592,0.263817
50.10784,8.9621,0.263817
50.10815,8.9602,0.261417
50.10846,8.9479,0.273393
50.10877,8.9744,0.260521
50.10908,8.9611,0.261713
50.10939,8.9602,0.296313
50.10964,8.9668,0.296313
50.10995,8.9621,0.261025
50.11026,8.9648,0.296025
50.11057,8.9602,0.270393
50.11088,8.9688,0.262217
50.11114,8.9592,0.262217
50.11145,8.9508,0.312561
50.11176,8.9648,0.261417
50.11207,8.9641,0.265801
50.11238,8.9678,0.300009
50.11269,8.9555,0.265609
50.11294,8.9658,0.265609
50.11325,8.9668,0.264713
50.11356,8.9621,0.298817
50.11387,8.9631,0.261025
50.11418,8.9695,0.262609
50.11443,8.9648,0.262609
50.11474,8.9488,0.295025
50.11505,8.9705,0.260337
50.11536,8.9678,0.282865
50.11567,8.9648,0.283553
50.11598,8.9592,0.260625
50.11623,8.9592,0.260625
50.11655,8.9545,0.263609
50.11686,8.9518,0.263217
50.11717,8.9631,0.259921
50.11748,8.9668,0.286449
50.11773,8.9641,0.286449
50.11804,8.9592,0.279857
50.11835,8.9621,0.253953
50.11866,8.9621,0.288537
50.11897,8.9592,0.256833
50.11928,8.9725,0.264321
50.11953,8.9639,0.264321
50.11984,8.9631,0.292729
50.12015,8.9648,0.277585
50.12046,8.9705,0.267801
50.12077,8.9602,0.295129
50.12108,8.9648,0.264905
50.12133,8.9678,0.264905
50.12164,8.9668,0.262633
50.12195,8.9574,0.267801
50.12226,8.9611,0.264817
50.12258,8.9582,0.317257
50.12283,8.9574,0.317257
50.12314,8.9668,0.306289
50.12345,8.9648,0.263921
50.12376,8.9668,0.297529
50.12407,8.9648,0.266697
50.12438,8.9592,0.263505
50.12463,8.9631,0.263505
50.12494,8.9668,0.280673
50.12525,8.9631,0.296129
50.12556,8.9631,0.307497
50.12587,8.9611,0.304489
50.12618,8.9697,0.267409
50.12643,8.9621,0.267409
50.12674,8.9688,0.265609
50.12705,8.9535,0.289033
50.12736,8.9639,0.264321
50.12767,8.9705,0.263321
50.12798,8.9574,0.297609
50.12824,8.9639,0.297609
50.12855,8.9621,0.263425
50.12886,8.9621,0.291833
50.12917,8.9602,0.276273
50.12948,8.9744,0.250953
50.12973,8.9668,0.250953
50.13004,8.9602,0.252553
50.13035,8.9688,0.251953
50.13066,8.9648,0.251953
50.13097,8.9602,0.253537
50.13128,8.9744,0.248073
50.13153,8.9762,0.248073
50.13184,8.9668,0.252161
50.13215,8.9648,0.264321
50.13246,8.9631,0.263609
50.13277,8.9668,0.278065
50.13308,8.9641,0.267905
50.13333,8.9592,0.267905
50.13364,8.9648,0.265721
50.13395,8.9725,0.265609
50.13426,8.9631,0.264113
50.13457,8.9678,0.268305
50.13483,8.9771,0.268305
50.13514,8.9705,0.257729
50.13545,8.9725,0.262025
50.13576,8.9658,0.261921
50.13607,8.9668,0.262713
50.13638,8.9641,0.270889
50.13663,8.9648,0.270889
50.13694,8.9678,0.261713
50.13725,8.9527,0.306289
50.13756,8.9535,0.305497
50.13787,8.9535,0.299817
50.13818,8.9621,0.256249
50.13843,8.9668,0.256249
50.13874,8.9648,0.271497
50.13905,8.9602,0.264505
50.13936,8.9688,0.255937
50.13967,8.9668,0.259921
50.13998,8.9648,0.299905
50.14023,8.9621,0.299905
50.14055,8.9705,0.272601
50.14086,8.9592,0.276081
50.14117,8.9582,0.272497
50.14147,8.9621,0.287241
50.14173,8.9734,0.287241
50.14204,8.9641,0.284049
50.14235,8.9639,0.277481
50.14266,8.9639,0.265401
50.14297,8.9648,0.261313
50.14328,8.9658,0.260417
50.14353,8.9631,0.260417
50.14384,8.9621,0.263817
50.14415,8.9678,0.262425
50.14446,8.9611,0.260313
50.14477,8.9688,0.261417
50.14508,8.9621,0.261817
50.14533,8.9688,0.261817
50.14564,8.9725,0.260817
50.14595,8.9678,0.259521
50.14626,8.9678,0.259337
50.14657,8.9602,0.260025
50.14683,8.9611,0.260025
50.14714,8.9734,0.263025
50.14745,8.9631,0.264425
50.14776,8.9744,0.265321
50.14807,8.9678,0.267009
50.14838,8.9602,0.270993
50.14863,8.9611,0.270993
50.14894,8.9705,0.266113
50.14925,8.9631,0.260729
50.14956,8.9648,0.259337
50.14987,8.9631,0.259129
50.15018,8.9639,0.259521
50.15043,8.9725,0.259521
50.15074,8.9705,0.257937
50.15105,8.9668,0.261313
50.15136,8.9611,0.267905
50.15167,8.9621,0.296209
50.15192,8.9631,0.296209
50.15224,8.9668,0.264113
50.15255,8.9744,0.261521
50.15286,8.9695,0.262129
50.15317,8.9688,0.262217
50.15348,8.9678,0.258337
50.15373,8.9631,0.258337
50.15404,8.9639,0.290641
50.15435,8.9621,0.323241
50.15466,8.9545,0.333817
50.15497,8.9621,0.259233
50.15528,8.9648,0.262921
50.15553,8.9555,0.262921
50.15584,8.9658,0.265721
50.15615,8.9715,0.258121
50.15646,8.9688,0.255353
50.15677,8.9641,0.252345
50.15708,8.9648,0.247257
50.15733,8.9705,0.247257
50.15764,8.9781,0.245569
50.15795,8.9639,0.246361
50.15827,8.9678,0.248465
50.15857,8.9695,0.250161
50.15883,8.9658,0.250161
50.15914,8.9648,0.258233
50.15945,8.9639,0.272185
50.15976,8.9744,0.267201
50.16007,8.9631,0.261625
50.16038,8.9668,0.263025
50.16063,8.9658,0.263025
50.16094,8.9602,0.261129
50.16125,8.9715,0.261625
50.16156,8.9668,0.264113
50.16187,8.9688,0.264713
50.16218,8.9678,0.263425
50.16243,8.9641,0.263425
50.16274,8.9668,0.265721
50.16305,8.9668,0.262609
50.16336,8.9715,0.261817
50.16367,8.9695,0.265801
50.16392,8.9592,0.265801
50.16423,8.9688,0.300905
50.16455,8.9611,0.300297
50.16486,8.9592,0.263713
50.16517,8.9744,0.269489
50.16548,8.9621,0.270497
50.16573,8.9584,0.270497
50.16604,8.9668,0.272097
50.16635,8.9705,0.253953
50.16666,8.9639,0.251849
50.16697,8.9639,0.253537
50.16722,8.9574,0.253537
50.16753,8.9668,0.269705
50.16784,8.9631,0.272097
50.16815,8.9688,0.280753
50.16846,8.9584,0.284361
50.16877,8.9678,0.276585
50.16902,8.9695,0.276585
50.16933,8.9668,0.303097
50.16964,8.9611,0.263713
50.16995,8.9621,0.257145
50.17026,8.9705,0.261921
50.17057,8.9678,0.263505
50.17083,8.9697,0.263505
50.17114,8.9668,0.261625
50.17145,8.9658,0.261521
50.17176,8.9592,0.263113
50.17207,8.9695,0.263217
50.17238,8.9668,0.263321
50.17263,8.9574,0.263321
50.17294,8.9639,0.264425
50.17325,8.9574,0.262529
50.17356,8.9688,0.268489
50.17387,8.9688,0.264713
50.17418,8.9611,0.258937
50.17443,8.9678,0.258937
50.17474,8.9668,0.266009
50.17505,8.9668,0.264009
50.17536,8.9648,0.266409
50.17567,8.9621,0.266905
50.17592,8.9648,0.266905
50.17624,8.9688,0.267905
50.17655,8.9611,0.267113
50.17686,8.9631,0.262817
50.17717,8.9621,0.263505
50.17742,8.9725,0.263505
50.17773,8.9639,0.263817
50.17804,8.9631,0.262609
50.17835,8.9668,0.261313
50.17866,8.9592,0.260625
50.17897,8.9695,0.262817
50.17922,8.9678,0.262817
50.17953,8.9631,0.263921
50.17984,8.9725,0.261129
50.18015,8.9658,0.263817
50.18046,8.9631,0.314961
50.18077,8.9592,0.304097
50.18102,8.9602,0.304097
50.18133,8.9621,0.302993
50.18164,8.9621,0.262713
50.18195,8.9648,0.259521
50.18227,8.9658,0.266617
50.18252,8.9771,0.266617
50.18283,8.9668,0.254249
50.18314,8.9648,0.261921
50.18345,8.9621,0.303201
50.18376,8.9648,0.245465
50.18407,8.9725,0.244777
50.18432,8.9582,0.244777
50.18463,8.9734,0.244673
50.18494,8.9744,0.247569
50.18525,8.9688,0.248865
50.18556,8.9715,0.250161
50.18587,8.9668,0.256041
50.18612,8.9611,0.256041
50.18643,8.9639,0.269889
50.18674,8.9611,0.258441
50.18705,8.9621,0.259833
50.18736,8.9574,0.262217
50.18767,8.9658,0.260521
50.18793,8.9695,0.260521
50.18824,8.9695,0.259729
50.18855,8.9771,0.261417
50.18886,8.9518,0.267409
50.18917,8.9668,0.264321
50.18942,8.9648,0.264321
50.18973,8.9678,0.261713
50.19004,8.9668,0.264217
50.19035,8.9631,0.265321
50.19066,8.9648,0.300217
50.19097,8.9611,0.304889
50.19122,8.9527,0.304889
50.19153,8.9611,0.298425
50.19184,8.9631,0.263113
50.19215,8.9648,0.268489
50.19246,8.9744,0.267513
50.19277,8.9631,0.260817
50.19302,8.9648,0.260817
50.19333,8.9695,0.253241
50.19364,8.9688,0.254937
50.19395,8.9678,0.252953
50.19426,8.9621,0.254745
50.19457,8.9621,0.267801
50.19483,8.9582,0.267801
50.19514,8.9611,0.313169
50.19545,8.9592,0.275769
50.19576,8.9648,0.264905
50.19607,8.9592,0.263529
50.19632,8.9658,0.263529
50.19663,8.9705,0.260729
50.19694,8.9744,0.260417
50.19725,8.9518,0.265113
50.19756,8.9631,0.264217
50.19787,8.9688,0.303993
50.19812,8.9631,0.303993
50.19843,8.9639,0.265905
50.19874,8.9545,0.262713
50.19905,8.9648,0.261625
50.19936,8.9611,0.265321
50.19967,8.9602,0.259521
50.19992,8.9582,0.259521
50.20023,8.9648,0.259129
50.20054,8.9734,0.258833
50.20085,8.9641,0.259025
50.20116,8.9631,0.260417
50.20142,8.9648,0.260417
50.20173,8.9621,0.258337
50.20204,8.9668,0.253953
50.20235,8.9688,0.253449
50.20266,8.9688,0.263713
50.20297,8.9631,0.267113
50.20322,8.9621,0.267113
50.20353,8.9648,0.264009
50.20384,8.9848,0.262217
50.20415,8.9688,0.263921
50.20446,8.9639,0.264321
50.20477,8.9668,0.261921
50.20502,8.9582,0.261921
50.20533,8.9592,0.263025
50.20564,8.9715,0.264817
50.20595,8.9631,0.264425
50.20627,8.9631,0.264609
50.20652,8.9715,0.264609
50.20683,8.9602,0.263025
50.20714,8.9695,0.261025
50.20745,8.9752,0.302513
50.20776,8.9582,0.299609
50.20807,8.9525,0.298217
50.20832,8.9582,0.298217
50.21057,8.9695,0.251057
50.21233,8.9688,0.293625
50.21409,8.9621,0.256041
50.21585,8.9705,0.261713
50.21761,8.9535,0.306785
50.21937,8.9725,0.249553
50.22112,8.9621,0.268409
50.22288,8.9688,0.263609
50.22308,8.9688,0.260129
50.22333,8.9695,0.260129
50.22364,8.9668,0.266009
50.22395,8.9592,0.307577
50.22426,8.9611,0.266905
50.22457,8.9744,0.268201
50.22482,8.9705,0.268201
50.22513,8.9705,0.266193
50.22544,8.9527,0.263921
50.22575,8.9631,0.264425
50.22606,8.9705,0.263713
50.22632,8.9678,0.263713
50.22663,8.9611,0.263609
50.22694,8.9582,0.309585
50.22725,8.9658,0.263025
50.22755,8.9611,0.261313
50.22787,8.9611,0.260729
50.22812,8.9631,0.260729
50.22843,8.9668,0.259833
50.22874,8.9734,0.262609
50.22905,8.9648,0.262321
50.22936,8.9641,0.260521
50.22967,8.9658,0.260129
50.22992,8.9678,0.260129
50.23023,8.9648,0.260129
50.23054,8.9621,0.264113
50.23085,8.9715,0.264609
50.23116,8.9697,0.264321
50.23147,8.9621,0.264217
50.23172,8.9641,0.264217
50.23203,8.9631,0.263921
50.23234,8.9715,0.264609
50.23265,8.9725,0.262129
50.23296,8.9631,0.262633
50.23322,8.9631,0.262633
50.23353,8.9658,0.259521
50.23384,8.9715,0.298113
50.23414,8.9602,0.296921
50.23446,8.9658,0.293921
50.23477,8.9602,0.276585
50.23502,8.9744,0.276585
50.23533,8.9678,0.247465
50.23564,8.9658,0.243777
50.23595,8.9725,0.254249
50.23626,8.9668,0.256249
50.23657,8.9639,0.251745
50.23682,8.9771,0.251745
50.23713,8.9678,0.250369
50.23744,8.9715,0.243961
50.23775,8.9744,0.247177
50.23806,8.9678,0.250657
50.23832,8.9705,0.250657
50.23863,8.9479,0.292041
50.23894,8.9648,0.262921
50.23925,8.9564,0.277081
50.23956,8.9621,0.276977
50.23987,8.9648,0.259625
50.24012,8.9574,0.259625
50.24043,8.9602,0.259833
50.24074,8.9658,0.262025
50.24105,8.9678,0.260337
50.24136,8.9668,0.302097
50.24167,8.9592,0.265009
50.24192,8.9527,0.265009
50.24223,8.9668,0.260817
50.24254,8.9695,0.261129
50.24285,8.9658,0.260417
50.24316,8.9678,0.262425
50.24341,8.9744,0.262425
50.24372,8.9678,0.262129
50.24403,8.9648,0.301113
50.24434,8.9611,0.299609
50.24465,8.9564,0.297529
50.24496,8.9592,0.268409
50.24521,8.9705,0.268409
50.24552,8.9668,0.274081
50.24583,8.9648,0.255249
50.24614,8.9631,0.254249
50.24645,8.9592,0.256145
50.24676,8.9762,0.254537
50.24701,8.9668,0.254537
50.24733,8.9639,0.267305
50.24764,8.9697,0.269809
50.24794,8.9668,0.271289
50.24825,8.9592,0.284257
50.24856,8.9668,0.273081
50.24882,8.9678,0.273081
50.24913,8.9695,0.262129
50.24944,8.9715,0.263321
50.24975,8.9668,0.259521
50.25006,8.9752,0.261521
50.25031,8.9725,0.261521
50.25062,8.9584,0.266217
50.25093,8.9611,0.273977
50.25124,8.9648,0.261233
50.25155,8.9668,0.260521
50.25186,8.9602,0.293121
50.25211,8.9582,0.293121
50.25242,8.9695,0.267305
50.25273,8.9668,0.345185
50.25304,8.9498,0.280569
50.25335,8.9631,0.265721
50.25366,8.9639,0.266905
50.25392,8.9582,0.266905
50.25423,8.9602,0.295921
50.25454,8.9648,0.260337
50.25484,8.9621,0.296129
50.25516,8.9592,0.266305
50.25547,8.9611,0.261313
50.25572,8.9648,0.261313
50.25603,8.9592,0.321137
50.25634,8.9648,0.263713
50.25665,8.9631,0.263217
50.25696,8.9668,0.293017
50.25722,8.9555,0.293017
50.25752,8.9631,0.269201
50.25783,8.9658,0.283553
50.25815,8.9658,0.288033
50.25846,8.9668,0.262425
50.25877,8.9725,0.267305
50.25902,8.9574,0.267305
50.25933,8.9678,0.301409
50.25964,8.9688,0.265609
50.25995,8.9705,0.291833
50.26026,8.9564,0.284553
50.26051,8.9668,0.284553
50.26082,8.9744,0.266801
50.26113,8.9641,0.263217
50.26144,8.9564,0.262025
50.26175,8.9648,0.263113
50.26206,8.9621,0.295521
50.26231,8.9602,0.295521
50.26263,8.9574,0.273289
50.26294,8.9592,0.264905
50.26325,8.9488,0.299905
50.26355,8.9695,0.263505
50.26386,8.9762,0.263609
50.26412,8.9602,0.263609
50.26443,8.9678,0.294129
50.26474,8.9631,0.260625
50.26505,8.9611,0.274689
50.26536,8.9648,0.298009
50.26561,8.9658,0.298009
50.26592,8.9592,0.263817
50.26623,8.9621,0.265009
50.26654,8.9611,0.268489
50.26685,8.9648,0.264217
50.26716,8.9725,0.308289
50.26741,8.9518,0.308289
50.26772,8.9631,0.324329
50.26803,8.9668,0.265801
50.26834,8.9668,0.290145
50.26865,8.9658,0.256433
50.26896,8.9639,0.253745
50.26921,8.9648,0.253745
50.26952,8.9668,0.280465
50.26983,8.9705,0.263505
50.27014,8.9658,0.301697
50.27045,8.9564,0.309377
50.27076,8.9602,0.264505
50.27102,8.9705,0.264505
50.27133,8.9688,0.260521
50.27164,8.9621,0.274289
50.27194,8.9688,0.260817
50.27226,8.9678,0.262609
50.27251,8.9658,0.262609
50.27282,8.9582,0.295417
50.27313,8.9648,0.263113
50.27344,8.9611,0.298009
50.27375,8.9611,0.273081
50.27406,8.9762,0.264817
50.27431,8.9688,0.264817
50.27462,8.9611,0.268305
50.27493,8.9678,0.261921
50.27524,8.9754,0.262129
50.27555,8.9688,0.295129
50.27581,8.9648,0.295129
50.27612,8.9592,0.263713
50.27643,8.9695,0.261521
50.27673,8.9518,0.294625
50.27705,8.9695,0.261025
50.27736,8.9621,0.259921
50.27761,8.9658,0.259921
50.27792,8.9631,0.295313
50.27823,8.9715,0.261921
50.27854,8.9725,0.278377
50.27885,8.9631,0.285849
50.27916,8.9678,0.260129
50.27941,8.9688,0.260129
50.27972,8.9592,0.261313
50.28003,8.9582,0.265801
50.28034,8.9658,0.262713
50.28065,8.9688,0.286449
50.28091,8.9631,0.286449
50.28122,8.9725,0.280273
50.28153,8.9564,0.264609
50.28184,8.9592,0.335609
50.28215,8.9678,0.258121
50.28246,8.9754,0.262817
50.28271,8.9602,0.262817
50.28302,8.9555,0.290833
50.28333,8.9545,0.258121
50.28364,8.9639,0.260921
50.28395,8.9611,0.295313
50.28426,8.9658,0.262129
50.28451,8.9631,0.262129
50.28482,8.9545,0.285153
50.28513,8.9611,0.258441
50.28544,8.9688,0.258337
50.28575,8.9668,0.260233
50.28606,8.9631,0.295129
50.28631,8.9744,0.295129
50.28662,8.9668,0.263505
50.28693,8.9791,0.299401
50.28724,8.9545,0.267697
50.28755,8.9574,0.264009
50.28780,8.9621,0.264009
50.28812,8.9631,0.281865
50.28843,8.9564,0.295025
50.28874,8.9678,0.261921
50.28904,8.9602,0.299505
50.28935,8.9555,0.263609
50.28961,8.9602,0.263609
50.28992,8.9639,0.261233
50.29023,8.9621,0.295521
50.29054,8.9658,0.263505
50.29085,8.9574,0.263425
50.29116,8.9668,0.296625
50.29141,8.9705,0.296625
50.29172,8.9715,0.261313
50.29203,8.9574,0.253641
50.29234,8.9678,0.250345
50.29265,8.9697,0.251449
50.29291,8.9602,0.251449
50.29322,8.9621,0.249761
50.29353,8.9668,0.259729
50.29383,8.9688,0.264609
50.29415,8.9725,0.266305
50.29446,8.9648,0.256145
50.29471,8.9611,0.256145
50.29502,8.9658,0.273977
50.29533,8.9678,0.266801
50.29564,8.9648,0.265009
50.29595,8.9648,0.263425
50.29626,8.9602,0.305601
50.29651,8.9631,0.305601
50.29682,8.9648,0.264905
50.29713,8.9668,0.261313
50.29744,8.9648,0.260417
50.29775,8.9668,0.263113
50.29806,8.9668,0.266617
50.29831,8.9725,0.266617
50.29862,8.9678,0.262529
50.29893,8.9592,0.266905
50.29924,8.9592,0.341993
50.29955,8.9574,0.304889
50.29981,8.9641,0.304889
50.30011,8.9658,0.298905
50.30042,8.9555,0.297921
50.30073,8.9592,0.271097
50.30104,8.9574,0.271393
50.30135,8.9592,0.263113
50.30161,8.9648,0.263113
50.30192,8.9725,0.254537
50.30223,8.9611,0.261713
50.30254,8.9639,0.249361
50.30285,8.9678,0.252241
50.30316,8.9668,0.253641
50.30341,8.9639,0.253641
50.30372,8.9695,0.253449
50.30403,8.9725,0.273681
50.30434,8.9631,0.265609
50.30465,8.9611,0.261025
50.30491,8.9678,0.261025
50.30522,8.9621,0.272185
50.30553,8.9762,0.269201
50.30584,8.9639,0.275377
50.30615,8.9574,0.263113
50.30645,8.9648,0.258833
50.30671,8.9648,0.258833
50.30702,8.9678,0.266217
50.30733,8.9639,0.262425
50.30764,8.9564,0.261921
50.30795,8.9639,0.263713
50.30826,8.9631,0.274977
50.30851,8.9574,0.274977
50.30882,8.9564,0.268593
50.30913,8.9641,0.264505
50.30944,8.9658,0.265721
50.30975,8.9678,0.260025
50.31000,8.9639,0.260025
50.31032,8.9611,0.262713
50.31063,8.9582,0.304385
50.31094,8.9639,0.265401
50.31125,8.9668,0.260921
50.31156,8.9668,0.259625
50.31181,8.9688,0.259625
50.31212,8.9582,0.258729
50.31243,8.9582,0.260233
50.31274,8.9658,0.260337
50.31305,8.9715,0.260729
50.31336,8.9639,0.259833
50.31361,8.9688,0.259833
50.31392,8.9668,0.303801
50.31423,8.9592,0.263025
50.31454,8.9631,0.260417
50.31485,8.9592,0.263505
50.31510,8.9582,0.263505
50.31541,8.9678,0.258233
50.31572,8.9688,0.262713
50.31603,8.9734,0.262713
50.31634,8.9705,0.265609
50.31665,8.9602,0.261521
50.31691,8.9592,0.261521
50.31722,8.9688,0.259833
50.31753,8.9648,0.296025
50.31784,8.9592,0.296521
50.31815,8.9535,0.296209
50.31846,8.9631,0.262817
50.31871,8.9734,0.262817
50.31902,8.9631,0.248361
50.31933,8.9648,0.244273
50.31964,8.9648,0.254137
50.31995,8.9658,0.255433
50.32020,8.9648,0.255433
50.32051,8.9648,0.254353
50.32082,8.9639,0.249449
50.32113,8.9592,0.240481
50.32144,8.9762,0.243569
50.32175,8.9648,0.246969
50.32200,8.9602,0.246969
50.32232,8.9648,0.250953
50.32263,8.9592,0.262025
50.32294,8.9678,0.274185
50.32325,8.9648,0.275481
50.32350,8.9574,0.275481
50.32381,8.9705,0.261713
50.32412,8.9631,0.260233
50.32443,8.9744,0.259025
50.32474,8.9648,0.260817
50.32505,8.9668,0.302097
50.32530,8.9574,0.302097
50.32561,8.9648,0.283657
50.32592,8.9621,0.258337
50.32623,8.9695,0.260729
50.32654,8.9688,0.259417
50.32685,8.9602,0.262921
50.32710,8.9648,0.262921
50.32741,8.9611,0.257729
50.32772,8.9564,0.305393
50.32803,8.9545,0.342081
50.32834,8.9498,0.306601
50.32866,8.9678,0.269305
50.32891,8.9678,0.269305
50.32922,8.9639,0.271289
50.32953,8.9744,0.257729
50.32984,8.9648,0.258121
50.33015,8.9734,0.258625
50.33040,8.9658,0.258625
50.33071,8.9688,0.257225
50.33102,8.9574,0.254937
50.33133,8.9648,0.271993
50.33164,8.9705,0.270601
50.33195,8.9838,0.280857
50.33220,8.9621,0.280857
50.33251,8.9584,0.280857
50.33282,8.9602,0.266513
50.33313,8.9791,0.260921
50.33344,8.9668,0.263217
50.33375,8.9725,0.259625
50.33400,8.9648,0.259625
50.33432,8.9734,0.263321
50.33463,8.9725,0.261713
50.33494,8.9715,0.261417
50.33525,8.9678,0.256329
50.33550,8.9668,0.256329
50.33581,8.9678,0.264321
50.33612,8.9715,0.258233
50.33643,8.9631,0.266513
50.33674,8.9734,0.264505
50.33705,8.9574,0.266513
50.33730,8.9611,0.266513
50.33761,8.9621,0.265401
50.33792,8.9611,0.261025
50.33823,8.9631,0.262921
50.33854,8.9725,0.259625
50.33885,8.9602,0.263217
50.33910,8.9574,0.263217
50.33941,8.9639,0.258233
50.33972,8.9525,0.304385
50.34003,8.9658,0.264505
50.34035,8.9611,0.262129
50.34060,8.9658,0.262129
50.34091,8.9668,0.263025
50.34122,8.9574,0.271497
50.34153,8.9725,0.262321
50.34184,8.9639,0.264505
50.34215,8.9658,0.264401
50.34240,8.9621,0.264401
50.34271,8.9621,0.293521
50.34302,8.9705,0.260521
50.34333,8.9621,0.266697
50.34364,8.9602,0.265217
50.34395,8.9668,0.268993
50.34420,8.9695,0.268993
50.34451,8.9611,0.298905
50.34482,8.9602,0.302097
50.34513,8.9631,0.298321
50.34544,8.9611,0.262817
50.34575,8.9678,0.257833
50.34600,8.9668,0.257833
50.34631,8.9658,0.256249
50.34663,8.9658,0.262025
50.34694,8.9648,0.258937
50.34724,8.9535,0.261417
50.34750,8.9695,0.261417
50.34781,8.9648,0.243169
50.34812,8.9688,0.247177
50.34843,8.9771,0.243569
50.34874,8.9668,0.247361
50.34905,8.9715,0.263217
50.34930,8.9678,0.263217
50.34961,8.9725,0.262217
50.34992,8.9678,0.273577
50.35023,8.9658,0.275585
50.35054,8.9639,0.261129
50.35085,8.9648,0.262217
50.35110,8.9602,0.262217
50.35141,8.9648,0.262609
50.35172,8.9695,0.258937
50.35203,8.9582,0.253449
50.35234,8.9648,0.270785
50.35265,8.9631,0.270201
50.35291,8.9715,0.270201
50.35321,8.9648,0.262713
50.35352,8.9611,0.261129
50.35383,8.9705,0.260521
50.35414,8.9639,0.306785
50.35440,8.9688,0.306785
50.35471,8.9535,0.298113
50.35502,8.9602,0.298921
50.35533,8.9564,0.264609
50.35563,8.9705,0.266617
50.35595,8.9668,0.266217
50.35620,8.9688,0.266217
50.35651,8.9611,0.268801
50.35682,8.9705,0.271993
50.35713,8.9574,0.295025
50.35744,8.9734,0.256729
50.35775,8.9631,0.257537
50.35800,8.9688,0.257537
50.35831,8.9688,0.266697
50.35863,8.9602,0.284841
50.35894,8.9602,0.283865
50.35925,8.9611,0.272393
50.35950,8.9592,0.272393
50.35981,8.9668,0.263217
50.36012,8.9602,0.260521
50.36043,8.9592,0.258729
50.36074,8.9678,0.261521
50.36105,8.9688,0.259337
50.36130,8.9688,0.259337
50.36161,8.9648,0.264217
50.36192,8.9658,0.259729
50.36223,8.9648,0.256329
50.36254,8.9564,0.259025
50.36285,8.9734,0.262817
50.36310,8.9631,0.262817
50.36341,8.9658,0.257833
50.36372,8.9695,0.263609
50.36404,8.9658,0.262529
50.36435,8.9584,0.262713
50.36460,8.9695,0.262713
50.36491,8.9639,0.264321
50.36522,8.9631,0.263425
50.36553,8.9621,0.261713
50.36584,8.9668,0.259129
50.36615,8.9705,0.259921
50.36640,8.9725,0.259921
50.36671,8.9631,0.257041
50.36702,8.9678,0.256833
50.36733,8.9639,0.258625
50.36764,8.9715,0.259417
50.36795,8.9725,0.258833
50.36820,8.9582,0.258833
50.36851,8.9564,0.265609
50.36882,8.9695,0.297529
50.36913,8.9592,0.254353
50.36944,8.9648,0.259025
50.36975,8.9621,0.260729
50.37000,8.9621,0.260729
50.37032,8.9648,0.262425
50.37063,8.9631,0.261713
50.37094,8.9668,0.284761
50.37125,8.9602,0.304697
50.37156,8.9582,0.353657
50.37181,8.9611,0.353657
50.37212,8.9639,0.300401
50.37243,8.9648,0.258729
50.37274,8.9668,0.262025
50.37305,8.9771,0.255249
50.37336,8.9705,0.253137
50.37361,8.9631,0.253137
50.37392,8.9648,0.255249
50.37423,8.9705,0.247465
50.37454,8.9631,0.245065
50.37485,8.9518,0.246865
50.37516,8.9688,0.249257
50.37541,8.9648,0.249257
50.37572,8.9631,0.256937
50.37603,8.9668,0.270993
50.37634,8.9631,0.275377
50.37665,8.9584,0.261233
50.37691,8.9631,0.261233
50.37721,8.9752,0.260921
50.37752,8.9678,0.261625
50.37783,8.9555,0.263609
50.37814,8.9648,0.265401
50.37845,8.9621,0.264817
50.37871,8.9688,0.264817
50.37902,8.9668,0.266113
50.37933,8.9658,0.266721
50.37964,8.9668,0.263425
50.37995,8.9678,0.260817
50.38026,8.9715,0.261129
50.38051,8.9648,0.261129
50.38082,8.9611,0.300009
50.38113,8.9611,0.297425
50.38144,8.9545,0.301009
50.38175,8.9564,0.261921
50.38206,8.9725,0.269593
50.38231,8.9611,0.269593
50.38262,8.9574,0.254353
50.38293,8.9639,0.300401
50.38324,8.9631,0.261817
50.38355,8.9688,0.253057
50.38380,8.9688,0.253057
50.38411,8.9648,0.253345
50.38442,8.9668,0.268097
50.38473,8.9574,0.274689
50.38504,8.9639,0.282073
50.38535,8.9631,0.273897
50.38561,8.9592,0.273897
50.38592,8.9697,0.271201
50.38623,8.9535,0.264817
50.38654,8.9631,0.263321
50.38684,8.9678,0.261713
50.38715,8.9668,0.261817
50.38741,8.9695,0.261817
50.38772,8.9715,0.261921
50.38803,8.9611,0.262321
50.38834,8.9705,0.262129
50.38865,8.9734,0.263817
50.38890,8.9762,0.263817
50.38921,8.9725,0.262921
50.38952,8.9678,0.260521
50.38983,8.9744,0.263713
50.39014,8.9648,0.265505
50.39045,8.9658,0.256833
50.39071,8.9639,0.256833
50.39102,8.9639,0.262425
50.39133,8.9602,0.260817
50.39163,8.9688,0.262529
50.39194,8.9705,0.264905
50.39225,8.9725,0.265801
50.39251,8.9584,0.265801
50.39282,8.9611,0.265609
50.39313,8.9621,0.265905
50.39344,8.9648,0.262217
50.39375,8.9688,0.258233
50.39406,8.9705,0.261417
50.39431,8.9695,0.261417
50.39462,8.9648,0.253745
50.39493,8.9705,0.262529
50.39524,8.9695,0.259833
50.39555,8.9695,0.262921
50.39580,8.9688,0.262921
50.39611,8.9668,0.259625
50.39642,8.9695,0.258441
50.39673,8.9695,0.258937
50.39704,8.9715,0.260521
50.39735,8.9602,0.326729
50.39760,8.9602,0.326729
50.39791,8.9574,0.322641
50.39822,8.9621,0.295729
50.39853,8.9668,0.257537
50.39884,8.9631,0.254641
50.39915,8.9715,0.254137
50.39941,8.9639,0.254137
50.39971,8.9621,0.253745
50.40003,8.9639,0.259129
50.40034,8.9668,0.297921
50.40065,8.9658,0.254937
50.40090,8.9744,0.254937
50.40121,8.9688,0.240873
50.40152,8.9658,0.246065
50.40183,8.9688,0.242193
50.40214,8.9705,0.240289
50.40245,8.9621,0.259921
50.40270,8.9668,0.259921
50.40301,8.9639,0.249361
50.40332,8.9658,0.260921
50.40363,8.9648,0.271681
50.40394,8.9695,0.268009
50.40425,8.9705,0.260921
50.40450,8.9658,0.260921
50.40481,8.9725,0.260625
50.40512,8.9639,0.259729
50.40543,8.9574,0.258441
50.40574,8.9631,0.262025
50.40600,8.9639,0.262025
50.40631,8.9678,0.262713
50.40662,8.9639,0.268593
50.40693,8.9781,0.264321
50.40724,8.9668,0.263113
50.40755,8.9648,0.304097
50.40780,8.9602,0.304097
50.40811,8.9725,0.298905
50.40842,8.9555,0.277665
50.40873,8.9631,0.266697
50.40904,8.9688,0.265609
50.40935,8.9705,0.271289
50.40961,8.9564,0.271289
50.40991,8.9621,0.250161
50.41022,8.9678,0.257329
50.41053,8.9801,0.252241
50.41084,8.9688,0.268489
50.41115,8.9668,0.261417
50.41141,8.9592,0.261417
50.41172,8.9648,0.265905
50.41203,8.9498,0.322345
50.41234,8.9631,0.271289
50.41265,8.9688,0.260817
50.41290,8.9648,0.260817
50.41321,8.9705,0.265905
50.41352,8.9771,0.263321
50.41383,8.9639,0.264009
50.41414,8.9658,0.265009
50.41445,8.9592,0.296313
50.41471,8.9658,0.296313
50.41502,8.9602,0.289745
50.41532,8.9754,0.278569
50.41564,8.9621,0.287953
50.41595,8.9525,0.263217
50.41620,8.9688,0.263217
50.41651,8.9668,0.261521
50.41682,8.9611,0.297321
50.41713,8.9648,0.259337
50.41744,8.9611,0.285657
50.41775,8.9574,0.279777
50.41800,8.9525,0.279777
50.41831,8.9631,0.257625
50.41862,8.9545,0.289353
50.41893,8.9734,0.255745
50.41924,8.9695,0.253953
50.41955,8.9688,0.287137
50.41980,8.9668,0.287137
50.42011,8.9734,0.278273
50.42043,8.9688,0.265505
50.42074,8.9621,0.297321
50.42105,8.9631,0.262025
50.42130,8.9725,0.262025
50.42161,8.9639,0.262129
50.42192,8.9621,0.296129
50.42223,8.9715,0.272681
50.42254,8.9592,0.265721
50.42285,8.9592,0.297105
50.42310,8.9688,0.297105
50.42341,8.9725,0.262025
50.42372,8.9668,0.295817
50.42403,8.9498,0.263713
50.42434,8.9602,0.262217
50.42460,8.9639,0.262217
50.42491,8.9668,0.274289
50.42522,8.9705,0.293337
50.42553,8.9658,0.262129
50.42584,8.9631,0.293921
50.42614,8.9678,0.259521
50.42640,8.9555,0.259521
50.42671,8.9564,0.306785
50.42702,8.9621,0.285849
50.42733,8.9695,0.265505
50.42764,8.9705,0.265721
50.42795,8.9648,0.297817
50.42820,8.9621,0.297817
50.42851,8.9602,0.265321
50.42882,8.9639,0.288345
50.42913,8.9518,0.286641
50.42944,8.9648,0.305705
50.42975,8.9648,0.260417
50.43000,8.9564,0.260417
50.43032,8.9648,0.297105
50.43063,8.9668,0.262025
50.43094,8.9621,0.294521
50.43125,8.9564,0.273185
50.43150,8.9621,0.273185
50.43181,8.9668,0.265113
50.43212,8.9488,0.294417
50.43243,8.9508,0.262129
50.43274,8.9592,0.263217
50.43305,8.9648,0.299505
50.43330,8.9592,0.299505
50.43361,8.9631,0.268905
50.43392,8.9555,0.272681
50.43423,8.9602,0.300113
50.43454,8.9631,0.267409
50.43485,8.9639,0.265401
50.43510,8.9695,0.265401
50.43541,8.9602,0.297921
50.43572,8.9754,0.260337
50.43603,8.9695,0.270993
50.43635,8.9611,0.289937
50.43660,8.9668,0.289937
50.43691,8.9611,0.260417
50.43722,8.9592,0.292121
50.43753,8.9602,0.259417
50.43784,8.9678,0.260337
50.43815,8.9648,0.282073
50.43840,8.9631,0.282073
50.43871,8.9631,0.279569
50.43902,8.9678,0.258625
50.43933,8.9621,0.295025
50.43964,8.9678,0.259921
50.43995,8.9611,0.258937
50.44020,8.9592,0.258937
50.44051,8.9639,0.288745
50.44082,8.9574,0.304593
50.44113,8.9582,0.262713
50.44144,8.9648,0.304385
50.44169,8.9668,0.304385
50.44201,8.9611,0.266409
50.44232,8.9688,0.295729
50.44263,8.9631,0.267513
50.44294,8.9592,0.260521
50.44325,8.9639,0.264425
50.44350,8.9611,0.264425
50.44381,8.9621,0.294233
50.44412,8.9688,0.258233
50.44443,8.9582,0.294025
50.44474,8.9574,0.264113
50.44499,8.9678,0.264113
50.44530,8.9639,0.260337
50.44561,8.9641,0.272681
50.44592,8.9648,0.258833
50.44623,8.9668,0.256329
50.44654,8.9639,0.292833
50.44679,8.9658,0.292833
50.44710,8.9639,0.261625
50.44741,8.9688,0.259337
50.44772,8.9631,0.289745
50.44804,8.9688,0.263921
50.44829,8.9668,0.263921
50.44860,8.9555,0.263217
50.44891,8.9611,0.299905
50.44922,8.9715,0.262321
50.44953,8.9715,0.287849
50.44984,8.9639,0.278777
50.45010,8.9639,0.278777
50.45040,8.9678,0.261313
50.45071,8.9648,0.294729
50.45102,8.9688,0.253745
50.45133,8.9725,0.261817
50.45164,8.9658,0.292521
50.45190,8.9574,0.292521
50.45221,8.9648,0.272889
50.45252,8.9688,0.259233
50.45283,8.9602,0.287057
50.45314,8.9574,0.259417
50.45345,8.9658,0.250553
50.45370,8.9705,0.250553
50.45401,8.9639,0.291433
50.45432,8.9658,0.267697
50.45463,8.9725,0.275081
50.45494,8.9545,0.301905
50.45519,8.9631,0.301905
50.45550,8.9602,0.304697
50.45581,8.9648,0.270097
50.45612,8.9574,0.256729
50.45643,8.9602,0.256041
50.45674,8.9582,0.251345
50.45700,8.9564,0.251345
50.45730,8.9695,0.250953
50.45761,8.9781,0.252161
50.45792,8.9639,0.261233
50.45823,8.9574,0.306289
50.45854,8.9535,0.274377
50.45880,8.9631,0.274377
50.45910,8.9725,0.272185
50.45942,8.9648,0.262129
50.45973,8.9715,0.261817
50.46004,8.9611,0.260417
50.46029,8.9809,0.260417
50.46060,8.9648,0.262129
50.46091,8.9658,0.262321
50.46122,8.9641,0.267513
50.46153,8.9705,0.262425
50.46184,8.9592,0.263321
50.46210,8.9705,0.263321
50.46241,8.9705,0.265321
50.46272,8.9592,0.262921
50.46303,8.9641,0.303409
50.46333,8.9592,0.304809
50.46365,8.9631,0.298609
50.46390,8.9574,0.298609
50.46421,8.9668,0.275081
50.46452,8.9658,0.270601
50.46483,8.9725,0.271201
50.46514,8.9631,0.254641
50.46545,8.9705,0.244465
50.46570,8.9715,0.244465
50.46601,8.9744,0.250849
50.46632,8.9611,0.253537
50.46663,8.9705,0.256937
50.46694,8.9705,0.266617
50.46720,8.9535,0.266617
50.46750,8.9631,0.271601
50.46781,8.9574,0.270305
50.46812,8.9688,0.267593
50.46843,8.9648,0.259921
50.46874,8.9668,0.257145
50.46900,8.9668,0.257145
50.46931,8.9688,0.259625
50.46961,8.9555,0.281753
50.46993,8.9545,0.300609
50.47024,8.9678,0.266697
50.47055,8.9631,0.264113
50.47080,8.9631,0.264113
50.47111,8.9744,0.260921
50.47142,8.9631,0.263505
50.47173,8.9631,0.262217
50.47204,8.9668,0.259233
50.47230,8.9678,0.259233
50.47260,8.9705,0.263113
50.47292,8.9631,0.288137
50.47323,8.9678,0.263817
50.47354,8.9695,0.261921
50.47384,8.9695,0.259921
50.47410,8.9715,0.259921
50.47441,8.9639,0.265401
50.47472,8.9611,0.263025
50.47503,8.9631,0.262321
50.47534,8.9695,0.261921
50.47559,8.9641,0.261921
50.47590,8.9631,0.262713
50.47621,8.9564,0.266513
50.47652,8.9754,0.266697
50.47683,8.9705,0.263921
50.47714,8.9715,0.262529
50.47739,8.9621,0.262529
50.47770,8.9611,0.262817
50.47801,8.9791,0.261713
50.47833,8.9695,0.252553
50.47863,8.9602,0.262713
50.47894,8.9648,0.260921
50.47920,8.9678,0.260921
50.47951,8.9688,0.261233
50.47982,8.9631,0.298609
50.48013,8.9564,0.296313
50.48044,8.9611,0.293921
50.48069,8.9639,0.293921
50.48100,8.9762,0.273577
50.48131,8.9678,0.250553
50.48162,8.9678,0.248865
50.48193,8.9668,0.254641
50.48224,8.9715,0.252057
50.48249,8.9781,0.252057
50.48280,8.9631,0.251657
50.48311,8.9688,0.260921
50.48342,8.9564,0.245065
50.48373,8.9631,0.243777
50.48404,8.9715,0.249657
50.48429,8.9574,0.249657
50.48460,8.9602,0.292121
50.48491,8.9658,0.256041
50.48522,8.9715,0.266905
50.48553,8.9734,0.265721
50.48584,8.9639,0.263921
50.48610,8.9658,0.263921
50.48640,8.9744,0.254137
50.48671,8.9705,0.259129
50.48702,8.9715,0.276377
50.48733,8.9564,0.300505
50.48764,8.9658,0.258521
50.48790,8.9744,0.258521
50.48821,8.9641,0.261209
50.48852,8.9611,0.261417
50.48883,8.9744,0.258041
50.48914,8.9564,0.259233
50.48939,8.9734,0.259233
50.48970,8.9762,0.260729
50.49001,8.9688,0.299713
50.49032,8.9631,0.303593
50.49063,8.9582,0.299609
50.49094,8.9602,0.257145
50.49119,8.9725,0.257145
50.49150,8.9695,0.270705
50.49181,8.9611,0.255145
50.49212,8.9695,0.253137
50.49243,8.9658,0.252953
50.49274,8.9725,0.251057
50.49300,8.9688,0.251057
50.49330,8.9668,0.254137
50.49362,8.9611,0.269705
50.49393,8.9725,0.267801
50.49424,8.9631,0.281865
50.49449,8.9574,0.281865
50.49480,8.9744,0.273681
50.49511,8.9725,0.270889
50.49542,8.9715,0.260521
50.49573,8.9592,0.261521
50.49604,8.9621,0.260233
50.49629,8.9621,0.260233
50.49660,8.9648,0.263713
50.49691,8.9621,0.265801
50.49722,8.9678,0.265721
50.49753,8.9697,0.265321
50.49784,8.9602,0.263609
50.49809,8.9648,0.263609
50.49840,8.9725,0.265905
50.49871,8.9678,0.304993
50.49902,8.9574,0.264905
50.49933,8.9631,0.262321
50.49959,8.9631,0.262321
50.49989,8.9705,0.263113
50.50021,8.9658,0.260233
50.50052,8.9648,0.260521
50.50083,8.9611,0.261625
50.50113,8.9744,0.261921
50.50139,8.9705,0.261921
50.50170,8.9639,0.261417
50.50201,8.9602,0.260233
50.50232,8.9688,0.252449
50.50263,8.9641,0.261025
50.50288,8.9648,0.261025
50.50319,8.9678,0.254137
50.50350,8.9611,0.259417
50.50381,8.9611,0.270785
50.50412,8.9658,0.261521
50.50443,8.9592,0.263609
50.50469,8.9688,0.263609
50.50500,8.9631,0.265009
50.50531,8.9602,0.265217
50.50562,8.9762,0.270305
50.50592,8.9564,0.259337
50.50624,8.9639,0.266305
50.50649,8.9518,0.266305
50.50680,8.9582,0.293833
50.50711,8.9648,0.296313
50.50742,8.9611,0.296713
50.50773,8.9668,0.259025
50.50804,8.9611,0.254033
50.50829,8.9592,0.254033
50.50860,8.9688,0.255537
50.51074,8.9631,0.248761
50.51250,8.9631,0.279273
50.51426,8.9641,0.261713
50.51602,8.9715,0.261713
50.51778,8.9621,0.271497
50.51953,8.9688,0.250449
50.52129,8.9648,0.279857
50.52305,8.9705,0.261417
50.52330,8.9631,0.261417
50.52361,8.9752,0.260521
50.52392,8.9648,0.259337
50.52423,8.9639,0.262129
50.52448,8.9648,0.262129
50.52479,8.9648,0.260729
50.52510,8.9705,0.262921
50.52541,8.9705,0.261713
50.52572,8.9754,0.261921
50.52603,8.9695,0.262817
50.52629,8.9744,0.262817
50.52660,8.9725,0.268201
50.52691,8.9621,0.260921
50.52722,8.9688,0.261313
50.52752,8.9658,0.290329
50.52784,8.9592,0.289249
50.52809,8.9535,0.289249
50.52840,8.9658,0.259441
50.52871,8.9791,0.260921
50.52902,8.9648,0.259521
50.52933,8.9668,0.260129
50.52959,8.9641,0.260129
50.52989,8.9697,0.261025
50.53020,8.9658,0.261921
50.53051,8.9762,0.303489
50.53082,8.9555,0.274081
50.53113,8.9582,0.263609
50.53139,8.9668,0.263609
50.53170,8.9611,0.258441
50.53201,8.9697,0.264505
50.53231,8.9574,0.265009
50.53263,8.9602,0.260729
50.53294,8.9695,0.262921
50.53319,8.9611,0.262921
50.53350,8.9535,0.274793
50.53381,8.9621,0.302905
50.53412,8.9648,0.293225
50.53443,8.9631,0.253849
50.53468,8.9621,0.253849
50.53499,8.9631,0.246969
50.53530,8.9744,0.249465
50.53561,8.9705,0.245169
50.53592,8.9762,0.254537
50.53623,8.9648,0.238577
50.53649,8.9658,0.238577
50.53679,8.9545,0.242673
50.53710,8.9648,0.247569
50.53742,8.9648,0.246065
50.53773,8.9688,0.246673
50.53804,8.9705,0.261521
50.53829,8.9762,0.261521
50.53860,8.9668,0.274289
50.53891,8.9715,0.263505
50.53922,8.9639,0.263113
50.53953,8.9688,0.267409
50.53984,8.9688,0.266697
50.54009,8.9602,0.266697
50.54040,8.9688,0.266305
50.54071,8.9631,0.262529
50.54102,8.9631,0.261625
50.54133,8.9725,0.263321
50.54159,8.9781,0.263321
50.54190,8.9725,0.261313
50.54221,8.9602,0.307097
50.54252,8.9705,0.265401
50.54283,8.9668,0.297921
50.54313,8.9555,0.299113
50.54339,8.9648,0.299113
50.54370,8.9621,0.299401
50.54401,8.9668,0.259921
50.54432,8.9639,0.270889
50.54463,8.9631,0.264817
50.54488,8.9688,0.264817
50.54519,8.9641,0.277985
50.54550,8.9611,0.285449
50.54581,8.9668,0.254249
50.54612,8.9715,0.270393
50.54643,8.9791,0.278169
50.54669,8.9631,0.278169
50.54700,8.9668,0.272577
50.54731,8.9564,0.283049
50.54762,8.9639,0.273081
50.54793,8.9574,0.264321
50.54824,8.9592,0.262129
50.54849,8.9762,0.262129
50.54880,8.9582,0.261625
50.54911,8.9678,0.262425
50.54942,8.9668,0.262129
50.54973,8.9695,0.263113
50.54998,8.9611,0.263113
50.55029,8.9678,0.261417
50.55060,8.9695,0.260921
50.55091,8.9621,0.262321
50.55122,8.9648,0.255537
50.55153,8.9688,0.263025
50.55178,8.9592,0.263025
50.55209,8.9582,0.264321
50.55240,8.9668,0.254033
50.55271,8.9658,0.264425
50.55302,8.9705,0.256329
50.55333,8.9611,0.263025
50.55359,8.9564,0.263025
50.55389,8.9602,0.265113
50.55420,8.9631,0.265721
50.55451,8.9705,0.266409
50.55482,8.9641,0.261921
50.55513,8.9611,0.260921
50.55539,8.9648,0.260921
50.55570,8.9678,0.262129
50.55601,8.9639,0.263505
50.55632,8.9658,0.270497
50.55663,8.9555,0.315065
50.55688,8.9621,0.315065
50.55719,8.9734,0.260729
50.55750,8.9688,0.265401
50.55781,8.9592,0.262529
50.55812,8.9641,0.261129
50.55843,8.9762,0.265905
50.55868,8.9678,0.265905
50.55899,8.9678,0.262921
50.55930,8.9688,0.267201
50.55961,8.9518,0.343977
50.55992,8.9621,0.299713
50.56023,8.9631,0.295625
50.56048,8.9582,0.295625
50.56080,8.9555,0.294233
50.56111,8.9658,0.263113
50.56142,8.9688,0.253241
50.56173,8.9697,0.254137
50.56198,8.9688,0.254137
50.56229,8.9631,0.253953
50.56260,8.9648,0.252345
50.56291,8.9592,0.243985
50.56322,8.9658,0.244169
50.56353,8.9688,0.241481
50.56378,8.9705,0.241481
50.56409,8.9639,0.243377
50.56440,8.9781,0.248465
50.56471,8.9678,0.256145
50.56502,8.9574,0.261417
50.56533,8.9611,0.270993
50.56559,8.9621,0.270993
50.56589,8.9631,0.267617
50.56620,8.9584,0.260417
50.56651,8.9611,0.257433
50.56682,8.9762,0.264817
50.56708,8.9705,0.264817
50.56739,8.9688,0.261921
50.56770,8.9668,0.259729
50.56801,8.9781,0.261817
50.56831,8.9631,0.262633
50.56862,8.9695,0.262921
50.56888,8.9658,0.262921
50.56919,8.9621,0.250449
50.56950,8.9639,0.254433
50.56981,8.9639,0.292625
50.57012,8.9592,0.296417
50.57043,8.9592,0.294921
50.57068,8.9574,0.294921
50.57099,8.9611,0.253137
50.57130,8.9545,0.267113
50.57161,8.9695,0.258233
50.57192,8.9668,0.252449
50.57223,8.9715,0.249945
50.57248,8.9668,0.249945
50.57279,8.9752,0.250161
50.57310,8.9695,0.268409
50.57341,8.9631,0.269097
50.57372,8.9688,0.265401
50.57398,8.9592,0.265401
50.57429,8.9574,0.323537
50.57460,8.9621,0.285553
50.57490,8.9648,0.261817
50.57522,8.9508,0.264713
50.57553,8.9621,0.263217
50.57578,8.9648,0.263217
50.57609,8.9725,0.260625
50.57640,8.9648,0.262713
50.57671,8.9668,0.297321
50.57702,8.9639,0.257625
50.57733,8.9678,0.261713
50.57758,8.9678,0.261713
50.57789,8.9574,0.288241
50.57820,8.9744,0.262217
50.57851,8.9648,0.268801
50.57882,8.9658,0.294921
50.57908,8.9688,0.294921
50.57938,8.9678,0.262321
50.57969,8.9631,0.260921
50.58000,8.9602,0.263921
50.58031,8.9631,0.260625
50.58062,8.9668,0.277481
50.58088,8.9582,0.277481
50.58119,8.9648,0.292537
50.58150,8.9668,0.263921
50.58181,8.9658,0.296817
50.58212,8.9631,0.264321
50.58243,8.9658,0.263321
50.58268,8.9555,0.263321
50.58299,8.9631,0.281569
50.58330,8.9602,0.260625
50.58361,8.9648,0.261129
50.58392,8.9611,0.294417
50.58418,8.9564,0.294417
50.58449,8.9668,0.261521
50.58480,8.9695,0.262529
50.58511,8.9582,0.277169
50.58542,8.9648,0.300401
50.58572,8.9582,0.274793
50.58598,8.9668,0.274793
50.58629,8.9668,0.295625
50.58660,8.9668,0.259921
50.58691,8.9648,0.294337
50.58722,8.9668,0.276665
50.58753,8.9631,0.259729
50.58778,8.9668,0.259729
50.58809,8.9621,0.268801
50.58840,8.9668,0.306601
50.58871,8.9555,0.267201
50.58902,8.9648,0.295233
50.58928,8.9592,0.295233
50.58958,8.9658,0.267201
50.58989,8.9631,0.265505
50.59020,8.9518,0.294025
50.59051,8.9734,0.258625
50.59082,8.9688,0.260521
50.59108,8.9621,0.260521
50.59139,8.9631,0.294233
50.59170,8.9668,0.260337
50.59201,8.9695,0.279065
50.59232,8.9631,0.288849
50.59263,8.9641,0.260625
50.59288,8.9564,0.260625
50.59319,8.9641,0.261521
50.59350,8.9621,0.263321
50.59381,8.9574,0.261817
50.59412,8.9734,0.284761
50.59437,8.9734,0.284761
50.59468,8.9602,0.281753
50.59499,8.9695,0.265217
50.59531,8.9441,0.302305
50.59561,8.9527,0.265721
50.59592,8.9641,0.265905
50.59618,8.9621,0.265905
50.59649,8.9602,0.295921
50.59680,8.9744,0.263505
50.59711,8.9688,0.263113
50.59742,8.9678,0.299801
50.59773,8.9631,0.259921
50.59798,8.9705,0.259921
50.59829,8.9611,0.258121
50.59860,8.9592,0.269705
50.59891,8.9752,0.261313
50.59922,8.9725,0.270785
50.59953,8.9621,0.294521
50.59978,8.9668,0.294521
50.60009,8.9678,0.283761
50.60040,8.9705,0.296625
50.60071,8.9688,0.261417
50.60102,8.9621,0.260233
50.60128,8.9668,0.260233
50.60159,8.9639,0.275377
50.60190,8.9668,0.258441
50.60221,8.9648,0.272097
50.60252,8.9705,0.290041
50.60282,8.9668,0.300009
50.60308,8.9611,0.300009
50.60339,8.9658,0.280273
50.60370,8.9631,0.281649
50.60401,8.9678,0.258729
50.60432,8.9641,0.269409
50.60463,8.9668,0.311585
50.60488,8.9584,0.311585
50.60519,8.9744,0.266617
50.60550,8.9621,0.294233
50.60581,8.9555,0.282073
50.60612,8.9631,0.265217
50.60637,8.9535,0.265217
50.60668,8.9555,0.266305
50.60699,8.9592,0.261921
50.60730,8.9658,0.267513
50.60761,8.9631,0.301009
50.60792,8.9508,0.274689
50.60818,8.9555,0.274689
50.60849,8.9658,0.264009
50.60880,8.9592,0.301697
50.60910,8.9668,0.266617
50.60941,8.9639,0.270305
50.60972,8.9688,0.307993
50.60998,8.9592,0.307993
50.61029,8.9592,0.275793
50.61060,8.9668,0.282257
50.61091,8.9545,0.313857
50.61122,8.9574,0.268993
50.61153,8.9631,0.269385
50.61178,8.9582,0.269385
50.61209,8.9592,0.301409
50.61240,8.9639,0.268905
50.61271,8.9648,0.279777
50.61302,8.9564,0.292537
50.61328,8.9648,0.292537
50.61359,8.9705,0.272601
50.61389,8.9592,0.305601
50.61421,8.9479,0.316257
50.61452,8.9592,0.349065
50.61483,8.9555,0.327937
50.61508,8.9518,0.327937
50.61539,8.9592,0.331521
50.61570,8.9488,0.312881
50.61601,8.9574,0.342473
50.61632,8.9641,0.269201
50.61657,8.9602,0.269201
50.61688,8.9488,0.276977
50.61719,8.9508,0.321849
50.61750,8.9488,0.341785
50.61781,8.9631,0.303489
50.61812,8.9631,0.298321
50.61837,8.9631,0.298321
50.61868,8.9555,0.301905
50.61899,8.9564,0.297105
50.61930,8.9592,0.253057
50.61961,8.9688,0.258041
50.61992,8.9574,0.268409
50.62017,8.9668,0.268409
50.62048,8.9688,0.269705
50.62079,8.9621,0.283049
50.62110,8.9518,0.283465
50.62141,8.9715,0.294729
50.62172,8.9695,0.308577
50.62198,8.9574,0.308577
50.62229,8.9582,0.310185
50.62260,8.9525,0.312961
50.62291,8.9592,0.310185
50.62322,8.9621,0.312769
50.62352,8.9602,0.299905
50.62378,8.9744,0.299905
50.62409,8.9592,0.277273
50.62440,8.9592,0.266697
50.62471,8.9688,0.264609
50.62502,8.9611,0.265505
50.62528,8.9602,0.265505
50.62558,8.9602,0.306185
50.62589,8.9602,0.299217
50.62620,8.9574,0.261521
50.62651,8.9582,0.270705
50.62682,8.9695,0.266513
50.62708,8.9555,0.266513
50.62739,8.9781,0.264817
50.62770,8.9762,0.251953
50.62801,8.9715,0.253849
50.62832,8.9658,0.264425
50.62857,8.9631,0.264425
50.62888,8.9648,0.265801
50.62919,8.9621,0.314673
50.62950,8.9621,0.274289
50.62981,8.9525,0.284449
50.63012,8.9631,0.275289
50.63037,8.9611,0.275289
50.63068,8.9611,0.264401
50.63099,8.9688,0.263817
50.63130,8.9611,0.263817
50.63161,8.9602,0.262025
50.63192,8.9592,0.305497
50.63218,8.9584,0.305497
50.63249,8.9545,0.262129
50.63279,8.9648,0.260417
50.63310,8.9611,0.266305
50.63342,8.9574,0.263713
50.63367,8.9734,0.263713
50.63398,8.9688,0.259921
50.63429,8.9678,0.264609
50.63460,8.9648,0.261025
50.63491,8.9744,0.258833
50.63522,8.9648,0.262713
50.63547,8.9695,0.262713
50.63578,8.9611,0.259833
50.63609,8.9809,0.262713
50.63640,8.9631,0.254249
50.63671,8.9611,0.263817
50.63702,8.9838,0.263217
50.63727,8.9668,0.263217
50.63758,8.9697,0.266009
50.63789,8.9688,0.264713
50.63820,8.9602,0.265401
50.63851,8.9631,0.263817
50.63882,8.9639,0.259729
50.63908,8.9574,0.259729
50.63938,8.9641,0.261129
50.63969,8.9574,0.263505
50.64000,8.9602,0.261713
50.64031,8.9602,0.262425
50.64057,8.9621,0.262425
50.64088,8.9631,0.262217
50.64118,8.9584,0.263425
50.64150,8.9631,0.261713
50.64181,8.9602,0.260417
50.64212,8.9592,0.300505
50.64237,8.9688,0.300505
50.64268,8.9574,0.303097
50.64299,8.9525,0.288537
50.64330,8.9668,0.300217
50.64361,8.9555,0.264425
50.64392,8.9695,0.252553
50.64417,8.9688,0.252553
50.64448,8.9535,0.258441
50.64479,8.9668,0.254745
50.64510,8.9734,0.261129
50.64541,8.9648,0.245961
50.64567,8.9648,0.245961
50.64597,8.9715,0.244377
50.64628,8.9648,0.240689
50.64659,8.9564,0.246065
50.64690,8.9695,0.250553
50.64721,8.9695,0.258041
50.64747,8.9715,0.258041
50.64778,8.9545,0.262529
50.64809,8.9688,0.257145
50.64840,8.9744,0.259521
50.64871,8.9631,0.260817
50.64902,8.9621,0.259337
50.64927,8.9678,0.259337
50.64958,8.9697,0.255833
50.64989,8.9488,0.258041
50.65020,8.9734,0.261313
50.65051,8.9574,0.251449
50.65077,8.9752,0.251449
50.65107,8.9725,0.256729
50.65138,8.9592,0.262321
50.65169,8.9678,0.262529
50.65200,8.9668,0.299217
50.65231,8.9602,0.307393
50.65257,8.9621,0.307393
50.65288,8.9555,0.299009
50.65319,8.9715,0.256249
50.65350,8.9648,0.266305
50.65380,8.9574,0.261313
50.65412,8.9678,0.248865
50.65437,8.9668,0.248865
50.65468,8.9695,0.250761
50.65499,8.9791,0.249865
50.65530,8.9688,0.251345
50.65561,8.9639,0.252449
50.65587,8.9648,0.252449
50.65617,8.9611,0.267113
50.65648,8.9688,0.270497
50.65679,8.9602,0.275377
50.65710,8.9631,0.264009
50.65741,8.9648,0.261521
50.65767,8.9688,0.261521
50.65798,8.9592,0.290041
50.65829,8.9715,0.270497
50.65860,8.9574,0.273793
50.65891,8.9631,0.263817
50.65922,8.9668,0.267201
50.65947,8.9621,0.267201
50.65978,8.9611,0.260817
50.66009,8.9668,0.260025
50.66040,8.9688,0.261313
50.66071,8.9631,0.301697
50.66097,8.9602,0.301697
50.66127,8.9668,0.271705
50.66159,8.9725,0.260729
50.66190,8.9592,0.258337
50.66221,8.9639,0.263505
50.66251,8.9648,0.261921
50.66277,8.9639,0.261921
50.66308,8.9535,0.255537
50.66339,8.9602,0.266905
50.66370,8.9695,0.261233
50.66401,8.9705,0.262921
50.66432,8.9695,0.259025
50.66457,8.9688,0.259025
50.66488,8.9725,0.260417
50.66519,8.9641,0.267009
50.66550,8.9639,0.263921
50.66581,8.9688,0.262609
50.66606,8.9658,0.262609
50.66638,8.9648,0.268009
50.66669,8.9725,0.258041
50.66700,8.9688,0.261921
50.66731,8.9668,0.259129
50.66762,8.9582,0.257041
50.66787,8.9582,0.257041
50.66818,8.9564,0.259729
50.66849,8.9705,0.261025
50.66880,8.9555,0.294417
50.66911,8.9564,0.292329
50.66942,8.9602,0.298217
50.66967,8.9611,0.298217
50.66998,8.9648,0.290041
50.67029,8.9611,0.257537
50.67060,8.9648,0.248657
50.67091,8.9639,0.253849
50.67116,8.9688,0.253849
50.67147,8.9621,0.255353
50.67178,8.9574,0.253537
50.67209,8.9611,0.257329
50.67240,8.9639,0.285953
50.67271,8.9725,0.247177
50.67297,8.9678,0.247177
50.67328,8.9705,0.247361
50.67359,8.9658,0.252241
50.67389,8.9688,0.258337
50.67421,8.9695,0.270393
50.67452,8.9592,0.273185
50.67477,8.9641,0.273185
50.67508,8.9688,0.260921
50.67539,8.9611,0.293441
50.67570,8.9705,0.261129
50.67601,8.9639,0.262529
50.67632,8.9592,0.261521
50.67657,8.9582,0.261521
50.67688,8.9621,0.260921
50.67719,8.9621,0.258937
50.67750,8.9715,0.262529
50.67781,8.9555,0.261921
50.67806,8.9611,0.261921
50.67837,8.9678,0.261129
50.67869,8.9611,0.296129
50.67900,8.9658,0.304097
50.67931,8.9621,0.300009
50.67962,8.9611,0.299009
50.67987,8.9668,0.299009
50.68018,8.9725,0.262129
50.68049,8.9688,0.267801
50.68080,8.9678,0.255641
50.68111,8.9818,0.250657
50.68136,8.9715,0.250657
50.68167,8.9641,0.255249
50.68198,8.9678,0.249153
50.68229,8.9705,0.255145
50.68260,8.9621,0.264113
50.68291,8.9639,0.268905
50.68316,8.9611,0.268905
50.68347,8.9705,0.286849
50.68378,8.9744,0.281569
50.68409,8.9668,0.260625
50.68440,8.9697,0.258121
50.68471,8.9602,0.260521
50.68497,8.9678,0.260521
50.68528,8.9668,0.258625
50.68559,8.9639,0.259025
50.68590,8.9639,0.256433
50.68620,8.9555,0.268593
50.68652,8.9715,0.253953
50.68677,8.9688,0.253953
50.68708,8.9715,0.305097
50.68739,8.9752,0.263025
50.68770,8.9695,0.259921
50.68801,8.9668,0.261313
50.68826,8.9658,0.261313
50.68857,8.9725,0.259521
50.68888,8.9668,0.258041
50.68919,8.9688,0.258521
50.68950,8.9592,0.264009
50.68981,8.9688,0.302113
50.69006,8.9621,0.302113
50.69038,8.9678,0.257041
50.69069,8.9611,0.261025
50.69099,8.9734,0.259625
50.69131,8.9688,0.258337
50.69161,8.9658,0.257041
50.69187,8.9658,0.257041
50.69218,8.9678,0.259025
50.69249,8.9631,0.261025
50.69280,8.9631,0.262129
50.69311,8.9715,0.261313
50.69336,8.9621,0.261313
50.69367,8.9705,0.263921
50.69398,8.9602,0.262129
50.69429,8.9705,0.262921
50.69460,8.9611,0.259337
50.69491,8.9574,0.260025
50.69516,8.9697,0.260025
50.69547,8.9621,0.258233
50.69578,8.9752,0.289249
50.69609,8.9611,0.296417
50.69640,8.9535,0.291625
50.69671,8.9715,0.258729
50.69697,8.9648,0.258729
50.69727,8.9631,0.250953
50.69758,8.9648,0.251345
50.69790,8.9705,0.252057
50.69820,8.9621,0.247465
50.69851,8.9688,0.239585
50.69877,8.9725,0.239585
50.69908,8.9658,0.241185
50.69939,8.9688,0.244569
50.69970,8.9744,0.246865
50.70001,8.9705,0.256729
50.70026,8.9658,0.256729
50.70057,8.9592,0.257729
50.70088,8.9631,0.272601
50.70119,8.9602,0.301905
50.70150,8.9639,0.261129
50.70181,8.9668,0.253137
50.70206,8.9668,0.253137
50.70237,8.9631,0.258441
50.70268,8.9639,0.253057
50.70299,8.9584,0.258233
50.70330,8.9639,0.251849
50.70361,8.9631,0.257329
50.70386,8.9668,0.257329
50.70417,8.9668,0.258521
50.70448,8.9668,0.256937
50.70479,8.9631,0.259521
50.70510,8.9611,0.297609
50.70536,8.9518,0.297609
50.70567,8.9582,0.302097
50.70598,8.9602,0.288137
50.70629,8.9631,0.266305
50.70660,8.9752,0.267697
50.70691,8.9725,0.271681
50.70716,8.9678,0.271681
50.70747,8.9648,0.255145
50.70778,8.9602,0.256433
50.70809,8.9621,0.257433
50.70840,8.9705,0.255433
50.70871,8.9631,0.259441
50.70896,8.9688,0.259441
50.70927,8.9697,0.267617
50.70958,8.9574,0.284361
50.70989,8.9631,0.274185
50.71020,8.9592,0.262713
50.71051,8.9611,0.259129
50.71076,8.9631,0.259129
50.71107,8.9648,0.259441
50.71138,8.9705,0.262713
50.71169,8.9611,0.262129
50.71200,8.9668,0.262425
50.71226,8.9838,0.262425
50.71257,8.9725,0.260729
50.71288,8.9592,0.259025
50.71319,8.9602,0.258337
50.71349,8.9582,0.262817
50.71381,8.9611,0.264425
50.71406,8.9631,0.264425
50.71437,8.9592,0.262921
50.71468,8.9678,0.263713
50.71499,8.9611,0.263713
50.71530,8.9678,0.256641
50.71556,8.9668,0.256641
50.71587,8.9631,0.301409
50.71618,8.9639,0.278777
50.71649,8.9688,0.261129
50.71680,8.9611,0.260921
50.71711,8.9668,0.259337
50.71736,8.9621,0.259337
50.71767,8.9658,0.259441
50.71798,8.9668,0.261129
50.71829,8.9695,0.259417
50.71860,8.9744,0.304993
50.71891,8.9508,0.263505
50.71916,8.9631,0.263505
50.71947,8.9688,0.253241
50.71978,8.9648,0.253449
50.72009,8.9582,0.256145
50.72040,8.9705,0.259921
50.72066,8.9648,0.259921
50.72096,8.9678,0.263425
50.72128,8.9658,0.262129
50.72159,8.9668,0.263217
50.72190,8.9621,0.298505
50.72221,8.9555,0.298905
50.72246,8.9582,0.298905
50.72277,8.9668,0.298505
50.72308,8.9639,0.258833
50.72339,8.9555,0.257833
50.72370,8.9639,0.249761
50.72401,8.9688,0.254537
50.72426,8.9725,0.254537
50.72457,8.9592,0.257145
50.72488,8.9715,0.262425
50.72519,8.9695,0.243481
50.72550,8.9621,0.245065
50.72581,8.9621,0.244273
50.72606,8.9621,0.244273
50.72638,8.9602,0.245273
50.72669,8.9678,0.248865
50.72699,8.9809,0.259129
50.72730,8.9781,0.265113
50.72756,8.9641,0.265113
50.72787,8.9564,0.272497
50.72818,8.9668,0.264609
50.72849,8.9668,0.261313
50.72880,8.9715,0.263025
50.72911,8.9668,0.261417
50.72936,8.9715,0.261417
50.72967,8.9592,0.264425
50.72998,8.9678,0.280673
50.73029,8.9574,0.296609
50.73060,8.9639,0.259921
50.73091,8.9658,0.257729
50.73116,8.9648,0.257729
50.73147,8.9648,0.261417
50.73178,8.9545,0.279065
50.73209,8.9592,0.299905
50.73240,8.9582,0.296521
50.73266,8.9574,0.296521
50.73296,8.9688,0.294921
50.73327,8.9602,0.288449
50.73358,8.9668,0.265217
50.73389,8.9574,0.252449
50.73420,8.9631,0.248865
50.73446,8.9715,0.248865
50.73477,8.9648,0.250049
50.73508,8.9631,0.261921
50.73539,8.9621,0.259521
50.73570,8.9668,0.265801
50.73601,8.9639,0.264321
50.73626,8.9545,0.264321
50.73657,8.9545,0.280065
50.73688,8.9734,0.268009
50.73719,8.9648,0.257225
50.73750,8.9621,0.258121
50.73781,8.9602,0.258521
50.73806,8.9648,0.258521
50.73837,8.9668,0.256729
50.73868,8.9744,0.275481
50.73899,8.9525,0.288449
50.73930,8.9639,0.257329
50.73956,8.9715,0.257329
50.73987,8.9564,0.259025
50.74017,8.9602,0.263217
50.74049,8.9705,0.258625
50.74079,8.9658,0.285449
50.74110,8.9668,0.277881
50.74136,8.9658,0.277881
50.74167,8.9611,0.257833
50.74198,8.9592,0.295625
50.74229,8.9525,0.261025
50.74260,8.9582,0.259441
50.74291,8.9621,0.292729
50.74316,8.9668,0.292729
50.74347,8.9678,0.274481
50.74378,8.9641,0.261713
50.74409,8.9688,0.294417
50.74440,8.9648,0.259441
50.74466,8.9545,0.259441
50.74497,8.9639,0.304697
50.74528,8.9592,0.265217
50.74559,8.9658,0.257729
50.74590,8.9725,0.267905
50.74621,8.9592,0.295817
50.74646,8.9574,0.295817
50.74677,8.9688,0.262321
50.74708,8.9658,0.294417
50.74739,8.9771,0.276665
50.74770,8.9574,0.301009
50.74801,8.9658,0.276585
50.74826,8.9574,0.276585
50.74857,8.9668,0.290041
50.74888,8.9648,0.264713
50.74919,8.9648,0.299713
50.74950,8.9639,0.264905
50.74975,8.9535,0.264905
50.75006,8.9611,0.262321
50.75038,8.9564,0.287849
50.75069,8.9582,0.261313
50.75100,8.9592,0.262425
50.75131,8.9752,0.307785
50.75156,8.9639,0.307785
50.75187,8.9621,0.261521
50.75218,8.9658,0.294233
50.75249,8.9564,0.273497
50.75280,8.9678,0.255433
50.75305,8.9705,0.255433
50.75336,8.9648,0.259417
50.75367,8.9631,0.289745
50.75398,8.9705,0.257625
50.75429,8.9668,0.292329
50.75460,8.9574,0.266801
50.75485,8.9621,0.266801
50.75516,8.9602,0.261025
50.75547,8.9639,0.262529
50.75578,8.9697,0.262529
50.75609,8.9658,0.262529
50.75640,8.9555,0.296129
50.75666,8.9555,0.296129
50.75697,8.9705,0.269809
50.75727,8.9631,0.273793
50.75759,8.9525,0.299609
50.75790,8.9668,0.259521
50.75820,8.9658,0.262425
50.75846,8.9715,0.262425
50.75877,8.9527,0.293017
50.75908,8.9574,0.305785
50.75939,8.9545,0.278481
50.75970,8.9592,0.289937
50.76001,8.9725,0.262129
50.76026,8.9621,0.262129
50.76057,8.9564,0.266513
50.76088,8.9658,0.260817
50.76119,8.9725,0.261025
50.76150,8.9705,0.284553
50.76175,8.9621,0.284553
50.76206,8.9574,0.280273
50.76237,8.9621,0.261817
50.76268,8.9555,0.299401
50.76299,8.9648,0.264609
50.76330,8.9574,0.261233
50.76355,8.9668,0.261233
50.76386,8.9631,0.297025
50.76417,8.9771,0.262921
50.76448,8.9668,0.265721
50.76479,8.9582,0.295921
50.76510,8.9611,0.260337
50.76536,8.9631,0.260337
50.76566,8.9762,0.261129
50.76598,8.9705,0.265401
50.76629,8.9648,0.262025
50.76660,8.9641,0.266113
50.76690,8.9564,0.295025
50.76716,8.9535,0.295025
50.76747,8.9668,0.266513
50.76778,8.9592,0.293017
50.76809,8.9734,0.261817
50.76840,8.9725,0.259129
50.76865,8.9688,0.259129
50.76896,8.9631,0.276081
50.76927,8.9688,0.252953
50.76958,8.9688,0.253745
50.76989,8.9611,0.293017
50.77020,8.9752,0.259441
50.77046,8.9621,0.259441
50.77077,8.9648,0.260337
50.77108,8.9631,0.284761
50.77139,8.9658,0.260729
50.77169,8.9752,0.260129
50.77195,8.9555,0.260129
50.77226,8.9668,0.291329
50.77257,8.9715,0.261417
50.77288,8.9678,0.283865
50.77319,8.9584,0.277585
50.77350,8.9668,0.303993
50.77375,8.9592,0.303993
50.77406,8.9648,0.265609
50.77437,8.9639,0.256041
50.77468,8.9678,0.259337
50.77499,8.9648,0.291329
50.77530,8.9715,0.270097
50.77555,8.9678,0.270097
50.77586,8.9791,0.259233
50.77617,8.9668,0.291225
50.77648,8.9574,0.302009
50.77679,8.9555,0.261025
50.77710,8.9592,0.297209
50.77736,8.9602,0.297209
50.77767,8.9678,0.267697
50.77797,8.9555,0.270393
50.77829,8.9602,0.298113
50.77860,8.9705,0.260521
50.77885,8.9648,0.260521
50.77916,8.9545,0.260233
50.77947,8.9545,0.290329
50.77978,8.9688,0.246673
50.78009,8.9705,0.249553
50.78040,8.9715,0.249553
50.78065,8.9658,0.249553
50.78096,8.9639,0.244881
50.78127,8.9668,0.256729
50.78158,8.9744,0.243569
50.78189,8.9668,0.252241
50.78220,8.9688,0.258833
50.78245,8.9621,0.258833
50.78276,8.9771,0.257833
50.78307,8.9668,0.273081
50.78338,8.9639,0.259233
50.78369,8.9564,0.262713
50.78400,8.9564,0.259921
50.78426,8.9648,0.259921
50.78456,8.9705,0.262817
50.78487,8.9602,0.259921
50.78518,8.9648,0.261817
50.78549,8.9678,0.261417
50.78575,8.9725,0.261417
50.78606,8.9574,0.256145
50.78637,8.9695,0.259129
50.78668,8.9688,0.250449
50.78699,8.9631,0.262129
50.78730,8.9688,0.294817
50.78755,8.9592,0.294817
50.78786,8.9602,0.302513
50.78817,8.9479,0.326329
50.78848,8.9762,0.258041
50.78879,8.9574,0.269201
50.78910,8.9611,0.266009
50.78935,8.9611,0.266009
50.78966,8.9705,0.253449
50.78997,8.9781,0.253537
50.79028,8.9611,0.254033
50.79059,8.9668,0.253057
50.79084,8.9725,0.253057
50.79115,8.9508,0.301801
50.79147,8.9648,0.285153
50.79178,8.9631,0.283865
50.79209,8.9631,0.276873
50.79240,8.9525,0.280065
50.79265,8.9668,0.280065
50.79296,8.9648,0.263609
50.79327,8.9725,0.261521
50.79358,8.9574,0.260625
50.79389,8.9695,0.262921
50.79420,8.9611,0.258233
50.79445,8.9791,0.258233
50.79476,8.9678,0.260729
50.79507,8.9658,0.259233
50.79538,8.9611,0.261817
50.79569,8.9668,0.259921
50.79595,8.9725,0.259921
50.79626,8.9592,0.259833
50.79657,8.9688,0.263505
50.79688,8.9621,0.261521
50.79718,8.9734,0.259417
50.79749,8.9592,0.260313
50.79775,8.9631,0.260313
50.79806,8.9611,0.260921
50.79837,8.9592,0.262921
50.79868,8.9688,0.262129
50.79899,8.9658,0.268305
50.79930,8.9631,0.264817
50.79955,8.9705,0.264817
50.79986,8.9574,0.266113
50.80017,8.9668,0.260417
50.80048,8.9621,0.262025
50.80079,8.9602,0.261921
50.80110,8.9705,0.261025
50.80135,8.9639,0.261025
50.80166,8.9678,0.263609
50.80197,8.9648,0.261417
50.80228,8.9621,0.275873
50.80259,8.9621,0.299609
50.80290,8.9762,0.253537
50.80315,8.9801,0.253537
50.80346,8.9648,0.261921
50.80377,8.9668,0.266513
50.80408,8.9602,0.295921
50.80440,8.9668,0.298425
50.80465,8.9574,0.298425
50.80496,8.9488,0.300297
50.80527,8.9678,0.290745
50.80558,8.9592,0.292625
50.80589,8.9678,0.254641
50.80620,8.9705,0.258521
50.80645,8.9668,0.258521
50.80676,8.9668,0.249553
50.80707,8.9621,0.261921
50.80738,8.9734,0.248761
50.80769,8.9725,0.242273
50.80794,8.9668,0.242273
50.80825,8.9602,0.245273
50.80856,8.9744,0.247865
50.81076,8.9668,0.258545
50.81253,8.9648,0.260817
50.81428,8.9648,0.299321
50.81604,8.9648,0.264217
50.81780,8.9631,0.265905
50.81956,8.9648,0.253537
50.82132,8.9648,0.259521
50.82307,8.9621,0.260817
50.82327,8.9697,0.259625
50.82358,8.9564,0.259729
50.82389,8.9631,0.259233
50.82414,8.9688,0.259233
50.82445,8.9648,0.259441
50.82476,8.9781,0.257145
50.82507,8.9668,0.260817
50.82538,8.9648,0.259417
50.82569,8.9688,0.260129
50.82595,8.9857,0.260129
50.82625,8.9705,0.260625
50.82656,8.9611,0.261713
50.82687,8.9639,0.262425
50.82718,8.9582,0.263713
50.82749,8.9592,0.263505
50.82775,8.9668,0.263505
50.82806,8.9688,0.263817
50.82837,8.9592,0.262713
50.82868,8.9648,0.260337
50.82899,8.9715,0.261817
50.82930,8.9715,0.261521
50.82955,8.9631,0.261521
50.82986,8.9678,0.261521
50.83017,8.9705,0.266721
50.83048,8.9611,0.259233
50.83079,8.9641,0.293521
50.83105,8.9611,0.293521
50.83136,8.9574,0.296521
50.83167,8.9545,0.295625
50.83198,8.9611,0.255641
50.83229,8.9648,0.255249
50.83260,8.9695,0.255641
50.83285,8.9668,0.255641
50.83316,8.9688,0.253745
50.83347,8.9602,0.262817
50.83378,8.9678,0.261417
50.83409,8.9621,0.248257
50.83434,8.9648,0.248257
50.83465,8.9648,0.287641
50.83496,8.9678,0.243569
50.83527,8.9611,0.242585
50.83558,8.9602,0.245569
50.83589,8.9678,0.256937
50.83614,8.9781,0.256937
50.83646,8.9564,0.251657
50.83677,8.9574,0.264505
50.83708,8.9574,0.259233
50.83739,8.9715,0.261129
50.83764,8.9668,0.261129
50.83795,8.9631,0.258441
50.83826,8.9631,0.256329
50.83857,8.9658,0.259521
50.83888,8.9668,0.260729
50.83919,8.9715,0.257833
50.83944,8.9648,0.257833
50.83975,8.9611,0.262025
50.84006,8.9688,0.264905
50.84037,8.9781,0.264713
50.84068,8.9781,0.261025
50.84099,8.9508,0.302009
50.84124,8.9602,0.302009
50.84155,8.9668,0.304385
50.84186,8.9631,0.273289
50.84217,8.9592,0.266697
50.84248,8.9582,0.268489
50.84279,8.9752,0.270289
50.84305,8.9688,0.270289
50.84336,8.9658,0.253745
50.84367,8.9639,0.254137
50.84398,8.9631,0.251953
50.84429,8.9621,0.255145
50.84454,8.9725,0.255145
50.84485,8.9678,0.261233
50.84516,8.9631,0.267617
50.84547,8.9602,0.280361
50.84578,8.9621,0.319841
50.84609,8.9555,0.279169
50.84634,8.9648,0.279169
50.84665,8.9592,0.266617
50.84696,8.9648,0.260921
50.84727,8.9639,0.257329
50.84758,8.9621,0.264217
50.84789,8.9639,0.262713
50.84814,8.9695,0.262713
50.84845,8.9621,0.260921
50.84877,8.9535,0.304305
50.84908,8.9592,0.267697
50.84939,8.9705,0.263425
50.84964,8.9611,0.263425
50.84995,8.9602,0.260625
50.85026,8.9678,0.257433
50.85057,8.9697,0.259337
50.85088,8.9631,0.260817
50.85119,8.9602,0.261233
50.85144,8.9658,0.261233
50.85175,8.9631,0.259233
50.85206,8.9752,0.257145
50.85237,8.9658,0.261521
50.85268,8.9668,0.257537
50.85299,8.9688,0.251953
50.85324,8.9705,0.251953
50.85355,8.9688,0.260417
50.85386,8.9631,0.264113
50.85417,8.9648,0.259729
50.85449,8.9744,0.261625
50.85474,8.9648,0.261625
50.85505,8.9734,0.258121
50.85536,8.9734,0.261521
50.85567,8.9639,0.262217
50.85598,8.9592,0.256249
50.85629,8.9668,0.259337
50.85654,8.9611,0.259337
50.85685,8.9631,0.257937
50.85716,8.9592,0.258041
50.85747,8.9668,0.256041
50.85778,8.9658,0.293337
50.85809,8.9582,0.294921
50.85834,8.9582,0.294921
50.85865,8.9631,0.295025
50.85896,8.9658,0.256937
50.85927,8.9582,0.257833
50.85958,8.9648,0.250049
50.85989,8.9658,0.250553
50.86014,8.9631,0.250553
50.86045,8.9705,0.277985
50.86077,8.9725,0.244273
50.86108,8.9725,0.245857
50.86139,8.9715,0.244777
50.86164,8.9658,0.244777
50.86195,8.9631,0.246761
50.86226,8.9631,0.267113
50.86257,8.9648,0.270097
50.86288,8.9592,0.268905
50.86319,8.9648,0.301009
50.86344,8.9611,0.301009
50.86375,8.9648,0.280065
50.86406,8.9668,0.256937
50.86437,8.9762,0.258729
50.86468,8.9705,0.257625
50.86499,8.9734,0.258233
50.86524,8.9621,0.258233
50.86555,8.9688,0.258833
50.86586,8.9602,0.255937
50.86617,8.9678,0.254937
50.86649,8.9752,0.255641
50.86674,8.9574,0.255641
50.86705,8.9678,0.256937
50.86736,8.9555,0.296921
50.86767,8.9621,0.298321
50.86798,8.9688,0.295313
50.86829,8.9631,0.253241
50.86860,8.9631,0.270097
50.86885,8.9705,0.270097
50.86916,8.9678,0.266513
50.86947,8.9754,0.246865
50.86978,8.9688,0.243881
50.87009,8.9592,0.242777
50.87040,8.9762,0.252241
50.87065,8.9668,0.252241
50.87096,8.9678,0.264609
50.87127,8.9631,0.261129
50.87158,8.9648,0.276081
50.87189,8.9668,0.276185
50.87214,8.9668,0.276185
50.87246,8.9658,0.272889
50.87277,8.9658,0.259337
50.87308,8.9648,0.261233
50.87339,8.9695,0.261521
50.87370,8.9762,0.259729
50.87395,8.9631,0.259729
50.87426,8.9678,0.259625
50.87457,8.9715,0.264713
50.87488,8.9555,0.306601
50.87519,8.9678,0.265009
50.87550,8.9648,0.262217
50.87575,8.9648,0.262217
50.87606,8.9648,0.263113
50.87637,8.9564,0.261521
50.87668,8.9574,0.262025
50.87699,8.9592,0.262609
50.87730,8.9564,0.261521
50.87755,8.9688,0.261521
50.87786,8.9688,0.283049
50.87818,8.9574,0.261817
50.87849,8.9611,0.262713
50.87880,8.9582,0.260921
50.87905,8.9688,0.260921
50.87936,8.9695,0.260129
50.87967,8.9631,0.260817
50.87998,8.9695,0.260233
50.88029,8.9658,0.259233
50.88060,8.9621,0.259625
50.88085,8.9695,0.259625
50.88116,8.9611,0.259025
50.88147,8.9621,0.260625
50.88178,8.9592,0.262321
50.88209,8.9668,0.260625
50.88234,8.9648,0.260625
50.88265,8.9648,0.262425
50.88296,8.9648,0.261625
50.88327,8.9809,0.266617
50.88358,8.9771,0.264713
50.88389,8.9592,0.289641
50.88415,8.9584,0.289641
50.88446,8.9535,0.294625
50.88477,8.9678,0.294817
50.88508,8.9639,0.259833
50.88539,8.9648,0.250345
50.88564,8.9592,0.250345
50.88595,8.9744,0.247257
50.88626,8.9668,0.249153
50.88657,8.9762,0.255537
50.88688,8.9611,0.248153
50.88719,8.9564,0.241481
50.88745,8.9688,0.241481
50.88775,8.9688,0.242881
50.88806,8.9715,0.241481
50.88837,8.9771,0.245777
50.88868,8.9688,0.251553
50.88899,8.9639,0.258937
50.88925,8.9518,0.258937
50.88956,8.9574,0.307185
50.88987,8.9611,0.269809
50.89018,8.9705,0.264113
50.89049,8.9592,0.263425
50.89075,8.9611,0.263425
50.89105,8.9621,0.259921
50.89136,8.9527,0.261129
50.89167,8.9602,0.260729
50.89198,8.9781,0.261025
50.89229,8.9631,0.304201
50.89255,8.9688,0.304201
50.89286,8.9611,0.260417
50.89317,8.9678,0.262921
50.89348,8.9658,0.261233
50.89379,8.9678,0.260233
50.89410,8.9631,0.300217
50.89435,8.9688,0.300217
50.89466,8.9584,0.294625
50.89497,8.9592,0.266113
50.89528,8.9555,0.263025
50.89559,8.9705,0.265801
50.89590,8.9631,0.265401
50.89615,8.9648,0.265401
50.89646,8.9705,0.253537
50.89677,8.9641,0.250265
50.89708,8.9688,0.250553
50.89739,8.9631,0.255641
50.89764,8.9621,0.255641
50.89795,8.9658,0.260233
50.89826,8.9631,0.277169
50.89857,8.9545,0.280673
50.89888,8.9648,0.267697
50.89919,8.9631,0.259129
50.89945,8.9705,0.259129
50.89975,8.9648,0.257433
50.90007,8.9658,0.257225
50.90038,8.9648,0.260729
50.90069,8.9621,0.255745
50.90099,8.9744,0.292433
50.90125,8.9631,0.292433
50.90156,8.9668,0.255833
50.90187,8.9705,0.283465
50.90218,8.9648,0.276977
50.90249,8.9695,0.257329
50.90274,8.9658,0.257329
50.90305,8.9668,0.257833
50.90336,8.9658,0.260817
50.90367,8.9678,0.296817
50.90398,8.9602,0.297321
50.90429,8.9611,0.270993
50.90455,8.9631,0.270993
50.90486,8.9668,0.261313
50.90517,8.9678,0.288641
50.90548,8.9535,0.257433
50.90578,8.9734,0.258041
50.90610,8.9535,0.289937
50.90635,8.9574,0.289937
50.90666,8.9602,0.262321
50.90697,8.9592,0.266305
50.90728,8.9508,0.292433
50.90759,8.9545,0.257433
50.90784,8.9688,0.257433
50.90815,8.9688,0.263713
50.90846,8.9705,0.292121
50.90877,8.9678,0.259129
50.90908,8.9725,0.272097
50.90939,8.9498,0.285953
50.90964,8.9648,0.285953
50.90995,8.9602,0.258233
50.91026,8.9602,0.294921
50.91057,8.9658,0.261417
50.91088,8.9631,0.260625
50.91119,8.9592,0.280361
50.91144,8.9658,0.280361
50.91175,8.9688,0.282969
50.91206,8.9695,0.259729
50.91237,8.9648,0.294025
50.91268,8.9611,0.259233
50.91299,8.9695,0.263025
50.91324,8.9771,0.263025
50.91355,8.9631,0.293625
50.91386,8.9678,0.259625
50.91417,8.9695,0.263425
50.91449,8.9564,0.293937
50.91474,8.9611,0.293937
50.91505,8.9734,0.259921
50.91536,8.9602,0.296209
50.91567,8.9611,0.268905
50.91598,8.9658,0.260417
50.91629,8.9525,0.263713
50.91654,8.9668,0.263713
50.91685,8.9602,0.294625
50.91716,8.9678,0.262321
50.91747,8.9602,0.297321
50.91778,8.9564,0.265905
50.91809,8.9781,0.298025
50.91834,8.9564,0.298025
50.91865,8.9555,0.297425
50.91896,8.9584,0.260337
50.91927,8.9725,0.260521
50.91958,8.9668,0.288137
50.91989,8.9631,0.255353
50.92015,8.9658,0.255353
50.92046,8.9631,0.273497
50.92077,8.9639,0.288449
50.92108,8.9555,0.300009
50.92139,8.9705,0.268993
50.92164,8.9648,0.268993
50.92195,8.9658,0.289537
50.92226,8.9697,0.257041
50.92257,8.9697,0.281465
50.92288,8.9648,0.279273
50.92319,8.9631,0.261921
50.92344,8.9535,0.261921
50.92375,8.9658,0.260417
50.92406,8.9631,0.262529
50.92437,8.9602,0.262217
50.92468,8.9611,0.294817
50.92494,8.9621,0.294817
50.92524,8.9631,0.276481
50.92556,8.9648,0.263713
50.92587,8.9602,0.294817
50.92618,8.9621,0.258937
50.92649,8.9648,0.257121
50.92674,8.9641,0.257121
50.92705,8.9705,0.291537
50.92736,8.9705,0.260233
50.92767,8.9695,0.269097
50.92798,8.9631,0.293833
50.92829,8.9611,0.260233
50.92854,8.9648,0.260233
50.92885,8.9688,0.259729
50.92916,8.9648,0.260025
50.92947,8.9639,0.259921
50.92978,8.9611,0.276873
50.93004,8.9584,0.276873
50.93035,8.9574,0.290249
50.93066,8.9639,0.259521
50.93097,8.9695,0.296625
50.93127,8.9668,0.262217
50.93159,8.9725,0.262713
50.93184,8.9621,0.262713
50.93215,8.9611,0.280857
50.93246,8.9648,0.280673
50.93277,8.9611,0.303905
50.93308,8.9648,0.292729
50.93334,8.9639,0.292729
50.93365,8.9678,0.261129
50.93395,8.9744,0.260129
50.93427,8.9621,0.278673
50.93458,8.9688,0.259129
50.93488,8.9631,0.260625
50.93514,8.9631,0.260625
50.93545,8.9744,0.297921
50.93576,8.9564,0.287345
50.93607,8.9592,0.288449
50.93638,8.9631,0.264217
50.93669,8.9648,0.260337
50.93694,8.9688,0.260337
50.93725,8.9535,0.253849
50.93756,8.9705,0.257537
50.93787,8.9658,0.258625
50.93818,8.9648,0.292225
50.93849,8.9592,0.266697
50.93874,8.9631,0.266697
50.93906,8.9631,0.260625
50.93936,8.9648,0.294417
50.93967,8.9695,0.258233
50.93998,8.9621,0.256145
50.94024,8.9631,0.256145
50.94055,8.9648,0.291329
50.94086,8.9688,0.259337
50.94117,8.9697,0.273497
50.94148,8.9582,0.287449
50.94178,8.9592,0.250049
50.94204,8.9705,0.250049
50.94235,8.9611,0.244881
50.94266,8.9631,0.246257
50.94297,8.9621,0.249657
50.94328,8.9641,0.249153
50.94359,8.9668,0.242193
50.94384,8.9725,0.242193
50.94415,8.9695,0.256641
50.94446,8.9611,0.256433
50.94477,8.9668,0.262817
50.94508,8.9668,0.275081
50.94534,8.9621,0.275081
50.94565,8.9668,0.265505
50.94596,8.9621,0.262025
50.94627,8.9668,0.262713
50.94657,8.9631,0.260921
50.94689,8.9725,0.257625
50.94714,8.9705,0.257625
50.94745,8.9648,0.302409
50.94776,8.9631,0.259025
50.94807,8.9688,0.259337
50.94838,8.9621,0.260417
50.94869,8.9688,0.259337
50.94894,8.9668,0.259337
50.94925,8.9631,0.257625
50.94956,8.9602,0.297713
50.94987,8.9564,0.301801
50.95018,8.9525,0.337305
50.95043,8.9564,0.337305
50.95075,8.9658,0.254745
50.95105,8.9668,0.265721
50.95136,8.9668,0.250657
50.95167,8.9715,0.251057
50.95198,8.9621,0.251345
50.95224,8.9734,0.251345
50.95255,8.9688,0.263425
50.95286,8.9678,0.253745
50.95316,8.9611,0.246065
50.95348,8.9611,0.254537
50.95379,8.9639,0.254937
50.95404,8.9752,0.254937
50.95435,8.9602,0.267305
50.95466,8.9582,0.265321
50.95497,8.9602,0.267905
50.95528,8.9631,0.260417
50.95559,8.9688,0.260417
50.95584,8.9697,0.260417
50.95615,8.9648,0.260417
50.95646,8.9602,0.259521
50.95677,8.9631,0.257833
50.95708,8.9631,0.262321
50.95734,8.9574,0.262321
50.95764,8.9592,0.261817
50.95795,8.9631,0.260417
50.95826,8.9631,0.263113
50.95857,8.9688,0.261521
50.95888,8.9602,0.262817
50.95914,8.9668,0.262817
50.95945,8.9695,0.264425
50.95976,8.9688,0.265721
50.96007,8.9639,0.264009
50.96038,8.9611,0.264817
50.96069,8.9621,0.264321
50.96094,8.9611,0.264321
50.96125,8.9611,0.260417
50.96156,8.9508,0.303097
50.96187,8.9639,0.262425
50.96218,8.9639,0.264217
50.96243,8.9705,0.264217
50.96275,8.9564,0.260025
50.96306,8.9602,0.258625
50.96337,8.9602,0.260129
50.96367,8.9611,0.258833
50.96399,8.9668,0.260729
50.96424,8.9678,0.260729
50.96455,8.9555,0.263713
50.96486,8.9621,0.260129
50.96517,8.9658,0.260817
50.96548,8.9668,0.260817
50.96579,8.9725,0.262129
50.96604,8.9658,0.262129
50.96635,8.9621,0.259833
50.96666,8.9838,0.262321
50.96697,8.9715,0.263609
50.96728,8.9678,0.296921
50.96759,8.9611,0.300009
50.96784,8.9564,0.300009
50.96815,8.9611,0.293337
50.96847,8.9744,0.256729
50.96878,8.9734,0.255745
50.96909,8.9611,0.252241
50.96934,8.9668,0.252241
50.96965,8.9621,0.252849
50.96996,8.9744,0.248257
50.97027,8.9621,0.252953
50.97058,8.9705,0.239977
50.97083,8.9725,0.239977
50.97114,8.9762,0.243089
50.97145,8.9705,0.244961
50.97176,8.9695,0.243273
50.97207,8.9678,0.247257
50.97238,8.9705,0.256249
50.97263,8.9658,0.256249
50.97294,8.9639,0.259729
50.97325,8.9631,0.270993
50.97356,8.9592,0.264425
50.97387,8.9631,0.266113
50.97418,8.9678,0.269097
50.97444,8.9734,0.269097
50.97475,8.9574,0.266305
50.97506,8.9574,0.260817
50.97537,8.9688,0.261625
50.97568,8.9715,0.258441
50.97593,8.9705,0.258441
50.97624,8.9611,0.305097
50.97655,8.9734,0.277777
50.97686,8.9658,0.262817
50.97717,8.9762,0.267113
50.97748,8.9695,0.300401
50.97773,8.9611,0.300401
50.97804,8.9639,0.296625
50.97835,8.9648,0.257937
50.97866,8.9695,0.268009
50.97897,8.9688,0.307497
50.97928,8.9527,0.263713
50.97953,8.9658,0.263713
50.97984,8.9641,0.251657
50.98016,8.9771,0.253849
50.98047,8.9611,0.256537
50.98078,8.9648,0.268697
50.98103,8.9771,0.268697
50.98134,8.9678,0.269889
50.98165,8.9668,0.265721
50.98196,8.9678,0.274585
50.98227,8.9508,0.271289
50.98258,8.9715,0.256433
50.98283,8.9611,0.256433
50.98314,8.9705,0.259233
50.98345,8.9678,0.257433
50.98376,8.9695,0.260129
50.98407,8.9648,0.257937
50.98438,8.9602,0.256329
50.98463,8.9668,0.256329
50.98494,8.9592,0.256641
50.98525,8.9668,0.256729
50.98556,8.9725,0.258833
50.98587,8.9648,0.256249
50.98618,8.9752,0.250849
50.98644,8.9695,0.250849
50.98675,8.9688,0.252953
50.98706,8.9658,0.254433
50.98737,8.9705,0.260025
50.98768,8.9621,0.257537
50.98793,8.9602,0.257537
50.98824,8.9668,0.262425
50.98855,8.9688,0.263609
50.98886,8.9639,0.257833
50.98917,8.9592,0.258121
50.98948,8.9648,0.258233
50.98973,8.9621,0.258233
50.99004,8.9725,0.256329
50.99035,8.9688,0.285153
50.99066,8.9564,0.290145
50.99097,8.9648,0.257329
50.99128,8.9725,0.260921
50.99153,8.9752,0.260921
50.99184,8.9705,0.258729
50.99215,8.9631,0.258729
50.99247,8.9744,0.259729
50.99278,8.9668,0.258521
50.99303,8.9734,0.258521
50.99334,8.9648,0.261025
50.99365,8.9602,0.298505
50.99396,8.9621,0.278481
50.99427,8.9602,0.297425
50.99458,8.9555,0.299713
50.99483,8.9525,0.299713
50.99514,8.9584,0.293729
50.99545,8.9695,0.252849
50.99576,8.9695,0.254937
50.99607,8.9705,0.245569
50.99638,8.9574,0.252641
50.99663,8.9602,0.252641
50.99694,8.9688,0.256249
50.99725,8.9555,0.250553
50.99756,8.9648,0.241873
50.99787,8.9695,0.242777
50.99818,8.9631,0.242777
50.99844,8.9715,0.242777
50.99875,8.9564,0.242377
50.99906,8.9592,0.255833
50.99937,8.9688,0.257329
50.99968,8.9668,0.270393
50.99993,8.9678,0.270393
51.00024,8.9658,0.273977
51.00055,8.9631,0.261417
51.00086,8.9688,0.263025
51.00117,8.9648,0.264425
51.00148,8.9648,0.259337
51.00173,8.9658,0.259337
51.00204,8.9631,0.263321
51.00235,8.9658,0.262425
51.00266,8.9688,0.261817
51.00297,8.9648,0.254937
51.00328,8.9697,0.254033
51.00353,8.9611,0.254033
51.00384,8.9678,0.264609
51.00415,8.9611,0.297209
51.00447,8.9564,0.307785
51.00478,8.9545,0.312665
51.00503,8.9639,0.312665
51.00534,8.9592,0.347881
51.00565,8.9744,0.274873
51.00596,8.9631,0.270889
51.00627,8.9611,0.257329
51.00658,8.9658,0.254353
51.00683,8.9611,0.254353
51.00714,8.9688,0.255433
51.00745,8.9705,0.256145
51.00776,8.9631,0.280673
51.00807,8.9621,0.314961
51.00838,8.9592,0.275081
51.00863,8.9592,0.275081
51.00894,8.9668,0.286657
51.00925,8.9592,0.277273
51.00956,8.9631,0.269593
51.00987,8.9658,0.266009
51.01013,8.9752,0.266009
51.01044,8.9668,0.264713
51.01075,8.9715,0.274585
51.01106,8.9648,0.271681
51.01137,8.9688,0.271097
51.01168,8.9688,0.266305
51.01193,8.9668,0.266305
51.01224,8.9668,0.280273
51.01255,8.9668,0.269489
51.01286,8.9688,0.269993
51.01317,8.9705,0.270497
51.01348,8.9668,0.267201
51.01373,8.9631,0.267201
51.01404,8.9498,0.269489
51.01435,8.9705,0.269097
51.01466,8.9592,0.277273
51.01497,8.9555,0.277481
51.01522,8.9555,0.277481
51.01553,8.9648,0.317865
51.01584,8.9648,0.310377
51.01616,8.9658,0.311585
51.01647,8.9525,0.312169
51.01678,8.9631,0.309185
51.01703,8.9678,0.309185
51.01734,8.9668,0.307577
51.01765,8.9611,0.271097
51.01796,8.9574,0.274185
51.01827,8.9611,0.314777
51.01858,8.9631,0.316969
51.01883,8.9555,0.316969
51.01914,8.9584,0.312273
51.01945,8.9471,0.357033
51.01976,8.9525,0.310769
51.02007,8.9611,0.306393
51.02032,8.9508,0.306393
51.02063,8.9668,0.288929
51.02094,8.9705,0.270497
51.02125,8.9592,0.308289
51.02156,8.9639,0.308977
51.02187,8.9527,0.307681
51.02213,8.9582,0.307681
51.02244,8.9498,0.266409
51.02275,8.9648,0.300801
51.02306,8.9582,0.297321
51.02337,8.9639,0.301113
51.02368,8.9648,0.303489
51.02393,8.9695,0.303489
51.02424,8.9602,0.291145
51.02455,8.9705,0.252449
51.02486,8.9725,0.255433
51.02517,8.9705,0.258729
51.02542,8.9695,0.258729
51.02573,8.9639,0.247969
51.02604,8.9781,0.258833
51.02635,8.9555,0.270201
51.02666,8.9648,0.261417
51.02697,8.9602,0.258729
51.02722,8.9688,0.258729
51.02753,8.9678,0.258337
51.02784,8.9602,0.259921
51.02815,8.9648,0.259129
51.02847,8.9668,0.257937
51.02878,8.9678,0.260233
51.02903,8.9631,0.260233
51.02934,8.9611,0.261417
51.02965,8.9631,0.261921
51.02996,8.9705,0.259521
51.03027,8.9678,0.260521
51.03058,8.9582,0.287641
51.03083,8.9602,0.287641
51.03114,8.9582,0.295817
51.03145,8.9658,0.293441
51.03176,8.9688,0.255641
51.03207,8.9564,0.264713
51.03232,8.9678,0.264713
51.03263,8.9688,0.262025
51.03294,8.9695,0.252241
51.03325,8.9688,0.247465
51.03356,8.9631,0.249257
51.03387,8.9688,0.295417
51.03412,8.9592,0.295417
51.03444,8.9678,0.256145
51.03475,8.9818,0.262425
51.03506,8.9658,0.276585
51.03537,8.9639,0.275081
51.03568,8.9641,0.264609
51.03593,8.9648,0.264609
51.03624,8.9688,0.259337
51.03655,8.9525,0.251849
51.03686,8.9621,0.306993
51.03717,8.9688,0.254137
51.03748,8.9648,0.261025
51.03773,8.9688,0.261025
51.03804,8.9555,0.257729
51.03835,8.9678,0.269705
51.03866,8.9631,0.256433
51.03897,8.9705,0.258441
51.03922,8.9564,0.258441
51.03953,8.9611,0.260337
51.03984,8.9648,0.259921
51.04015,8.9688,0.261625
51.04047,8.9621,0.261817
51.04078,8.9705,0.259625
51.04103,8.9611,0.259625
51.04134,8.9602,0.260025
51.04165,8.9631,0.260417
51.04196,8.9705,0.261521
51.04227,8.9648,0.260521
51.04252,8.9555,0.260521
51.04283,8.9695,0.259337
51.04314,8.9648,0.261921
51.04345,8.9725,0.261209
51.04376,8.9631,0.262529
51.04407,8.9574,0.264817
51.04432,8.9648,0.264817
51.04463,8.9678,0.263113
51.04494,8.9592,0.260025
51.04525,8.9611,0.260337
51.04556,8.9648,0.260729
51.04587,8.9695,0.259833
51.04612,8.9574,0.259833
51.04643,8.9535,0.258521
51.04675,8.9648,0.255145
51.04706,8.9678,0.260129
51.04736,8.9668,0.293729
51.04768,8.9668,0.292041
51.04793,8.9602,0.292041
51.04824,8.9582,0.294817
51.04855,8.9631,0.282865
51.04886,8.9582,0.254849
51.04917,8.9574,0.251849
51.04942,8.9705,0.251849
51.04973,8.9611,0.251745
51.05004,8.9697,0.260625
51.05035,8.9695,0.261313
51.05066,8.9697,0.245065
51.05097,8.9678,0.245777
51.05122,8.9631,0.245777
51.05153,8.9555,0.289833
51.05184,8.9762,0.252745
51.05215,8.9678,0.248361
51.05247,8.9648,0.255537
51.05272,8.9695,0.255537
51.05303,8.9762,0.259129
51.05334,8.9678,0.249553
51.05365,8.9688,0.268097
51.05396,8.9648,0.265905
51.05427,8.9648,0.261713
51.05452,8.9621,0.261713
51.05483,8.9678,0.256729
51.05514,8.9648,0.257329
51.05545,8.9648,0.257625
51.05576,8.9705,0.261417
51.05607,8.9611,0.259129
51.05632,8.9611,0.259129
51.05663,8.9648,0.260129
51.05694,8.9658,0.263713
51.05725,8.9648,0.265217
51.05756,8.9564,0.297529
51.05787,8.9498,0.300905
51.05813,8.9631,0.300905
51.05844,8.9641,0.303993
51.05875,8.9705,0.265609
51.05906,8.9621,0.267009
51.05937,8.9639,0.271201
51.05962,8.9688,0.271201
51.05993,8.9648,0.252449
51.06024,8.9734,0.253241
51.06055,8.9705,0.252449
51.06086,8.9734,0.252345
51.06117,8.9611,0.255937
51.06142,8.9697,0.255937
51.06173,8.9668,0.266513
51.06204,8.9715,0.282969
51.06235,8.9668,0.269489
51.06266,8.9592,0.277665
51.06297,8.9611,0.298505
51.06322,8.9734,0.298505
51.06353,8.9734,0.258833
51.06384,8.9678,0.260129
51.06416,8.9592,0.263217
51.06447,8.9639,0.292937
51.06472,8.9639,0.292937
51.06503,8.9658,0.259921
51.06534,8.9678,0.274689
51.06565,8.9611,0.318049
51.06596,8.9688,0.286057
51.06627,8.9648,0.258337
51.06652,8.9582,0.258337
51.06683,8.9631,0.304201
51.06714,8.9631,0.260625
51.06745,8.9744,0.277273
51.06776,8.9611,0.278569
51.06807,8.9658,0.256641
51.06832,8.9639,0.256641
51.06863,8.9658,0.254641
51.06894,8.9668,0.257729
51.06925,8.9555,0.255145
51.06956,8.9688,0.284049
51.06987,8.9641,0.267113
51.07012,8.9688,0.267113
51.07044,8.9678,0.251265
51.07075,8.9602,0.290745
51.07106,8.9621,0.255145
51.07137,8.9705,0.259625
51.07162,8.9631,0.259625
51.07193,8.9611,0.291041
51.07224,8.9668,0.257225
51.07255,8.9678,0.263321
51.07286,8.9545,0.294521
51.07317,8.9725,0.257937
51.07342,8.9639,0.257937
51.07373,8.9688,0.258121
51.07404,8.9621,0.261129
51.07435,8.9631,0.255537
51.07466,8.9611,0.268305
51.07497,8.9621,0.289641
51.07522,8.9639,0.289641
51.07553,8.9648,0.256833
51.07584,8.9688,0.291225
51.07615,8.9697,0.260025
51.07647,8.9668,0.256249
51.07672,8.9668,0.256249
51.07703,8.9631,0.276081
51.07734,8.9592,0.299401
51.07765,8.9695,0.261129
51.07796,8.9688,0.300609
51.07827,8.9574,0.261521
51.07852,8.9621,0.261521
51.07883,8.9611,0.263321
51.07914,8.9621,0.282465
51.07945,8.9639,0.260025
51.07976,8.9639,0.258521
51.08007,8.9621,0.307497
51.08032,8.9592,0.307497
51.08063,8.9621,0.301297
51.08094,8.9715,0.292833
51.08125,8.9611,0.275977
51.08156,8.9639,0.260337
51.08187,8.9678,0.260337
51.08213,8.9658,0.260337
51.08244,8.9602,0.258441
51.08275,8.9611,0.259833
51.08306,8.9525,0.294417
51.08337,8.9592,0.266113
51.08362,8.9828,0.266113
51.08393,8.9648,0.257833
51.08424,8.9648,0.294817
51.08455,8.9648,0.259025
51.08486,8.9648,0.260521
51.08511,8.9631,0.260521
51.08542,8.9535,0.297105
51.08573,8.9602,0.261625
51.08604,8.9695,0.274585
51.08635,8.9574,0.289833
51.08666,8.9668,0.254353
51.08692,8.9688,0.254353
51.08723,8.9611,0.262425
51.08754,8.9725,0.287057
51.08784,8.9631,0.257145
51.08816,8.9688,0.277081
51.08847,8.9648,0.280465
51.08872,8.9611,0.280465
51.08903,8.9668,0.259025
51.08934,8.9574,0.291537
51.08965,8.9592,0.259921
51.08996,8.9611,0.257433
51.09027,8.9734,0.286745
51.09052,8.9611,0.286745
51.09083,8.9695,0.278777
51.09114,8.9715,0.260129
51.09145,8.9631,0.295417
51.09176,8.9611,0.305393
51.09207,8.9535,0.263529
51.09232,8.9668,0.263529
51.09263,8.9582,0.293729
51.09294,8.9631,0.264009
51.09325,8.9518,0.266193
51.09356,8.9574,0.299713
51.09381,8.9631,0.299713
51.09412,8.9648,0.258521
51.09444,8.9564,0.295233
51.09475,8.9564,0.311769
51.09506,8.9668,0.258121
51.09537,8.9648,0.269809
51.09562,8.9611,0.269809
51.09593,8.9744,0.294337
51.09624,8.9734,0.261521
51.09655,8.9611,0.292121
51.09686,8.9705,0.263113
51.09717,8.9648,0.257937
51.09742,8.9678,0.257937
51.09773,8.9658,0.277585
51.09804,8.9648,0.258233
51.09835,8.9678,0.257937
51.09866,8.9621,0.293921
51.09897,8.9668,0.262609
51.09922,8.9801,0.262609
51.09953,8.9688,0.262025
51.09984,8.9582,0.287241
51.10015,8.9621,0.262321
51.10047,8.9602,0.263505
51.10072,8.9678,0.263505
51.10103,8.9611,0.295921
51.10134,8.9648,0.258121
51.10165,8.9611,0.286849
51.10196,8.9574,0.272393
51.10227,8.9648,0.256433
51.10252,8.9695,0.256433
51.10283,8.9678,0.255833
51.10314,8.9658,0.255433
51.10345,8.9678,0.253241
51.10376,8.9668,0.293729
51.10407,8.9518,0.262129
51.10432,8.9574,0.262129
51.10463,8.9688,0.261417
51.10494,8.9602,0.294625
51.10525,8.9648,0.252553
51.10556,8.9725,0.246969
51.10581,8.9631,0.246969
51.10612,8.9631,0.244673
51.10643,8.9441,0.261521
51.10674,8.9705,0.248361
51.10705,8.9648,0.247761
51.10736,8.9658,0.252057
51.10761,8.9639,0.252057
51.10792,8.9688,0.257225
51.10823,8.9648,0.257625
51.10854,8.9602,0.267009
51.11079,8.9688,0.260921
51.11255,8.9602,0.257041
51.11431,8.9602,0.271785
51.11607,8.9658,0.251161
51.11783,8.9658,0.285345
51.11959,8.9734,0.254745
51.12135,8.9668,0.259729
51.12310,8.9648,0.260817
51.12330,8.9545,0.259025
51.12355,8.9668,0.300505
51.12386,8.9658,0.278273
51.12411,8.9688,0.278273
51.12442,8.9621,0.259625
51.12473,8.9611,0.259233
51.12504,8.9744,0.261625
51.12535,8.9621,0.259921
51.12566,8.9715,0.258625
51.12592,8.9564,0.258625
51.12622,8.9611,0.259233
51.12654,8.9668,0.256937
51.12685,8.9668,0.263609
51.12716,8.9641,0.263321
51.12741,8.9574,0.263321
51.12772,8.9705,0.265609
51.12803,8.9668,0.264505
51.12834,8.9695,0.261921
51.12865,8.9648,0.258937
51.12896,8.9621,0.260417
51.12921,8.9648,0.260417
51.12952,8.9725,0.257937
51.12983,8.9611,0.265505
51.13014,8.9611,0.302097
51.13045,8.9555,0.293833
51.13076,8.9639,0.256937
51.13101,8.9695,0.256937
51.13132,8.9725,0.249865
51.13163,8.9715,0.243985
51.13194,8.9648,0.256433
51.13225,8.9678,0.255641
51.13251,8.9705,0.255641
51.13282,8.9658,0.249257
51.13313,8.9705,0.244273
51.13344,8.9705,0.241873
51.13375,8.9678,0.242985
51.13406,8.9658,0.246569
51.13431,8.9602,0.246569
51.13462,8.9668,0.249553
51.13493,8.9631,0.265217
51.13524,8.9602,0.309873
51.13555,8.9592,0.273081
51.13586,8.9688,0.257433
51.13611,8.9525,0.257433
51.13642,8.9771,0.259337
51.13673,8.9631,0.253449
51.13704,8.9641,0.262921
51.13735,8.9592,0.252745
51.13766,8.9725,0.257937
51.13791,8.9734,0.257937
51.13823,8.9611,0.279569
51.13854,8.9648,0.261025
51.13885,8.9592,0.252745
51.13916,8.9658,0.260625
51.13941,8.9678,0.260625
51.13972,8.9602,0.261417
51.14003,8.9678,0.302305
51.14034,8.9602,0.296817
51.14065,8.9621,0.288849
51.14096,8.9602,0.266697
51.14121,8.9555,0.266697
51.14152,8.9631,0.271289
51.14183,8.9668,0.255641
51.14214,8.9725,0.250345
51.14245,8.9734,0.252137
51.14276,8.9668,0.250657
51.14301,8.9705,0.250657
51.14332,8.9648,0.254137
51.14363,8.9695,0.261713
51.14394,8.9641,0.273897
51.14425,8.9678,0.282657
51.14451,8.9621,0.282657
51.14482,8.9648,0.269889
51.14513,8.9678,0.259025
51.14544,8.9611,0.258337
51.14575,8.9631,0.257225
51.14606,8.9705,0.259337
51.14631,8.9658,0.259337
51.14662,8.9734,0.257625
51.14693,8.9705,0.254433
51.14724,8.9592,0.258121
51.14755,8.9631,0.260129
51.14786,8.9688,0.258625
51.14811,8.9744,0.258625
51.14842,8.9621,0.258729
51.14873,8.9744,0.258833
51.14904,8.9631,0.260417
51.14935,8.9535,0.260025
51.14966,8.9668,0.302697
51.14991,8.9621,0.302697
51.15023,8.9582,0.257729
51.15054,8.9695,0.257145
51.15085,8.9697,0.256145
51.15116,8.9631,0.256145
51.15141,8.9631,0.256145
51.15172,8.9705,0.255833
51.15203,8.9818,0.259417
51.15234,8.9658,0.264505
51.15265,8.9555,0.300113
51.15296,8.9545,0.258121
51.15321,8.9592,0.258121
51.15352,8.9641,0.254537
51.15383,8.9678,0.257625
51.15414,8.9828,0.251849
51.15445,8.9771,0.257537
51.15471,8.9678,0.257537
51.15502,8.9658,0.266905
51.15533,8.9658,0.260233
51.15564,8.9688,0.259521
51.15594,8.9592,0.259025
51.15625,8.9641,0.261313
51.15651,8.9678,0.261313
51.15682,8.9639,0.300801
51.15713,8.9639,0.291433
51.15744,8.9592,0.281169
51.15775,8.9705,0.252241
51.15806,8.9752,0.252745
51.15831,8.9705,0.252745
51.15862,8.9695,0.245961
51.15893,8.9535,0.254137
51.15924,8.9668,0.250953
51.15955,8.9688,0.260337
51.15986,8.9688,0.238393
51.16011,8.9688,0.238393
51.16042,8.9592,0.240185
51.16073,8.9705,0.240585
51.16104,8.9648,0.244961
51.16135,8.9791,0.258121
51.16161,8.9648,0.258121
51.16192,8.9631,0.257833
51.16222,8.9631,0.271601
51.16254,8.9631,0.260417
51.16285,8.9602,0.254033
51.16316,8.9611,0.260921
51.16341,8.9631,0.260921
51.16372,8.9592,0.267409
51.16403,8.9611,0.301297
51.16434,8.9668,0.263921
51.16465,8.9705,0.260025
51.16496,8.9564,0.259129
51.16521,8.9762,0.259129
51.16552,8.9715,0.261129
51.16583,8.9621,0.260129
51.16614,8.9631,0.259729
51.16645,8.9801,0.289937
51.16676,8.9715,0.292625
51.16701,8.9545,0.292625
51.16732,8.9471,0.336801
51.16763,8.9564,0.258625
51.16794,8.9668,0.266905
51.16825,8.9705,0.269809
51.16851,8.9631,0.269809
51.16882,8.9602,0.261713
51.16913,8.9668,0.256329
51.16944,8.9762,0.252449
51.16975,8.9658,0.253345
51.17000,8.9658,0.253345
51.17031,8.9631,0.248865
51.17062,8.9641,0.261817
51.17093,8.9678,0.267513
51.17124,8.9705,0.281361
51.17155,8.9592,0.264505
51.17180,8.9574,0.264505
51.17211,8.9574,0.257225
51.17242,8.9705,0.259521
51.17273,8.9734,0.257729
51.17304,8.9725,0.261025
51.17335,8.9668,0.258041
51.17360,8.9602,0.258041
51.17391,8.9688,0.259233
51.17423,8.9658,0.264009
51.17454,8.9744,0.259625
51.17485,8.9688,0.254033
51.17510,8.9639,0.254033
51.17541,8.9668,0.258337
51.17572,8.9688,0.259129
51.17603,8.9611,0.262217
51.17634,8.9668,0.265217
51.17665,8.9648,0.262321
51.17690,8.9705,0.262321
51.17721,8.9725,0.263817
51.17752,8.9592,0.262529
51.17783,8.9621,0.262321
51.17814,8.9791,0.260233
51.17845,8.9688,0.296521
51.17870,8.9555,0.296521
51.17901,8.9658,0.283361
51.17932,8.9658,0.260521
51.17963,8.9715,0.259729
51.17994,8.9648,0.258521
51.18026,8.9715,0.259921
51.18051,8.9621,0.259921
51.18082,8.9678,0.259833
51.18113,8.9715,0.262129
51.18144,8.9648,0.302201
51.18175,8.9592,0.270393
51.18201,8.9648,0.270393
51.18231,8.9705,0.260921
51.18262,8.9648,0.256537
51.18293,8.9584,0.258937
51.18324,8.9688,0.281169
51.18355,8.9545,0.302409
51.18381,8.9611,0.302409
51.18412,8.9535,0.298113
51.18442,8.9564,0.259337
51.18474,8.9678,0.251265
51.18505,8.9695,0.256145
51.18536,8.9574,0.250849
51.18561,8.9744,0.250849
51.18592,8.9715,0.247761
51.18623,8.9668,0.244569
51.18654,8.9695,0.239185
51.18685,8.9734,0.231321
51.18710,8.9725,0.231321
51.18741,8.9744,0.243481
51.18772,8.9705,0.250657
51.18803,8.9668,0.253641
51.18834,8.9641,0.269889
51.18865,8.9668,0.269705
51.18890,8.9715,0.269705
51.18922,8.9648,0.256145
51.18953,8.9668,0.255537
51.18984,8.9631,0.260521
51.19015,8.9639,0.259417
51.19045,8.9658,0.260921
51.19071,8.9705,0.260921
51.19102,8.9602,0.263113
51.19133,8.9678,0.258729
51.19164,8.9631,0.259233
51.19195,8.9648,0.255745
51.19226,8.9611,0.258937
51.19251,8.9641,0.258937
51.19282,8.9648,0.316361
51.19313,8.9525,0.342393
51.19344,8.9545,0.294817
51.19375,8.9611,0.297529
51.19400,8.9641,0.297529
51.19431,8.9621,0.262321
51.19462,8.9631,0.267409
51.19493,8.9602,0.249049
51.19524,8.9574,0.252161
51.19555,8.9705,0.247761
51.19581,8.9658,0.247761
51.19612,8.9527,0.281169
51.19643,8.9658,0.268697
51.19673,8.9658,0.267113
51.19704,8.9695,0.276873
51.19736,8.9639,0.275585
51.19761,8.9611,0.275585
51.19792,8.9705,0.272393
51.19823,8.9668,0.261625
51.19854,8.9658,0.260025
51.19885,8.9695,0.255745
51.19910,8.9621,0.255745
51.19941,8.9771,0.255249
51.19972,8.9668,0.259025
51.20003,8.9658,0.257537
51.20034,8.9574,0.257537
51.20065,8.9641,0.254641
51.20091,8.9668,0.254641
51.20122,8.9648,0.260337
51.20152,8.9688,0.257537
51.20184,8.9592,0.253641
51.20215,8.9641,0.258729
51.20246,8.9734,0.258521
51.20271,8.9648,0.258521
51.20302,8.9695,0.270889
51.20333,8.9697,0.254137
51.20364,8.9648,0.250849
51.20395,8.9668,0.260625
51.20420,8.9631,0.260625
51.20451,8.9621,0.254353
51.20482,8.9631,0.258337
51.20513,8.9574,0.261313
51.20544,8.9678,0.257329
51.20575,8.9705,0.254937
51.20600,8.9752,0.254937
51.20631,8.9668,0.256537
51.20662,8.9641,0.258937
51.20693,8.9611,0.261921
51.20724,8.9611,0.259921
51.20755,8.9611,0.303993
51.20780,8.9564,0.303993
51.20811,8.9639,0.258441
51.20842,8.9734,0.261025
51.20873,8.9658,0.259729
51.20904,8.9658,0.260729
51.20935,8.9621,0.261625
51.20961,8.9658,0.261625
51.20991,8.9688,0.260025
51.21023,8.9734,0.308393
51.21054,8.9545,0.343681
51.21085,8.9611,0.267113
51.21110,8.9668,0.267113
51.21141,8.9658,0.256329
51.21172,8.9705,0.250265
51.21203,8.9705,0.258121
51.21234,8.9648,0.260417
51.21265,8.9602,0.251849
51.21290,8.9715,0.251849
51.21321,8.9697,0.249657
51.21352,8.9688,0.242481
51.21383,8.9648,0.242881
51.21414,8.9678,0.240377
51.21445,8.9631,0.244961
51.21471,8.9648,0.244961
51.21502,8.9592,0.250657
51.21533,8.9631,0.267305
51.21564,8.9725,0.269993
51.21594,8.9582,0.256041
51.21620,8.9705,0.256041
51.21651,8.9592,0.260625
51.21682,8.9658,0.258833
51.21713,8.9592,0.257937
51.21744,8.9705,0.258441
51.21775,8.9688,0.262129
51.21800,8.9695,0.262129
51.21831,8.9631,0.262817
51.21862,8.9641,0.259233
51.21893,8.9648,0.264113
51.21924,8.9688,0.265505
51.21950,8.9621,0.265505
51.21981,8.9688,0.270305
51.22012,8.9668,0.296417
51.22042,8.9705,0.290041
51.22074,8.9621,0.290329
51.22105,8.9678,0.261025
51.22130,8.9658,0.261025
51.22161,8.9631,0.264401
51.22192,8.9592,0.262817
51.22223,8.9564,0.249657
51.22254,8.9611,0.251265
51.22285,8.9695,0.250849
51.22310,8.9781,0.250849
51.22341,8.9582,0.250953
51.22372,8.9631,0.267697
51.22403,8.9668,0.271601
51.22434,8.9648,0.281969
51.22465,8.9631,0.273289
51.22490,8.9592,0.273289
51.22521,8.9621,0.304889
51.22552,8.9658,0.260337
51.22583,8.9688,0.267201
51.22614,8.9771,0.262025
51.22640,8.9725,0.262025
51.22671,8.9705,0.260337
51.22701,8.9592,0.291833
51.22733,8.9582,0.256225
51.22764,8.9602,0.260921
51.22795,8.9574,0.294521
51.22820,8.9678,0.294521
51.22851,8.9754,0.261129
51.22882,8.9695,0.292833
51.22913,8.9611,0.265009
51.22944,8.9668,0.256145
51.22969,8.9762,0.256145
51.23000,8.9602,0.267697
51.23031,8.9725,0.288849
51.23062,8.9688,0.255249
51.23093,8.9592,0.293337
51.23124,8.9602,0.258041
51.23150,8.9668,0.258041
51.23181,8.9621,0.255145
51.23212,8.9582,0.291537
51.23243,8.9574,0.260921
51.23274,8.9734,0.256729
51.23304,8.9695,0.294729
51.23330,8.9611,0.294729
51.23361,8.9641,0.260233
51.23392,8.9705,0.277585
51.23423,8.9592,0.283257
51.23454,8.9688,0.256833
51.23485,8.9639,0.255833
51.23510,8.9621,0.255833
51.23541,8.9574,0.288849
51.23572,8.9688,0.256249
51.23603,8.9705,0.284257
51.23634,8.9621,0.318361
51.23660,8.9535,0.318361
51.23691,8.9809,0.267409
51.23722,8.9641,0.250953
51.23752,8.9592,0.250265
51.23783,8.9688,0.256041
51.23814,8.9631,0.284449
51.23840,8.9508,0.284449
51.23871,8.9695,0.266009
51.23902,8.9508,0.262025
51.23933,8.9498,0.335113
51.23963,8.9582,0.258625
51.23995,8.9744,0.259729
51.24020,8.9688,0.259729
51.24051,8.9658,0.291833
51.24082,8.9611,0.258833
51.24113,8.9602,0.270993
51.24144,8.9639,0.284449
51.24169,8.9705,0.284449
51.24200,8.9611,0.258041
51.24231,8.9621,0.255833
51.24262,8.9564,0.257041
51.24293,8.9678,0.256537
51.24324,8.9725,0.286057
51.24350,8.9648,0.286057
51.24381,8.9695,0.283761
51.24411,8.9658,0.257625
51.24443,8.9631,0.290249
51.24474,8.9639,0.258441
51.24505,8.9715,0.256937
51.24530,8.9602,0.256937
51.24561,8.9631,0.280961
51.24592,8.9639,0.260521
51.24623,8.9762,0.260129
51.24654,8.9545,0.298113
51.24679,8.9611,0.298113
51.24710,8.9658,0.262321
51.24741,8.9705,0.290641
51.24772,8.9641,0.273793
51.24803,8.9668,0.258337
51.24834,8.9648,0.261233
51.24860,8.9535,0.261233
51.24890,8.9678,0.292433
51.24922,8.9648,0.257729
51.24953,8.9621,0.292433
51.24984,8.9678,0.266409
51.25014,8.9678,0.260729
51.25040,8.9639,0.260729
51.25071,8.9525,0.262713
51.25102,8.9658,0.289433
51.25133,8.9564,0.259833
51.25164,8.9688,0.291937
51.25195,8.9574,0.256833
51.25220,8.9809,0.256833
51.25251,8.9631,0.265609
51.25282,8.9678,0.289433
51.25313,8.9639,0.258521
51.25344,8.9602,0.255353
51.25369,8.9574,0.255353
51.25400,8.9574,0.329625
51.25431,8.9668,0.279169
51.25462,8.9621,0.279857
51.25493,8.9621,0.281169
51.25524,8.9574,0.256433
51.25549,8.9631,0.256433
51.25580,8.9697,0.257433
51.25611,8.9668,0.257145
51.25642,8.9658,0.259417
51.25673,8.9678,0.285657
51.25704,8.9648,0.276273
51.25730,8.9865,0.276273
51.25761,8.9648,0.255641
51.25792,8.9564,0.289833
51.25823,8.9641,0.257329
51.25854,8.9641,0.261129
51.25879,8.9639,0.261129
51.25910,8.9611,0.291641
51.25941,8.9584,0.271889
51.25972,8.9705,0.267513
51.26003,8.9658,0.296209
51.26034,8.9641,0.262817
51.26059,8.9688,0.262817
51.26090,8.9648,0.262713
51.26121,8.9592,0.267801
51.26152,8.9592,0.262321
51.26183,8.9688,0.269705
51.26214,8.9592,0.286953
51.26239,8.9611,0.286953
51.26270,8.9658,0.257433
51.26301,8.9695,0.294025
51.26332,8.9631,0.263505
51.26363,8.9668,0.262321
51.26394,8.9518,0.277273
51.26420,8.9668,0.277273
51.26451,8.9582,0.260921
51.26482,8.9705,0.263025
51.26513,8.9611,0.300905
51.26544,8.9525,0.305201
51.26570,8.9688,0.305201
51.26600,8.9648,0.260337
51.26631,8.9648,0.284657
51.26662,8.9678,0.259337
51.26693,8.9678,0.264713
51.26724,8.9705,0.298321
51.26750,8.9688,0.298321
51.26781,8.9697,0.258833
51.26812,8.9705,0.272993
51.26843,8.9631,0.292041
51.26874,8.9828,0.246361
51.26905,8.9658,0.246761
51.26930,8.9688,0.246761
51.26961,8.9715,0.252241
51.26992,8.9648,0.253953
51.27023,8.9678,0.253849
51.27054,8.9668,0.256329
51.27079,8.9678,0.256329
51.27110,8.9648,0.268801
51.27141,8.9564,0.254249
51.27172,8.9678,0.257937
51.27203,8.9725,0.254033
51.27234,8.9631,0.255249
51.27259,8.9639,0.255249
51.27290,8.9658,0.257329
51.27321,8.9641,0.254849
51.27352,8.9771,0.254353
51.27383,8.9658,0.259417
51.27414,8.9621,0.261417
51.27440,8.9631,0.261417
51.27471,8.9697,0.260521
51.27502,8.9648,0.253137
51.27533,8.9611,0.300801
51.27563,8.9555,0.306097
51.27594,8.9705,0.294817
51.27620,8.9631,0.294817
51.27651,8.9678,0.261817
51.27682,8.9621,0.262025
51.27713,8.9639,0.268489
51.27744,8.9752,0.244065
51.27769,8.9582,0.244065
51.27800,8.9688,0.251657
51.27831,8.9715,0.251345
51.27862,8.9705,0.263425
51.27893,8.9648,0.267305
51.27924,8.9705,0.262529
51.27949,8.9639,0.262529
51.27980,8.9564,0.278169
51.28011,8.9639,0.269993
51.28042,8.9688,0.255433
51.28073,8.9668,0.258625
51.28104,8.9602,0.259337
51.28130,8.9668,0.259337
51.28160,8.9715,0.261417
51.28191,8.9621,0.257145
51.28223,8.9631,0.258625
51.28254,8.9648,0.258833
51.28279,8.9631,0.258833
51.28310,8.9592,0.300217
51.28341,8.9668,0.258233
51.28372,8.9592,0.256833
51.28403,8.9639,0.255353
51.28434,8.9695,0.269097
51.28460,8.9668,0.269097
51.28490,8.9648,0.255833
51.28521,8.9734,0.256833
51.28552,8.9678,0.255833
51.28583,8.9621,0.256329
51.28609,8.9668,0.256329
51.28640,8.9705,0.254537
51.28671,8.9648,0.254353
51.28702,8.9592,0.250049
51.28733,8.9725,0.258937
51.28764,8.9621,0.251449
51.28789,8.9695,0.251449
51.28820,8.9611,0.260233
51.28851,8.9631,0.262713
51.28882,8.9639,0.261417
51.28913,8.9658,0.260025
51.28944,8.9688,0.262321
51.28969,8.9602,0.262321
51.29000,8.9631,0.259025
51.29031,8.9744,0.257537
51.29062,8.9734,0.257833
51.29093,8.9648,0.260729
51.29119,8.9697,0.260729
51.29149,8.9648,0.258833
51.29181,8.9498,0.259129
51.29212,8.9668,0.259521
51.29242,8.9639,0.295625
51.29273,8.9545,0.293833
51.29299,8.9564,0.293833
51.29330,8.9584,0.300713
51.29361,8.9602,0.266513
51.29392,8.9705,0.257833
51.29423,8.9695,0.284257
51.29454,8.9602,0.256329
51.29479,8.9658,0.256329
51.29510,8.9584,0.257145
51.29541,8.9592,0.254849
51.29572,8.9631,0.244881
51.29603,8.9781,0.244377
51.29629,8.9678,0.244377
51.29660,8.9631,0.244777
51.29691,8.9639,0.243169
51.29722,8.9688,0.291625
51.29752,8.9771,0.255537
51.29784,8.9678,0.268593
51.29809,8.9621,0.268593
51.29840,8.9611,0.268489
51.29871,8.9631,0.255833
51.29902,8.9648,0.253953
51.29933,8.9648,0.256537
51.29964,8.9668,0.258937
51.29989,8.9631,0.258937
51.30020,8.9705,0.261129
51.30051,8.9781,0.258121
51.30082,8.9705,0.257225
51.30113,8.9631,0.260025
51.30138,8.9725,0.260025
51.30169,8.9602,0.259833
51.30200,8.9621,0.263321
51.30231,8.9688,0.297425
51.30262,8.9648,0.300609
51.30293,8.9602,0.299905
51.30319,8.9639,0.299905
51.30350,8.9648,0.300113
51.30381,8.9592,0.257937
51.30411,8.9688,0.264905
51.30443,8.9688,0.248153
51.30474,8.9631,0.261713
51.30499,8.9621,0.261713
51.30530,8.9648,0.249657
51.30561,8.9648,0.247361
51.30592,8.9658,0.250449
51.30623,8.9631,0.245361
51.30654,8.9658,0.267801
51.30679,8.9592,0.267801
51.30710,8.9545,0.266697
51.30741,8.9631,0.270393
51.30772,8.9658,0.257625
51.30803,8.9621,0.259625
51.30828,8.9621,0.259625
51.30859,8.9582,0.259441
51.30890,8.9602,0.298609
51.30921,8.9621,0.264009
51.30952,8.9648,0.263425
51.30983,8.9648,0.264217
51.31009,8.9631,0.264217
51.31039,8.9621,0.263505
51.31071,8.9611,0.256329
51.31102,8.9705,0.250265
51.31132,8.9697,0.260129
51.31163,8.9705,0.302009
51.31189,8.9678,0.302009
51.31220,8.9744,0.263025
51.31251,8.9668,0.257625
51.31282,8.9668,0.255937
51.31313,8.9602,0.258729
51.31338,8.9658,0.258729
51.31369,8.9705,0.258041
51.31400,8.9678,0.257729
51.31431,8.9574,0.256729
51.31462,8.9678,0.260233
51.31493,8.9678,0.256329
51.31518,8.9678,0.256329
51.31550,8.9688,0.254641
51.31580,8.9631,0.260521
51.31611,8.9705,0.260817
51.31642,8.9678,0.260921
51.31673,8.9574,0.259129
51.31699,8.9648,0.259129
51.31730,8.9705,0.260817
51.31761,8.9715,0.260337
51.31792,8.9715,0.255249
51.31823,8.9678,0.257729
51.31848,8.9658,0.257729
51.31879,8.9715,0.255433
51.31910,8.9658,0.255433
51.31941,8.9781,0.255249
51.31972,8.9705,0.269705
51.32003,8.9648,0.292625
51.32029,8.9602,0.292625
51.32060,8.9611,0.290041
51.32091,8.9631,0.245465
51.32121,8.9668,0.252553
51.32153,8.9639,0.262609
51.32183,8.9668,0.243169
51.32209,8.9695,0.243169
51.32240,8.9688,0.252849
51.32271,8.9564,0.250953
51.32302,8.9555,0.264321
51.32333,8.9631,0.283465
51.32364,8.9658,0.242273
51.32389,8.9744,0.242273
51.32420,8.9648,0.240793
51.32451,8.9574,0.249553
51.32482,8.9744,0.255145
51.32513,8.9734,0.254641
51.32538,8.9639,0.254641
51.32569,8.9688,0.275185
51.32600,8.9592,0.288537
51.32631,8.9621,0.281065
51.32662,8.9621,0.258337
51.32693,8.9648,0.261817
51.32719,8.9639,0.261817
51.32749,8.9688,0.257433
51.32780,8.9592,0.256641
51.32812,8.9611,0.258441
51.32843,8.9658,0.263921
51.32873,8.9525,0.259025
51.32899,8.9648,0.259025
51.32930,8.9678,0.261625
51.32961,8.9631,0.259337
51.32992,8.9582,0.302201
51.33023,8.9592,0.300401
51.33048,8.9688,0.300401
51.33079,8.9582,0.302113
51.33110,8.9592,0.266409
51.33141,8.9611,0.269305
51.33172,8.9705,0.263113
51.33203,8.9688,0.252241
51.33229,8.9648,0.252241
51.33260,8.9545,0.250553
51.33291,8.9602,0.249761
51.33322,8.9631,0.267697
51.33353,8.9611,0.268801
51.33383,8.9668,0.263321
51.33409,8.9641,0.263321
51.33440,8.9641,0.278377
51.33471,8.9535,0.270993
51.33502,8.9752,0.255937
51.33533,8.9648,0.257329
51.33564,8.9695,0.259521
51.33589,8.9658,0.259521
51.33620,8.9658,0.259625
51.33651,8.9658,0.256729
51.33682,8.9611,0.260129
51.33713,8.9658,0.255041
51.33739,8.9734,0.255041
51.33770,8.9631,0.263817
51.33801,8.9631,0.260921
51.33831,8.9631,0.259921
51.33863,8.9688,0.259921
51.33894,8.9668,0.254353
51.33919,8.9658,0.254353
51.33950,8.9715,0.255833
51.33981,8.9631,0.259441
51.34012,8.9658,0.259729
51.34043,8.9648,0.273793
51.34068,8.9668,0.273793
51.34099,8.9631,0.300713
51.34130,8.9648,0.259441
51.34161,8.9631,0.258121
51.34192,8.9648,0.261025
51.34223,8.9752,0.259025
51.34248,8.9631,0.259025
51.34279,8.9658,0.265217
51.34310,8.9678,0.254353
51.34341,8.9574,0.262129
51.34372,8.9688,0.263425
51.34403,8.9688,0.260625
51.34429,8.9639,0.260625
51.34459,8.9688,0.264009
51.34490,8.9695,0.262921
51.34521,8.9602,0.265113
51.34552,8.9668,0.263713
51.34583,8.9631,0.261921
51.34609,8.9754,0.261921
51.34640,8.9715,0.259337
51.34671,8.9555,0.277377
51.34702,8.9592,0.295025
51.34733,8.9574,0.299217
51.34758,8.9648,0.299217
51.34789,8.9564,0.297817
51.34820,8.9658,0.255145
51.34851,8.9688,0.257833
51.34882,8.9695,0.247969
51.34913,8.9771,0.251553
51.34938,8.9715,0.251553
51.34969,8.9648,0.250953
51.35000,8.9695,0.243169
51.35031,8.9725,0.242377
51.35062,8.9658,0.241769
51.35093,8.9668,0.247465
51.35118,8.9752,0.247465
51.35149,8.9668,0.252161
51.35180,8.9648,0.272185
51.35211,8.9555,0.312961
51.35242,8.9582,0.260521
51.35273,8.9631,0.256729
51.35299,8.9668,0.256729
51.35329,8.9631,0.256729
51.35361,8.9715,0.252745
51.35392,8.9648,0.250953
51.35423,8.9479,0.257433
51.35448,8.9631,0.257433
51.35479,8.9695,0.253449
51.35510,8.9697,0.299217
51.35541,8.9648,0.255537
51.35572,8.9631,0.253953
51.35603,8.9668,0.256433
51.35628,8.9611,0.256433
51.35659,8.9658,0.294337
51.35690,8.9658,0.292329
51.35721,8.9592,0.291225
51.35752,8.9574,0.261521
51.35783,8.9725,0.267009
51.35809,8.9658,0.267009
51.35839,8.9678,0.267697
51.35870,8.9697,0.252849
51.35901,8.9641,0.250449
51.35932,8.9668,0.255537
51.35958,8.9668,0.255537
51.35989,8.9508,0.264009
51.36020,8.9648,0.263921
51.36051,8.9611,0.276585
51.36082,8.9611,0.275081
51.36113,8.9631,0.271497
51.36138,8.9639,0.271497
51.36169,8.9695,0.258337
51.36200,8.9678,0.258041
51.36231,8.9705,0.255353
51.36262,8.9535,0.262217
51.36293,8.9621,0.257625
51.36319,8.9602,0.257625
51.36349,8.9678,0.256833
51.36380,8.9582,0.257145
51.36411,8.9621,0.258833
51.36442,8.9668,0.259833
51.36468,8.9715,0.259833
51.36499,8.9639,0.260817
51.36530,8.9744,0.260233
51.36560,8.9611,0.258441
51.36592,8.9621,0.260817
51.36623,8.9564,0.268201
51.36648,8.9688,0.268201
51.36679,8.9641,0.301193
51.36710,8.9555,0.255641
51.36741,8.9631,0.255937
51.36772,8.9668,0.257625
51.36803,8.9771,0.256833
51.36834,8.9744,0.257041
51.36859,8.9678,0.257041
51.36890,8.9631,0.256433
51.36921,8.9631,0.256833
51.36952,8.9641,0.297817
51.36983,8.9621,0.249945
51.37009,8.9621,0.249945
51.37039,8.9582,0.253953
51.37070,8.9648,0.250369
51.37101,8.9535,0.251265
51.37132,8.9668,0.254641
51.37163,8.9688,0.258121
51.37189,8.9688,0.258121
51.37220,8.9648,0.261129
51.37251,8.9621,0.270305
51.37282,8.9582,0.261625
51.37313,8.9648,0.264505
51.37339,8.9639,0.264505
51.37369,8.9648,0.296025
51.37400,8.9658,0.292833
51.37431,8.9535,0.288345
51.37462,8.9725,0.257537
51.37493,8.9678,0.254849
51.37519,8.9725,0.254849
51.37550,8.9744,0.246969
51.37581,8.9621,0.253345
51.37612,8.9658,0.255433
51.37642,8.9668,0.258521
51.37674,8.9791,0.240793
51.37699,8.9705,0.240793
51.37730,8.9631,0.241873
51.37761,8.9734,0.240185
51.37792,8.9611,0.245673
51.37823,8.9744,0.242377
51.37854,8.9725,0.257145
51.37879,8.9668,0.257145
51.37910,8.9668,0.262321
51.37941,8.9631,0.271785
51.37972,8.9705,0.260129
51.38003,8.9688,0.261417
51.38029,8.9705,0.261417
51.38060,8.9697,0.261129
51.38090,8.9574,0.290145
51.38121,8.9584,0.288929
51.38153,8.9678,0.259025
51.38184,8.9639,0.258441
51.38209,8.9678,0.258441
51.38240,8.9668,0.257433
51.38271,8.9725,0.256537
51.38302,8.9725,0.257537
51.38333,8.9574,0.272577
51.38364,8.9688,0.297529
51.38389,8.9631,0.297529
51.38420,8.9545,0.339097
51.38451,8.9555,0.252745
51.38482,8.9658,0.267113
51.38513,8.9809,0.266009
51.38539,8.9771,0.266009
51.38569,8.9602,0.252849
51.38601,8.9762,0.252241
51.38632,8.9734,0.251265
51.38663,8.9668,0.251057
51.38693,8.9705,0.254433
51.38719,8.9658,0.254433
51.38750,8.9574,0.254937
51.38781,8.9639,0.272681
51.38812,8.9688,0.282657
51.38843,8.9715,0.267905
51.38874,8.9639,0.257729
51.38899,8.9592,0.257729
51.38930,8.9744,0.257729
51.38961,8.9715,0.255641
51.38992,8.9658,0.257537
51.39023,8.9639,0.259833
51.39048,8.9639,0.259833
51.39079,8.9648,0.293521
51.39110,8.9639,0.259233
51.39141,8.9602,0.288537
51.39172,8.9574,0.269097
51.39203,8.9648,0.258625
51.39229,8.9734,0.258625
51.39260,8.9762,0.258625
51.39291,8.9639,0.260729
51.39322,8.9668,0.261417
51.39352,8.9611,0.295025
51.39384,8.9602,0.266009
51.39409,8.9668,0.266009
51.39440,8.9641,0.261713
51.39471,8.9611,0.292121
51.39502,8.9555,0.254641
51.39533,8.9639,0.270497
51.39564,8.9592,0.332505
51.39589,8.9678,0.332505
51.39620,8.9688,0.257329
51.39651,8.9621,0.270993
51.39682,8.9621,0.284945
51.39713,8.9592,0.256729
51.39739,8.9631,0.256729
51.39769,8.9639,0.256537
51.39800,8.9688,0.257729
51.39831,8.9621,0.281169
51.39862,8.9545,0.309481
51.39893,8.9564,0.276585
51.39919,8.9725,0.276585
51.39950,8.9611,0.256433
51.39981,8.9564,0.293921
51.40012,8.9592,0.258833
51.40043,8.9725,0.258729
51.40074,8.9564,0.282761
51.40099,8.9602,0.282761
51.40130,8.9602,0.272289
51.40161,8.9611,0.256433
51.40192,8.9582,0.289249
51.40223,8.9535,0.254433
51.40248,8.9668,0.254433
51.40279,8.9734,0.255249
51.40310,8.9639,0.265721
51.40341,8.9697,0.258833
51.40372,8.9668,0.257833
51.40403,8.9648,0.306601
51.40429,8.9639,0.306601
51.40460,8.9631,0.252641
51.40491,8.9678,0.302697
51.40522,8.9602,0.272577
51.40553,8.9648,0.257329
51.40584,8.9725,0.279465
51.40609,8.9639,0.279465
51.40640,8.9725,0.285049
51.40671,8.9754,0.262921
51.40702,8.9688,0.295025
51.40733,8.9621,0.273897
51.40764,8.9631,0.264905
51.40789,8.9641,0.264905
51.40820,8.9658,0.285761
51.40851,8.9631,0.261129
51.40882,8.9648,0.260521
51.41097,8.9725,0.266617
51.41273,8.9602,0.273081
51.41448,8.9641,0.308793
51.41624,8.9574,0.266009
51.41800,8.9602,0.307497
51.41976,8.9602,0.297209
51.42152,8.9555,0.339281
51.42328,8.9695,0.272097
51.42353,8.9631,0.302409
51.42378,8.9621,0.302409
51.42409,8.9639,0.282761
51.42440,8.9574,0.351361
51.42471,8.9479,0.337801
51.42502,8.9518,0.305097
51.42533,8.9631,0.303201
51.42558,8.9602,0.303201
51.42589,8.9611,0.332921
51.42620,8.9611,0.304489
51.42651,8.9631,0.283049
51.42682,8.9648,0.307497
51.42713,8.9498,0.260521
51.42738,8.9582,0.260521
51.42769,8.9582,0.300217
51.42800,8.9535,0.264905
51.42831,8.9705,0.261713
51.42863,8.9611,0.278673
51.42888,8.9582,0.278673
51.42919,8.9611,0.290833
51.42950,8.9752,0.263321
51.42981,8.9621,0.293729
51.43012,8.9695,0.259521
51.43043,8.9648,0.255353
51.43068,8.9602,0.255353
51.43099,8.9734,0.280465
51.43130,8.9725,0.250657
51.43161,8.9695,0.249153
51.43192,8.9592,0.245961
51.43223,8.9574,0.250265
51.43248,8.9752,0.250265
51.43279,8.9611,0.249449
51.43310,8.9621,0.241689
51.43341,8.9744,0.256729
51.43372,8.9668,0.260625
51.43403,8.9715,0.254537
51.43429,8.9734,0.254537
51.43460,8.9688,0.271993
51.43491,8.9602,0.269097
51.43522,8.9602,0.261713
51.43553,8.9678,0.261025
51.43578,8.9697,0.261025
51.43609,8.9611,0.261313
51.43640,8.9688,0.260521
51.43671,8.9582,0.257433
51.43702,8.9752,0.254433
51.43733,8.9695,0.250345
51.43758,8.9648,0.250345
51.43789,8.9678,0.260729
51.43820,8.9688,0.256537
51.43851,8.9771,0.251849
51.43882,8.9668,0.310585
51.43908,8.9535,0.310585
51.43939,8.9535,0.310769
51.43970,8.9678,0.294817
51.44000,8.9631,0.248865
51.44031,8.9658,0.266905
51.44063,8.9631,0.262817
51.44088,8.9678,0.262817
51.44119,8.9688,0.257625
51.44150,8.9734,0.249257
51.44181,8.9688,0.289537
51.44212,8.9545,0.260417
51.44243,8.9705,0.253449
51.44268,8.9705,0.253449
51.44299,8.9781,0.263217
51.44330,8.9648,0.279673
51.44361,8.9631,0.282465
51.44392,8.9668,0.268409
51.44423,8.9678,0.257537
51.44448,8.9648,0.257537
51.44479,8.9582,0.257145
51.44510,8.9648,0.257937
51.44541,8.9688,0.256329
51.44572,8.9754,0.255833
51.44597,8.9631,0.255833
51.44628,8.9668,0.257145
51.44660,8.9648,0.261025
51.44691,8.9631,0.257145
51.44722,8.9602,0.255937
51.44753,8.9678,0.258729
51.44778,8.9678,0.258729
51.44809,8.9631,0.255833
51.44840,8.9668,0.258937
51.44871,8.9678,0.257041
51.44902,8.9668,0.259417
51.44933,8.9631,0.261313
51.44958,8.9648,0.261313
51.44989,8.9639,0.259025
51.45020,8.9678,0.259337
51.45051,8.9678,0.261313
51.45082,8.9668,0.255833
51.45107,8.9582,0.255833
51.45138,8.9752,0.254745
51.45169,8.9648,0.258441
51.45200,8.9688,0.256641
51.45232,8.9695,0.262321
51.45263,8.9631,0.257225
51.45288,8.9631,0.257225
51.45319,8.9592,0.256641
51.45350,8.9518,0.291329
51.45381,8.9611,0.254353
51.45412,8.9648,0.251745
51.45437,8.9658,0.251745
51.45468,8.9621,0.254249
51.45499,8.9668,0.249761
51.45530,8.9744,0.256225
51.45561,8.9678,0.257145
51.45592,8.9648,0.267801
51.45618,8.9621,0.267801
51.45649,8.9639,0.335505
51.45680,8.9592,0.300217
51.45710,8.9574,0.258625
51.45742,8.9611,0.253537
51.45773,8.9715,0.253953
51.45798,8.9734,0.253953
51.45829,8.9715,0.247073
51.45860,8.9648,0.252161
51.45891,8.9697,0.250449
51.45922,8.9631,0.246257
51.45947,8.9648,0.246257
51.45978,8.9705,0.241977
51.46009,8.9744,0.241185
51.46040,8.9658,0.243377
51.46071,8.9668,0.244377
51.46102,8.9688,0.247865
51.46128,8.9744,0.247865
51.46159,8.9705,0.256641
51.46189,8.9658,0.270097
51.46220,8.9648,0.259729
51.46251,8.9697,0.257145
51.46282,8.9688,0.264009
51.46308,8.9668,0.264009
51.46339,8.9631,0.258233
51.46370,8.9631,0.259921
51.46401,8.9715,0.259729
51.46432,8.9639,0.262129
51.46463,8.9658,0.258521
51.46488,8.9555,0.258521
51.46519,8.9688,0.260921
51.46550,8.9658,0.258521
51.46581,8.9621,0.257145
51.46612,8.9639,0.294625
51.46638,8.9611,0.294625
51.46669,8.9592,0.292433
51.46700,8.9592,0.296713
51.46731,8.9725,0.257537
51.46762,8.9648,0.269705
51.46792,8.9564,0.307185
51.46818,8.9648,0.307185
51.46849,8.9621,0.252449
51.46880,8.9695,0.247361
51.46911,8.9734,0.244881
51.46942,8.9648,0.250161
51.46973,8.9648,0.255329
51.46998,8.9695,0.255329
51.47029,8.9648,0.267409
51.47060,8.9658,0.293625
51.47091,8.9545,0.308393
51.47122,8.9658,0.261313
51.47147,8.9611,0.261313
51.47178,8.9658,0.258729
51.47209,8.9611,0.257225
51.47240,8.9611,0.260817
51.47271,8.9678,0.257433
51.47302,8.9678,0.257329
51.47328,8.9744,0.257329
51.47359,8.9695,0.259625
51.47390,8.9639,0.259625
51.47420,8.9688,0.263713
51.47451,8.9621,0.269097
51.47482,8.9639,0.260625
51.47508,8.9668,0.260625
51.47539,8.9678,0.260521
51.47570,8.9631,0.258833
51.47601,8.9754,0.258833
51.47632,8.9658,0.259129
51.47657,8.9688,0.259129
51.47688,8.9641,0.260337
51.47719,8.9658,0.261921
51.47750,8.9688,0.262425
51.47781,8.9658,0.260337
51.47812,8.9621,0.259833
51.47837,8.9678,0.259833
51.47868,8.9658,0.258937
51.47899,8.9678,0.255537
51.47930,8.9705,0.256433
51.47961,8.9584,0.260233
51.47992,8.9631,0.255833
51.48018,8.9631,0.255833
51.48049,8.9648,0.255641
51.48079,8.9631,0.257833
51.48111,8.9678,0.258233
51.48142,8.9668,0.257537
51.48173,8.9668,0.256329
51.48198,8.9688,0.256329
51.48229,8.9611,0.252745
51.48260,8.9631,0.251553
51.48291,8.9725,0.257833
51.48322,8.9555,0.291833
51.48347,8.9564,0.291833
51.48378,8.9582,0.298009
51.48409,8.9555,0.262129
51.48440,8.9648,0.251345
51.48471,8.9771,0.259025
51.48502,8.9648,0.247969
51.48528,8.9582,0.247969
51.48558,8.9688,0.301009
51.48590,8.9639,0.249153
51.48621,8.9602,0.246257
51.48652,8.9695,0.236889
51.48682,8.9725,0.237785
51.48708,8.9668,0.237785
51.48739,8.9678,0.235993
51.48770,8.9555,0.244569
51.48801,8.9725,0.242673
51.48832,8.9668,0.252161
51.48857,8.9734,0.252161
51.48888,8.9574,0.266113
51.48920,8.9658,0.261521
51.48950,8.9705,0.254537
51.48981,8.9639,0.254353
51.49012,8.9715,0.256249
51.49038,8.9715,0.256249
51.49069,8.9668,0.256641
51.49100,8.9658,0.260521
51.49131,8.9705,0.262217
51.49161,8.9734,0.258729
51.49187,8.9648,0.258729
51.49218,8.9611,0.258937
51.49249,8.9648,0.260521
51.49280,8.9658,0.252553
51.49311,8.9582,0.294921
51.49342,8.9648,0.301513
51.49367,8.9527,0.301513
51.49398,8.9545,0.291833
51.49429,8.9648,0.259625
51.49460,8.9602,0.262713
51.49491,8.9648,0.261817
51.49522,8.9678,0.249865
51.49548,8.9648,0.249865
51.49578,8.9695,0.250265
51.49609,8.9641,0.249257
51.49640,8.9744,0.253241
51.49671,8.9592,0.297321
51.49702,8.9525,0.268097
51.49728,8.9688,0.268097
51.49759,8.9639,0.276185
51.49790,8.9611,0.272993
51.49821,8.9695,0.262025
51.49852,8.9734,0.260921
51.49877,8.9621,0.260921
51.49908,8.9592,0.262321
51.49939,8.9725,0.259337
51.49970,8.9695,0.301801
51.50001,8.9592,0.257937
51.50032,8.9641,0.258937
51.50057,8.9658,0.258937
51.50088,8.9688,0.260025
51.50119,8.9639,0.258441
51.50150,8.9695,0.260625
51.50181,8.9611,0.258337
51.50212,8.9668,0.258121
51.50238,8.9678,0.258121
51.50268,8.9725,0.257041
51.50299,8.9648,0.257041
51.50330,8.9639,0.255641
51.50361,8.9611,0.257729
51.50387,8.9668,0.257729
51.50418,8.9639,0.256537
51.50449,8.9641,0.251745
51.50480,8.9658,0.253849
51.50511,8.9631,0.258337
51.50542,8.9611,0.260129
51.50567,8.9658,0.260129
51.50598,8.9639,0.259337
51.50629,8.9688,0.259233
51.50660,8.9762,0.259521
51.50691,8.9611,0.260521
51.50717,8.9668,0.260521
51.50748,8.9705,0.259521
51.50779,8.9688,0.257041
51.50810,8.9725,0.260129
51.50841,8.9658,0.259233
51.50872,8.9621,0.257625
51.50897,8.9678,0.257625
51.50928,8.9631,0.258521
51.50959,8.9668,0.257833
51.50990,8.9658,0.259441
51.51021,8.9688,0.294025
51.51052,8.9574,0.299609
51.51077,8.9518,0.299609
51.51108,8.9631,0.294921
51.51139,8.9592,0.276273
51.51170,8.9725,0.256833
51.51201,8.9771,0.250953
51.51232,8.9668,0.252449
51.51258,8.9631,0.252449
51.51288,8.9668,0.258441
51.51319,8.9648,0.247865
51.51350,8.9695,0.245673
51.51381,8.9715,0.239481
51.51407,8.9725,0.239481
51.51438,8.9631,0.287137
51.51469,8.9658,0.256937
51.51500,8.9725,0.254033
51.51531,8.9602,0.268993
51.51562,8.9574,0.264505
51.51587,8.9668,0.264505
51.51618,8.9602,0.257937
51.51649,8.9705,0.258233
51.51680,8.9545,0.257625
51.51711,8.9631,0.260417
51.51742,8.9688,0.260817
51.51767,8.9715,0.260817
51.51798,8.9725,0.255041
51.51829,8.9592,0.258521
51.51860,8.9678,0.256833
51.51891,8.9641,0.258833
51.51917,8.9697,0.258833
51.51948,8.9668,0.262921
51.51979,8.9518,0.300113
51.52010,8.9631,0.300113
51.52041,8.9631,0.294417
51.52072,8.9648,0.248657
51.52097,8.9734,0.248657
51.52128,8.9648,0.262713
51.52159,8.9744,0.250553
51.52190,8.9631,0.247657
51.52221,8.9705,0.252057
51.52252,8.9678,0.245961
51.52277,8.9602,0.245961
51.52308,8.9658,0.250657
51.52339,8.9695,0.264505
51.52370,8.9621,0.261233
51.52401,8.9705,0.277169
51.52432,8.9592,0.274689
51.52457,8.9734,0.274689
51.52489,8.9582,0.253745
51.52520,8.9621,0.261313
51.52551,8.9658,0.275873
51.52582,8.9648,0.300297
51.52607,8.9611,0.300297
51.52638,8.9715,0.259337
51.52669,8.9668,0.257729
51.52700,8.9658,0.258625
51.52731,8.9668,0.259025
51.52762,8.9688,0.261129
51.52787,8.9582,0.261129
51.52818,8.9688,0.256249
51.52849,8.9695,0.286241
51.52880,8.9639,0.286449
51.52911,8.9688,0.257625
51.52942,8.9688,0.257329
51.52967,8.9705,0.257329
51.52998,8.9639,0.256225
51.53029,8.9705,0.272785
51.53061,8.9725,0.255937
51.53092,8.9668,0.257833
51.53117,8.9688,0.257833
51.53148,8.9678,0.260025
51.53179,8.9668,0.256041
51.53210,8.9668,0.257625
51.53241,8.9688,0.257145
51.53272,8.9688,0.257433
51.53297,8.9648,0.257433
51.53328,8.9695,0.257625
51.53359,8.9639,0.258625
51.53390,8.9631,0.258441
51.53421,8.9658,0.260129
51.53452,8.9631,0.256329
51.53477,8.9582,0.256329
51.53508,8.9668,0.257145
51.53539,8.9725,0.255833
51.53570,8.9592,0.256937
51.53601,8.9545,0.255641
51.53626,8.9688,0.255641
51.53658,8.9592,0.255353
51.53688,8.9668,0.295025
51.53719,8.9658,0.294729
51.53751,8.9621,0.286953
51.53782,8.9658,0.255745
51.53807,8.9658,0.255745
51.53838,8.9611,0.244169
51.53869,8.9668,0.246361
51.53900,8.9705,0.253953
51.53931,8.9658,0.250049
51.53962,8.9582,0.248553
51.53987,8.9688,0.248553
51.54018,8.9574,0.245169
51.54049,8.9621,0.244673
51.54080,8.9734,0.243481
51.54111,8.9668,0.245465
51.54142,8.9639,0.248153
51.54167,8.9771,0.248153
51.54198,8.9668,0.258729
51.54229,8.9602,0.269305
51.54260,8.9668,0.268489
51.54291,8.9658,0.269305
51.54317,8.9621,0.269305
51.54347,8.9648,0.302697
51.54379,8.9658,0.258729
51.54410,8.9678,0.257433
51.54441,8.9602,0.261233
51.54471,8.9705,0.257537
51.54497,8.9715,0.257537
51.54528,8.9695,0.256729
51.54559,8.9668,0.256833
51.54590,8.9631,0.258833
51.54621,8.9705,0.260337
51.54652,8.9744,0.256937
51.54677,8.9592,0.256937
51.54708,8.9631,0.300217
51.54739,8.9678,0.293625
51.54770,8.9621,0.271497
51.54801,8.9678,0.259729
51.54826,8.9631,0.259729
51.54857,8.9668,0.270393
51.54888,8.9688,0.250657
51.54919,8.9725,0.253745
51.54950,8.9688,0.249361
51.54981,8.9611,0.247657
51.55006,8.9668,0.247657
51.55037,8.9639,0.254249
51.55068,8.9678,0.263609
51.55099,8.9658,0.273289
51.55130,8.9564,0.280777
51.55161,8.9602,0.269809
51.55187,8.9705,0.269809
51.55218,8.9678,0.259129
51.55249,8.9574,0.257537
51.55280,8.9631,0.256729
51.55310,8.9639,0.257537
51.55342,8.9725,0.257537
51.55367,8.9611,0.257537
51.55398,8.9469,0.294025
51.55429,8.9631,0.255353
51.55460,8.9564,0.316753
51.55491,8.9611,0.285849
51.55516,8.9574,0.285849
51.55547,8.9668,0.261521
51.55578,8.9658,0.295521
51.55609,8.9611,0.255833
51.55640,8.9648,0.255833
51.55671,8.9688,0.278777
51.55697,8.9611,0.278777
51.55728,8.9602,0.281753
51.55759,8.9668,0.300713
51.55789,8.9631,0.296313
51.55821,8.9574,0.258937
51.55851,8.9621,0.257729
51.55877,8.9695,0.257729
51.55908,8.9639,0.289353
51.55939,8.9695,0.257145
51.55970,8.9668,0.260233
51.56001,8.9611,0.292121
51.56026,8.9668,0.292121
51.56057,8.9678,0.256641
51.56088,8.9648,0.292937
51.56119,8.9555,0.270705
51.56150,8.9668,0.259833
51.56181,8.9611,0.261417
51.56207,8.9639,0.261417
51.56237,8.9668,0.291641
51.56269,8.9639,0.254137
51.56300,8.9658,0.293017
51.56331,8.9592,0.260129
51.56356,8.9582,0.260129
51.56387,8.9611,0.254937
51.56418,8.9545,0.264817
51.56449,8.9621,0.257041
51.56480,8.9648,0.258337
51.56511,8.9592,0.291329
51.56536,8.9564,0.291329
51.56567,8.9695,0.258233
51.56598,8.9705,0.257729
51.56629,8.9688,0.287553
51.56660,8.9725,0.255745
51.56691,8.9602,0.258625
51.56716,8.9631,0.258625
51.56748,8.9621,0.293729
51.56779,8.9744,0.262529
51.56809,8.9762,0.282361
51.56840,8.9631,0.282257
51.56871,8.9648,0.260417
51.56897,8.9611,0.260417
51.56928,8.9582,0.307577
51.56959,8.9688,0.260233
51.56990,8.9688,0.260921
51.57021,8.9648,0.289537
51.57046,8.9631,0.289537
51.57077,8.9705,0.271289
51.57108,8.9725,0.254745
51.57139,8.9555,0.291641
51.57170,8.9668,0.252241
51.57201,8.9725,0.298113
51.57226,8.9688,0.298113
51.57257,8.9631,0.290833
51.57289,8.9754,0.254537
51.57320,8.9631,0.260417
51.57351,8.9678,0.290833
51.57376,8.9668,0.290833
51.57407,8.9648,0.255145
51.57438,8.9695,0.254849
51.57469,8.9574,0.261713
51.57500,8.9695,0.259337
51.57531,8.9648,0.268009
51.57556,8.9648,0.268009
51.57587,8.9631,0.290537
51.57618,8.9678,0.265009
51.57649,8.9621,0.305393
51.57680,8.9631,0.255537
51.57711,8.9592,0.261921
51.57736,8.9648,0.261921
51.57767,8.9668,0.277985
51.57798,8.9744,0.257833
51.57829,8.9688,0.262025
51.57860,8.9611,0.293225
51.57886,8.9592,0.293225
51.57917,8.9725,0.259233
51.57948,8.9688,0.261625
51.57979,8.9564,0.277561
51.58010,8.9705,0.257937
51.58041,8.9705,0.258121
51.58066,8.9631,0.258121
51.58097,8.9668,0.293225
51.58128,8.9658,0.256833
51.58159,8.9621,0.289433
51.58190,8.9592,0.275977
51.58221,8.9631,0.260729
51.58246,8.9545,0.260729
51.58277,8.9639,0.262129
51.58308,8.9564,0.262529
51.58339,8.9611,0.283657
51.58370,8.9648,0.325729
51.58401,8.9602,0.265113
51.58426,8.9658,0.265113
51.58458,8.9695,0.265721
51.58489,8.9451,0.295921
51.58520,8.9715,0.257041
51.58551,8.9574,0.258625
51.58576,8.9641,0.258625
51.58607,8.9688,0.288033
51.58638,8.9602,0.295625
51.58669,8.9611,0.290833
51.58700,8.9498,0.286449
51.58731,8.9725,0.254137
51.58756,8.9611,0.254137
51.58787,8.9639,0.250265
51.58818,8.9668,0.251345
51.58849,8.9688,0.256537
51.58880,8.9744,0.281169
51.58911,8.9631,0.283553
51.58936,8.9631,0.283553
51.58967,8.9688,0.259521
51.58998,8.9631,0.293017
51.59029,8.9611,0.263921
51.59061,8.9695,0.259921
51.59086,8.9668,0.259921
51.59117,8.9705,0.283553
51.59148,8.9555,0.256833
51.59179,8.9678,0.258521
51.59210,8.9658,0.291433
51.59241,8.9688,0.255937
51.59266,8.9668,0.255937
51.59297,8.9555,0.257625
51.59328,8.9564,0.269409
51.59359,8.9725,0.257937
51.59390,8.9688,0.260921
51.59421,8.9611,0.299609
51.59446,8.9621,0.299609
51.59477,8.9648,0.256145
51.59508,8.9715,0.248465
51.59539,8.9715,0.246465
51.59570,8.9744,0.248969
51.59601,8.9592,0.247257
51.59626,8.9658,0.247257
51.59658,8.9715,0.250953
51.59689,8.9695,0.261129
51.59720,8.9648,0.260233
51.59751,8.9648,0.259625
51.59776,8.9705,0.259625
51.59807,8.9678,0.272577
51.59838,8.9668,0.258937
51.59869,8.9705,0.256145
51.59900,8.9658,0.258521
51.59931,8.9621,0.255641
51.59956,8.9771,0.255641
51.59987,8.9668,0.256937
51.60018,8.9602,0.257145
51.60049,8.9602,0.256729
51.60080,8.9715,0.278673
51.60111,8.9658,0.294817
51.60136,8.9648,0.294817
51.60167,8.9725,0.255145
51.60198,8.9668,0.261025
51.60229,8.9574,0.298113
51.60261,8.9611,0.292225
51.60286,8.9518,0.292225
51.60317,8.9574,0.298609
51.60348,8.9715,0.264609
51.60379,8.9668,0.265217
51.60410,8.9658,0.253137
51.60441,8.9678,0.243777
51.60466,8.9611,0.243777
51.60497,8.9678,0.256937
51.60528,8.9752,0.257537
51.60559,8.9668,0.250657
51.60590,8.9621,0.255641
51.60615,8.9648,0.255641
51.60646,8.9762,0.255833
51.60677,8.9678,0.260729
51.60708,8.9592,0.273577
51.60739,8.9688,0.270497
51.60770,8.9658,0.257433
51.60795,8.9705,0.257433
51.60827,8.9639,0.258833
51.60858,8.9639,0.260625
51.60889,8.9582,0.258441
51.60920,8.9592,0.259833
51.60945,8.9688,0.259833
51.60976,8.9602,0.260729
51.61007,8.9648,0.265905
51.61038,8.9639,0.274793
51.61069,8.9611,0.270097
51.61100,8.9648,0.268697
51.61125,8.9715,0.268697
51.61156,8.9582,0.270393
51.61187,8.9574,0.267305
51.61218,8.9688,0.267697
51.61249,8.9611,0.312273
51.61280,8.9621,0.265401
51.61306,8.9621,0.265401
51.61337,8.9592,0.265801
51.61367,8.9621,0.260625
51.61398,8.9639,0.261025
51.61430,8.9668,0.267697
51.61455,8.9725,0.267697
51.61486,8.9592,0.271201
51.61517,8.9688,0.303993
51.61548,8.9592,0.344289
51.61579,8.9498,0.303409
51.61610,8.9395,0.303305
51.61636,8.9555,0.303305
51.61666,8.9564,0.304993
51.61697,8.9668,0.305281
51.61728,8.9584,0.271393
51.61759,8.9592,0.271681
51.61790,8.9631,0.276377
51.61816,8.9582,0.276377
51.61847,8.9631,0.314065
51.61877,8.9564,0.305281
51.61909,8.9574,0.311977
51.61940,8.9441,0.310081
51.61971,8.9611,0.310377
51.61996,8.9574,0.310377
51.62027,8.9535,0.346081
51.62058,8.9602,0.308185
51.62089,8.9592,0.280857
51.62120,8.9734,0.259729
51.62145,8.9668,0.259729
51.62176,8.9602,0.263609
51.62207,8.9715,0.266617
51.62238,8.9725,0.294129
51.62269,8.9631,0.298713
51.62300,8.9592,0.298505
51.62326,8.9631,0.298505
51.62357,8.9592,0.289249
51.62388,8.9639,0.292041
51.62419,8.9621,0.290041
51.62450,8.9555,0.280169
51.62480,8.9621,0.264713
51.62506,8.9639,0.264713
51.62537,8.9688,0.271601
51.62568,8.9705,0.268305
51.62599,8.9611,0.264905
51.62630,8.9631,0.260233
51.62655,8.9752,0.260233
51.62686,8.9631,0.256937
51.62717,8.9658,0.267305
51.62748,8.9621,0.266617
51.62779,8.9809,0.259129
51.62810,8.9688,0.256833
51.62836,8.9592,0.256833
51.62867,8.9678,0.257329
51.62898,8.9621,0.258521
51.62928,8.9705,0.259921
51.62960,8.9734,0.257329
51.62991,8.9668,0.313169
51.63016,8.9545,0.313169
51.63047,8.9508,0.292729
51.63078,8.9574,0.298425
51.63109,8.9648,0.257225
51.63140,8.9688,0.268801
51.63165,8.9688,0.268801
51.63196,8.9678,0.264113
51.63227,8.9668,0.253745
51.63258,8.9688,0.253345
51.63289,8.9592,0.247657
51.63320,8.9631,0.249865
51.63346,8.9648,0.249865
51.63377,8.9668,0.252161
51.63407,8.9688,0.264009
51.63439,8.9658,0.279569
51.63470,8.9631,0.279961
51.63501,8.9611,0.270497
51.63526,8.9668,0.270497
51.63557,8.9648,0.258937
51.63588,8.9658,0.258441
51.63619,8.9631,0.257833
51.63650,8.9658,0.258041
51.63675,8.9639,0.258041
51.63706,8.9678,0.259521
51.63737,8.9592,0.254433
51.63768,8.9621,0.254353
51.63799,8.9705,0.265113
51.63830,8.9781,0.256937
51.63855,8.9668,0.256937
51.63887,8.9697,0.258337
51.63918,8.9658,0.261521
51.63949,8.9688,0.257433
51.63980,8.9695,0.255537
51.64005,8.9611,0.255537
51.64036,8.9688,0.257433
51.64067,8.9658,0.257145
51.64098,8.9697,0.256641
51.64129,8.9602,0.294129
51.64160,8.9592,0.281065
51.64185,8.9639,0.281065
51.64216,8.9791,0.257145
51.64247,8.9668,0.257145
51.64278,8.9678,0.254641
51.64309,8.9639,0.256937
51.64340,8.9555,0.256145
51.64365,8.9592,0.256145
51.64396,8.9668,0.256249
51.64427,8.9658,0.299009
51.64458,8.9555,0.267513
51.64489,8.9668,0.259129
51.64515,8.9725,0.259129
51.64546,8.9668,0.264905
51.64577,8.9648,0.259921
51.64608,8.9678,0.257225
51.64639,8.9678,0.259921
51.64670,8.9602,0.256041
51.64695,8.9705,0.256041
51.64726,8.9631,0.253537
51.64757,8.9584,0.290433
51.64788,8.9639,0.290041
51.64819,8.9602,0.269809
51.64850,8.9744,0.248153
51.64875,8.9668,0.248153
51.64906,8.9639,0.254137
51.64937,8.9668,0.252745
51.64968,8.9688,0.250657
51.64999,8.9668,0.251241
51.65030,8.9631,0.249361
51.65056,8.9695,0.249361
51.65087,8.9648,0.237097
51.65117,8.9695,0.238289
51.65149,8.9678,0.238393
51.65180,8.9658,0.244569
51.65205,8.9688,0.244569
51.65236,8.9715,0.253057
51.65267,8.9705,0.257729
51.65298,8.9639,0.267409
51.65329,8.9695,0.279273
51.65360,8.9705,0.260129
51.65385,8.9705,0.260129
51.65416,8.9838,0.254849
51.65447,8.9648,0.248257
51.65478,8.9631,0.254937
51.65509,8.9734,0.248969
51.65540,8.9668,0.257145
51.65565,8.9695,0.257145
51.65596,8.9611,0.273897
51.65627,8.9734,0.253449
51.65659,8.9688,0.256729
51.65690,8.9621,0.257145
51.65715,8.9639,0.257145
51.65746,8.9592,0.292625
51.65777,8.9621,0.294233
51.65808,8.9621,0.284657
51.65839,8.9688,0.261713
51.65870,8.9631,0.293017
51.65895,8.9592,0.293017
51.65926,8.9715,0.291641
51.65957,8.9668,0.251849
51.65988,8.9678,0.249945
51.66019,8.9715,0.251953
51.66050,8.9734,0.265801
51.66075,8.9668,0.265801
51.66106,8.9621,0.266113
51.66137,8.9592,0.273393
51.66168,8.9611,0.275585
51.66199,8.9564,0.266697
51.66230,8.9658,0.261129
51.66255,8.9705,0.261129
51.66287,8.9668,0.260129
51.66318,8.9668,0.259025
51.66349,8.9695,0.254849
51.66379,8.9705,0.257625
51.66405,8.9658,0.257625
51.66436,8.9658,0.258121
51.66467,8.9648,0.257225
51.66498,8.9639,0.257433
51.66529,8.9648,0.256145
51.66560,8.9648,0.257729
51.66585,8.9705,0.257729
51.66616,8.9688,0.260129
51.66647,8.9611,0.259337
51.66678,8.9734,0.261921
51.66709,8.9725,0.262529
51.66740,8.9752,0.262425
51.66765,8.9639,0.262425
51.66796,8.9678,0.259921
51.66827,8.9621,0.259025
51.66858,8.9725,0.257729
51.66890,8.9582,0.256145
51.66915,8.9688,0.256145
51.66946,8.9555,0.256433
51.66977,8.9611,0.255833
51.67008,8.9678,0.256249
51.67039,8.9648,0.302009
51.67070,8.9631,0.252553
51.67095,8.9582,0.252553
51.67126,8.9725,0.251161
51.67157,8.9744,0.249761
51.67188,8.9631,0.251553
51.67219,8.9621,0.258521
51.67250,8.9668,0.256641
51.67275,8.9668,0.256641
51.67306,8.9697,0.260025
51.67337,8.9564,0.303593
51.67368,8.9658,0.258937
51.67399,8.9752,0.260417
51.67424,8.9592,0.260417
51.67456,8.9488,0.295625
51.67487,8.9555,0.303801
51.67518,8.9592,0.289033
51.67549,8.9705,0.254353
51.67580,8.9705,0.254249
51.67605,8.9639,0.254249
51.67636,8.9555,0.247177
51.67667,8.9621,0.255641
51.67698,8.9678,0.241873
51.67729,8.9705,0.239081
51.67760,8.9688,0.240873
51.67785,8.9631,0.240873
51.67816,8.9668,0.240481
51.67847,8.9705,0.258041
51.67878,8.9641,0.257729
51.67909,8.9639,0.255145
51.67934,8.9592,0.255145
51.67965,8.9648,0.269593
51.67996,8.9678,0.271785
51.68027,8.9705,0.262129
51.68059,8.9695,0.262321
51.68090,8.9602,0.259129
51.68115,8.9744,0.259129
51.68146,8.9592,0.260417
51.68177,8.9639,0.257625
51.68208,8.9658,0.258625
51.68239,8.9648,0.259833
51.68270,8.9658,0.256041
51.68295,8.9658,0.256041
51.68326,8.9631,0.254537
51.68357,8.9631,0.260921
51.68388,8.9697,0.295729
51.68419,8.9574,0.305201
51.68444,8.9648,0.305201
51.68475,8.9582,0.293729
51.68506,8.9592,0.300297
51.68537,8.9744,0.263817
51.68568,8.9771,0.257121
51.68599,8.9697,0.242985
51.68625,8.9781,0.242985
51.68656,8.9611,0.248553
51.68687,8.9668,0.251161
51.68718,8.9725,0.252449
51.68749,8.9518,0.262425
51.68780,8.9668,0.300009
51.68805,8.9631,0.300009
51.68836,8.9668,0.277481
51.68867,8.9725,0.267201
51.68898,8.9592,0.253641
51.68929,8.9611,0.255353
51.68960,8.9574,0.254849
51.68985,8.9621,0.254849
51.69016,8.9621,0.254137
51.69047,8.9641,0.255745
51.69078,8.9611,0.255433
51.69109,8.9688,0.255329
51.69134,8.9648,0.255329
51.69165,8.9688,0.257329
51.69196,8.9611,0.256145
51.69227,8.9688,0.255145
51.69259,8.9668,0.256537
51.69284,8.9678,0.256537
51.69315,8.9744,0.255833
51.69346,8.9668,0.254745
51.69377,8.9762,0.259337
51.69408,8.9744,0.260521
51.69439,8.9715,0.267113
51.69464,8.9715,0.267113
51.69495,8.9641,0.258625
51.69526,8.9648,0.256537
51.69557,8.9631,0.258937
51.69588,8.9631,0.256329
51.69619,8.9611,0.254641
51.69644,8.9658,0.254641
51.69675,8.9621,0.258121
51.69706,8.9715,0.255833
51.69737,8.9744,0.254033
51.69768,8.9555,0.256833
51.69799,8.9641,0.257729
51.69825,8.9611,0.257729
51.69856,8.9695,0.260417
51.69887,8.9631,0.256433
51.69918,8.9602,0.299505
51.69949,8.9582,0.266305
51.69974,8.9705,0.266305
51.70005,8.9695,0.256537
51.70036,8.9621,0.253641
51.70067,8.9668,0.257729
51.70098,8.9688,0.296921
51.70129,8.9574,0.292729
51.70154,8.9602,0.292729
51.70185,8.9527,0.292937
51.70216,8.9705,0.296921
51.70247,8.9621,0.256833
51.70278,8.9555,0.241273
51.70309,8.9621,0.253241
51.70334,8.9555,0.253241
51.70365,8.9668,0.249153
51.70396,8.9715,0.246865
51.70428,8.9715,0.234097
51.70459,8.9705,0.233201
51.70484,8.9611,0.233201
51.70515,8.9611,0.241081
51.70546,8.9688,0.242985
51.70577,8.9688,0.253241
51.70608,8.9725,0.249657
51.70639,8.9582,0.266905
51.70664,8.9658,0.266905
51.70695,8.9668,0.267201
51.70726,8.9697,0.254937
51.70757,8.9631,0.257537
51.70788,8.9648,0.259921
51.70819,8.9639,0.262129
51.70845,8.9744,0.262129
51.70875,8.9648,0.262217
51.71101,8.9525,0.299401
51.71277,8.9648,0.269705
51.71453,8.9688,0.256249
51.71629,8.9639,0.260233
51.71805,8.9545,0.291225
51.71981,8.9639,0.255641
51.72156,8.9639,0.251161
51.72332,8.9648,0.271601
51.72352,8.9705,0.257225
51.72377,8.9564,0.259337
51.72408,8.9602,0.293441
51.72439,8.9678,0.255145
51.72464,8.9725,0.255145
51.72495,8.9592,0.256641
51.72526,8.9611,0.265401
51.72557,8.9631,0.258833
51.72588,8.9695,0.265505
51.72613,8.9582,0.265505
51.72645,8.9545,0.288929
51.72676,8.9564,0.256249
51.72706,8.9648,0.291537
51.72737,8.9574,0.259833
51.72768,8.9648,0.254745
51.72794,8.9621,0.254745
51.72825,8.9508,0.281361
51.72856,8.9688,0.328921
51.72887,8.9658,0.261129
51.72918,8.9592,0.296521
51.72949,8.9631,0.269409
51.72974,8.9725,0.269409
51.73005,8.9574,0.257225
51.73036,8.9648,0.278961
51.73067,8.9611,0.255249
51.73098,8.9695,0.278065
51.73124,8.9545,0.278065
51.73155,8.9564,0.328417
51.73185,8.9658,0.255833
51.73216,8.9678,0.284257
51.73248,8.9688,0.269097
51.73279,8.9744,0.256041
51.73304,8.9695,0.256041
51.73335,8.9574,0.253745
51.73366,8.9705,0.254537
51.73397,8.9725,0.253849
51.73428,8.9592,0.288137
51.73459,8.9668,0.264817
51.73484,8.9602,0.264817
51.73515,8.9705,0.253641
51.73546,8.9582,0.289745
51.73577,8.9678,0.259625
51.73608,8.9678,0.256537
51.73639,8.9631,0.287953
51.73665,8.9518,0.287953
51.73696,8.9592,0.260521
51.73727,8.9715,0.267305
51.73758,8.9621,0.288241
51.73789,8.9621,0.247361
51.73814,8.9574,0.247361
51.73845,8.9611,0.259625
51.73876,8.9648,0.253241
51.73907,8.9705,0.253057
51.73938,8.9668,0.271201
51.73969,8.9705,0.279673
51.73994,8.9631,0.279673
51.74025,8.9781,0.254849
51.74056,8.9639,0.287953
51.74087,8.9641,0.256249
51.74118,8.9668,0.253849
51.74149,8.9631,0.276977
51.74174,8.9621,0.276977
51.74205,8.9648,0.276481
51.74236,8.9631,0.254537
51.74268,8.9574,0.335505
51.74299,8.9602,0.252953
51.74324,8.9582,0.252953
51.74355,8.9678,0.259025
51.74386,8.9639,0.273185
51.74417,8.9592,0.259729
51.74448,8.9734,0.263609
51.74479,8.9574,0.293441
51.74504,8.9725,0.293441
51.74535,8.9582,0.257145
51.74566,8.9648,0.336009
51.74597,8.9648,0.264009
51.74628,8.9584,0.253449
51.74659,8.9658,0.265505
51.74684,8.9695,0.265505
51.74715,8.9688,0.291225
51.74746,8.9639,0.257145
51.74777,8.9631,0.292625
51.74808,8.9564,0.262129
51.74839,8.9658,0.258041
51.74864,8.9668,0.258041
51.74895,8.9658,0.273977
51.74926,8.9734,0.255433
51.74957,8.9648,0.258233
51.74988,8.9592,0.296025
51.75014,8.9639,0.296025
51.75045,8.9668,0.263025
51.75075,8.9631,0.281969
51.75106,8.9631,0.283257
51.75137,8.9725,0.272497
51.75168,8.9695,0.258521
51.75194,8.9639,0.258521
51.75225,8.9592,0.294417
51.75256,8.9582,0.256145
51.75286,8.9678,0.282257
51.75318,8.9592,0.275873
51.75349,8.9734,0.255537
51.75374,8.9631,0.255537
51.75405,8.9705,0.255745
51.75436,8.9648,0.252345
51.75467,8.9668,0.244169
51.75498,8.9641,0.284761
51.75524,8.9715,0.284761
51.75554,8.9715,0.265609
51.75585,8.9688,0.263113
51.75616,8.9668,0.291329
51.75647,8.9658,0.251057
51.75678,8.9592,0.261417
51.75704,8.9574,0.261417
51.75735,8.9574,0.335697
51.75766,8.9715,0.262025
51.75797,8.9678,0.269385
51.75828,8.9639,0.296609
51.75859,8.9658,0.258521
51.75884,8.9658,0.258521
51.75915,8.9639,0.245961
51.75946,8.9611,0.248049
51.75977,8.9695,0.248073
51.76008,8.9695,0.293225
51.76033,8.9631,0.293225
51.76064,8.9688,0.240873
51.76096,8.9658,0.253745
51.76127,8.9631,0.263817
51.76157,8.9725,0.255433
51.76188,8.9602,0.270705
51.76214,8.9705,0.270705
51.76245,8.9641,0.269809
51.76276,8.9658,0.258521
51.76307,8.9668,0.257537
51.76338,8.9725,0.259921
51.76369,8.9678,0.256833
51.76394,8.9648,0.256833
51.76425,8.9639,0.261025
51.76456,8.9658,0.263321
51.76487,8.9648,0.260921
51.76518,8.9678,0.261921
51.76543,8.9584,0.261921
51.76574,8.9658,0.260817
51.76605,8.9734,0.258337
51.76636,8.9582,0.295417
51.76668,8.9678,0.300217
51.76699,8.9584,0.295313
51.76724,8.9584,0.295313
51.76755,8.9688,0.274689
51.76786,8.9602,0.262217
51.76817,8.9725,0.272497
51.76848,8.9697,0.248657
51.76873,8.9678,0.248657
51.76904,8.9678,0.248361
51.76935,8.9688,0.246569
51.76966,8.9658,0.260337
51.76997,8.9648,0.263713
51.77028,8.9668,0.260521
51.77053,8.9688,0.260521
51.77084,8.9695,0.274481
51.77115,8.9705,0.277273
51.77146,8.9715,0.291433
51.77177,8.9631,0.272393
51.77208,8.9725,0.255041
51.77233,8.9658,0.255041
51.77265,8.9678,0.255937
51.77296,8.9678,0.255937
51.77327,8.9668,0.252553
51.77358,8.9705,0.254249
51.77383,8.9695,0.254249
51.77414,8.9639,0.256729
51.77445,8.9658,0.254641
51.77476,8.9574,0.261921
51.77507,8.9734,0.253241
51.77538,8.9611,0.258545
51.77563,8.9658,0.258545
51.77594,8.9639,0.254745
51.77625,8.9602,0.265321
51.77656,8.9658,0.255353
51.77687,8.9648,0.257937
51.77718,8.9621,0.255641
51.77743,8.9648,0.255641
51.77774,8.9744,0.255937
51.77805,8.9725,0.257729
51.77836,8.9602,0.259417
51.77867,8.9611,0.261129
51.77898,8.9678,0.256433
51.77923,8.9621,0.256433
51.77955,8.9668,0.258337
51.77986,8.9658,0.256145
51.78017,8.9668,0.262529
51.78048,8.9725,0.264713
51.78078,8.9744,0.255745
51.78104,8.9582,0.255745
51.78135,8.9611,0.257729
51.78166,8.9658,0.256329
51.78197,8.9688,0.256729
51.78228,8.9668,0.257041
51.78253,8.9574,0.257041
51.78284,8.9639,0.253057
51.78315,8.9648,0.253345
51.78346,8.9648,0.288745
51.78377,8.9555,0.289033
51.78408,8.9602,0.292225
51.78433,8.9592,0.292225
51.78465,8.9611,0.279065
51.78496,8.9771,0.255249
51.78526,8.9602,0.246969
51.78558,8.9791,0.257729
51.78583,8.9668,0.257729
51.78614,8.9639,0.275289
51.78645,8.9592,0.293017
51.78676,8.9801,0.239793
51.78707,8.9781,0.240873
51.78738,8.9639,0.241769
51.78763,8.9715,0.241769
51.78794,8.9715,0.237681
51.78825,8.9658,0.246865
51.78856,8.9734,0.249257
51.78887,8.9715,0.287537
51.78918,8.9498,0.290145
51.78943,8.9602,0.290145
51.78974,8.9678,0.267009
51.79005,8.9688,0.255641
51.79036,8.9564,0.256729
51.79068,8.9658,0.257145
51.79093,8.9705,0.257145
51.79124,8.9574,0.258121
51.79155,8.9715,0.259921
51.79186,8.9668,0.261025
51.79217,8.9668,0.262321
51.79248,8.9688,0.256937
51.79273,8.9688,0.256937
51.79304,8.9574,0.260521
51.79335,8.9641,0.265609
51.79366,8.9592,0.295417
51.79397,8.9592,0.294625
51.79428,8.9592,0.289033
51.79453,8.9574,0.289033
51.79484,8.9631,0.252553
51.79515,8.9555,0.262817
51.79546,8.9621,0.260625
51.79577,8.9688,0.247657
51.79608,8.9678,0.248969
51.79633,8.9715,0.248969
51.79665,8.9725,0.249049
51.79696,8.9695,0.251057
51.79727,8.9828,0.253449
51.79758,8.9715,0.262321
51.79783,8.9695,0.262321
51.79814,8.9611,0.270785
51.79845,8.9648,0.268801
51.79876,8.9678,0.259129
51.79907,8.9705,0.265401
51.79938,8.9611,0.259441
51.79963,8.9771,0.259441
51.79994,8.9639,0.257329
51.80025,8.9668,0.259233
51.80056,8.9668,0.305201
51.80087,8.9734,0.256729
51.80118,8.9668,0.259025
51.80143,8.9648,0.259025
51.80174,8.9688,0.257537
51.80205,8.9688,0.257041
51.80237,8.9648,0.257145
51.80268,8.9705,0.254249
51.80293,8.9641,0.254249
51.80324,8.9695,0.252161
51.80355,8.9668,0.295817
51.80386,8.9781,0.255745
51.80417,8.9602,0.257329
51.80448,8.9705,0.253849
51.80473,8.9668,0.253849
51.80504,8.9752,0.261313
51.80535,8.9658,0.249865
51.80566,8.9678,0.257537
51.80597,8.9631,0.258937
51.80628,8.9725,0.259521
51.80653,8.9688,0.259521
51.80684,8.9678,0.258337
51.80715,8.9648,0.260521
51.80746,8.9678,0.259337
51.80777,8.9648,0.257329
51.80803,8.9715,0.257329
51.80834,8.9658,0.256729
51.80865,8.9705,0.258625
51.80896,8.9695,0.255937
51.80927,8.9658,0.254353
51.80958,8.9725,0.254249
51.80983,8.9621,0.254249
51.81014,8.9648,0.255537
51.81045,8.9688,0.254353
51.81076,8.9648,0.291041
51.81107,8.9668,0.299609
51.81138,8.9648,0.291041
51.81163,8.9658,0.291041
51.81194,8.9725,0.292329
51.81225,8.9725,0.252849
51.81256,8.9658,0.245273
51.81287,8.9705,0.250553
51.81312,8.9678,0.250553
51.81343,8.9744,0.252953
51.81374,8.9658,0.254137
51.81405,8.9574,0.237681
51.81437,8.9678,0.241977
51.81468,8.9668,0.241377
51.81493,8.9697,0.241377
51.81524,8.9535,0.281649
51.81555,8.9705,0.244777
51.81586,8.9648,0.250657
51.81617,8.9648,0.265505
51.81642,8.9818,0.265505
51.81673,8.9668,0.268201
51.81704,8.9648,0.256145
51.81735,8.9648,0.265217
51.81766,8.9715,0.255041
51.81797,8.9715,0.295817
51.81822,8.9592,0.295817
51.81853,8.9688,0.252553
51.81884,8.9631,0.259921
51.81915,8.9697,0.254137
51.81946,8.9668,0.253745
51.81977,8.9639,0.254745
51.82003,8.9621,0.254745
51.82034,8.9611,0.258441
51.82065,8.9602,0.294129
51.82096,8.9631,0.296313
51.82127,8.9574,0.288137
51.82158,8.9639,0.288137
51.82183,8.9668,0.288137
51.82214,8.9705,0.246761
51.82245,8.9734,0.259729
51.82276,8.9592,0.245673
51.82307,8.9639,0.248153
51.82338,8.9668,0.245361
51.82363,8.9639,0.245361
51.82394,8.9639,0.245569
51.82425,8.9639,0.251849
51.82456,8.9621,0.261713
51.82487,8.9574,0.263713
51.82512,8.9621,0.263713
51.82543,8.9658,0.274481
51.82574,8.9648,0.268201
51.82605,8.9688,0.254745
51.82636,8.9648,0.257145
51.82668,8.9545,0.256833
51.82693,8.9688,0.256833
51.82724,8.9631,0.256329
51.82755,8.9602,0.256729
51.82786,8.9668,0.260817
51.82817,8.9705,0.260521
51.82848,8.9631,0.260233
51.82873,8.9639,0.260233
51.82904,8.9582,0.258729
51.82935,8.9639,0.301009
51.82966,8.9592,0.267697
51.82997,8.9592,0.257625
51.83022,8.9678,0.257625
51.83053,8.9688,0.259337
51.83084,8.9744,0.259921
51.83115,8.9639,0.261625
51.83146,8.9564,0.270305
51.83177,8.9621,0.255641
51.83202,8.9648,0.255641
51.83233,8.9631,0.257225
51.83265,8.9668,0.257625
51.83296,8.9668,0.257833
51.83327,8.9631,0.258625
51.83358,8.9592,0.258233
51.83383,8.9705,0.258233
51.83414,8.9678,0.257937
51.83445,8.9564,0.262217
51.83476,8.9678,0.260817
51.83507,8.9658,0.258833
51.83532,8.9658,0.258833
51.83563,8.9762,0.273793
51.83594,8.9574,0.256249
51.83625,8.9715,0.255145
51.83656,8.9734,0.257145
51.83687,8.9611,0.255537
51.83712,8.9705,0.255537
51.83743,8.9639,0.257329
51.83774,8.9621,0.276481
51.83805,8.9592,0.290249
51.83837,8.9705,0.295025
51.83868,8.9621,0.284945
51.83893,8.9688,0.284945
51.83924,8.9697,0.252745
51.83955,8.9715,0.254849
51.83986,8.9658,0.245673
51.84017,8.9688,0.249449
51.84042,8.9688,0.249449
51.84073,8.9639,0.252449
51.84104,8.9744,0.242273
51.84135,8.9592,0.241769
51.84166,8.9688,0.244065
51.84197,8.9771,0.250265
51.84222,8.9678,0.250265
51.84253,8.9688,0.249865
51.84284,8.9697,0.256537
51.84315,8.9639,0.269409
51.84346,8.9582,0.261233
51.84377,8.9678,0.285761
51.84402,8.9592,0.285761
51.84434,8.9781,0.288241
51.84465,8.9592,0.260817
51.84496,8.9705,0.260025
51.84527,8.9648,0.260233
51.84552,8.9631,0.260233
51.84583,8.9592,0.256537
51.84614,8.9631,0.256329
51.84645,8.9668,0.256641
51.84676,8.9828,0.299401
51.84707,8.9564,0.275185
51.84732,8.9678,0.275185
51.84763,8.9555,0.283049
51.84794,8.9555,0.296025
51.84825,8.9697,0.298321
51.84856,8.9639,0.256537
51.84887,8.9621,0.269097
51.84913,8.9678,0.269097
51.84943,8.9639,0.267905
51.84974,8.9648,0.250553
51.85005,8.9791,0.244961
51.85037,8.9658,0.247969
51.85062,8.9688,0.247969
51.85093,8.9648,0.247569
51.85124,8.9658,0.262217
51.85155,8.9611,0.262713
51.85186,8.9648,0.274873
51.85217,8.9668,0.277881
51.85242,8.9631,0.277881
51.85273,8.9592,0.262713
51.85304,8.9705,0.254537
51.85335,8.9648,0.255745
51.85366,8.9631,0.254137
51.85397,8.9678,0.253849
51.85423,8.9688,0.253849
51.85453,8.9688,0.254745
51.85485,8.9582,0.249945
51.85516,8.9592,0.256249
51.85546,8.9705,0.248073
51.85577,8.9574,0.257537
51.85603,8.9648,0.257537
51.85634,8.9592,0.256145
51.85665,8.9611,0.257145
51.85696,8.9688,0.254137
51.85727,8.9602,0.259233
51.85752,8.9631,0.259233
51.85783,8.9688,0.253641
51.85814,8.9705,0.267305
51.85845,8.9602,0.296129
51.85876,8.9631,0.255937
51.85907,8.9648,0.256729
51.85932,8.9631,0.256729
51.85963,8.9791,0.261233
51.85994,8.9752,0.256225
51.86025,8.9639,0.256225
51.86056,8.9678,0.255537
51.86087,8.9705,0.259833
51.86112,8.9725,0.259833
51.86143,8.9555,0.280673
51.86174,8.9678,0.260417
51.86205,8.9658,0.257729
51.86237,8.9658,0.261713
51.86262,8.9621,0.261713
51.86293,8.9602,0.258833
51.86324,8.9668,0.255833
51.86355,8.9668,0.263505
51.86386,8.9678,0.253849
51.86417,8.9668,0.256329
51.86442,8.9648,0.256329
51.86473,8.9545,0.264713
51.86504,8.9564,0.290249
51.86535,8.9639,0.290537
51.86566,8.9535,0.248257
51.86597,8.9688,0.246257
51.86622,8.9715,0.246257
51.86653,8.9715,0.259337
51.86684,8.9658,0.251161
51.86715,8.9705,0.250953
51.86746,8.9668,0.246969
51.86772,8.9668,0.246969
51.86803,8.9734,0.239793
51.86834,8.9668,0.239393
51.86865,8.9639,0.245273
51.86896,8.9631,0.241585
51.86927,8.9688,0.244881
51.86958,8.9658,0.258233
51.86983,8.9697,0.258233
51.87014,8.9631,0.254641
51.87045,8.9584,0.271393
51.87076,8.9631,0.251745
51.87107,8.9592,0.251553
51.87133,8.9688,0.251553
51.87163,8.9695,0.251553
51.87195,8.9639,0.252745
51.87226,8.9715,0.255745
51.87257,8.9705,0.256249
51.87288,8.9697,0.299817
51.87313,8.9762,0.299817
51.87344,8.9762,0.257225
51.87375,8.9688,0.255745
51.87406,8.9648,0.257625
51.87437,8.9602,0.256641
51.87468,8.9535,0.295625
51.87493,8.9621,0.295625
51.87524,8.9678,0.301617
51.87555,8.9555,0.282657
51.87586,8.9668,0.308185
51.87617,8.9574,0.265505
51.87648,8.9668,0.266697
51.87673,8.9648,0.266697
51.87704,8.9781,0.254937
51.87735,8.9631,0.248361
51.87766,8.9668,0.250449
51.87797,8.9621,0.253641
51.87822,8.9752,0.253641
51.87853,8.9695,0.254641
51.87884,8.9611,0.261921
51.87915,8.9621,0.281169
51.87946,8.9678,0.271601
51.87977,8.9641,0.258833
51.88003,8.9648,0.258833
51.88034,8.9658,0.258729
51.88065,8.9631,0.256937
51.88096,8.9611,0.259833
51.88127,8.9705,0.256537
51.88158,8.9621,0.289745
51.88183,8.9611,0.289745
51.88214,8.9668,0.258337
51.88245,8.9611,0.282153
51.88276,8.9592,0.285049
51.88307,8.9639,0.258441
51.88333,8.9668,0.258441
51.88363,8.9621,0.257329
51.88394,8.9611,0.293225
51.88425,8.9678,0.259729
51.88456,8.9648,0.284361
51.88487,8.9611,0.279273
51.88513,8.9639,0.279273
51.88544,8.9688,0.257225
51.88575,8.9678,0.290641
51.88606,8.9574,0.256145
51.88637,8.9611,0.255537
51.88668,8.9744,0.287137
51.88693,8.9621,0.287137
51.88724,8.9611,0.272097
51.88755,8.9639,0.255745
51.88786,8.9695,0.290729
51.88817,8.9602,0.251265
51.88848,8.9705,0.261417
51.88873,8.9725,0.261417
51.88904,8.9621,0.282257
51.88935,8.9592,0.255745
51.88966,8.9705,0.262129
51.88997,8.9648,0.292433
51.89022,8.9582,0.292433
51.89053,8.9631,0.302697
51.89084,8.9678,0.256729
51.89115,8.9611,0.260129
51.89146,8.9688,0.262921
51.89177,8.9525,0.268305
51.89202,8.9715,0.268305
51.89234,8.9688,0.288849
51.89265,8.9658,0.253849
51.89296,8.9648,0.288641
51.89327,8.9639,0.261521
51.89358,8.9545,0.255745
51.89383,8.9584,0.255745
51.89414,8.9725,0.274689
51.89445,8.9582,0.254353
51.89476,8.9725,0.255537
51.89507,8.9641,0.291225
51.89538,8.9602,0.256041
51.89563,8.9688,0.256041
51.89594,8.9762,0.254745
51.89625,8.9611,0.273681
51.89656,8.9631,0.252449
51.89687,8.9641,0.260025
51.89712,8.9639,0.260025
51.89743,8.9668,0.291537
51.89774,8.9648,0.255353
51.89805,8.9648,0.289433
51.89836,8.9611,0.271289
51.89867,8.9611,0.257433
51.89893,8.9725,0.257433
51.89924,8.9621,0.255537
51.89955,8.9488,0.251449
51.89986,8.9734,0.254745
51.90017,8.9602,0.289033
51.90048,8.9658,0.258233
51.90073,8.9611,0.258233
51.90104,8.9648,0.254745
51.90135,8.9564,0.285761
51.90166,8.9678,0.296129
51.90197,8.9602,0.268993
51.90228,8.9744,0.287745
51.90253,8.9688,0.287745
51.90284,8.9688,0.248153
51.90315,8.9631,0.268489
51.90346,8.9611,0.285449
51.90377,8.9695,0.261521
51.90402,8.9762,0.261521
51.90433,8.9535,0.267801
51.90464,8.9648,0.296313
51.90495,8.9611,0.264817
51.90526,8.9639,0.283361
51.90557,8.9574,0.286345
51.90582,8.9801,0.286345
51.90613,8.9631,0.258729
51.90644,8.9545,0.292937
51.90675,8.9611,0.256329
51.90706,8.9762,0.256537
51.90737,8.9688,0.287345
51.90762,8.9574,0.287345
51.90793,8.9648,0.274481
51.90824,8.9648,0.260817
51.90855,8.9668,0.293337
51.90886,8.9611,0.260921
51.90917,8.9705,0.258441
51.90943,8.9574,0.258441
51.90974,8.9564,0.290833
51.91005,8.9648,0.261313
51.91035,8.9639,0.269201
51.91067,8.9602,0.299505
51.91092,8.9631,0.299505
51.91123,8.9695,0.269593
51.91154,8.9592,0.276873
51.91185,8.9592,0.274873
51.91216,8.9668,0.269993
51.91247,8.9611,0.276481
51.91272,8.9592,0.276481
51.91303,8.9545,0.298817
51.91334,8.9648,0.281065
51.91365,8.9611,0.305785
51.91396,8.9535,0.272289
51.91427,8.9582,0.270201
51.91452,8.9648,0.270201
51.91483,8.9488,0.291937
51.91514,8.9602,0.270601
51.91545,8.9639,0.262713
51.91576,8.9641,0.298009
51.91607,8.9518,0.291833
51.91633,8.9545,0.291833
51.91664,8.9525,0.301297
51.91695,8.9621,0.325937
51.91726,8.9658,0.303201
51.91757,8.9535,0.304305
51.91782,8.9564,0.304305
51.91813,8.9592,0.341577
51.91844,8.9631,0.306993
51.91875,8.9574,0.338801
51.91906,8.9412,0.326833
51.91937,8.9592,0.292329
51.91962,8.9688,0.292329
51.91993,8.9602,0.272097
51.92024,8.9648,0.313881
51.92055,8.9535,0.309793
51.92086,8.9545,0.345873
51.92117,8.9592,0.318865
51.92142,8.9584,0.318865
51.92173,8.9688,0.304489
51.92204,8.9488,0.310689
51.92236,8.9658,0.260025
51.92267,8.9592,0.257729
51.92292,8.9734,0.257729
51.92323,8.9697,0.257041
51.92354,8.9564,0.256729
51.92385,8.9582,0.295313
51.92416,8.9639,0.303409
51.92447,8.9697,0.288345
51.92472,8.9658,0.288345
51.92503,8.9611,0.295025
51.92534,8.9602,0.308081
51.92565,8.9545,0.315753
51.92596,8.9658,0.294129
51.92627,8.9582,0.276081
51.92653,8.9631,0.276081
51.92683,8.9648,0.272497
51.92714,8.9658,0.257833
51.92745,8.9668,0.256041
51.92776,8.9705,0.257225
51.92807,8.9611,0.258833
51.92833,8.9564,0.258833
51.92864,8.9611,0.259025
51.92895,8.9621,0.257537
51.92926,8.9658,0.258729
51.92957,8.9658,0.259233
51.92983,8.9762,0.259233
51.93014,8.9621,0.256937
51.93044,8.9621,0.304889
51.93075,8.9555,0.335505
51.93106,8.9555,0.292225
51.93137,8.9762,0.261625
51.93163,8.9621,0.261625
51.93194,8.9545,0.266009
51.93225,8.9668,0.252161
51.93256,8.9648,0.250369
51.93287,8.9668,0.251553
51.93312,8.9641,0.251553
51.93343,8.9705,0.253745
51.93374,8.9545,0.280169
51.93405,8.9602,0.262921
51.93436,8.9678,0.268489
51.93467,8.9725,0.277481
51.93492,8.9611,0.277481
51.93523,8.9668,0.272097
51.93554,8.9641,0.255641
51.93585,8.9744,0.255537
51.93616,8.9734,0.254849
51.93647,8.9695,0.251849
51.93672,8.9668,0.251849
51.93703,8.9734,0.254033
51.93734,8.9678,0.252849
51.93765,8.9611,0.254937
51.93796,8.9631,0.252849
51.93827,8.9621,0.247465
51.93853,8.9641,0.247465
51.93883,8.9678,0.259921
51.93915,8.9648,0.257729
51.93946,8.9611,0.255433
51.93977,8.9641,0.257041
51.94002,8.9705,0.257041
51.94033,8.9611,0.256433
51.94064,8.9602,0.258041
51.94095,8.9611,0.253641
51.94126,8.9705,0.255329
51.94157,8.9752,0.252849
51.94182,8.9688,0.252849
51.94213,8.9648,0.253537
51.94244,8.9648,0.255041
51.94275,8.9582,0.252161
51.94306,8.9725,0.255433
51.94337,8.9641,0.257329
51.94362,8.9639,0.257329
51.94393,8.9668,0.256329
51.94424,8.9678,0.254537
51.94455,8.9631,0.254745
51.94486,8.9648,0.258729
51.94511,8.9574,0.258729
51.94542,8.9631,0.299401
51.94574,8.9688,0.257833
51.94605,8.9668,0.257329
51.94636,8.9535,0.257145
51.94667,8.9611,0.258041
51.94692,8.9592,0.258041
51.94723,8.9648,0.258441
51.94754,8.9592,0.294129
51.94785,8.9658,0.299505
51.94816,8.9574,0.332921
51.94847,8.9621,0.250849
51.94872,8.9658,0.250849
51.94903,8.9648,0.247361
51.94934,8.9668,0.242585
51.94965,8.9668,0.252745
51.94996,8.9592,0.247073
51.95022,8.9648,0.247073
51.95052,8.9602,0.248361
51.95083,8.9668,0.236993
51.95114,8.9715,0.238497
51.95145,8.9715,0.239185
51.95176,8.9705,0.239689
51.95202,8.9668,0.239689
51.95233,8.9582,0.242377
51.95264,8.9639,0.253641
51.95295,8.9688,0.255937
51.95326,8.9791,0.265217
51.95357,8.9678,0.271097
51.95382,8.9518,0.271097
51.95413,8.9631,0.261921
51.95444,8.9705,0.259417
51.95475,8.9574,0.268097
51.95506,8.9695,0.265609
51.95537,8.9611,0.256729
51.95562,8.9754,0.256729
51.95593,8.9752,0.255041
51.95624,8.9734,0.261713
51.95655,8.9678,0.262425
51.95686,8.9678,0.261313
51.95711,8.9668,0.261313
51.95742,8.9611,0.266905
51.95773,8.9611,0.299009
51.95804,8.9592,0.301801
51.95835,8.9574,0.259921
51.95867,8.9725,0.264009
51.95892,8.9762,0.264009
51.95923,8.9574,0.268409
51.95954,8.9648,0.295521
51.95985,8.9688,0.260729
51.96016,8.9648,0.255353
51.96047,8.9715,0.258121
51.96072,8.9658,0.258121
51.96103,8.9688,0.265801
51.96134,8.9648,0.277273
51.96165,8.9639,0.282465
51.96196,8.9639,0.288745
51.96221,8.9705,0.288745
51.96252,8.9611,0.282465
51.96283,8.9574,0.312881
51.96314,8.9688,0.266801
51.96345,8.9639,0.262713
51.96376,8.9648,0.266113
51.96401,8.9658,0.266113
51.96432,8.9574,0.266409
51.96464,8.9668,0.262217
51.96495,8.9688,0.282657
51.96526,8.9648,0.274481
51.96557,8.9648,0.272681
51.96582,8.9451,0.272681
51.96613,8.9658,0.304385
51.96644,8.9621,0.303201
51.96675,8.9582,0.308289
51.96706,8.9639,0.308473
51.96737,8.9518,0.308681
51.96762,8.9631,0.308681
51.96793,8.9592,0.305889
51.96824,8.9602,0.266905
51.96855,8.9695,0.298921
51.96886,8.9592,0.312561
51.96917,8.9639,0.313673
51.96942,8.9508,0.313673
51.96973,8.9555,0.310377
51.97004,8.9602,0.311273
51.97035,8.9648,0.311377
51.97067,8.9678,0.308473
51.97092,8.9535,0.308473
51.97123,8.9611,0.270393
51.97154,8.9762,0.264113
51.97185,8.9678,0.265297
51.97216,8.9648,0.263713
51.97241,8.9695,0.263713
51.97272,8.9621,0.267009
51.97303,8.9621,0.302593
51.97334,8.9555,0.300009
51.97365,8.9602,0.306185
51.97396,8.9611,0.345481
51.97421,8.9508,0.345481
51.97452,8.9592,0.370801
51.97483,8.9602,0.343473
51.97514,8.9574,0.274977
51.97545,8.9688,0.270785
51.97576,8.9678,0.261313
51.97601,8.9688,0.261313
51.97633,8.9678,0.243065
51.97664,8.9658,0.249449
51.97695,8.9688,0.291433
51.97726,8.9715,0.259025
51.97757,8.9695,0.236889
51.97782,8.9621,0.236889
51.97813,8.9752,0.236889
51.97844,8.9688,0.241689
51.97875,8.9621,0.251553
51.97906,8.9715,0.251953
51.97931,8.9658,0.251953
51.97962,8.9695,0.250449
51.97993,8.9658,0.268489
51.98024,8.9697,0.254537
51.98055,8.9668,0.254137
51.98086,8.9611,0.257225
51.98111,8.9695,0.257225
51.98142,8.9639,0.258233
51.98173,8.9688,0.254353
51.98204,8.9631,0.255537
51.98235,8.9621,0.255145
51.98266,8.9611,0.253953
51.98292,8.9668,0.253953
51.98322,8.9658,0.251657
51.98354,8.9611,0.252553
51.98385,8.9621,0.254137
51.98416,8.9678,0.297105
51.98447,8.9648,0.301801
51.98472,8.9592,0.301801
51.98503,8.9658,0.295625
51.98534,8.9668,0.261129
51.98565,8.9658,0.265321
51.98596,8.9809,0.263817
51.98627,8.9648,0.249657
51.98652,8.9725,0.249657
51.98683,8.9725,0.246673
51.98714,8.9668,0.246673
51.98745,8.9688,0.246569
51.98776,8.9641,0.252345
51.98801,8.9611,0.252345
51.98832,8.9639,0.260521
51.98863,8.9611,0.327833
51.98894,8.9668,0.264321
51.98925,8.9658,0.253953
51.98956,8.9695,0.253953
51.98981,8.9648,0.253953
51.99013,8.9648,0.252553
51.99044,8.9658,0.255041
51.99075,8.9678,0.250849
51.99105,8.9715,0.251745
51.99136,8.9574,0.282257
51.99162,8.9621,0.282257
51.99193,8.9715,0.278961
51.99224,8.9631,0.256937
51.99255,8.9648,0.255249
51.99286,8.9639,0.254137
51.99317,8.9621,0.255937
51.99342,8.9705,0.255937
51.99373,8.9602,0.259129
51.99404,8.9734,0.254937
51.99435,8.9611,0.256329
51.99466,8.9678,0.257833
51.99491,8.9688,0.257833
51.99522,8.9639,0.253953
51.99553,8.9771,0.258729
51.99584,8.9678,0.260729
51.99615,8.9668,0.261417
51.99646,8.9658,0.259921
51.99672,8.9688,0.259921
51.99703,8.9564,0.256145
51.99734,8.9695,0.258521
51.99764,8.9688,0.257937
51.99795,8.9715,0.256249
51.99826,8.9621,0.259625
51.99852,8.9611,0.259625
51.99883,8.9658,0.257041
51.99914,8.9621,0.255937
51.99945,8.9668,0.255833
51.99976,8.9688,0.257145
52.00001,8.9648,0.257145
52.00032,8.9752,0.256937
52.00063,8.9611,0.254249
52.00094,8.9631,0.257329
52.00125,8.9695,0.288641
52.00156,8.9602,0.293017
52.00181,8.9734,0.293017
52.00212,8.9744,0.297425
52.00243,8.9592,0.256041
52.00274,8.9631,0.250849
52.00305,8.9611,0.291041
52.00336,8.9621,0.245961
52.00362,8.9668,0.245961
52.00392,8.9574,0.250161
52.00424,8.9574,0.238689
52.00455,8.9631,0.238897
52.00486,8.9744,0.233305
52.00511,8.9668,0.233305
52.00542,8.9725,0.232201
52.00573,8.9688,0.240873
52.00604,8.9705,0.293625
52.00635,8.9648,0.269097
52.00666,8.9611,0.267113
52.00692,8.9631,0.267113
52.00723,8.9582,0.257329
52.00754,8.9621,0.255937
52.00785,8.9678,0.254641
52.00815,8.9668,0.255353
52.00841,8.9592,0.255353
52.00872,8.9688,0.256433
52.00903,8.9744,0.259625
52.01117,8.9592,0.296625
52.01293,8.9631,0.249361
52.01469,8.9621,0.252553
52.01645,8.9734,0.260129
52.01821,8.9582,0.254745
52.01996,8.9621,0.254353
52.02172,8.9688,0.248257
52.02348,8.9648,0.255249
52.02373,8.9639,0.253057
52.02404,8.9668,0.259729
52.02435,8.9631,0.257041
52.02461,8.9705,0.257041
52.02491,8.9705,0.256041
52.02522,8.9621,0.253745
52.02553,8.9611,0.258937
52.02584,8.9574,0.256537
52.02615,8.9705,0.247865
52.02641,8.9668,0.247865
52.02672,8.9611,0.257145
52.02703,8.9639,0.254033
52.02734,8.9697,0.259833
52.02765,8.9648,0.293833
52.02796,8.9688,0.293225
52.02821,8.9621,0.293225
52.02852,8.9648,0.288345
52.02883,8.9678,0.246673
52.02914,8.9631,0.254249
52.02945,8.9762,0.240377
52.02970,8.9668,0.240377
52.03001,8.9592,0.253137
52.03032,8.9641,0.253449
52.03063,8.9762,0.249361
52.03094,8.9688,0.239585
52.03125,8.9668,0.240689
52.03150,8.9695,0.240689
52.03182,8.9725,0.238081
52.03212,8.9678,0.283865
52.03244,8.9715,0.248153
52.03275,8.9631,0.252057
52.03306,8.9631,0.263713
52.03331,8.9668,0.263713
52.03362,8.9658,0.267697
52.03393,8.9678,0.252745
52.03424,8.9725,0.256729
52.03455,8.9705,0.259729
52.03486,8.9678,0.297025
52.03511,8.9668,0.297025
52.03542,8.9658,0.258729
52.03573,8.9639,0.258937
52.03604,8.9639,0.260025
52.03635,8.9631,0.256329
52.03660,8.9639,0.256329
52.03691,8.9631,0.254137
52.03722,8.9668,0.258441
52.03753,8.9658,0.296625
52.03784,8.9695,0.300113
52.03815,8.9678,0.295625
52.03841,8.9602,0.295625
52.03872,8.9648,0.289433
52.03903,8.9574,0.261129
52.03934,8.9658,0.257145
52.03965,8.9715,0.246969
52.03996,8.9574,0.248553
52.04021,8.9631,0.248553
52.04052,8.9658,0.247465
52.04083,8.9648,0.247073
52.04114,8.9631,0.248865
52.04145,8.9611,0.265401
52.04170,8.9639,0.265401
52.04201,8.9611,0.263817
52.04232,8.9631,0.277081
52.04263,8.9621,0.261521
52.04294,8.9725,0.256145
52.04325,8.9631,0.260625
52.04350,8.9648,0.260625
52.04381,8.9752,0.254937
52.04412,8.9688,0.258729
52.04443,8.9809,0.273897
52.04475,8.9658,0.291641
52.04506,8.9715,0.258625
52.04531,8.9715,0.258625
52.04562,8.9592,0.257833
52.04593,8.9611,0.256729
52.04624,8.9621,0.282657
52.04655,8.9668,0.307185
52.04680,8.9631,0.307185
52.04711,8.9555,0.278881
52.04742,8.9734,0.255353
52.04773,8.9688,0.290833
52.04804,8.9668,0.256433
52.04835,8.9648,0.255537
52.04860,8.9611,0.255537
52.04891,8.9621,0.281865
52.04922,8.9678,0.297921
52.04953,8.9688,0.273897
52.04984,8.9574,0.288929
52.05015,8.9648,0.257041
52.05041,8.9611,0.257041
52.05072,8.9658,0.263817
52.05103,8.9771,0.270601
52.05134,8.9639,0.262713
52.05165,8.9658,0.262921
52.05190,8.9611,0.262921
52.05221,8.9688,0.294921
52.05252,8.9678,0.263113
52.05283,8.9695,0.289353
52.05314,8.9574,0.260729
52.05345,8.9631,0.252345
52.05370,8.9678,0.252345
52.05401,8.9621,0.264609
52.05432,8.9574,0.288745
52.05463,8.9631,0.250345
52.05494,8.9648,0.288241
52.05525,8.9648,0.250345
52.05550,8.9641,0.250345
52.05581,8.9688,0.249449
52.05612,8.9574,0.284657
52.05643,8.9688,0.253057
52.05675,8.9648,0.256145
52.05706,8.9688,0.289641
52.05731,8.9631,0.289641
52.05762,8.9752,0.257937
52.05793,8.9621,0.281465
52.05824,8.9688,0.283361
52.05855,8.9631,0.256537
52.05880,8.9658,0.256537
52.05911,8.9668,0.260417
52.05942,8.9574,0.294521
52.05973,8.9678,0.253849
52.06004,8.9668,0.285953
52.06035,8.9592,0.270993
52.06060,8.9695,0.270993
52.06091,8.9695,0.260921
52.06122,8.9582,0.297817
52.06153,8.9705,0.255353
52.06184,8.9715,0.255937
52.06215,8.9688,0.286161
52.06240,8.9574,0.286161
52.06272,8.9668,0.261313
52.06303,8.9678,0.262321
52.06334,8.9574,0.297529
52.06365,8.9648,0.275769
52.06390,8.9602,0.275769
52.06421,8.9592,0.292041
52.06452,8.9592,0.288537
52.06483,8.9678,0.257937
52.06514,8.9641,0.270889
52.06545,8.9602,0.288241
52.06570,8.9648,0.288241
52.06601,8.9695,0.255641
52.06632,8.9574,0.291433
52.06663,8.9705,0.257537
52.06694,8.9611,0.252449
52.06725,8.9592,0.275769
52.06750,8.9582,0.275769
52.06781,8.9639,0.278673
52.06812,8.9688,0.254745
52.06843,8.9574,0.289353
52.06875,8.9658,0.253449
52.06900,8.9695,0.253449
52.06931,8.9648,0.256145
52.06962,8.9648,0.279065
52.06993,8.9631,0.252345
52.07024,8.9695,0.254537
52.07055,8.9592,0.284945
52.07080,8.9678,0.284945
52.07111,8.9688,0.253241
52.07142,8.9715,0.284945
52.07173,8.9648,0.262217
52.07204,8.9648,0.254249
52.07235,8.9574,0.252641
52.07260,8.9582,0.252641
52.07291,8.9668,0.289745
52.07322,8.9574,0.255433
52.07353,8.9648,0.291225
52.07384,8.9582,0.257625
52.07415,8.9705,0.252449
52.07440,8.9658,0.252449
52.07472,8.9611,0.265321
52.07503,8.9678,0.253849
52.07534,8.9555,0.300009
52.07565,8.9592,0.287745
52.07590,8.9639,0.287745
52.07621,8.9744,0.259025
52.07652,8.9611,0.273681
52.07683,8.9582,0.287137
52.07714,8.9602,0.255641
52.07745,8.9648,0.257121
52.07770,8.9658,0.257121
52.07801,8.9688,0.290537
52.07832,8.9498,0.299609
52.07863,8.9631,0.272785
52.07894,8.9582,0.283945
52.07925,8.9621,0.261625
52.07951,8.9688,0.261625
52.07981,8.9705,0.266697
52.08012,8.9602,0.269305
52.08044,8.9611,0.258937
52.08075,8.9592,0.288241
52.08100,8.9715,0.288241
52.08131,8.9705,0.272889
52.08162,8.9668,0.255937
52.08193,8.9535,0.294521
52.08224,8.9611,0.258521
52.08255,8.9715,0.258521
52.08280,8.9658,0.258521
52.08311,8.9611,0.291041
52.08342,8.9678,0.261817
52.08373,8.9648,0.263609
52.08404,8.9621,0.292833
52.08435,8.9658,0.258729
52.08460,8.9611,0.258729
52.08491,8.9631,0.259233
52.08522,8.9658,0.251161
52.08553,8.9801,0.245961
52.08584,8.9705,0.252241
52.08615,8.9648,0.249449
52.08641,8.9621,0.249449
52.08672,8.9695,0.245169
52.08703,8.9754,0.254641
52.08734,8.9734,0.241977
52.08765,8.9621,0.257329
52.08790,8.9602,0.257329
52.08821,8.9705,0.258521
52.08852,8.9688,0.254745
52.08883,8.9678,0.273793
52.08914,8.9611,0.248865
52.08945,8.9715,0.256145
52.08970,8.9668,0.256145
52.09001,8.9592,0.299113
52.09032,8.9621,0.254537
52.09063,8.9592,0.258233
52.09094,8.9648,0.255641
52.09125,8.9688,0.257537
52.09150,8.9621,0.257537
52.09181,8.9705,0.255937
52.09212,8.9668,0.257041
52.09244,8.9648,0.259521
52.09275,8.9602,0.302697
52.09300,8.9545,0.302697
52.09331,8.9621,0.285265
52.09362,8.9611,0.298217
52.09393,8.9574,0.297609
52.09424,8.9648,0.256641
52.09455,8.9584,0.268513
52.09480,8.9695,0.268513
52.09511,8.9725,0.261313
52.09542,8.9791,0.249257
52.09573,8.9715,0.246569
52.09604,8.9621,0.248361
52.09635,8.9592,0.255433
52.09660,8.9688,0.255433
52.09691,8.9658,0.262817
52.09722,8.9705,0.265009
52.09753,8.9555,0.274977
52.09784,8.9518,0.269593
52.09809,8.9678,0.269593
52.09841,8.9668,0.260233
52.09872,8.9648,0.254033
52.09903,8.9688,0.252745
52.09934,8.9611,0.261129
52.09965,8.9658,0.256433
52.09990,8.9678,0.256433
52.10021,8.9574,0.257041
52.10052,8.9695,0.257329
52.10083,8.9639,0.257833
52.10114,8.9678,0.254033
52.10145,8.9688,0.257729
52.10170,8.9688,0.257729
52.10201,8.9695,0.255745
52.10232,8.9695,0.256937
52.10263,8.9639,0.257041
52.10294,8.9648,0.252345
52.10319,8.9762,0.252345
52.10350,8.9658,0.255249
52.10381,8.9668,0.254137
52.10412,8.9688,0.299401
52.10444,8.9602,0.286449
52.10475,8.9621,0.253241
52.10500,8.9791,0.253241
52.10531,8.9631,0.250161
52.10562,8.9574,0.252161
52.10593,8.9611,0.245961
52.10624,8.9688,0.256641
52.10655,8.9668,0.247073
52.10680,8.9678,0.247073
52.10711,8.9639,0.258041
52.10742,8.9641,0.267201
52.10773,8.9658,0.255145
52.10804,8.9688,0.257433
52.10829,8.9639,0.257433
52.10860,8.9695,0.257121
52.10891,8.9639,0.257145
52.10922,8.9688,0.255145
52.10953,8.9678,0.256249
52.10984,8.9695,0.287553
52.11009,8.9592,0.287553
52.11040,8.9621,0.290249
52.11071,8.9695,0.291145
52.11103,8.9695,0.247761
52.11134,8.9705,0.251057
52.11164,8.9582,0.248153
52.11190,8.9648,0.248153
52.11221,8.9752,0.245777
52.11252,8.9611,0.248465
52.11283,8.9631,0.252641
52.11314,8.9688,0.237097
52.11345,8.9715,0.238185
52.11370,8.9631,0.238185
52.11401,8.9705,0.239689
52.11432,8.9641,0.241585
52.11463,8.9705,0.244673
52.11494,8.9611,0.253137
52.11525,8.9648,0.262129
52.11550,8.9648,0.262129
52.11581,8.9621,0.267905
52.11612,8.9668,0.255641
52.11643,8.9725,0.253537
52.11675,8.9611,0.255329
52.11700,8.9734,0.255329
52.11731,8.9658,0.253241
52.11762,8.9631,0.256537
52.11793,8.9658,0.255833
52.11824,8.9648,0.256833
52.11855,8.9697,0.274977
52.11880,8.9498,0.274977
52.11911,8.9555,0.294729
52.11942,8.9668,0.258233
52.11973,8.9715,0.274873
52.12004,8.9574,0.293441
52.12035,8.9545,0.294417
52.12060,8.9658,0.294417
52.12091,8.9611,0.294129
52.12122,8.9734,0.265801
52.12153,8.9648,0.294025
52.12184,8.9535,0.271097
52.12209,8.9725,0.271097
52.12240,8.9631,0.244777
52.12272,8.9658,0.243673
52.12303,8.9658,0.247569
52.12334,8.9658,0.263817
52.12365,8.9725,0.263217
52.12390,8.9631,0.263217
52.12421,8.9621,0.259025
52.12452,8.9602,0.274481
52.12483,8.9564,0.268905
52.12514,8.9668,0.255353
52.12539,8.9688,0.255353
52.12570,8.9744,0.256145
52.12601,8.9602,0.256937
52.12632,8.9611,0.258729
52.12663,8.9668,0.266697
52.12694,8.9668,0.252641
52.12719,8.9688,0.252641
52.12750,8.9688,0.255745
52.12781,8.9668,0.258625
52.12812,8.9641,0.258833
52.12844,8.9801,0.258937
52.12875,8.9695,0.260337
52.12900,8.9771,0.260337
52.12931,8.9658,0.257729
52.12962,8.9695,0.259729
52.12993,8.9688,0.256833
52.13024,8.9631,0.257625
52.13049,8.9621,0.257625
52.13080,8.9697,0.258041
52.13111,8.9688,0.255745
52.13142,8.9658,0.251849
52.13173,8.9754,0.255937
52.13204,8.9582,0.257729
52.13229,8.9631,0.257729
52.13260,8.9525,0.256329
52.13291,8.9744,0.256641
52.13322,8.9518,0.300009
52.13353,8.9582,0.256729
52.13384,8.9668,0.257537
52.13409,8.9668,0.257537
52.13441,8.9715,0.257433
52.13472,8.9705,0.258937
52.13503,8.9611,0.258729
52.13534,8.9695,0.259729
52.13559,8.9688,0.259729
52.13590,8.9648,0.254353
52.13621,8.9611,0.301697
52.13652,8.9678,0.287137
52.13683,8.9582,0.291729
52.13714,8.9592,0.295729
52.13740,8.9518,0.295729
52.13771,8.9668,0.296209
52.13801,8.9648,0.247969
52.13832,8.9658,0.247073
52.13863,8.9688,0.237497
52.13894,8.9631,0.259025
52.13920,8.9639,0.259025
52.13951,8.9678,0.245169
52.13982,8.9658,0.236601
52.14013,8.9744,0.236201
52.14044,8.9648,0.228817
52.14069,8.9705,0.228817
52.14100,8.9658,0.235497
52.14131,8.9695,0.240585
52.14162,8.9678,0.253641
52.14193,8.9611,0.253537
52.14224,8.9658,0.265905
52.14249,8.9631,0.265905
52.14280,8.9791,0.272577
52.14311,8.9791,0.256729
52.14342,8.9705,0.269489
52.14373,8.9734,0.255745
52.14404,8.9688,0.255041
52.14429,8.9658,0.255041
52.14460,8.9668,0.252241
52.14491,8.9582,0.254137
52.14522,8.9621,0.264817
52.14553,8.9668,0.254033
52.14584,8.9621,0.254033
52.14610,8.9744,0.254033
52.14641,8.9781,0.249361
52.14672,8.9678,0.284361
52.14703,8.9678,0.298113
52.14734,8.9611,0.292625
52.14759,8.9648,0.292625
52.14790,8.9678,0.313673
52.14821,8.9639,0.260417
52.14852,8.9734,0.263321
52.14883,8.9705,0.250345
52.14914,8.9658,0.247257
52.14939,8.9631,0.247257
52.14970,8.9631,0.246361
52.15001,8.9752,0.249449
52.15032,8.9734,0.257433
52.15063,8.9574,0.305393
52.15094,8.9668,0.270393
52.15119,8.9658,0.270393
52.15150,8.9791,0.280169
52.15181,8.9639,0.253641
52.15212,8.9631,0.255353
52.15243,8.9574,0.254537
52.15269,8.9668,0.254537
52.15300,8.9678,0.255145
52.15331,8.9631,0.254033
52.15362,8.9648,0.254249
52.15393,8.9658,0.253745
52.15424,8.9744,0.252241
52.15449,8.9668,0.252241
52.15480,8.9658,0.253849
52.15511,8.9611,0.249153
52.15542,8.9621,0.247361
52.15573,8.9592,0.255537
52.15604,8.9658,0.250265
52.15629,8.9631,0.250265
52.15660,8.9631,0.254537
52.15691,8.9658,0.254137
52.15722,8.9639,0.254433
52.15753,8.9668,0.255641
52.15784,8.9611,0.254249
52.15809,8.9744,0.254249
52.15840,8.9621,0.253137
52.15872,8.9508,0.249361
52.15903,8.9602,0.253849
52.15934,8.9688,0.255249
52.15959,8.9574,0.255249
52.15990,8.9752,0.254137
52.16021,8.9705,0.256225
52.16052,8.9715,0.255641
52.16083,8.9621,0.258337
52.16114,8.9697,0.256833
52.16139,8.9648,0.256833
52.16170,8.9658,0.257433
52.16201,8.9602,0.299113
52.16232,8.9602,0.268905
52.16263,8.9688,0.259625
52.16294,8.9564,0.258729
52.16319,8.9725,0.258729
52.16350,8.9697,0.258625
52.16381,8.9574,0.301697
52.16412,8.9631,0.295817
52.16443,8.9611,0.289745
52.16469,8.9734,0.289745
52.16500,8.9648,0.253745
52.16531,8.9611,0.244377
52.16562,8.9631,0.247865
52.16593,8.9715,0.252345
52.16624,8.9611,0.239585
52.16649,8.9688,0.239585
52.16680,8.9688,0.239393
52.16711,8.9762,0.237601
52.16742,8.9695,0.239481
52.16773,8.9621,0.242273
52.16804,8.9705,0.252161
52.16829,8.9648,0.252161
52.16860,8.9648,0.253345
52.16891,8.9705,0.265297
52.16922,8.9648,0.258521
52.16953,8.9715,0.256729
52.16984,8.9695,0.258041
52.17009,8.9688,0.258041
52.17040,8.9641,0.258121
52.17072,8.9658,0.257729
52.17103,8.9584,0.257433
52.17134,8.9725,0.258233
52.17159,8.9781,0.258233
52.17190,8.9611,0.254457
52.17221,8.9631,0.252449
52.17252,8.9697,0.248553
52.17283,8.9678,0.255745
52.17314,8.9621,0.292625
52.17339,8.9631,0.292625
52.17370,8.9545,0.295817
52.17401,8.9658,0.257329
52.17432,8.9744,0.265113
52.17463,8.9705,0.264113
52.17488,8.9621,0.264113
52.17519,8.9688,0.258441
52.17550,8.9678,0.249657
52.17581,8.9518,0.245857
52.17612,8.9668,0.249553
52.17643,8.9668,0.296417
52.17669,8.9639,0.296417
52.17700,8.9611,0.296209
52.17731,8.9705,0.281465
52.17762,8.9621,0.284049
52.17793,8.9602,0.269705
52.17824,8.9734,0.261313
52.17849,8.9734,0.261313
52.17880,8.9535,0.258041
52.17911,8.9725,0.255745
52.17942,8.9639,0.299217
52.17973,8.9592,0.275185
52.18004,8.9582,0.257625
52.18029,8.9695,0.257625
52.18060,8.9564,0.257537
52.18091,8.9688,0.256433
52.18122,8.9631,0.255641
52.18153,8.9639,0.255537
52.18178,8.9688,0.255537
52.18209,8.9725,0.254937
52.18240,8.9592,0.256041
52.18271,8.9592,0.253137
52.18302,8.9668,0.253137
52.18333,8.9648,0.253345
52.18359,8.9715,0.253345
52.18390,8.9621,0.258121
52.18421,8.9658,0.258833
52.18452,8.9705,0.257625
52.18483,8.9688,0.257225
52.18514,8.9611,0.257729
52.18539,8.9631,0.257729
52.18570,8.9695,0.256433
52.18601,8.9688,0.254433
52.18632,8.9631,0.265609
52.18663,8.9648,0.255041
52.18694,8.9631,0.253057
52.18719,8.9715,0.253057
52.18750,8.9611,0.255937
52.18781,8.9744,0.251553
52.18812,8.9688,0.255041
52.18843,8.9734,0.259921
52.18869,8.9668,0.259921
52.18900,8.9688,0.246569
52.18931,8.9574,0.245961
52.18962,8.9734,0.267801
52.18993,8.9631,0.292121
52.19024,8.9631,0.288953
52.19049,8.9582,0.288953
52.19080,8.9574,0.289249
52.19111,8.9658,0.295313
52.19142,8.9648,0.253345
52.19173,8.9695,0.241377
52.19204,8.9621,0.251953
52.19229,8.9621,0.251953
52.19260,8.9658,0.253849
52.19291,8.9688,0.236993
52.19322,8.9695,0.232409
52.19353,8.9744,0.236601
52.19378,8.9621,0.236601
52.19409,8.9602,0.261625
52.19440,8.9631,0.278481
52.19471,8.9725,0.252057
52.19503,8.9668,0.252641
52.19534,8.9668,0.269305
52.19559,8.9658,0.269305
52.19590,8.9648,0.266905
52.19621,8.9639,0.264905
52.19652,8.9555,0.253953
52.19683,8.9658,0.254937
52.19708,8.9658,0.254937
52.19739,8.9734,0.252553
52.19770,8.9584,0.254249
52.19801,8.9781,0.256249
52.19832,8.9611,0.257937
52.19863,8.9668,0.257041
52.19888,8.9668,0.257041
52.19919,8.9592,0.257729
52.19950,8.9658,0.254937
52.19981,8.9658,0.292729
52.20012,8.9639,0.295129
52.20043,8.9611,0.289433
52.20068,8.9564,0.289433
52.20099,8.9688,0.266305
52.20130,8.9631,0.265721
52.20161,8.9705,0.262025
52.20192,8.9668,0.250449
52.20223,8.9621,0.247177
52.20249,8.9611,0.247177
52.20280,8.9678,0.244777
52.20311,8.9715,0.247361
52.20341,8.9705,0.246177
52.20373,8.9648,0.243273
52.20404,8.9705,0.262529
52.20429,8.9658,0.262529
52.20460,8.9584,0.262817
52.20491,8.9734,0.260233
52.20522,8.9668,0.267513
52.20553,8.9592,0.293729
52.20584,8.9602,0.256937
52.20609,8.9678,0.256937
52.20640,8.9744,0.253137
52.20671,8.9705,0.246673
52.20702,8.9715,0.255145
52.20733,8.9621,0.253641
52.20759,8.9715,0.253641
52.20790,8.9668,0.284841
52.20820,8.9639,0.259921
52.20852,8.9545,0.301113
52.20883,8.9584,0.289033
52.20913,8.9648,0.253953
52.20939,8.9688,0.253953
52.20970,8.9648,0.255833
52.21001,8.9545,0.258625
52.21032,8.9648,0.257729
52.21063,8.9658,0.264217
52.21088,8.9592,0.264217
52.21119,8.9564,0.294233
52.21150,8.9631,0.256145
52.21181,8.9734,0.290641
52.21212,8.9715,0.260625
52.21243,8.9574,0.257537
52.21269,8.9639,0.257537
52.21300,8.9641,0.272889
52.21331,8.9602,0.256833
52.21362,8.9668,0.257433
52.21393,8.9574,0.291145
52.21418,8.9545,0.291145
52.21449,8.9668,0.257225
52.21480,8.9734,0.255937
52.21511,8.9545,0.276665
52.21542,8.9744,0.256641
52.21573,8.9715,0.254937
52.21598,8.9611,0.254937
52.21629,8.9668,0.291641
52.21660,8.9631,0.257225
52.21691,8.9688,0.284553
52.21722,8.9602,0.271993
52.21753,8.9639,0.257937
52.21778,8.9621,0.257937
52.21809,8.9518,0.256641
52.21840,8.9688,0.253345
52.21871,8.9705,0.259833
52.21902,8.9641,0.288745
52.21933,8.9574,0.271201
52.21959,8.9781,0.271201
52.21989,8.9592,0.259129
52.22020,8.9602,0.296713
52.22051,8.9668,0.256537
52.22082,8.9641,0.255537
52.22113,8.9631,0.288137
52.22139,8.9611,0.288137
52.22170,8.9668,0.258937
52.22201,8.9631,0.260337
52.22232,8.9584,0.281865
52.22263,8.9621,0.246969
52.22288,8.9564,0.246969
52.22319,8.9555,0.296417
52.22350,8.9631,0.293017
52.22381,8.9668,0.255833
52.22412,8.9639,0.269705
52.22443,8.9752,0.283049
52.22468,8.9678,0.283049
52.22499,8.9715,0.250449
52.22530,8.9611,0.285657
52.22561,8.9592,0.254433
52.22592,8.9678,0.257625
52.22623,8.9602,0.279169
52.22649,8.9555,0.279169
52.22680,8.9762,0.278777
52.22710,8.9621,0.259417
52.22742,8.9611,0.293017
52.22773,8.9658,0.254433
52.22798,8.9631,0.254433
52.22829,8.9705,0.253137
52.22860,8.9592,0.284945
52.22891,8.9658,0.254937
52.22922,8.9695,0.253345
52.22953,8.9639,0.287241
52.22978,8.9668,0.287241
52.23009,8.9639,0.255537
52.23040,8.9771,0.287137
52.23071,8.9668,0.260233
52.23102,8.9582,0.252553
52.23133,8.9688,0.257433
52.23158,8.9621,0.257433
52.23189,8.9688,0.287953
52.23220,8.9754,0.255537
52.23251,8.9781,0.286449
52.23282,8.9668,0.258625
52.23308,8.9668,0.258625
52.23338,8.9715,0.255537
52.23369,8.9648,0.270201
52.23401,8.9592,0.255353
52.23432,8.9688,0.299113
52.23463,8.9525,0.310273
52.23488,8.9678,0.310273
52.23519,8.9574,0.256041
52.23550,8.9631,0.254745
52.23581,8.9631,0.276873
52.23612,8.9688,0.256329
52.23643,8.9668,0.256937
52.23668,8.9631,0.256937
52.23699,8.9688,0.287849
52.23730,8.9658,0.294729
52.23761,8.9574,0.282865
52.23792,8.9584,0.274289
52.23823,8.9574,0.251745
52.23848,8.9631,0.251745
52.23879,8.9639,0.252161
52.23910,8.9621,0.255833
52.23941,8.9648,0.252345
52.23972,8.9734,0.287345
52.24003,8.9611,0.266801
52.24028,8.9631,0.266801
52.24059,8.9611,0.256833
52.24090,8.9658,0.292225
52.24121,8.9771,0.255937
52.24152,8.9697,0.260817
52.24177,8.9668,0.260817
52.24208,8.9639,0.291225
52.24240,8.9725,0.252849
52.24271,8.9631,0.265217
52.24302,8.9725,0.289641
52.24333,8.9592,0.254641
52.24358,8.9781,0.254641
52.24389,8.9611,0.258337
52.24420,8.9611,0.261313
52.24451,8.9668,0.254249
52.24482,8.9697,0.273577
52.24513,8.9582,0.282657
52.24538,8.9582,0.282657
52.24569,8.9668,0.255353
52.24600,8.9621,0.293337
52.24631,8.9688,0.255433
52.24662,8.9715,0.255937
52.24687,8.9631,0.255937
52.24718,8.9592,0.272497
52.24749,8.9639,0.281361
52.24780,8.9658,0.258833
52.24811,8.9592,0.293225
52.24842,8.9678,0.256041
52.24868,8.9639,0.256041
52.24899,8.9678,0.267201
52.24930,8.9705,0.243777
52.24961,8.9678,0.242273
52.24992,8.9688,0.238977
52.25023,8.9688,0.253537
52.25048,8.9705,0.253537
52.25079,8.9688,0.241769
52.25110,8.9648,0.252953
52.25141,8.9639,0.253137
52.25172,8.9658,0.300505
52.25203,8.9611,0.293833
52.25228,8.9648,0.293833
52.25259,8.9592,0.263113
52.25290,8.9725,0.256641
52.25321,8.9744,0.255745
52.25352,8.9695,0.254249
52.25377,8.9648,0.254249
52.25408,8.9678,0.256537
52.25439,8.9695,0.258625
52.25471,8.9688,0.258833
52.25502,8.9648,0.257537
52.25533,8.9668,0.255041
52.25558,8.9678,0.255041
52.25589,8.9658,0.249361
52.25620,8.9602,0.290249
52.25651,8.9621,0.298609
52.25682,8.9668,0.291433
52.25713,8.9592,0.279673
52.25738,8.9695,0.279673
52.25769,8.9668,0.258041
52.25800,8.9639,0.263817
52.25831,8.9678,0.246281
52.25862,8.9688,0.246361
52.25893,8.9611,0.244881
52.25918,8.9668,0.244881
52.25949,8.9582,0.248969
52.25980,8.9705,0.262529
52.26011,8.9688,0.260129
52.26042,8.9648,0.262817
52.26068,8.9641,0.262817
52.26099,8.9582,0.276377
52.26130,8.9508,0.258233
52.26161,8.9705,0.260921
52.26192,8.9734,0.260337
52.26223,8.9648,0.259025
52.26248,8.9848,0.259025
52.26279,8.9695,0.257329
52.26310,8.9668,0.259233
52.26341,8.9705,0.300801
52.26372,8.9725,0.256041
52.26397,8.9574,0.256041
52.26428,8.9688,0.254537
52.26459,8.9611,0.254937
52.26490,8.9678,0.255041
52.26521,8.9621,0.253537
52.26552,8.9754,0.250553
52.26577,8.9658,0.250553
52.26608,8.9705,0.254457
52.26639,8.9611,0.295625
52.26671,8.9658,0.247657
52.26702,8.9641,0.252641
52.26733,8.9668,0.255537
52.26758,8.9725,0.255537
52.26789,8.9668,0.257145
52.26820,8.9715,0.263217
52.26851,8.9668,0.253745
52.26882,8.9631,0.255937
52.26907,8.9705,0.255937
52.26938,8.9658,0.255937
52.26969,8.9705,0.255433
52.27000,8.9658,0.252161
52.27031,8.9678,0.252553
52.27062,8.9697,0.249657
52.27087,8.9611,0.249657
52.27118,8.9639,0.253241
52.27149,8.9631,0.255833
52.27180,8.9668,0.254033
52.27211,8.9648,0.248073
52.27242,8.9658,0.248553
52.27268,8.9639,0.248553
52.27299,8.9602,0.246969
52.27330,8.9602,0.289833
52.27361,8.9705,0.287449
52.27392,8.9574,0.288449
52.27423,8.9639,0.251449
52.27448,8.9639,0.251449
52.27479,8.9678,0.248153
52.27510,8.9744,0.251161
52.27541,8.9668,0.249361
52.27572,8.9582,0.251057
52.27597,8.9639,0.251057
52.27628,8.9648,0.256329
52.27659,8.9611,0.238577
52.27690,8.9762,0.236993
52.27721,8.9648,0.236201
52.27752,8.9688,0.241273
52.27777,8.9535,0.241273
52.27808,8.9639,0.286657
52.27839,8.9725,0.248865
52.27870,8.9648,0.267201
52.27901,8.9658,0.256329
52.27932,8.9631,0.254745
52.27958,8.9668,0.254745
52.27989,8.9648,0.253345
52.28020,8.9668,0.254641
52.28051,8.9752,0.252849
52.28082,8.9639,0.298113
52.28112,8.9695,0.252553
52.28138,8.9658,0.252553
52.28169,8.9639,0.253137
52.28200,8.9631,0.257433
52.28231,8.9688,0.259025
52.28262,8.9611,0.258121
52.28287,8.9705,0.258121
52.28318,8.9564,0.283049
52.28349,8.9658,0.300905
52.28380,8.9602,0.290937
52.28411,8.9611,0.254745
52.28442,8.9715,0.261713
52.28467,8.9648,0.261713
52.28499,8.9631,0.257729
52.28530,8.9658,0.247657
52.28561,8.9658,0.248257
52.28591,8.9668,0.246465
52.28623,8.9555,0.245777
52.28648,8.9725,0.245777
52.28679,8.9678,0.252553
52.28710,8.9631,0.259129
52.28741,8.9555,0.276769
52.28772,8.9555,0.273577
52.28797,8.9668,0.273577
52.28828,8.9791,0.259729
52.28859,8.9705,0.255745
52.28890,8.9688,0.251849
52.28921,8.9678,0.259129
52.28952,8.9688,0.250849
52.28977,8.9621,0.250849
52.29008,8.9582,0.257329
52.29039,8.9658,0.264113
52.29070,8.9658,0.262817
52.29102,8.9592,0.254537
52.29127,8.9734,0.254537
52.29158,8.9574,0.254849
52.29189,8.9725,0.257537
52.29220,8.9602,0.297209
52.29251,8.9678,0.260921
52.29282,8.9648,0.257729
52.29307,8.9678,0.257729
52.29338,8.9705,0.255329
52.29369,8.9564,0.255353
52.29400,8.9668,0.255145
52.29431,8.9648,0.256329
52.29462,8.9678,0.256249
52.29487,8.9574,0.256249
52.29518,8.9668,0.259233
52.29549,8.9574,0.255937
52.29580,8.9525,0.259729
52.29611,8.9668,0.259521
52.29642,8.9715,0.258121
52.29667,8.9744,0.258121
52.29698,8.9668,0.257729
52.29729,8.9592,0.260025
52.29761,8.9658,0.259233
52.29791,8.9695,0.257433
52.29817,8.9715,0.257433
52.29848,8.9611,0.254537
52.29879,8.9639,0.255145
52.29910,8.9639,0.253745
52.29941,8.9639,0.256041
52.29972,8.9668,0.277169
52.29997,8.9639,0.277169
52.30028,8.9592,0.291729
52.30059,8.9582,0.292041
52.30090,8.9725,0.252849
52.30121,8.9648,0.246969
52.30152,8.9611,0.251553
52.30177,8.9715,0.251553
52.30208,8.9535,0.241273
52.30239,8.9688,0.246257
52.30270,8.9715,0.251057
52.30301,8.9658,0.238393
52.30327,8.9762,0.238393
52.30357,8.9781,0.238393
52.30389,8.9648,0.238689
52.30420,8.9725,0.240585
52.30451,8.9631,0.241873
52.30481,8.9602,0.238689
52.30507,8.9705,0.238689
52.30538,8.9574,0.253641
52.30569,8.9752,0.257329
52.30600,8.9648,0.265009
52.30631,8.9621,0.261313
52.30662,8.9725,0.283865
52.30687,8.9611,0.283865
52.30718,8.9668,0.279465
52.30749,8.9705,0.251553
52.30780,8.9688,0.252641
52.30811,8.9631,0.252553
52.30842,8.9631,0.254537
52.30867,8.9715,0.254537
52.30899,8.9658,0.252449
52.31118,8.9668,0.273473
52.31294,8.9648,0.244777
52.31470,8.9611,0.275481
52.31646,8.9715,0.254249
52.31822,8.9791,0.255833
52.31997,8.9695,0.252953
52.32173,8.9555,0.253345
52.32349,8.9715,0.256433
52.32369,8.9611,0.257041
52.32400,8.9668,0.285153
52.32431,8.9564,0.287849
52.32462,8.9631,0.256729
52.32487,8.9658,0.256729
52.32518,8.9648,0.258729
52.32549,8.9705,0.256225
52.32580,8.9582,0.254353
52.32611,8.9658,0.256041
52.32642,8.9668,0.258729
52.32667,8.9658,0.258729
52.32698,8.9582,0.257145
52.32729,8.9611,0.297025
52.32760,8.9611,0.291329
52.32791,8.9631,0.264817
52.32822,8.9705,0.250553
52.32847,8.9762,0.250553
52.32878,8.9574,0.246569
52.32910,8.9631,0.246673
52.32941,8.9688,0.256937
52.32972,8.9648,0.238689
52.32997,8.9668,0.238689
52.33028,8.9744,0.237601
52.33059,8.9631,0.240289
52.33090,8.9762,0.245169
52.33121,8.9668,0.245465
52.33152,8.9648,0.257145
52.33177,8.9678,0.257145
52.33208,8.9658,0.254033
52.33239,8.9688,0.263921
52.33270,8.9639,0.255145
52.33301,8.9611,0.253849
52.33332,8.9574,0.254641
52.33357,8.9658,0.254641
52.33388,8.9648,0.256433
52.33419,8.9781,0.254353
52.33450,8.9715,0.251849
52.33481,8.9574,0.264217
52.33507,8.9705,0.264217
52.33538,8.9582,0.255041
52.33569,8.9564,0.297025
52.33599,8.9725,0.255537
52.33631,8.9688,0.265217
52.33662,8.9725,0.293921
52.33687,8.9611,0.293921
52.33718,8.9631,0.297025
52.33749,8.9611,0.252849
52.33780,8.9678,0.268993
52.33811,8.9592,0.264505
52.33842,8.9621,0.267513
52.33867,8.9574,0.267513
52.33898,8.9695,0.291145
52.33929,8.9697,0.251161
52.33960,8.9678,0.241977
52.33991,8.9705,0.246361
52.34022,8.9641,0.252849
52.34047,8.9668,0.252849
52.34078,8.9639,0.267593
52.34109,8.9639,0.284257
52.34140,8.9621,0.271393
52.34171,8.9697,0.253953
52.34197,8.9641,0.253953
52.34228,8.9648,0.256041
52.34259,8.9725,0.250849
52.34290,8.9611,0.258121
52.34321,8.9639,0.254937
52.34352,8.9688,0.257329
52.34377,8.9678,0.257329
52.34408,8.9752,0.257729
52.34439,8.9715,0.256329
52.34470,8.9621,0.258233
52.34501,8.9592,0.261129
52.34532,8.9705,0.260817
52.34557,8.9771,0.260817
52.34588,8.9648,0.261625
52.34619,8.9574,0.258441
52.34650,8.9582,0.258041
52.34681,8.9648,0.256249
52.34706,8.9725,0.256249
52.34737,8.9838,0.251953
52.34768,8.9621,0.255433
52.34799,8.9639,0.255145
52.34830,8.9648,0.254849
52.34861,8.9695,0.252241
52.34886,8.9592,0.252241
52.34917,8.9688,0.253345
52.34948,8.9621,0.252345
52.34979,8.9725,0.252345
52.35010,8.9658,0.296921
52.35041,8.9564,0.257729
52.35067,8.9678,0.257729
52.35098,8.9715,0.252241
52.35129,8.9752,0.249361
52.35160,8.9648,0.255537
52.35190,8.9734,0.255833
52.35221,8.9668,0.263609
52.35247,8.9648,0.263609
52.35278,8.9678,0.257329
52.35309,8.9631,0.302513
52.35340,8.9518,0.293521
52.35371,8.9582,0.290145
52.35396,8.9678,0.290145
52.35427,8.9697,0.285049
52.35458,8.9668,0.249049
52.35489,8.9809,0.245273
52.35520,8.9668,0.242377
52.35551,8.9695,0.244169
52.35576,8.9744,0.244169
52.35607,8.9658,0.242481
52.35638,8.9725,0.249257
52.35669,8.9762,0.235201
52.35700,8.9695,0.236201
52.35731,8.9771,0.236289
52.35757,8.9592,0.236289
52.35787,8.9648,0.235497
52.35818,8.9574,0.241081
52.35849,8.9744,0.250049
52.35881,8.9781,0.265505
52.35906,8.9639,0.265505
52.35937,8.9611,0.268905
52.35968,8.9744,0.255641
52.35999,8.9725,0.253057
52.36030,8.9621,0.254745
52.36061,8.9631,0.258041
52.36087,8.9752,0.258041
52.36118,8.9658,0.253953
52.36148,8.9697,0.251345
52.36179,8.9621,0.255537
52.36210,8.9688,0.254353
52.36241,8.9781,0.254537
52.36267,8.9678,0.254537
52.36298,8.9621,0.252849
52.36328,8.9668,0.292937
52.36360,8.9564,0.298321
52.36391,8.9498,0.291937
52.36416,8.9611,0.291937
52.36447,8.9688,0.291537
52.36478,8.9631,0.275793
52.36509,8.9584,0.259729
52.36540,8.9584,0.246361
52.36571,8.9668,0.249153
52.36597,8.9631,0.249153
52.36628,8.9697,0.247257
52.36659,8.9678,0.251345
52.36690,8.9695,0.255537
52.36721,8.9705,0.265505
52.36746,8.9631,0.265505
52.36777,8.9564,0.310081
52.36808,8.9697,0.274289
52.36839,8.9668,0.269705
52.36870,8.9658,0.254033
52.36901,8.9678,0.255249
52.36932,8.9602,0.253345
52.36957,8.9725,0.253345
52.36988,8.9678,0.255833
52.37019,8.9752,0.255433
52.37050,8.9592,0.275081
52.37081,8.9648,0.253449
52.37112,8.9631,0.253449
52.37137,8.9678,0.253449
52.37168,8.9658,0.289137
52.37199,8.9678,0.252745
52.37230,8.9592,0.276977
52.37261,8.9639,0.265721
52.37292,8.9688,0.249449
52.37317,8.9621,0.249449
52.37348,8.9555,0.259625
52.37379,8.9555,0.256641
52.37410,8.9668,0.258041
52.37441,8.9668,0.288953
52.37467,8.9574,0.288953
52.37498,8.9695,0.263113
52.37529,8.9631,0.255537
52.37559,8.9639,0.289641
52.37591,8.9621,0.252241
52.37622,8.9658,0.257433
52.37647,8.9582,0.257433
52.37678,8.9648,0.290145
52.37710,8.9658,0.254353
52.37741,8.9639,0.267009
52.37771,8.9639,0.282257
52.37797,8.9668,0.282257
52.37828,8.9658,0.254033
52.37859,8.9705,0.253057
52.37890,8.9611,0.283257
52.37921,8.9641,0.286241
52.37952,8.9639,0.275081
52.37977,8.9621,0.275081
52.38008,8.9697,0.282465
52.38039,8.9611,0.259521
52.38070,8.9564,0.294521
52.38101,8.9564,0.260817
52.38132,8.9678,0.258729
52.38157,8.9621,0.258729
52.38188,8.9592,0.283361
52.38219,8.9564,0.273289
52.38250,8.9564,0.257329
52.38281,8.9631,0.289137
52.38306,8.9705,0.289137
52.38337,8.9668,0.255745
52.38369,8.9602,0.259337
52.38400,8.9555,0.265905
52.38431,8.9668,0.256329
52.38461,8.9725,0.254641
52.38487,8.9611,0.254641
52.38518,8.9631,0.290145
52.38549,8.9631,0.257329
52.38580,8.9658,0.287449
52.38611,8.9611,0.258441
52.38642,8.9668,0.256729
52.38667,8.9602,0.256729
52.38698,8.9631,0.267697
52.38729,8.9602,0.255249
52.38760,8.9648,0.260417
52.38791,8.9631,0.289249
52.38822,8.9621,0.259417
52.38847,8.9688,0.259417
52.38879,8.9658,0.255833
52.38910,8.9564,0.273793
52.38941,8.9621,0.252641
52.38972,8.9658,0.246361
52.38997,8.9705,0.246361
52.39028,8.9631,0.280753
52.39059,8.9678,0.250761
52.39090,8.9621,0.270497
52.39121,8.9631,0.281257
52.39152,8.9734,0.251345
52.39177,8.9621,0.251345
52.39208,8.9705,0.249945
52.39239,8.9574,0.259025
52.39270,8.9771,0.252345
52.39301,8.9611,0.284841
52.39332,8.9695,0.274289
52.39357,8.9688,0.274289
52.39388,8.9592,0.293729
52.39419,8.9648,0.291225
52.39450,8.9697,0.254937
52.39481,8.9592,0.258729
52.39507,8.9668,0.258729
52.39538,8.9621,0.290729
52.39568,8.9555,0.251553
52.39600,8.9715,0.256537
52.39631,8.9688,0.310273
52.39662,8.9621,0.290833
52.39687,8.9658,0.290833
52.39718,8.9658,0.252241
52.39749,8.9631,0.253449
52.39780,8.9734,0.255641
52.39811,8.9678,0.266113
52.39842,8.9641,0.281169
52.39867,8.9658,0.281169
52.39898,8.9734,0.251553
52.39929,8.9582,0.290041
52.39960,8.9564,0.254033
52.39991,8.9688,0.252745
52.40022,8.9715,0.268905
52.40047,8.9621,0.268905
52.40078,8.9631,0.276873
52.40110,8.9582,0.257729
52.40141,8.9668,0.287641
52.40171,8.9592,0.256641
52.40197,8.9639,0.256641
52.40228,8.9611,0.256249
52.40259,8.9611,0.272393
52.40290,8.9658,0.252161
52.40321,8.9668,0.252057
52.40352,8.9498,0.285953
52.40377,8.9611,0.285953
52.40408,8.9648,0.251849
52.40439,8.9705,0.283465
52.40470,8.9574,0.263817
52.40501,8.9631,0.251057
52.40532,8.9602,0.254745
52.40557,8.9688,0.254745
52.40588,8.9621,0.278569
52.40619,8.9592,0.248465
52.40650,8.9678,0.281865
52.40681,8.9668,0.257937
52.40707,8.9744,0.257937
52.40738,8.9564,0.247969
52.40769,8.9631,0.288929
52.40800,8.9592,0.299505
52.40831,8.9678,0.258041
52.40862,8.9752,0.289833
52.40887,8.9582,0.289833
52.40918,8.9678,0.259441
52.40949,8.9668,0.271681
52.40980,8.9555,0.286345
52.41011,8.9668,0.251745
52.41042,8.9688,0.251345
52.41067,8.9648,0.251345
52.41098,8.9508,0.291145
52.41129,8.9725,0.244961
52.41160,8.9752,0.243777
52.41191,8.9857,0.244569
52.41216,8.9658,0.244569
52.41247,8.9705,0.244273
52.41278,8.9734,0.252345
52.41309,8.9725,0.240585
52.41341,8.9725,0.248153
52.41371,8.9688,0.252161
52.41397,8.9564,0.252161
52.41428,8.9688,0.252161
52.41459,8.9678,0.267905
52.41490,8.9641,0.254849
52.41521,8.9631,0.256433
52.41552,8.9744,0.253537
52.41577,8.9688,0.253537
52.41608,8.9715,0.256249
52.41639,8.9582,0.258337
52.41670,8.9611,0.254745
52.41701,8.9592,0.255041
52.41726,8.9705,0.255041
52.41757,8.9621,0.254537
52.41788,8.9668,0.252641
52.41819,8.9678,0.252449
52.41850,8.9688,0.253953
52.41881,8.9762,0.292121
52.41907,8.9658,0.292121
52.41938,8.9715,0.291729
52.41969,8.9564,0.295313
52.42000,8.9611,0.256833
52.42031,8.9631,0.260625
52.42056,8.9602,0.260625
52.42087,8.9705,0.255641
52.42118,8.9678,0.245465
52.42149,8.9678,0.244377
52.42180,8.9668,0.247257
52.42211,8.9631,0.251745
52.42236,8.9695,0.251745
52.42267,8.9518,0.288241
52.42298,8.9705,0.261521
52.42329,8.9621,0.275873
52.42360,8.9631,0.269593
52.42391,8.9648,0.250657
52.42416,8.9592,0.250657
52.42448,8.9688,0.257433
52.42479,8.9744,0.255249
52.42510,8.9648,0.255145
52.42541,8.9668,0.298321
52.42566,8.9631,0.298321
52.42597,8.9631,0.255041
52.42628,8.9752,0.256329
52.42659,8.9668,0.255937
52.42690,8.9705,0.252641
52.42721,8.9668,0.254137
52.42746,8.9678,0.254137
52.42777,8.9648,0.255745
52.42808,8.9648,0.255641
52.42839,8.9641,0.256041
52.42870,8.9697,0.255937
52.42901,8.9611,0.258041
52.42926,8.9602,0.258041
52.42957,8.9621,0.259337
52.42988,8.9705,0.260417
52.43019,8.9621,0.264505
52.43051,8.9695,0.256041
52.43076,8.9641,0.256041
52.43107,8.9725,0.256145
52.43138,8.9762,0.251849
52.43169,8.9734,0.252953
52.43200,8.9611,0.252449
52.43231,8.9695,0.267593
52.43256,8.9715,0.267593
52.43287,8.9611,0.253137
52.43318,8.9695,0.256833
52.43349,8.9639,0.252057
52.43380,8.9658,0.252849
52.43411,8.9602,0.252345
52.43436,8.9564,0.252345
52.43467,8.9658,0.252641
52.43498,8.9631,0.248153
52.43529,8.9734,0.250849
52.43560,8.9678,0.288033
52.43591,8.9574,0.289249
52.43617,8.9592,0.289249
52.43647,8.9535,0.290041
52.43679,8.9688,0.291041
52.43710,8.9611,0.271601
52.43741,8.9668,0.244569
52.43766,8.9658,0.244569
52.43797,8.9678,0.246361
52.43828,8.9688,0.245465
52.43859,8.9678,0.252057
52.43890,8.9688,0.233513
52.43921,8.9678,0.227817
52.43946,8.9668,0.227817
52.43977,8.9641,0.238897
52.44008,8.9648,0.243777
52.44039,8.9648,0.240873
52.44070,8.9668,0.248257
52.44101,8.9744,0.262425
52.44126,8.9582,0.262425
52.44157,8.9611,0.265721
52.44188,8.9658,0.252745
52.44219,8.9668,0.252849
52.44250,8.9678,0.253345
52.44276,8.9611,0.253345
52.44307,8.9592,0.255641
52.44338,8.9781,0.260625
52.44369,8.9668,0.247465
52.44400,8.9734,0.255745
52.44431,8.9678,0.258729
52.44456,8.9668,0.258729
52.44487,8.9695,0.255937
52.44518,8.9715,0.254745
52.44549,8.9602,0.283657
52.44580,8.9658,0.296417
52.44611,8.9574,0.290249
52.44636,8.9592,0.290249
52.44667,8.9648,0.288537
52.44698,8.9535,0.262529
52.44729,8.9639,0.261025
52.44760,8.9668,0.245961
52.44791,8.9734,0.246065
52.44817,8.9621,0.246065
52.44848,8.9678,0.246761
52.44879,8.9648,0.247361
52.44910,8.9668,0.249553
52.44941,8.9744,0.258833
52.44966,8.9658,0.258833
52.44997,8.9592,0.263817
52.45028,8.9545,0.274585
52.45059,8.9678,0.265505
52.45090,8.9754,0.257833
52.45121,8.9621,0.276769
52.45146,8.9518,0.276769
52.45177,8.9648,0.297713
52.45208,8.9734,0.253449
52.45239,8.9648,0.256537
52.45270,8.9688,0.253641
52.45296,8.9668,0.253641
52.45327,8.9668,0.255041
52.45358,8.9582,0.254249
52.45388,8.9725,0.255353
52.45419,8.9715,0.286241
52.45451,8.9592,0.280169
52.45476,8.9734,0.280169
52.45507,8.9715,0.254745
52.45538,8.9668,0.256145
52.45569,8.9641,0.251161
52.45600,8.9641,0.246865
52.45626,8.9744,0.246865
52.45656,8.9611,0.251849
52.45687,8.9611,0.248361
52.45718,8.9658,0.260521
52.45749,8.9621,0.256641
52.45780,8.9715,0.256937
52.45806,8.9725,0.256937
52.45837,8.9688,0.256433
52.45868,8.9668,0.257729
52.45899,8.9631,0.248761
52.45930,8.9688,0.255833
52.45961,8.9752,0.253137
52.45986,8.9658,0.253137
52.46017,8.9648,0.257937
52.46048,8.9688,0.254937
52.46079,8.9611,0.253345
52.46110,8.9621,0.254745
52.46135,8.9545,0.254745
52.46167,8.9648,0.257329
52.46197,8.9754,0.255537
52.46228,8.9648,0.269705
52.46259,8.9658,0.292329
52.46290,8.9611,0.297025
52.46316,8.9621,0.297025
52.46347,8.9695,0.289353
52.46378,8.9611,0.252057
52.46409,8.9705,0.257729
52.46439,8.9668,0.247569
52.46471,8.9621,0.256225
52.46496,8.9639,0.256225
52.46527,8.9621,0.254137
52.46558,8.9648,0.239977
52.46589,8.9621,0.282153
52.46620,8.9791,0.238081
52.46651,8.9688,0.236393
52.46676,8.9734,0.236393
52.46707,8.9715,0.239481
52.46738,8.9668,0.248865
52.46769,8.9658,0.252161
52.46800,8.9678,0.261417
52.46825,8.9658,0.261417
52.46856,8.9631,0.270201
52.46887,8.9582,0.268409
52.46918,8.9592,0.254353
52.46949,8.9621,0.254937
52.46980,8.9697,0.256145
52.47005,8.9678,0.256145
52.47036,8.9781,0.256329
52.47067,8.9678,0.257433
52.47098,8.9668,0.255433
52.47129,8.9611,0.255937
52.47160,8.9621,0.259625
52.47186,8.9631,0.259625
52.47217,8.9695,0.255249
52.47248,8.9631,0.290537
52.47279,8.9705,0.294417
52.47310,8.9648,0.284449
52.47341,8.9762,0.281169
52.47366,8.9695,0.281169
52.47397,8.9697,0.257041
52.47428,8.9678,0.265801
52.47459,8.9705,0.245361
52.47490,8.9678,0.245065
52.47515,8.9658,0.245065
52.47546,8.9592,0.244777
52.47577,8.9688,0.246065
52.47608,8.9592,0.248553
52.47639,8.9678,0.258233
52.47670,8.9631,0.267409
52.47695,8.9715,0.267409
52.47726,8.9564,0.274393
52.47757,8.9658,0.253537
52.47788,8.9688,0.253953
52.47819,8.9631,0.255641
52.47851,8.9688,0.254249
52.47876,8.9697,0.254249
52.47907,8.9648,0.258041
52.47938,8.9705,0.255353
52.47969,8.9621,0.254537
52.48000,8.9648,0.253137
52.48025,8.9648,0.253137
52.48056,8.9564,0.298425
52.48087,8.9705,0.252553
52.48118,8.9621,0.255145
52.48149,8.9725,0.252641
52.48180,8.9668,0.251953
52.48205,8.9715,0.251953
52.48237,8.9715,0.250657
52.48267,8.9678,0.256729
52.48298,8.9725,0.254537
52.48329,8.9697,0.295313
52.48360,8.9658,0.252849
52.48386,8.9648,0.252849
52.48417,8.9639,0.254249
52.48448,8.9639,0.256225
52.48479,8.9648,0.255145
52.48510,8.9705,0.254745
52.48536,8.9611,0.254745
52.48566,8.9611,0.257041
52.48597,8.9611,0.255145
52.48628,8.9668,0.253745
52.48659,8.9762,0.257537
52.48690,8.9582,0.248257
52.48716,8.9648,0.248257
52.48747,8.9668,0.254137
52.48778,8.9668,0.254033
52.48808,8.9715,0.251745
52.48840,8.9631,0.253345
52.48871,8.9574,0.252161
52.48896,8.9639,0.252161
52.48927,8.9678,0.254353
52.48958,8.9658,0.294521
52.48989,8.9621,0.281753
52.49020,8.9574,0.295921
52.49045,8.9678,0.295921
52.49076,8.9809,0.251161
52.49107,8.9678,0.246569
52.49138,8.9658,0.244961
52.49169,8.9801,0.250449
52.49200,8.9688,0.240873
52.49226,8.9705,0.240873
52.49256,8.9725,0.242777
52.49287,8.9688,0.236201
52.49318,8.9668,0.243481
52.49349,8.9734,0.243777
52.49380,8.9621,0.248657
52.49406,8.9668,0.248657
52.49437,8.9668,0.252745
52.49468,8.9639,0.313777
52.49499,8.9688,0.266617
52.49530,8.9752,0.256641
52.49561,8.9621,0.253449
52.49586,8.9621,0.253449
52.49617,8.9762,0.255537
52.49648,8.9631,0.253849
52.49679,8.9668,0.255745
52.49710,8.9611,0.256433
52.49736,8.9648,0.256433
52.49767,8.9535,0.253641
52.49798,8.9668,0.254137
52.49829,8.9715,0.253953
52.49860,8.9641,0.255641
52.49891,8.9602,0.295313
52.49916,8.9611,0.295313
52.49947,8.9592,0.297817
52.49978,8.9545,0.277665
52.50009,8.9602,0.262217
52.50040,8.9678,0.262425
52.50065,8.9658,0.262425
52.50096,8.9678,0.262609
52.50127,8.9725,0.246569
52.50158,8.9648,0.249761
52.50189,8.9668,0.249257
52.50220,8.9545,0.246361
52.50245,8.9658,0.246361
52.50277,8.9621,0.253449
52.50308,8.9705,0.257537
52.50339,8.9705,0.262425
52.50370,8.9678,0.264505
52.50395,8.9631,0.264505
52.50426,8.9631,0.269409
52.50457,8.9658,0.267697
52.50488,8.9641,0.252641
52.50519,8.9648,0.253137
52.50550,8.9697,0.251161
52.50575,8.9762,0.251161
52.50606,8.9648,0.253641
52.50637,8.9688,0.253953
52.50668,8.9648,0.253241
52.50699,8.9555,0.256729
52.50730,8.9658,0.256937
52.50755,8.9658,0.256937
52.50786,8.9631,0.256537
52.50817,8.9582,0.253537
52.50848,8.9695,0.253537
52.50879,8.9592,0.255145
52.50910,8.9678,0.284945
52.50936,8.9602,0.284945
52.50967,8.9725,0.280569
52.50998,8.9725,0.255745
52.51029,8.9611,0.258833
52.51060,8.9705,0.253057
52.51085,8.9752,0.253057
52.51116,8.9641,0.255537
52.51147,8.9592,0.254937
52.51178,8.9678,0.253849
52.51209,8.9678,0.297529
52.51240,8.9705,0.269489
52.51265,8.9678,0.269489
52.51296,8.9611,0.256329
52.51327,8.9668,0.255833
52.51358,8.9715,0.256537
52.51389,8.9734,0.255641
52.51420,8.9705,0.262129
52.51445,8.9697,0.262129
52.51476,8.9641,0.255145
52.51508,8.9705,0.252241
52.51539,8.9752,0.254537
52.51570,8.9602,0.289353
52.51595,8.9592,0.289353
52.51626,8.9582,0.287849
52.51657,8.9592,0.287345
52.51688,8.9678,0.246465
52.51719,8.9574,0.251553
52.51750,8.9648,0.239081
52.51775,8.9705,0.239081
52.51806,8.9725,0.245777
52.51837,8.9631,0.244465
52.51868,8.9668,0.242481
52.51899,8.9631,0.234097
52.51930,8.9715,0.234809
52.51955,8.9734,0.234809
52.51986,8.9648,0.234409
52.52017,8.9648,0.242777
52.52048,8.9688,0.251849
52.52079,8.9668,0.251657
52.52105,8.9705,0.251657
52.52136,8.9697,0.260417
52.52167,8.9592,0.265505
52.52198,8.9639,0.253241
52.52229,8.9705,0.249945
52.52260,8.9648,0.245569
52.52285,8.9602,0.245569
52.52316,8.9688,0.248761
52.52347,8.9648,0.264905
52.52378,8.9668,0.294417
52.52409,8.9744,0.254033
52.52440,8.9715,0.248969
52.52465,8.9631,0.248969
52.52496,8.9705,0.251449
52.52527,8.9611,0.254353
52.52558,8.9668,0.290833
52.52589,8.9564,0.294417
52.52620,8.9639,0.291537
52.52645,8.9715,0.291537
52.52677,8.9592,0.295233
52.52708,8.9602,0.261625
52.52739,8.9611,0.266721
52.52770,8.9611,0.247073
52.52795,8.9715,0.247073
52.52826,8.9678,0.244961
52.52857,8.9678,0.248553
52.52888,8.9611,0.246673
52.52919,8.9688,0.249153
52.52950,8.9639,0.257537
52.52975,8.9611,0.257537
52.53006,8.9582,0.272993
52.53037,8.9639,0.266617
52.53068,8.9715,0.251849
52.53099,8.9715,0.256041
52.53130,8.9621,0.258233
52.53155,8.9695,0.258233
52.53186,8.9611,0.253449
52.53217,8.9639,0.254353
52.53249,8.9771,0.285345
52.53280,8.9564,0.255641
52.53305,8.9658,0.255641
52.53336,8.9611,0.255433
52.53367,8.9592,0.286953
52.53398,8.9705,0.257537
52.53429,8.9648,0.258041
52.53460,8.9658,0.293017
52.53485,8.9648,0.293017
52.53516,8.9668,0.256537
52.53547,8.9705,0.274689
52.53578,8.9518,0.278777
52.53609,8.9592,0.253241
52.53634,8.9639,0.253241
52.53665,8.9668,0.254033
52.53696,8.9631,0.289033
52.53727,8.9762,0.254745
52.53758,8.9611,0.282361
52.53789,8.9592,0.272097
52.53814,8.9602,0.272097
52.53845,8.9648,0.296025
52.53877,8.9582,0.287449
52.53908,8.9621,0.248657
52.53939,8.9658,0.246761
52.53964,8.9688,0.246761
52.53995,8.9621,0.289249
52.54026,8.9631,0.257145
52.54057,8.9734,0.258233
52.54088,8.9611,0.294729
52.54119,8.9648,0.296417
52.54145,8.9695,0.296417
52.54176,8.9648,0.255745
52.54207,8.9631,0.263609
52.54237,8.9668,0.257833
52.54268,8.9725,0.264113
52.54299,8.9611,0.288241
52.54325,8.9658,0.288241
52.54356,8.9555,0.252745
52.54387,8.9602,0.285761
52.54418,8.9678,0.257625
52.54449,8.9648,0.254033
52.54474,8.9678,0.254033
52.54506,8.9621,0.273577
52.54536,8.9688,0.261817
52.54568,8.9602,0.256145
52.54598,8.9602,0.285657
52.54629,8.9621,0.256041
52.54655,8.9631,0.256041
52.54686,8.9705,0.254353
52.54717,8.9535,0.275377
52.54748,8.9678,0.255145
52.54779,8.9678,0.258041
52.54810,8.9641,0.295233
52.54835,8.9668,0.295233
52.54866,8.9602,0.256937
52.54897,8.9668,0.289249
52.54928,8.9535,0.271993
52.54959,8.9602,0.258233
52.54990,8.9744,0.255937
52.55015,8.9545,0.255937
52.55046,8.9678,0.292121
52.55077,8.9631,0.253641
52.55109,8.9725,0.288345
52.55140,8.9658,0.262321
52.55165,8.9611,0.262321
52.55196,8.9592,0.254537
52.55227,8.9602,0.301801
52.55258,8.9658,0.294817
52.55289,8.9592,0.256145
52.55320,8.9631,0.288033
52.55345,8.9648,0.288033
52.55376,8.9648,0.255641
52.55407,8.9648,0.266697
52.55438,8.9631,0.289537
52.55469,8.9582,0.267113
52.55494,8.9715,0.267113
52.55525,8.9688,0.254457
52.55556,8.9555,0.303201
52.55587,8.9621,0.248865
52.55618,8.9668,0.269889
52.55649,8.9762,0.276977
52.55675,8.9771,0.276977
52.55706,8.9697,0.244465
52.55737,8.9688,0.284361
52.55768,8.9631,0.251953
52.55799,8.9611,0.245273
52.55830,8.9641,0.278961
52.55855,8.9555,0.278961
52.55886,8.9631,0.269889
52.55917,8.9621,0.251657
52.55948,8.9582,0.286849
52.55979,8.9658,0.251849
52.56004,8.9762,0.251849
52.56035,8.9658,0.253849
52.56066,8.9555,0.284657
52.56097,8.9725,0.253345
52.56128,8.9801,0.255041
52.56159,8.9602,0.288449
52.56184,8.9648,0.288449
52.56215,8.9678,0.254353
52.56246,8.9648,0.286057
52.56278,8.9592,0.259521
52.56309,8.9754,0.256729
52.56334,8.9631,0.256729
52.56365,8.9592,0.268097
52.56396,8.9678,0.288433
52.56427,8.9678,0.253953
52.56458,8.9574,0.287449
52.56489,8.9592,0.254641
52.56514,8.9697,0.254641
52.56545,8.9688,0.251953
52.56576,8.9631,0.266905
52.56607,8.9781,0.254745
52.56638,8.9648,0.250265
52.56669,8.9705,0.286345
52.56694,8.9688,0.286345
52.56725,8.9527,0.294233
52.56756,8.9641,0.275081
52.56787,8.9574,0.276377
52.56818,8.9621,0.252849
52.56849,8.9658,0.252953
52.56875,8.9648,0.252953
52.56906,8.9611,0.289937
52.56937,8.9688,0.255353
52.56968,8.9715,0.286057
52.56999,8.9678,0.316969
52.57024,8.9525,0.316969
52.57055,8.9668,0.262129
52.57086,8.9602,0.258233
52.57117,8.9602,0.256145
52.57148,8.9611,0.255249
52.57179,8.9668,0.287137
52.57204,8.9678,0.287137
52.57235,8.9688,0.265609
52.57266,8.9611,0.254433
52.57297,8.9621,0.290729
52.57328,8.9592,0.250161
52.57359,8.9688,0.240377
52.57384,8.9602,0.240377
52.57415,8.9762,0.243481
52.57446,8.9752,0.242273
52.57478,8.9592,0.242777
52.57509,8.9574,0.246065
52.57534,8.9734,0.246065
52.57565,8.9705,0.243985
52.57596,8.9688,0.254433
52.57627,8.9715,0.254745
52.57658,8.9592,0.267905
52.57689,8.9668,0.273289
52.57714,8.9725,0.273289
52.57745,8.9518,0.260921
52.57776,8.9715,0.253849
52.57807,8.9688,0.253849
52.57838,8.9705,0.255433
52.57869,8.9668,0.254033
52.57894,8.9545,0.254033
52.57925,8.9697,0.253953
52.57956,8.9734,0.253953
52.57987,8.9688,0.254537
52.58018,8.9668,0.255745
52.58049,8.9688,0.256537
52.58075,8.9658,0.256537
52.58106,8.9715,0.254641
52.58137,8.9648,0.317945
52.58168,8.9535,0.326537
52.58199,8.9602,0.265609
52.58224,8.9631,0.265609
52.58255,8.9648,0.260729
52.58286,8.9611,0.263425
52.58317,8.9734,0.247865
52.58348,8.9648,0.249553
52.58379,8.9611,0.246257
52.58404,8.9715,0.246257
52.58435,8.9658,0.251057
52.58466,8.9535,0.298113
52.58497,8.9658,0.259441
52.58528,8.9695,0.273681
52.58559,8.9678,0.275377
52.58584,8.9668,0.275377
52.58615,8.9648,0.267697
52.58646,8.9648,0.254249
52.58677,8.9688,0.256041
52.58708,8.9734,0.252953
52.58739,8.9762,0.254537
52.58765,8.9678,0.254537
52.58795,8.9621,0.253745
52.58827,8.9688,0.253953
52.58858,8.9809,0.254937
52.58889,8.9602,0.256041
52.58914,8.9545,0.256041
52.58945,8.9668,0.253345
52.58976,8.9611,0.249761
52.59007,8.9648,0.252641
52.59038,8.9688,0.256249
52.59069,8.9611,0.256641
52.59094,8.9639,0.256641
52.59125,8.9631,0.256729
52.59156,8.9621,0.254641
52.59187,8.9631,0.258441
52.59218,8.9648,0.254537
52.59249,8.9688,0.254849
52.59274,8.9668,0.254849
52.59305,8.9611,0.252161
52.59336,8.9639,0.256041
52.59367,8.9705,0.255145
52.59398,8.9705,0.258121
52.59424,8.9648,0.258121
52.59455,8.9688,0.257041
52.59486,8.9639,0.251553
52.59517,8.9564,0.250553
52.59548,8.9771,0.256041
52.59579,8.9631,0.264217
52.59604,8.9545,0.264217
52.59635,8.9631,0.298009
52.59666,8.9602,0.267113
52.59697,8.9695,0.256145
52.59728,8.9725,0.258121
52.59759,8.9648,0.255745
52.59784,8.9641,0.255745
52.59815,8.9611,0.289937
52.59846,8.9611,0.287849
52.59877,8.9602,0.285345
52.59909,8.9611,0.288537
52.59934,8.9668,0.288537
52.59965,8.9725,0.250657
52.59996,8.9715,0.246465
52.60027,8.9725,0.249761
52.60058,8.9715,0.244377
52.60089,8.9678,0.244569
52.60114,8.9705,0.244569
52.60145,8.9744,0.235201
52.60176,8.9688,0.232009
52.60207,8.9641,0.240585
52.60238,8.9648,0.239393
52.60269,8.9744,0.241977
52.60294,8.9592,0.241977
52.60325,8.9648,0.253953
52.60356,8.9658,0.250553
52.60387,8.9631,0.268009
52.60418,8.9641,0.266801
52.60449,8.9631,0.256537
52.60474,8.9584,0.256537
52.60505,8.9648,0.266905
52.60536,8.9668,0.259025
52.60568,8.9705,0.264321
52.60598,8.9705,0.255041
52.60624,8.9725,0.255041
52.60655,8.9678,0.250657
52.60686,8.9611,0.252953
52.60717,8.9725,0.259025
52.60748,8.9668,0.257625
52.60779,8.9631,0.291145
52.60804,8.9574,0.291145
52.60835,8.9592,0.297209
52.60866,8.9688,0.294729
52.60897,8.9592,0.259129
52.61121,8.9602,0.268993
52.61298,8.9715,0.266305
52.61473,8.9648,0.274793
52.61649,8.9668,0.302513
52.61825,8.9658,0.270601
52.62001,8.9631,0.309977
52.62177,8.9602,0.265801
52.62352,8.9525,0.297321
52.62372,8.9498,0.312769
52.62397,8.9574,0.302009
52.62428,8.9584,0.301193
52.62454,8.9734,0.301193
52.62485,8.9564,0.301193
52.62516,8.9525,0.314673
52.62547,8.9668,0.293441
52.62578,8.9678,0.256041
52.62603,8.9658,0.256041
52.62634,8.9648,0.252241
52.62665,8.9592,0.244961
52.62696,8.9631,0.248761
52.62727,8.9695,0.248865
52.62758,8.9754,0.255833
52.62783,8.9648,0.255833
52.62814,8.9648,0.279169
52.62845,8.9688,0.237601
52.62876,8.9697,0.234097
52.62907,8.9695,0.239185
52.62938,8.9648,0.239689
52.62963,8.9631,0.239689
52.62994,8.9725,0.252553
52.63025,8.9582,0.267513
52.63056,8.9574,0.260025
52.63088,8.9648,0.256729
52.63113,8.9582,0.256729
52.63144,8.9611,0.249049
52.63175,8.9715,0.257729
52.63206,8.9705,0.255249
52.63237,8.9611,0.259337
52.63268,8.9545,0.258337
52.63293,8.9648,0.258337
52.63324,8.9705,0.259129
52.63355,8.9639,0.256537
52.63386,8.9752,0.253057
52.63417,8.9648,0.252241
52.63448,8.9771,0.278169
52.63473,8.9631,0.278169
52.63504,8.9582,0.291041
52.63535,8.9621,0.290041
52.63566,8.9744,0.250265
52.63597,8.9602,0.259337
52.63628,8.9658,0.264113
52.63654,8.9648,0.264113
52.63685,8.9602,0.246465
52.63716,8.9658,0.251057
52.63747,8.9744,0.245361
52.63778,8.9631,0.240873
52.63803,8.9688,0.240873
52.63834,8.9648,0.247865
52.63865,8.9602,0.261025
52.63896,8.9678,0.274289
52.63927,8.9631,0.302009
52.63958,8.9564,0.285265
52.63983,8.9705,0.285265
52.64014,8.9668,0.261233
52.64045,8.9678,0.255145
52.64076,8.9715,0.251745
52.64107,8.9639,0.251745
52.64138,8.9668,0.250953
52.64164,8.9631,0.250953
52.64195,8.9715,0.252057
52.64226,8.9678,0.293833
52.64257,8.9564,0.261129
52.64288,8.9641,0.251265
52.64313,8.9602,0.251265
52.64344,8.9639,0.251657
52.64375,8.9678,0.252345
52.64406,8.9678,0.252449
52.64437,8.9658,0.254745
52.64468,8.9715,0.254537
52.64493,8.9705,0.254537
52.64524,8.9695,0.251849
52.64555,8.9678,0.255537
52.64586,8.9752,0.254937
52.64617,8.9705,0.256329
52.64648,8.9678,0.254353
52.64673,8.9621,0.254353
52.64704,8.9602,0.254745
52.64735,8.9658,0.264217
52.64766,8.9648,0.253241
52.64797,8.9678,0.249449
52.64828,8.9648,0.252241
52.64854,8.9602,0.252241
52.64885,8.9838,0.252161
52.64916,8.9621,0.251745
52.64947,8.9621,0.250449
52.64978,8.9658,0.251057
52.65003,8.9688,0.251057
52.65034,8.9818,0.251953
52.65065,8.9592,0.250161
52.65096,8.9668,0.255353
52.65127,8.9592,0.274793
52.65158,8.9582,0.289249
52.65184,8.9498,0.289249
52.65215,8.9611,0.287849
52.65245,8.9697,0.249657
52.65277,8.9602,0.249257
52.65308,8.9611,0.251057
52.65333,8.9658,0.251057
52.65364,8.9631,0.246361
52.65395,8.9705,0.258041
52.65426,8.9678,0.241185
52.65457,8.9771,0.234009
52.65488,8.9668,0.233905
52.65513,8.9668,0.233905
52.65544,8.9715,0.235305
52.65575,8.9648,0.245857
52.65606,8.9828,0.242481
52.65637,8.9695,0.256537
52.65668,8.9621,0.290537
52.65693,8.9574,0.290537
52.65724,8.9658,0.277665
52.65755,8.9648,0.251553
52.65786,8.9574,0.253537
52.65817,8.9668,0.252553
52.65848,8.9754,0.253953
52.65874,8.9734,0.253953
52.65905,8.9734,0.254745
52.65936,8.9592,0.252641
52.65967,8.9648,0.256537
52.65998,8.9762,0.258337
52.66023,8.9564,0.258337
52.66054,8.9678,0.258729
52.66085,8.9648,0.294129
52.66116,8.9479,0.300401
52.66147,8.9621,0.295313
52.66173,8.9592,0.295313
52.66204,8.9639,0.279065
52.66235,8.9639,0.259833
52.66266,8.9592,0.264905
52.66297,8.9715,0.246361
52.66328,8.9648,0.246673
52.66353,8.9621,0.246673
52.66384,8.9688,0.247257
52.66415,8.9668,0.248073
52.66446,8.9648,0.263713
52.66477,8.9725,0.258041
52.66508,8.9658,0.270393
52.66533,8.9631,0.270393
52.66564,8.9715,0.275377
52.66595,8.9752,0.253345
52.66626,8.9762,0.253537
52.66657,8.9658,0.254745
52.66688,8.9641,0.255745
52.66713,8.9611,0.255745
52.66744,8.9668,0.253057
52.66775,8.9658,0.265905
52.66806,8.9641,0.255249
52.66837,8.9574,0.301113
52.66863,8.9621,0.301113
52.66894,8.9592,0.255145
52.66925,8.9697,0.252641
52.66955,8.9695,0.253057
52.66987,8.9678,0.255937
52.67018,8.9678,0.257145
52.67043,8.9668,0.257145
52.67074,8.9592,0.254849
52.67105,8.9705,0.255833
52.67136,8.9611,0.293729
52.67167,8.9648,0.253057
52.67198,8.9668,0.252057
52.67223,8.9744,0.252057
52.67254,8.9668,0.254249
52.67285,8.9648,0.249049
52.67316,8.9592,0.252553
52.67347,8.9668,0.248865
52.67373,8.9658,0.248865
52.67403,8.9631,0.254937
52.67434,8.9564,0.256041
52.67465,8.9545,0.256833
52.67496,8.9621,0.255353
52.67527,8.9744,0.257625
52.67553,8.9631,0.257625
52.67584,8.9611,0.258337
52.67614,8.9695,0.252745
52.67646,8.9744,0.253953
52.67677,8.9688,0.256225
52.67708,8.9695,0.255833
52.67733,8.9668,0.255833
52.67764,8.9668,0.254249
52.67795,8.9582,0.293225
52.67826,8.9555,0.304097
52.67857,8.9611,0.259025
52.67888,8.9639,0.246065
52.67913,8.9678,0.246065
52.67944,8.9688,0.256537
52.67975,8.9631,0.252553
52.68006,8.9705,0.249153
52.68037,8.9641,0.245857
52.68068,8.9639,0.245065
52.68093,8.9688,0.245065
52.68124,8.9668,0.234593
52.68155,8.9715,0.237097
52.68186,8.9668,0.240289
52.68217,8.9668,0.252641
52.68242,8.9631,0.252641
52.68273,8.9631,0.248153
52.68304,8.9592,0.290433
52.68335,8.9695,0.261129
52.68366,8.9658,0.254537
52.68397,8.9705,0.249945
52.68422,8.9695,0.249945
52.68454,8.9688,0.251953
52.68485,8.9725,0.251553
52.68516,8.9705,0.252449
52.68547,8.9725,0.249361
52.68578,8.9631,0.296129
52.68603,8.9621,0.296129
52.68634,8.9658,0.253345
52.68665,8.9697,0.247865
52.68696,8.9631,0.253849
52.68727,8.9744,0.253553
52.68758,8.9631,0.292833
52.68783,8.9631,0.292833
52.68814,8.9648,0.294625
52.68845,8.9648,0.282865
52.68876,8.9611,0.259233
52.68907,8.9641,0.261129
52.68932,8.9688,0.261129
52.68963,8.9639,0.261625
52.68994,8.9705,0.239689
52.69025,8.9695,0.237097
52.69057,8.9631,0.248657
52.69088,8.9744,0.255937
52.69113,8.9801,0.255937
52.69144,8.9705,0.262529
52.69175,8.9791,0.268201
52.69206,8.9621,0.274873
52.69237,8.9639,0.264713
52.69268,8.9631,0.252161
52.69293,8.9639,0.252161
52.69324,8.9688,0.251745
52.69355,8.9648,0.253345
52.69386,8.9678,0.251265
52.69417,8.9705,0.252553
52.69442,8.9574,0.252553
52.69473,8.9611,0.286745
52.69504,8.9602,0.256729
52.69535,8.9639,0.265217
52.69566,8.9574,0.285449
52.69597,8.9584,0.256145
52.69622,8.9695,0.256145
52.69653,8.9668,0.256329
52.69685,8.9631,0.252745
52.69716,8.9602,0.294625
52.69747,8.9611,0.290833
52.69778,8.9688,0.274689
52.69803,8.9668,0.274689
52.69834,8.9574,0.252345
52.69865,8.9574,0.285953
52.69896,8.9678,0.257145
52.69927,8.9744,0.257329
52.69952,8.9705,0.257329
52.69983,8.9621,0.282361
52.70014,8.9648,0.267113
52.70045,8.9631,0.256729
52.70076,8.9584,0.287137
52.70107,8.9545,0.255041
52.70132,8.9688,0.255041
52.70163,8.9631,0.254937
52.70194,8.9621,0.267513
52.70225,8.9648,0.257433
52.70257,8.9705,0.259921
52.70288,8.9725,0.291537
52.70313,8.9818,0.291537
52.70344,8.9734,0.256833
52.70375,8.9715,0.288241
52.70406,8.9734,0.257729
52.70437,8.9592,0.253849
52.70462,8.9668,0.253849
52.70493,8.9611,0.262425
52.70524,8.9734,0.284657
52.70555,8.9688,0.251849
52.70586,8.9639,0.285049
52.70617,8.9688,0.250449
52.70642,8.9695,0.250449
52.70673,8.9688,0.246257
52.70704,8.9641,0.275585
52.70735,8.9695,0.250657
52.70766,8.9688,0.252449
52.70797,8.9705,0.285761
52.70822,8.9678,0.285761
52.70854,8.9725,0.252745
52.70885,8.9705,0.280169
52.70916,8.9648,0.279169
52.70947,8.9725,0.255041
52.70972,8.9648,0.255041
52.71003,8.9555,0.256329
52.71034,8.9678,0.290145
52.71065,8.9631,0.255641
52.71096,8.9705,0.283049
52.71127,8.9535,0.269705
52.71152,8.9639,0.269705
52.71183,8.9592,0.280273
52.71214,8.9705,0.287449
52.71245,8.9641,0.255937
52.71276,8.9725,0.253641
52.71307,8.9602,0.289537
52.71332,8.9525,0.289537
52.71363,8.9592,0.262025
52.71394,8.9697,0.261129
52.71425,8.9611,0.292433
52.71456,8.9602,0.292225
52.71488,8.9697,0.274793
52.71513,8.9688,0.274793
52.71544,8.9602,0.289249
52.71575,8.9668,0.270785
52.71606,8.9631,0.270785
52.71637,8.9611,0.290145
52.71662,8.9639,0.290145
52.71693,8.9744,0.256937
52.71724,8.9621,0.258625
52.71755,8.9535,0.257329
52.71786,8.9648,0.252553
52.71817,8.9688,0.276273
52.71842,8.9555,0.276273
52.71873,8.9695,0.280961
52.71904,8.9715,0.255745
52.71935,8.9658,0.293121
52.71966,8.9592,0.252641
52.71997,8.9752,0.253745
52.72022,8.9611,0.253745
52.72053,8.9715,0.288137
52.72085,8.9725,0.253449
52.72116,8.9678,0.252345
52.72147,8.9705,0.286449
52.72172,8.9678,0.286449
52.72203,8.9725,0.250369
52.72234,8.9545,0.251553
52.72265,8.9574,0.260521
52.72296,8.9658,0.253241
52.72327,8.9705,0.254353
52.72352,8.9545,0.254353
52.72383,8.9725,0.283553
52.72414,8.9705,0.255833
52.72445,8.9762,0.289249
52.72476,8.9648,0.254537
52.72507,8.9658,0.250761
52.72532,8.9611,0.250761
52.72563,8.9555,0.260025
52.72594,8.9641,0.255641
52.72625,8.9631,0.290145
52.72656,8.9668,0.284257
52.72688,8.9648,0.252641
52.72713,8.9734,0.252641
52.72744,8.9631,0.250553
52.72775,8.9602,0.282465
52.72806,8.9639,0.251953
52.72837,8.9695,0.251657
52.72862,8.9641,0.251657
52.72893,8.9602,0.286161
52.72924,8.9631,0.293521
52.72955,8.9678,0.273081
52.72986,8.9611,0.275289
52.73017,8.9658,0.258121
52.73042,8.9631,0.258121
52.73073,8.9648,0.256537
52.73104,8.9668,0.255145
52.73135,8.9781,0.254937
52.73166,8.9584,0.282761
52.73197,8.9555,0.266905
52.73222,8.9639,0.266905
52.73253,8.9648,0.255041
52.73285,8.9678,0.284761
52.73316,8.9725,0.252345
52.73347,8.9688,0.252137
52.73372,8.9762,0.252137
52.73403,8.9631,0.283761
52.73434,8.9688,0.252553
52.73465,8.9725,0.258041
52.73496,8.9574,0.288641
52.73527,8.9631,0.247761
52.73552,8.9791,0.247761
52.73583,8.9678,0.239793
52.73614,8.9688,0.244673
52.73645,8.9631,0.240081
52.73676,8.9744,0.243985
52.73707,8.9688,0.248865
52.73732,8.9648,0.248865
52.73763,8.9678,0.244377
52.73794,8.9801,0.249945
52.73825,8.9621,0.253137
52.73857,8.9631,0.264817
52.73882,8.9621,0.264817
52.73913,8.9752,0.261313
52.73944,8.9678,0.251953
52.73975,8.9668,0.247569
52.74006,8.9574,0.256537
52.74037,8.9771,0.247257
52.74062,8.9621,0.247257
52.74093,8.9725,0.297817
52.74124,8.9697,0.258041
52.74155,8.9555,0.255353
52.74186,8.9705,0.254745
52.74217,8.9688,0.255833
52.74242,8.9762,0.255833
52.74273,8.9791,0.252953
52.74304,8.9688,0.291329
52.74335,8.9574,0.295313
52.74366,8.9697,0.337489
52.74397,8.9574,0.259233
52.74422,8.9611,0.259233
52.74453,8.9582,0.263505
52.74485,8.9668,0.257145
52.74516,8.9648,0.250161
52.74547,8.9658,0.248865
52.74572,8.9658,0.248865
52.74603,8.9592,0.244777
52.74634,8.9545,0.263505
52.74665,8.9734,0.262609
52.74696,8.9648,0.261233
52.74727,8.9648,0.267617
52.74752,8.9648,0.267617
52.74783,8.9705,0.277081
52.74814,8.9752,0.255041
52.74845,8.9678,0.253537
52.74876,8.9715,0.252449
52.74907,8.9688,0.254353
52.74932,8.9658,0.254353
52.74963,8.9762,0.258121
52.74994,8.9631,0.254033
52.75025,8.9639,0.255145
52.75056,8.9631,0.256041
52.75082,8.9611,0.256041
52.75113,8.9752,0.255641
52.75144,8.9611,0.253057
52.75175,8.9648,0.256329
52.75206,8.9592,0.255833
52.75237,8.9744,0.259025
52.75262,8.9688,0.259025
52.75293,8.9734,0.255745
52.75324,8.9668,0.254937
52.75355,8.9648,0.254353
52.75386,8.9705,0.255745
52.75417,8.9734,0.254641
52.75442,8.9621,0.254641
52.75473,8.9592,0.260025
52.75504,8.9641,0.293441
52.75535,8.9648,0.260921
52.75566,8.9648,0.254537
52.75597,8.9592,0.255833
52.75622,8.9705,0.255833
52.75653,8.9658,0.252641
52.75684,8.9715,0.250161
52.75716,8.9715,0.248553
52.75747,8.9658,0.253241
52.75772,8.9678,0.253241
52.75803,8.9678,0.258233
52.75834,8.9715,0.253641
52.75865,8.9621,0.253345
52.75896,8.9621,0.256729
52.75927,8.9668,0.256537
52.75952,8.9771,0.256537
52.75983,8.9621,0.262025
52.76014,8.9648,0.292521
52.76045,8.9592,0.297609
52.76076,8.9734,0.251745
52.76107,8.9648,0.247969
52.76132,8.9621,0.247969
52.76163,8.9695,0.251161
52.76194,8.9697,0.248073
52.76225,8.9631,0.253553
52.76256,8.9771,0.244777
52.76282,8.9582,0.244777
52.76313,8.9762,0.244881
52.76344,8.9658,0.236601
52.76375,8.9791,0.237185
52.76406,8.9744,0.237097
52.76437,8.9678,0.239001
52.76462,8.9725,0.239001
52.76493,8.9705,0.246865
52.76524,8.9621,0.267801
52.76555,8.9697,0.266305
52.76586,8.9668,0.254849
52.76611,8.9781,0.254849
52.76642,8.9734,0.254353
52.76673,8.9611,0.253345
52.76704,8.9648,0.249865
52.76735,8.9715,0.251057
52.76766,8.9641,0.252345
52.76791,8.9705,0.252345
52.76822,8.9611,0.251953
52.76854,8.9631,0.252641
52.76885,8.9621,0.250849
52.76916,8.9668,0.251953
52.76941,8.9602,0.251953
52.76972,8.9574,0.285553
52.77003,8.9592,0.313881
52.77034,8.9611,0.292729
52.77065,8.9611,0.284657
52.77096,8.9631,0.255433
52.77121,8.9574,0.255433
52.77152,8.9592,0.260337
52.77183,8.9668,0.258729
52.77214,8.9688,0.246969
52.77245,8.9688,0.288537
52.77276,8.9631,0.253449
52.77301,8.9668,0.253449
52.77332,8.9668,0.239793
52.77363,8.9688,0.257329
52.77394,8.9648,0.258625
52.77425,8.9648,0.268305
52.77457,8.9658,0.266513
52.77482,8.9621,0.266513
52.77513,8.9678,0.244961
52.77544,8.9781,0.253345
52.77575,8.9639,0.252849
52.77606,8.9688,0.250049
52.77632,8.9781,0.250049
52.77662,8.9734,0.249257
52.77693,8.9611,0.251345
52.77724,8.9668,0.251745
52.77755,8.9602,0.251745
52.77786,8.9602,0.253537
52.77812,8.9715,0.253537
52.77843,8.9641,0.252161
52.77874,8.9602,0.252449
52.77905,8.9611,0.253345
52.77936,8.9648,0.252553
52.77967,8.9602,0.253641
52.77992,8.9611,0.253641
52.78023,8.9678,0.257625
52.78054,8.9574,0.258937
52.78085,8.9705,0.254433
52.78116,8.9611,0.252553
52.78141,8.9715,0.252553
52.78172,8.9648,0.253137
52.78203,8.9658,0.254937
52.78234,8.9639,0.253745
52.78265,8.9678,0.248865
52.78296,8.9668,0.255353
52.78321,8.9678,0.255353
52.78352,8.9688,0.258233
52.78383,8.9734,0.269705
52.78414,8.9574,0.291729
52.78445,8.9648,0.254353
52.78476,8.9705,0.252745
52.78502,8.9688,0.252745
52.78533,8.9631,0.255433
52.78564,8.9697,0.253745
52.78595,8.9592,0.258233
52.78625,8.9688,0.260337
52.78657,8.9668,0.289641
52.78682,8.9678,0.289641
52.78713,8.9574,0.319761
52.78744,8.9611,0.290249
52.78775,8.9715,0.250761
52.78806,8.9678,0.246969
52.78831,8.9801,0.246969
52.78862,8.9705,0.242481
52.78893,8.9715,0.248257
52.78924,8.9574,0.247761
52.78955,8.9725,0.250761
52.78986,8.9715,0.228529
52.79011,8.9688,0.228529
52.79042,8.9744,0.240873
52.79073,8.9715,0.238185
52.79104,8.9762,0.238185
52.79135,8.9621,0.239689
52.79166,8.9705,0.249049
52.79192,8.9611,0.249049
52.79222,8.9621,0.260337
52.79254,8.9688,0.252553
52.79285,8.9648,0.255145
52.79316,8.9582,0.256041
52.79341,8.9668,0.256041
52.79372,8.9668,0.257225
52.79403,8.9678,0.257537
52.79434,8.9621,0.254137
52.79465,8.9668,0.254937
52.79496,8.9648,0.246865
52.79522,8.9688,0.246865
52.79552,8.9621,0.254849
52.79583,8.9602,0.254745
52.79614,8.9639,0.254433
52.79645,8.9678,0.288137
52.79676,8.9621,0.292329
52.79702,8.9668,0.292329
52.79733,8.9648,0.289537
52.79763,8.9631,0.250953
52.79795,8.9564,0.263921
52.79826,8.9639,0.257041
52.79851,8.9611,0.257041
52.79882,8.9592,0.288449
52.79913,8.9705,0.246465
52.79944,8.9658,0.244881
52.79975,8.9678,0.253449
52.80006,8.9611,0.264505
52.80031,8.9631,0.264505
52.80062,8.9648,0.268593
52.80093,8.9658,0.273185
52.80124,8.9658,0.290937
52.80155,8.9518,0.306681
52.80186,8.9715,0.254641
52.80212,8.9648,0.254641
52.80243,8.9678,0.255249
52.80274,8.9639,0.253057
52.80305,8.9734,0.252553
52.80336,8.9555,0.251057
52.80361,8.9648,0.251057
52.80392,8.9574,0.255353
52.80423,8.9697,0.252553
52.80454,8.9734,0.252161
52.80485,8.9658,0.251849
52.80516,8.9648,0.253849
52.80542,8.9762,0.253849
52.80573,8.9631,0.250553
52.80604,8.9705,0.251745
52.80634,8.9592,0.239001
52.80666,8.9621,0.249049
52.80691,8.9602,0.249049
52.80722,8.9715,0.249945
52.80753,8.9648,0.250345
52.80784,8.9631,0.252345
52.80815,8.9705,0.252641
52.80846,8.9744,0.253241
52.80871,8.9725,0.253241
52.80902,8.9678,0.253137
52.80933,8.9639,0.250553
52.80964,8.9725,0.250345
52.80995,8.9658,0.252057
52.81026,8.9754,0.250761
52.81051,8.9592,0.250761
52.81082,8.9688,0.253953
52.81113,8.9648,0.250657
52.81144,8.9668,0.253641
52.81175,8.9602,0.253241
52.81206,8.9678,0.252057
52.81231,8.9611,0.252057
52.81262,8.9592,0.252553
52.81293,8.9648,0.299009
52.81324,8.9631,0.285265
52.81355,8.9574,0.288137
52.81386,8.9744,0.290729
52.81412,8.9584,0.290729
52.81442,8.9658,0.290641
52.81473,8.9648,0.249865
52.81504,8.9688,0.249153
52.81535,8.9801,0.245857
52.81561,8.9705,0.245857
52.81592,8.9611,0.249153
52.81623,8.9555,0.277481
52.81654,8.9648,0.238289
52.81685,8.9658,0.236201
52.81711,8.9641,0.236201
52.81742,8.9668,0.235993
52.81773,8.9658,0.239081
52.81804,8.9658,0.250345
52.81835,8.9611,0.259833
52.81866,8.9688,0.264713
52.81891,8.9678,0.264713
52.81922,8.9678,0.252241
52.81953,8.9705,0.252641
52.81984,8.9715,0.251657
52.82015,8.9678,0.251161
52.82046,8.9678,0.254457
52.82071,8.9695,0.254457
52.82102,8.9688,0.255353
52.82133,8.9678,0.255145
52.82164,8.9611,0.255145
52.82195,8.9678,0.258121
52.82226,8.9574,0.254745
52.82251,8.9639,0.254745
52.82283,8.9631,0.257729
52.82314,8.9621,0.290433
52.82345,8.9584,0.288241
52.82375,8.9658,0.264905
52.82401,8.9648,0.264905
52.82432,8.9611,0.258937
52.82463,8.9658,0.260337
52.82494,8.9574,0.245569
52.82525,8.9631,0.249945
52.82556,8.9744,0.241689
52.82581,8.9725,0.241689
52.82612,8.9641,0.246761
52.82643,8.9658,0.249361
52.82674,8.9631,0.261625
52.82705,8.9668,0.265905
52.82736,8.9762,0.319153
52.82761,8.9648,0.319153
52.82792,8.9621,0.273793
52.82823,8.9697,0.256833
52.82854,8.9705,0.255353
52.82886,8.9592,0.258625
52.82911,8.9668,0.258625
52.82942,8.9668,0.254537
52.82973,8.9705,0.255329
52.83004,8.9639,0.253641
52.83035,8.9611,0.295625
52.83066,8.9584,0.254745
52.83091,8.9602,0.254745
52.83122,8.9648,0.256145
52.83153,8.9668,0.254537
52.83184,8.9621,0.251953
52.83215,8.9648,0.257433
52.83246,8.9592,0.254537
52.83271,8.9648,0.254537
52.83302,8.9762,0.253745
52.83333,8.9611,0.254937
52.83364,8.9678,0.252849
52.83395,8.9705,0.255641
52.83420,8.9631,0.255641
52.83452,8.9639,0.253241
52.83483,8.9611,0.256937
52.83514,8.9695,0.250449
52.83545,8.9574,0.257537
52.83576,8.9611,0.255145
52.83601,8.9631,0.255145
52.83632,8.9725,0.256145
52.83663,8.9705,0.256833
52.83694,8.9752,0.254537
52.83725,8.9648,0.255433
52.83756,8.9631,0.252449
52.83781,8.9695,0.252449
52.83812,8.9725,0.255145
52.83843,8.9715,0.253057
52.83874,8.9725,0.256833
52.83905,8.9555,0.247969
52.83930,8.9574,0.247969
52.83961,8.9574,0.252953
52.83992,8.9602,0.290145
52.84023,8.9678,0.292225
52.84055,8.9658,0.268593
52.84086,8.9648,0.246465
52.84111,8.9648,0.246465
52.84142,8.9668,0.252953
52.84173,8.9752,0.275585
52.84204,8.9621,0.286449
52.84235,8.9678,0.257329
52.84260,8.9688,0.257329
52.84291,8.9668,0.252849
52.84322,8.9648,0.238793
52.84353,8.9678,0.238185
52.84384,8.9658,0.240977
52.84415,8.9697,0.239393
52.84440,8.9754,0.239393
52.84471,8.9715,0.241769
52.84502,8.9564,0.288449
52.84533,8.9678,0.264425
52.84564,8.9705,0.257937
52.84595,8.9715,0.251161
52.84620,8.9611,0.251161
52.84652,8.9705,0.255145
52.84683,8.9838,0.248761
52.84714,8.9648,0.252553
52.84745,8.9688,0.252641
52.84770,8.9574,0.252641
52.84801,8.9611,0.253537
52.84832,8.9639,0.251745
52.84863,8.9705,0.252849
52.84894,8.9695,0.254033
52.84925,8.9611,0.255353
52.84950,8.9678,0.255353
52.84981,8.9564,0.280777
52.85012,8.9611,0.292433
52.85043,8.9678,0.294625
52.85074,8.9705,0.247969
52.85105,8.9621,0.256729
52.85130,8.9705,0.256729
52.85161,8.9828,0.260817
52.85192,8.9648,0.244569
52.85223,8.9631,0.255353
52.85254,8.9705,0.244377
52.85286,8.9678,0.240081
52.85311,8.9725,0.240081
52.85342,8.9648,0.253137
52.85373,8.9658,0.241585
52.85404,8.9658,0.246361
52.85435,8.9725,0.262425
52.85460,8.9602,0.262425
52.85491,8.9705,0.259833
52.85522,8.9545,0.265113
52.85553,8.9697,0.251265
52.85584,8.9688,0.250761
52.85615,8.9602,0.262713
52.85640,8.9592,0.262713
52.85671,8.9678,0.292225
52.85702,8.9668,0.251745
52.85733,8.9695,0.258729
52.85764,8.9639,0.288537
52.85795,8.9611,0.251057
52.85821,8.9621,0.251057
52.85852,8.9658,0.258041
52.85883,8.9621,0.248865
52.85914,8.9705,0.273977
52.85945,8.9574,0.309081
52.85971,8.9555,0.309081
52.86002,8.9744,0.276081
52.86033,8.9668,0.250657
52.86064,8.9611,0.286345
52.86094,8.9525,0.251849
52.86126,8.9725,0.249657
52.86151,8.9668,0.249657
52.86182,8.9668,0.276185
52.86213,8.9611,0.251057
52.86244,8.9725,0.248657
52.86275,8.9705,0.288033
52.86306,8.9705,0.254249
52.86331,8.9602,0.254249
52.86362,8.9648,0.254537
52.86393,8.9582,0.269809
52.86424,8.9688,0.263609
52.86455,8.9705,0.257537
52.86480,8.9574,0.257537
52.86511,8.9527,0.288345
52.86542,8.9688,0.255249
52.86573,8.9631,0.285953
52.86604,8.9545,0.259521
52.86635,8.9658,0.251953
52.86661,8.9648,0.251953
52.86691,8.9555,0.261521
52.86722,8.9744,0.258121
52.86753,8.9592,0.253241
52.86784,8.9648,0.286657
52.86815,8.9697,0.255249
52.86846,8.9715,0.253745
52.86872,8.9582,0.253745
52.86903,8.9602,0.268489
52.86934,8.9658,0.252449
52.86965,8.9639,0.256937
52.86996,8.9631,0.290937
52.87021,8.9639,0.290937
52.87052,8.9639,0.257537
52.87083,8.9611,0.321553
52.87114,8.9611,0.279169
52.87145,8.9754,0.255537
52.87176,8.9725,0.252553
52.87201,8.9648,0.252553
52.87233,8.9678,0.288033
52.87263,8.9668,0.254849
52.87294,8.9658,0.281649
52.87325,8.9705,0.260921
52.87356,8.9658,0.252241
52.87382,8.9602,0.252241
52.87413,8.9564,0.286745
52.87444,8.9631,0.250761
52.87475,8.9688,0.246465
52.87505,8.9631,0.285153
52.87531,8.9592,0.285153
52.87562,8.9734,0.261025
52.87593,8.9744,0.252057
52.87624,8.9678,0.288137
52.87655,8.9668,0.252161
52.87686,8.9668,0.257537
52.87711,8.9705,0.257537
52.87742,8.9668,0.292121
52.87773,8.9754,0.258545
52.87804,8.9695,0.270705
52.87835,8.9574,0.290641
52.87866,8.9678,0.255937
52.87891,8.9695,0.255937
52.87922,8.9668,0.256225
52.87953,8.9705,0.249153
52.87984,8.9639,0.257225
52.88015,8.9688,0.275377
52.88046,8.9602,0.281257
52.88072,8.9715,0.281257
52.88103,8.9678,0.257145
52.88134,8.9639,0.291641
52.88164,8.9658,0.256937
52.88196,8.9865,0.258233
52.88221,8.9705,0.258233
52.88252,8.9564,0.280961
52.88283,8.9688,0.256833
52.88314,8.9668,0.257729
52.88345,8.9641,0.286641
52.88376,8.9705,0.254353
52.88402,8.9621,0.254353
52.88432,8.9631,0.257433
52.88463,8.9641,0.268593
52.88495,8.9668,0.255329
52.88525,8.9668,0.300009
52.88551,8.9574,0.300009
52.88582,8.9621,0.292625
52.88613,8.9668,0.249657
52.88644,8.9688,0.288033
52.88675,8.9592,0.259025
52.88706,8.9639,0.251161
52.88731,8.9705,0.251161
52.88762,8.9668,0.261625
52.88793,8.9697,0.251345
52.88824,8.9648,0.296025
52.88855,8.9621,0.284761
52.88886,8.9668,0.252345
52.88911,8.9574,0.252345
52.88942,8.9639,0.250345
52.88973,8.9582,0.279569
52.89004,8.9688,0.243673
52.89035,8.9658,0.251449
52.89061,8.9574,0.251449
52.89092,8.9648,0.277081
52.89123,8.9725,0.254353
52.89154,8.9705,0.273185
52.89185,8.9621,0.275185
52.89216,8.9648,0.253849
52.89241,8.9648,0.253849
52.89272,8.9648,0.251953
52.89303,8.9621,0.286241
52.89334,8.9688,0.249449
52.89365,8.9621,0.277081
52.89396,8.9564,0.267617
52.89421,8.9688,0.267617
52.89452,8.9695,0.258233
52.89483,8.9525,0.284361
52.89514,8.9668,0.253137
52.89545,8.9602,0.251553
52.89570,8.9668,0.251553
52.89601,8.9592,0.284553
52.89632,8.9631,0.264425
52.89663,8.9621,0.257729
52.89694,8.9592,0.286553
52.89725,8.9734,0.249657
52.89751,8.9678,0.249657
52.89782,8.9705,0.254433
52.89813,8.9602,0.289137
52.89844,8.9715,0.240481
52.89875,8.9695,0.241585
52.89906,8.9688,0.245169
52.89931,8.9715,0.245169
52.89962,8.9688,0.242193
52.89993,8.9668,0.267305
52.90024,8.9744,0.241585
52.90055,8.9705,0.242881
52.90086,8.9678,0.248465
52.90112,8.9639,0.248465
52.90143,8.9688,0.249153
52.90173,8.9688,0.262609
52.90204,8.9574,0.251057
52.90235,8.9705,0.255833
52.90261,8.9641,0.255833
52.90292,8.9688,0.296521
52.90323,8.9648,0.258833
52.90354,8.9639,0.251553
52.90385,8.9725,0.251849
52.90416,8.9715,0.253057
52.90441,8.9592,0.253057
52.90472,8.9668,0.247569
52.90503,8.9705,0.253057
52.90534,8.9678,0.253241
52.90565,8.9535,0.254641
52.90596,8.9545,0.294817
52.90621,8.9705,0.294817
52.90652,8.9611,0.293833
52.90683,8.9574,0.286241
52.90714,8.9725,0.251953
52.90745,8.9602,0.256537
52.90771,8.9688,0.256537
52.90801,8.9535,0.257433
52.90833,8.9631,0.243985
52.90864,8.9621,0.242985
52.90895,8.9678,0.244673
52.90926,8.9658,0.262321
52.91139,8.9668,0.251657
52.91315,8.9715,0.256433
52.91491,8.9602,0.254353
52.91667,8.9678,0.251345
52.91843,8.9705,0.254937
52.92019,8.9631,0.258233
52.92195,8.9668,0.253953
52.92370,8.9621,0.286745
52.92396,8.9658,0.247465
52.92421,8.9592,0.247465
52.92452,8.9678,0.260417
52.92483,8.9725,0.242585
52.92514,8.9744,0.248073
52.92545,8.9695,0.247465
52.92576,8.9658,0.259233
52.92601,8.9734,0.259233
52.92632,8.9695,0.240377
52.92663,8.9631,0.235393
52.92694,8.9648,0.239977
52.92725,8.9678,0.245273
52.92751,8.9621,0.245273
52.92782,8.9752,0.244961
52.92812,8.9705,0.264425
52.92844,8.9592,0.268593
52.92875,8.9611,0.296025
52.92906,8.9695,0.252057
52.92931,8.9611,0.252057
52.92962,8.9678,0.251345
52.92993,8.9639,0.252449
52.93024,8.9678,0.260337
52.93055,8.9744,0.253537
52.93086,8.9545,0.251953
52.93111,8.9648,0.251953
52.93142,8.9688,0.252849
52.93173,8.9555,0.292937
52.93204,8.9781,0.253057
52.93235,8.9639,0.250553
52.93260,8.9648,0.250553
52.93291,8.9592,0.284449
52.93322,8.9631,0.294337
52.93353,8.9705,0.291145
52.93384,8.9648,0.251161
52.93415,8.9631,0.265009
52.93440,8.9697,0.265009
52.93471,8.9688,0.259921
52.93502,8.9678,0.242585
52.93533,8.9678,0.243673
52.93564,8.9641,0.239689
52.93595,8.9611,0.252745
52.93620,8.9744,0.252745
52.93651,8.9688,0.258041
52.93682,8.9564,0.257729
52.93713,8.9631,0.270201
52.93744,8.9611,0.265801
52.93775,8.9705,0.259441
52.93801,8.9639,0.259441
52.93832,8.9648,0.250345
52.93863,8.9648,0.247969
52.93894,8.9658,0.251449
52.93925,8.9791,0.250161
52.93950,8.9648,0.250161
52.93981,8.9678,0.249945
52.94012,8.9668,0.248761
52.94043,8.9695,0.258521
52.94074,8.9592,0.248865
52.94105,8.9621,0.255433
52.94130,8.9621,0.255433
52.94161,8.9621,0.252553
52.94192,8.9688,0.253537
52.94223,8.9658,0.250553
52.94254,8.9648,0.250761
52.94285,8.9658,0.253849
52.94311,8.9641,0.253849
52.94342,8.9725,0.295129
52.94373,8.9695,0.249153
52.94403,8.9688,0.253953
52.94434,8.9582,0.250849
52.94466,8.9688,0.251745
52.94491,8.9697,0.251745
52.94522,8.9695,0.252345
52.94553,8.9762,0.252849
52.94584,8.9668,0.251345
52.94615,8.9592,0.292833
52.94640,8.9648,0.292833
52.94671,8.9695,0.253345
52.94702,8.9631,0.256641
52.94733,8.9621,0.270097
52.94764,8.9762,0.254937
52.94795,8.9648,0.259129
52.94820,8.9752,0.259129
52.94851,8.9631,0.256937
52.94882,8.9648,0.256729
52.94913,8.9734,0.255433
52.94944,8.9631,0.293441
52.94975,8.9584,0.289937
52.95001,8.9574,0.289937
52.95032,8.9639,0.286849
52.95063,8.9809,0.252849
52.95094,8.9678,0.252449
52.95125,8.9715,0.249761
52.95150,8.9631,0.249761
52.95181,8.9752,0.246177
52.95213,8.9725,0.248969
52.95243,8.9648,0.249945
52.95274,8.9734,0.236393
52.95305,8.9631,0.237601
52.95331,8.9658,0.237601
52.95362,8.9705,0.237185
52.95393,8.9688,0.237681
52.95424,8.9715,0.241185
52.95455,8.9584,0.242985
52.95480,8.9744,0.242985
52.95511,8.9648,0.252553
52.95542,8.9641,0.264905
52.95573,8.9602,0.260417
52.95604,8.9555,0.269097
52.95635,8.9602,0.271201
52.95660,8.9668,0.271201
52.95691,8.9697,0.250265
52.95722,8.9648,0.257729
52.95753,8.9631,0.295921
52.95784,8.9658,0.266697
52.95815,8.9715,0.255537
52.95840,8.9658,0.255537
52.95871,8.9582,0.257329
52.95902,8.9688,0.257225
52.95933,8.9648,0.255937
52.95964,8.9705,0.257625
52.95995,8.9641,0.298505
52.96020,8.9668,0.298505
52.96051,8.9611,0.301193
52.96082,8.9564,0.289249
52.96113,8.9631,0.264217
52.96144,8.9631,0.272889
52.96175,8.9658,0.273497
52.96200,8.9564,0.273497
52.96231,8.9715,0.259833
52.96263,8.9744,0.272889
52.96294,8.9715,0.255249
52.96325,8.9678,0.259417
52.96350,8.9648,0.259417
52.96381,8.9535,0.255145
52.96412,8.9688,0.269993
52.96443,8.9668,0.280857
52.96474,8.9602,0.280065
52.96505,8.9695,0.259521
52.96530,8.9725,0.259521
52.96561,8.9582,0.264425
52.96592,8.9518,0.268201
52.96623,8.9611,0.266905
52.96654,8.9631,0.304809
52.96685,8.9582,0.302009
52.96710,8.9564,0.302009
52.96741,8.9498,0.300401
52.96772,8.9582,0.305497
52.96803,8.9705,0.305097
52.96834,8.9725,0.302009
52.96860,8.9621,0.302009
52.96891,8.9688,0.275289
52.96922,8.9695,0.269705
52.96953,8.9648,0.310873
52.96984,8.9658,0.309289
52.97015,8.9658,0.305281
52.97040,8.9592,0.305281
52.97071,8.9639,0.309081
52.97102,8.9611,0.306601
52.97133,8.9545,0.307785
52.97164,8.9555,0.286745
52.97195,8.9631,0.297921
52.97220,8.9631,0.297921
52.97251,8.9639,0.293017
52.97282,8.9611,0.266009
52.97313,8.9564,0.261921
52.97344,8.9688,0.293921
52.97375,8.9668,0.298505
52.97400,8.9518,0.298505
52.97431,8.9592,0.292625
52.97462,8.9611,0.301801
52.97494,8.9631,0.346665
52.97525,8.9574,0.313777
52.97550,8.9555,0.313777
52.97581,8.9564,0.262921
52.97612,8.9574,0.257729
52.97643,8.9705,0.253537
52.97674,8.9678,0.286345
52.97705,8.9611,0.287537
52.97730,8.9555,0.287537
52.97761,8.9688,0.292041
52.97792,8.9658,0.245857
52.97823,8.9715,0.246673
52.97854,8.9744,0.243777
52.97885,8.9715,0.241977
52.97910,8.9734,0.241977
52.97941,8.9801,0.248465
52.97972,8.9715,0.233593
52.98003,8.9725,0.236889
52.98034,8.9725,0.235097
52.98065,8.9695,0.243985
52.98090,8.9771,0.243985
52.98121,8.9631,0.251057
52.98152,8.9668,0.249945
52.98183,8.9611,0.263921
52.98214,8.9658,0.263113
52.98240,8.9631,0.263113
52.98271,8.9611,0.253137
52.98302,8.9678,0.255937
52.98333,8.9621,0.254033
52.98364,8.9688,0.253953
52.98395,8.9705,0.251345
52.98420,8.9648,0.251345
52.98451,8.9705,0.249945
52.98482,8.9734,0.251953
52.98513,8.9734,0.251161
52.98544,8.9705,0.251161
52.98575,8.9678,0.250849
52.98600,8.9752,0.250849
52.98631,8.9574,0.256041
52.98662,8.9564,0.337801
52.98693,8.9611,0.286953
52.98724,8.9582,0.247969
52.98749,8.9695,0.247969
52.98780,8.9631,0.259025
52.98811,8.9688,0.263425
52.98842,8.9752,0.243377
52.98873,8.9688,0.248465
52.98904,8.9648,0.248553
52.98929,8.9695,0.248553
52.98960,8.9621,0.271889
52.98991,8.9697,0.263113
52.99022,8.9574,0.257833
52.99053,8.9725,0.283049
52.99084,8.9631,0.269593
52.99110,8.9631,0.269593
52.99141,8.9621,0.264609
52.99172,8.9688,0.251449
52.99203,8.9668,0.251345
52.99233,8.9631,0.252345
52.99264,8.9678,0.255041
52.99290,8.9648,0.255041
52.99321,8.9688,0.253537
52.99352,8.9639,0.252953
52.99383,8.9781,0.252641
52.99414,8.9658,0.256145
52.99439,8.9631,0.256145
52.99470,8.9564,0.253449
52.99501,8.9688,0.253537
52.99532,8.9688,0.255537
52.99563,8.9781,0.252849
52.99594,8.9715,0.256833
52.99619,8.9668,0.256833
52.99650,8.9678,0.257625
52.99681,8.9611,0.256641
52.99712,8.9611,0.256729
52.99743,8.9678,0.256537
52.99774,8.9688,0.255329
52.99799,8.9668,0.255329
52.99830,8.9697,0.252161
52.99862,8.9697,0.255537
52.99893,8.9658,0.252449
52.99924,8.9631,0.252553
52.99949,8.9754,0.252553
52.99980,8.9658,0.251161
53.00011,8.9641,0.254249
53.00042,8.9648,0.253057
53.00073,8.9697,0.255353
53.00104,8.9678,0.297817
53.00129,8.9602,0.297817
53.00160,8.9631,0.252641
53.00191,8.9648,0.251849
53.00222,8.9631,0.253745
53.00253,8.9631,0.256329
53.00284,8.9668,0.275873
53.00310,8.9582,0.275873
53.00341,8.9545,0.291145
53.00372,8.9668,0.295921
53.00403,8.9611,0.293337
53.00434,8.9582,0.255249
53.00464,8.9668,0.258625
53.00490,8.9648,0.258625
53.00521,8.9648,0.248761
53.00552,8.9555,0.247361
53.00583,8.9668,0.242777
53.00614,8.9695,0.233513
53.00639,8.9695,0.233513
53.00671,8.9658,0.235201
53.00702,8.9621,0.224233
53.00733,8.9631,0.236705
53.00763,8.9668,0.234097
53.00795,8.9688,0.249657
53.00820,8.9678,0.249657
53.00851,8.9602,0.250657
53.00882,8.9621,0.263505
53.00913,8.9715,0.252745
53.00944,8.9688,0.253345
53.00975,8.9688,0.256537
53.01000,8.9678,0.256537
53.01031,8.9574,0.254537
53.01062,8.9658,0.253345
53.01093,8.9771,0.257937
53.01124,8.9791,0.255537
53.01150,8.9744,0.255537
53.01181,8.9734,0.253849
53.01211,8.9715,0.252345
53.01242,8.9705,0.251553
53.01273,8.9688,0.252849
53.01304,8.9621,0.290729
53.01330,8.9648,0.290729
53.01361,8.9582,0.286241
53.01392,8.9678,0.254537
53.01423,8.9602,0.256145
53.01454,8.9621,0.259025
53.01479,8.9602,0.259025
53.01510,8.9688,0.258337
53.01541,8.9668,0.245169
53.01572,8.9611,0.243169
53.01603,8.9611,0.243777
53.01634,8.9715,0.245569
53.01659,8.9734,0.245569
53.01690,8.9695,0.253241
53.01722,8.9648,0.273497
53.01753,8.9678,0.274081
53.01784,8.9725,0.264905
53.01809,8.9621,0.264905
53.01840,8.9611,0.248153
53.01871,8.9469,0.296025
53.01902,8.9592,0.249361
53.01933,8.9744,0.251161
53.01964,8.9668,0.250849
53.01989,8.9611,0.250849
53.02020,8.9705,0.284049
53.02051,8.9621,0.252161
53.02082,8.9631,0.284945
53.02113,8.9582,0.260233
53.02144,8.9631,0.248761
53.02169,8.9688,0.248761
53.02200,8.9574,0.255433
53.02231,8.9668,0.247361
53.02262,8.9744,0.249761
53.02294,8.9564,0.282153
53.02319,8.9535,0.282153
53.02350,8.9648,0.252241
53.02381,8.9725,0.243089
53.02412,8.9688,0.279857
53.02443,8.9648,0.249049
53.02474,8.9762,0.252057
53.02499,8.9668,0.252057
53.02530,8.9611,0.285449
53.02561,8.9828,0.252641
53.02592,8.9582,0.264321
53.02623,8.9611,0.277481
53.02654,8.9648,0.262529
53.02679,8.9648,0.262529
53.02710,8.9678,0.249361
53.02741,8.9631,0.252641
53.02772,8.9695,0.250849
53.02803,8.9658,0.274481
53.02834,8.9754,0.265401
53.02859,8.9715,0.265401
53.02890,8.9648,0.253641
53.02921,8.9678,0.287745
53.02952,8.9715,0.254033
53.02983,8.9668,0.296417
53.03014,8.9574,0.299817
53.03040,8.9631,0.299817
53.03071,8.9705,0.268489
53.03102,8.9725,0.253849
53.03132,8.9621,0.291729
53.03164,8.9621,0.255329
53.03189,8.9658,0.255329
53.03220,8.9678,0.257145
53.03251,8.9688,0.291225
53.03282,8.9611,0.296129
53.03313,8.9621,0.260337
53.03344,8.9574,0.288849
53.03369,8.9668,0.288849
53.03400,8.9715,0.253137
53.03431,8.9592,0.287057
53.03462,8.9555,0.256145
53.03493,8.9631,0.251657
53.03524,8.9639,0.267513
53.03549,8.9715,0.267513
53.03580,8.9639,0.282361
53.03611,8.9678,0.251657
53.03642,8.9658,0.286953
53.03673,8.9621,0.254137
53.03699,8.9668,0.254137
53.03730,8.9678,0.252553
53.03760,8.9631,0.272185
53.03791,8.9725,0.255249
53.03823,8.9602,0.257729
53.03854,8.9658,0.288137
53.03879,8.9602,0.288137
53.03910,8.9801,0.253449
53.03941,8.9611,0.281865
53.03972,8.9555,0.268593
53.04003,8.9744,0.248049
53.04034,8.9648,0.246065
53.04059,8.9631,0.246065
53.04090,8.9639,0.286449
53.04121,8.9744,0.253849
53.04152,8.9734,0.284449
53.04183,8.9621,0.265401
53.04208,8.9648,0.265401
53.04239,8.9678,0.250953
53.04270,8.9668,0.255353
53.04301,8.9734,0.250761
53.04332,8.9695,0.253953
53.04363,8.9648,0.284657
53.04389,8.9678,0.284657
53.04420,8.9668,0.258337
53.04451,8.9631,0.276873
53.04482,8.9639,0.289833
53.04513,8.9641,0.255433
53.04543,8.9725,0.259625
53.04569,8.9592,0.259625
53.04600,8.9688,0.287449
53.04631,8.9621,0.259729
53.04662,8.9648,0.273289
53.04693,8.9602,0.283153
53.04718,8.9715,0.283153
53.04750,8.9545,0.300609
53.04780,8.9555,0.273577
53.04812,8.9639,0.254249
53.04842,8.9697,0.251849
53.04873,8.9705,0.272577
53.04899,8.9688,0.272577
53.04930,8.9762,0.276585
53.04961,8.9752,0.253849
53.04992,8.9658,0.287137
53.05023,8.9678,0.251745
53.05054,8.9631,0.259417
53.05079,8.9705,0.259417
53.05110,8.9648,0.282761
53.05141,8.9631,0.249761
53.05172,8.9639,0.253849
53.05203,8.9611,0.287449
53.05234,8.9648,0.261313
53.05259,8.9725,0.261313
53.05291,8.9688,0.254353
53.05321,8.9518,0.262025
53.05352,8.9809,0.255353
53.05383,8.9715,0.256833
53.05409,8.9688,0.256833
53.05440,8.9631,0.285345
53.05471,8.9641,0.250265
53.05501,8.9641,0.281649
53.05533,8.9658,0.256145
53.05564,8.9668,0.250049
53.05589,8.9725,0.250049
53.05620,8.9668,0.262817
53.05651,8.9611,0.249153
53.05682,8.9668,0.245673
53.05713,8.9658,0.272785
53.05744,8.9535,0.245857
53.05769,8.9678,0.245857
53.05800,8.9715,0.245673
53.05831,8.9648,0.276481
53.05862,8.9771,0.244169
53.05893,8.9695,0.293337
53.05918,8.9668,0.293337
53.05949,8.9658,0.291433
53.05980,8.9668,0.254457
53.06011,8.9715,0.277665
53.06042,8.9744,0.273393
53.06073,8.9631,0.239001
53.06099,8.9771,0.239001
53.06129,8.9734,0.240081
53.06160,8.9725,0.255745
53.06191,8.9602,0.279273
53.06222,8.9592,0.245169
53.06253,8.9658,0.236705
53.06279,8.9734,0.236705
53.06309,8.9695,0.242193
53.06341,8.9688,0.249153
53.06372,8.9648,0.258833
53.06403,8.9734,0.266617
53.06434,8.9668,0.251345
53.06459,8.9705,0.251345
53.06490,8.9584,0.252641
53.06521,8.9678,0.251745
53.06552,8.9705,0.254433
53.06583,8.9705,0.254433
53.06608,8.9725,0.254433
53.06639,8.9688,0.247465
53.06670,8.9781,0.252057
53.06701,8.9564,0.252849
53.06732,8.9648,0.251953
53.06763,8.9611,0.254137
53.06788,8.9678,0.254137
53.06820,8.9678,0.250953
53.06851,8.9648,0.289641
53.06882,8.9611,0.286449
53.06912,8.9584,0.287449
53.06943,8.9574,0.245273
53.06969,8.9648,0.245273
53.07000,8.9648,0.260625
53.07031,8.9725,0.241977
53.07062,8.9678,0.244673
53.07093,8.9621,0.248553
53.07118,8.9688,0.248553
53.07149,8.9602,0.245465
53.07180,8.9611,0.245857
53.07211,8.9621,0.259521
53.07242,8.9574,0.260625
53.07273,8.9611,0.272185
53.07299,8.9734,0.272185
53.07330,8.9564,0.273897
53.07361,8.9688,0.248657
53.07391,8.9648,0.254249
53.07423,8.9668,0.247865
53.07454,8.9639,0.253641
53.07479,8.9705,0.253641
53.07510,8.9592,0.250849
53.07541,8.9621,0.252057
53.07572,8.9668,0.250953
53.07603,8.9705,0.255041
53.07634,8.9631,0.296129
53.07659,8.9639,0.296129
53.07690,8.9631,0.252449
53.07722,8.9525,0.257329
53.07753,8.9574,0.254033
53.07784,8.9744,0.252553
53.07809,8.9648,0.252553
53.07840,8.9592,0.255745
53.07871,8.9705,0.247257
53.07902,8.9668,0.253137
53.07933,8.9648,0.252953
53.07964,8.9648,0.254537
53.07989,8.9574,0.254537
53.08020,8.9688,0.257145
53.08051,8.9688,0.257833
53.08082,8.9631,0.254937
53.08113,8.9639,0.257225
53.08138,8.9762,0.257225
53.08169,8.9668,0.256537
53.08200,8.9668,0.253537
53.08231,8.9658,0.254249
53.08262,8.9631,0.246865
53.08293,8.9705,0.252553
53.08319,8.9639,0.252553
53.08350,8.9725,0.251745
53.08381,8.9744,0.254433
53.08412,8.9705,0.254249
53.08443,8.9715,0.253137
53.08473,8.9725,0.252161
53.08499,8.9621,0.252161
53.08530,8.9678,0.287057
53.08561,8.9592,0.292729
53.08592,8.9639,0.287537
53.08623,8.9602,0.252745
53.08648,8.9744,0.252745
53.08679,8.9668,0.245673
53.08710,8.9725,0.248153
53.08741,8.9688,0.254249
53.08772,8.9592,0.296025
53.08803,8.9602,0.256329
53.08828,8.9725,0.256329
53.08859,8.9688,0.254457
53.08891,8.9648,0.248153
53.08922,8.9688,0.247761
53.08953,8.9648,0.245169
53.08978,8.9602,0.245169
53.09009,8.9658,0.242481
53.09040,8.9648,0.248761
53.09071,8.9621,0.315673
53.09102,8.9535,0.266409
53.09133,8.9705,0.265721
53.09158,8.9715,0.265721
53.09189,8.9639,0.261625
53.09220,8.9668,0.262921
53.09251,8.9668,0.254137
53.09282,8.9715,0.254537
53.09313,8.9705,0.251161
53.09338,8.9545,0.251161
53.09369,8.9648,0.251161
53.09400,8.9678,0.256249
53.09431,8.9658,0.256937
53.09462,8.9658,0.255641
53.09493,8.9648,0.251345
53.09519,8.9611,0.251345
53.09550,8.9602,0.294025
53.09581,8.9621,0.297609
53.09612,8.9639,0.282657
53.09643,8.9678,0.255745
53.09668,8.9574,0.255745
53.09699,8.9602,0.258937
53.09730,8.9688,0.257329
53.09761,8.9678,0.240793
53.09792,8.9668,0.240377
53.09823,8.9668,0.245169
53.09848,8.9715,0.245169
53.09879,8.9668,0.242377
53.09910,8.9648,0.257041
53.09941,8.9621,0.265801
53.09972,8.9648,0.273393
53.10003,8.9639,0.265905
53.10028,8.9762,0.265905
53.10059,8.9715,0.250161
53.10090,8.9705,0.252641
53.10122,8.9611,0.251953
53.10153,8.9715,0.252745
53.10178,8.9668,0.252745
53.10209,8.9678,0.252745
53.10240,8.9658,0.251953
53.10271,8.9715,0.251553
53.10302,8.9695,0.252449
53.10333,8.9611,0.248969
53.10358,8.9648,0.248969
53.10389,8.9621,0.250049
53.10420,8.9631,0.263321
53.10451,8.9668,0.248553
53.10482,8.9648,0.250449
53.10513,8.9658,0.250049
53.10538,8.9744,0.250049
53.10569,8.9715,0.249945
53.10600,8.9705,0.247569
53.10631,8.9734,0.251345
53.10662,8.9688,0.252241
53.10688,8.9725,0.252241
53.10719,8.9678,0.249153
53.10750,8.9734,0.247969
53.10781,8.9658,0.247257
53.10812,8.9621,0.252345
53.10843,8.9639,0.251953
53.10868,8.9668,0.251953
53.10899,8.9705,0.253449
53.10930,8.9648,0.252241
53.10961,8.9658,0.250761
53.10992,8.9678,0.249553
53.11023,8.9678,0.258729
53.11048,8.9611,0.258729
53.11079,8.9658,0.254353
53.11110,8.9602,0.235497
53.11141,8.9744,0.230825
53.11172,8.9762,0.234201
53.11203,8.9688,0.271681
53.11228,8.9678,0.271681
53.11259,8.9688,0.277481
53.11290,8.9725,0.237289
53.11322,8.9734,0.225233
53.11353,8.9754,0.234913
53.11378,8.9752,0.234913
53.11409,8.9668,0.225025
53.11440,8.9648,0.229921
53.11471,8.9752,0.230009
53.11502,8.9631,0.227425
53.11533,8.9725,0.220433
53.11558,8.9668,0.220433
53.11589,8.9678,0.220937
53.11620,8.9695,0.219353
53.11651,8.9752,0.224041
53.11682,8.9734,0.221537
53.11713,8.9658,0.231801
53.11738,8.9725,0.231801
53.11769,8.9688,0.241769
53.11800,8.9705,0.235305
53.11831,8.9688,0.233097
53.11862,8.9678,0.232009
53.11888,8.9705,0.232009
53.11919,8.9725,0.232905
53.11950,8.9688,0.234305
53.11981,8.9695,0.233905
53.12012,8.9695,0.227713
53.12043,8.9668,0.233593
53.12068,8.9734,0.233593
53.12099,8.9771,0.234593
53.12130,8.9668,0.234409
53.12161,8.9695,0.234409
53.12192,8.9668,0.271993
53.12223,8.9678,0.280465
53.12248,8.9535,0.280465
53.12279,8.9592,0.272889
53.12310,8.9752,0.236889
53.12341,8.9828,0.240585
53.12372,8.9688,0.232697
53.12403,8.9688,0.220641
53.12428,8.9875,0.220641
53.12459,8.9705,0.219457
53.12490,8.9668,0.220145
53.12522,8.9648,0.218137
53.12552,8.9639,0.224129
53.12578,8.9752,0.224129
53.12609,8.9668,0.234489
53.12640,8.9725,0.250049
53.12671,8.9715,0.246865
53.12702,8.9639,0.234993
53.12733,8.9648,0.224521
53.12758,8.9705,0.224521
53.12789,8.9668,0.227025
53.12820,8.9668,0.226737
53.12851,8.9678,0.228321
53.12882,8.9715,0.231009
53.12913,8.9678,0.229025
53.12938,8.9678,0.229025
53.12969,8.9734,0.232409
53.13000,8.9688,0.232009
53.13031,8.9678,0.230321
53.13062,8.9734,0.230217
53.13088,8.9725,0.230217
53.13119,8.9715,0.228321
53.13150,8.9668,0.229609
53.13181,8.9771,0.232201
53.13212,8.9734,0.228217
53.13243,8.9688,0.229217
53.13268,8.9688,0.229217
53.13299,8.9641,0.228609
53.13330,8.9695,0.226921
53.13361,8.9771,0.229505
53.13392,8.9695,0.229609
53.13423,8.9641,0.230617
53.13448,8.9688,0.230617
53.13479,8.9725,0.228425
53.13510,8.9695,0.229505
53.13541,8.9611,0.227633
53.13572,8.9725,0.229425
53.13603,8.9631,0.233009
53.13628,8.9725,0.233009
53.13659,8.9648,0.230905
53.13691,8.9668,0.229217
53.13722,8.9648,0.231009
53.13753,8.9715,0.230321
53.13778,8.9754,0.230321
53.13809,8.9688,0.225521
53.13840,8.9631,0.228817
53.13871,8.9479,0.262609
53.13902,8.9668,0.261625
53.13933,8.9639,0.265401
53.13958,8.9668,0.265401
53.13989,8.9762,0.261129
53.14020,8.9668,0.226633
53.14051,8.9771,0.218345
53.14082,8.9688,0.216553
53.14107,8.9688,0.216553
53.14138,8.9668,0.222145
53.14169,8.9809,0.206585
53.14200,8.9791,0.205185
53.14231,8.9688,0.207193
53.14262,8.9668,0.210961
53.14288,8.9658,0.210961
53.14319,8.9752,0.215161
53.14350,8.9688,0.228713
53.14381,8.9715,0.238577
53.14412,8.9668,0.232697
53.14443,8.9678,0.227529
53.14468,8.9715,0.227529
53.14499,8.9695,0.225521
53.14530,8.9715,0.223545
53.14561,8.9688,0.225233
53.14592,8.9771,0.225025
53.14617,8.9744,0.225025
53.14648,8.9688,0.227129
53.14679,8.9705,0.225233
53.14710,8.9688,0.225521
53.14741,8.9725,0.223625
53.14772,8.9688,0.227633
53.14797,8.9678,0.227633
53.14828,8.9631,0.240689
53.14859,8.9498,0.262529
53.14891,8.9771,0.260921
53.14922,8.9801,0.219937
53.14947,8.9668,0.219937
53.14978,8.9771,0.236497
53.15009,8.9631,0.233113
53.15040,8.9725,0.215449
53.15071,8.9734,0.217345
53.15102,8.9725,0.219033
53.15127,8.9621,0.219033
53.15158,8.9752,0.219745
53.15189,8.9752,0.240793
53.15220,8.9744,0.237785
53.15251,8.9688,0.233201
53.15282,8.9678,0.248257
53.15307,8.9668,0.248257
53.15338,8.9688,0.242585
53.15369,8.9771,0.225729
53.15400,8.9715,0.225129
53.15431,8.9678,0.226921
53.15462,8.9715,0.224833
53.15488,8.9725,0.224833
53.15519,8.9791,0.226417
53.15550,8.9801,0.224025
53.15581,8.9705,0.225025
53.15612,8.9621,0.225417
53.15637,8.9688,0.225417
53.15668,8.9715,0.229217
53.15699,8.9705,0.230009
53.15730,8.9734,0.235889
53.15761,8.9734,0.227425
53.15792,8.9678,0.229321
53.15817,8.9705,0.229321
53.15848,8.9584,0.229113
53.15879,8.9762,0.228113
53.15910,8.9705,0.229217
53.15941,8.9688,0.225417
53.15972,8.9734,0.225625
53.15998,8.9725,0.225625
53.16028,8.9734,0.227529
53.16060,8.9762,0.225129
53.16091,8.9781,0.225521
53.16122,8.9725,0.228425
53.16147,8.9602,0.228425
53.16178,8.9688,0.227529
53.16209,8.9658,0.225129
53.16240,8.9668,0.226417
53.16271,8.9678,0.226025
53.16302,8.9725,0.224337
53.16327,8.9705,0.224337
53.16358,8.9678,0.224625
53.16389,8.9658,0.228713
53.16420,8.9631,0.227425
53.16451,8.9715,0.229113
53.16482,8.9648,0.262025
53.16507,8.9668,0.262025
53.16538,8.9734,0.262425
53.16569,8.9658,0.261313
53.16600,8.9725,0.223937
53.16631,8.9744,0.219249
53.16657,8.9809,0.219249
53.16688,8.9705,0.219353
53.16719,8.9668,0.223041
53.16750,8.9725,0.221833
53.16781,8.9734,0.221433
53.16812,8.9715,0.209673
53.16838,8.9705,0.209673
53.16869,8.9695,0.205289
53.16899,8.9705,0.207881
53.16930,8.9791,0.209673
53.16961,8.9809,0.213361
53.16992,8.9648,0.222225
53.17018,8.9744,0.222225
53.17049,8.9734,0.228113
53.17080,8.9678,0.232697
53.17111,8.9668,0.228425
53.17142,8.9688,0.227217
53.17167,8.9734,0.227217
53.17198,8.9771,0.225729
53.17229,8.9781,0.227633
53.17260,8.9648,0.227633
53.17291,8.9648,0.226737
53.17322,8.9631,0.234705
53.17347,8.9715,0.234705
53.17378,8.9592,0.229713
53.17409,8.9668,0.226313
53.17440,8.9725,0.227425
53.17471,8.9695,0.237785
53.17502,8.9678,0.263505
53.17527,8.9574,0.263505
53.17558,8.9631,0.259337
53.17589,8.9602,0.218953
53.17620,8.9678,0.232697
53.17651,8.9688,0.231113
53.17682,8.9621,0.221833
53.17707,8.9725,0.221833
53.17738,8.9734,0.219953
53.17769,8.9611,0.219353
53.17800,8.9611,0.221833
53.17831,8.9658,0.220641
53.17862,8.9744,0.237497
53.17888,8.9734,0.237497
53.17919,8.9705,0.235601
53.17950,8.9592,0.242881
53.17981,8.9695,0.236785
53.18012,8.9688,0.221433
53.18037,8.9621,0.221433
53.18068,8.9688,0.223233
53.18099,8.9734,0.220041
53.18130,8.9705,0.223545
53.18161,8.9688,0.234009
53.18192,8.9688,0.252745
53.18217,8.9744,0.252745
53.18248,8.9611,0.224921
53.18279,8.9658,0.259129
53.18310,8.9688,0.228321
53.18341,8.9715,0.221937
53.18372,8.9771,0.240977
53.18397,8.9602,0.240977
53.18428,8.9725,0.246569
53.18459,8.9695,0.225833
53.18491,8.9621,0.259025
53.18522,8.9725,0.231409
53.18547,8.9781,0.231409
53.18578,8.9725,0.225921
53.18609,8.9668,0.239897
53.18640,8.9705,0.220537
53.18671,8.9688,0.217241
53.18702,8.9658,0.254033
53.18727,8.9734,0.254033
53.18758,8.9668,0.223937
53.18789,8.9688,0.250449
53.18820,8.9668,0.232201
53.18851,8.9648,0.219641
53.18882,8.9752,0.222433
53.18907,8.9658,0.222433
53.18938,8.9744,0.253449
53.18969,8.9752,0.218745
53.19000,8.9658,0.247969
53.19031,8.9658,0.229113
53.19062,8.9705,0.218849
53.19088,8.9848,0.218849
53.19119,8.9705,0.253537
53.19150,8.9678,0.224233
53.19181,8.9688,0.225921
53.19212,8.9688,0.255937
53.19237,8.9678,0.255937
53.19268,8.9592,0.223337
53.19299,8.9688,0.236993
53.19330,8.9688,0.249761
53.19361,8.9678,0.248761
53.19392,8.9668,0.249761
53.19417,8.9648,0.249761
53.19448,8.9705,0.250345
53.19479,8.9725,0.219353
53.19510,8.9705,0.239689
53.19541,8.9734,0.239585
53.19572,8.9734,0.219145
53.19597,8.9695,0.219145
53.19628,8.9518,0.218561
53.19659,8.9668,0.221641
53.19691,8.9631,0.221537
53.19722,8.9668,0.252953
53.19747,8.9744,0.252953
53.19778,8.9688,0.240081
53.19809,8.9895,0.221641
53.19840,8.9744,0.259129
53.19871,8.9752,0.224129
53.19902,8.9668,0.224729
53.19927,8.9648,0.224729
53.19958,8.9639,0.257225
53.19989,8.9705,0.223545
53.20020,8.9695,0.228609
53.20051,8.9648,0.259729
53.20082,8.9715,0.221249
53.20107,8.9762,0.221249
53.20138,8.9688,0.221041
53.20169,8.9631,0.222433
53.20200,8.9734,0.218641
53.20231,8.9734,0.234201
53.20256,8.9668,0.234201
53.20288,8.9688,0.252641
53.20319,8.9668,0.221145
53.20350,8.9725,0.251953
53.20381,8.9705,0.221249
53.20412,8.9801,0.219745
53.20437,8.9688,0.219745
53.20468,8.9648,0.237993
53.20499,8.9752,0.220641
53.20530,8.9715,0.221145
53.20561,8.9574,0.254849
53.20586,8.9668,0.254849
53.20617,8.9621,0.220041
53.20648,8.9725,0.225337
53.20679,8.9574,0.242481
53.20710,8.9668,0.219745
53.20741,8.9705,0.223545
53.20766,8.9631,0.223545
53.20797,8.9762,0.257729
53.20828,8.9744,0.219953
53.20860,8.9648,0.255641
53.20891,8.9678,0.236393
53.20916,8.9725,0.236393
53.21142,8.9611,0.219849
53.21318,8.9705,0.225337
53.21494,8.9639,0.258041
53.21670,8.9688,0.222649
53.21845,8.9688,0.240081
53.22021,8.9695,0.256249
53.22197,8.9752,0.218561
53.22373,8.9725,0.208169
53.22392,8.9678,0.202993
53.22417,8.9771,0.202993
53.22448,8.9725,0.204977
53.22479,8.9695,0.214049
53.22510,8.9705,0.218641
53.22541,8.9762,0.216449
53.22566,8.9725,0.216449
53.22598,8.9639,0.231217
53.22629,8.9715,0.219849
53.22659,8.9762,0.217057
53.22690,8.9688,0.219145
53.22721,8.9668,0.219953
53.22747,8.9725,0.219953
53.22778,8.9688,0.223833
53.22809,8.9668,0.223729
53.22840,8.9688,0.220537
53.22871,8.9705,0.220249
53.22896,8.9688,0.220249
53.22927,8.9734,0.220041
53.22958,8.9715,0.222145
53.22989,8.9715,0.217849
53.23020,8.9688,0.256833
53.23051,8.9688,0.261713
53.23076,8.9695,0.261713
53.23107,8.9744,0.254641
53.23138,8.9668,0.227713
53.23169,8.9705,0.226633
53.23200,8.9658,0.226817
53.23231,8.9725,0.213569
53.23256,8.9781,0.213569
53.23287,8.9688,0.208881
53.23318,8.9695,0.213865
53.23349,8.9621,0.213657
53.23380,8.9695,0.219641
53.23411,8.9744,0.228529
53.23437,8.9705,0.228529
53.23468,8.9725,0.239481
53.23499,8.9592,0.233409
53.23530,8.9744,0.220537
53.23561,8.9555,0.221937
53.23586,8.9688,0.221937
53.23617,8.9781,0.217849
53.23648,8.9695,0.219953
53.23679,8.9688,0.217449
53.23710,8.9695,0.220433
53.23741,8.9678,0.218953
53.23767,8.9621,0.218953
53.23798,8.9762,0.215953
53.23828,8.9678,0.220641
53.23860,8.9791,0.221433
53.23891,8.9639,0.222041
53.23922,8.9648,0.223729
53.23947,8.9688,0.223729
53.23978,8.9754,0.220849
53.24009,8.9818,0.221329
53.24040,8.9574,0.221833
53.24071,8.9697,0.223233
53.24096,8.9648,0.223233
53.24127,8.9801,0.225833
53.24158,8.9639,0.222433
53.24189,8.9715,0.224233
53.24220,8.9695,0.230721
53.24251,8.9695,0.225129
53.24277,8.9658,0.225129
53.24308,8.9695,0.220641
53.24339,8.9705,0.221833
53.24370,8.9705,0.221145
53.24401,8.9705,0.220937
53.24426,8.9725,0.220937
53.24457,8.9688,0.221537
53.24488,8.9678,0.220041
53.24519,8.9688,0.222433
53.24550,8.9744,0.219641
53.24581,8.9725,0.219249
53.24606,8.9744,0.219249
53.24637,8.9678,0.214049
53.24668,8.9725,0.220145
53.24699,8.9639,0.267113
53.24730,8.9602,0.261417
53.24761,8.9611,0.255145
53.24786,8.9725,0.255145
53.24817,8.9678,0.234097
53.24848,8.9744,0.222537
53.24879,8.9744,0.213153
53.24910,8.9725,0.222145
53.24936,8.9668,0.222145
53.24967,8.9697,0.219457
53.24998,8.9744,0.218449
53.25029,8.9678,0.201785
53.25060,8.9734,0.203897
53.25091,8.9771,0.205977
53.25116,8.9668,0.205977
53.25147,8.9695,0.201201
53.25178,8.9678,0.207273
53.25209,8.9801,0.218449
53.25240,8.9791,0.219145
53.25271,8.9744,0.223441
53.25296,8.9631,0.223441
53.25327,8.9705,0.233697
53.25358,8.9648,0.221329
53.25389,8.9658,0.220849
53.25420,8.9668,0.219457
53.25451,8.9734,0.221641
53.25477,8.9611,0.221641
53.25507,8.9705,0.239481
53.25538,8.9648,0.228713
53.25569,8.9734,0.224233
53.25600,8.9705,0.225233
53.25626,8.9668,0.225233
53.25657,8.9648,0.224729
53.25688,8.9725,0.224337
53.25719,8.9621,0.261233
53.25750,8.9631,0.258337
53.25781,8.9621,0.261313
53.25806,8.9715,0.261313
53.25837,8.9744,0.223625
53.25868,8.9744,0.226737
53.25899,8.9668,0.215265
53.25930,8.9695,0.220353
53.25956,8.9715,0.220353
53.25987,8.9762,0.214049
53.26018,8.9754,0.213361
53.26049,8.9658,0.219641
53.26080,8.9668,0.228817
53.26111,8.9744,0.232801
53.26136,8.9668,0.232801
53.26167,8.9697,0.238793
53.26198,8.9744,0.226633
53.26229,8.9688,0.223041
53.26260,8.9725,0.221833
53.26291,8.9715,0.223129
53.26316,8.9668,0.223129
53.26347,8.9725,0.224129
53.26378,8.9725,0.219145
53.26409,8.9668,0.219145
53.26440,8.9668,0.220249
53.26471,8.9762,0.219033
53.26497,8.9688,0.219033
53.26528,8.9688,0.219457
53.26559,8.9725,0.217657
53.26590,8.9678,0.218641
53.26621,8.9762,0.220745
53.26646,8.9734,0.220745
53.26677,8.9734,0.218745
53.26708,8.9781,0.218241
53.26739,8.9781,0.219145
53.26770,8.9705,0.220041
53.26801,8.9705,0.216953
53.26826,8.9641,0.216953
53.26857,8.9668,0.218241
53.26888,8.9695,0.223145
53.26919,8.9658,0.223041
53.26950,8.9621,0.220353
53.26981,8.9762,0.220145
53.27006,8.9762,0.220145
53.27037,8.9771,0.216553
53.27068,8.9715,0.220249
53.27100,8.9725,0.217745
53.27131,8.9725,0.217849
53.27156,8.9744,0.217849
53.27187,8.9725,0.219249
53.27218,8.9752,0.220353
53.27249,8.9762,0.219537
53.27280,8.9688,0.218137
53.27311,8.9668,0.219849
53.27336,8.9725,0.219849
53.27367,8.9631,0.216345
53.27398,8.9658,0.257145
53.27429,8.9678,0.252161
53.27460,8.9631,0.240977
53.27491,8.9744,0.211969
53.27516,8.9678,0.211969
53.27547,8.9762,0.218241
53.27578,8.9678,0.216449
53.27609,8.9781,0.218449
53.27640,8.9715,0.217161
53.27665,8.9818,0.217161
53.27697,8.9725,0.220353
53.27728,8.9744,0.203897
53.27759,8.9762,0.204689
53.27790,8.9744,0.203393
53.27821,8.9695,0.205481
53.27846,8.9771,0.205481
53.27877,8.9734,0.212257
53.27908,8.9781,0.229425
53.27939,8.9631,0.230905
53.27970,8.9725,0.218849
53.28001,8.9695,0.220937
53.28026,8.9678,0.220937
53.28057,8.9688,0.221537
53.28088,8.9668,0.220849
53.28119,8.9705,0.222433
53.28150,8.9658,0.220937
53.28181,8.9744,0.223041
53.28206,8.9715,0.223041
53.28237,8.9697,0.218057
53.28268,8.9715,0.224025
53.28300,8.9725,0.222041
53.28330,8.9697,0.223625
53.28356,8.9611,0.223625
53.28387,8.9631,0.271601
53.28418,8.9668,0.261921
53.28449,8.9678,0.252161
53.28480,8.9744,0.225025
53.28511,8.9602,0.229321
53.28536,8.9658,0.229321
53.28567,8.9734,0.232201
53.28598,8.9771,0.212761
53.28629,8.9715,0.212761
53.28660,8.9705,0.214945
53.28691,8.9688,0.214945
53.28716,8.9771,0.214945
53.28747,8.9705,0.217745
53.28778,8.9592,0.232617
53.28809,8.9658,0.242081
53.28840,8.9631,0.234009
53.28865,8.9688,0.234009
53.28897,8.9668,0.221833
53.28928,8.9705,0.222649
53.28959,8.9734,0.220353
53.28989,8.9752,0.225337
53.29021,8.9688,0.227921
53.29046,8.9705,0.227921
53.29077,8.9725,0.226417
53.29108,8.9678,0.223833
53.29139,8.9725,0.222833
53.29170,8.9725,0.221937
53.29201,8.9621,0.222225
53.29226,8.9705,0.222225
53.29257,8.9771,0.221249
53.29288,8.9818,0.221537
53.29319,8.9715,0.222433
53.29350,8.9705,0.222329
53.29375,8.9715,0.222329
53.29406,8.9725,0.221249
53.29437,8.9725,0.221641
53.29468,8.9771,0.221249
53.29499,8.9818,0.220745
53.29530,8.9688,0.221433
53.29556,8.9668,0.221433
53.29587,8.9611,0.221833
53.29617,8.9678,0.232513
53.29649,8.9697,0.222433
53.29679,8.9744,0.223625
53.29710,8.9809,0.221641
53.29736,8.9631,0.221641
53.29767,8.9648,0.223937
53.29798,8.9668,0.224521
53.29829,8.9725,0.225833
53.29860,8.9639,0.224337
53.29891,8.9809,0.222145
53.29916,8.9688,0.222145
53.29947,8.9658,0.223129
53.29978,8.9725,0.220641
53.30009,8.9752,0.221041
53.30040,8.9744,0.260129
53.30065,8.9641,0.260129
53.30097,8.9725,0.256329
53.30128,8.9688,0.257329
53.30159,8.9705,0.216761
53.30190,8.9678,0.217449
53.30215,8.9621,0.217449
53.30246,8.9668,0.209481
53.30277,8.9668,0.211281
53.30308,8.9734,0.201889
53.30339,8.9648,0.203689
53.30370,8.9734,0.206769
53.30395,8.9631,0.206769
53.30426,8.9725,0.203897
53.30457,8.9809,0.207377
53.30488,8.9725,0.209881
53.30519,8.9725,0.220537
53.30550,8.9697,0.228817
53.30576,8.9715,0.228817
53.30606,8.9734,0.232801
53.30637,8.9791,0.217161
53.30669,8.9621,0.220353
53.30700,8.9791,0.220145
53.30725,8.9705,0.220145
53.30756,8.9734,0.221041
53.30787,8.9602,0.219033
53.30818,8.9688,0.226521
53.30849,8.9697,0.219641
53.30880,8.9734,0.217657
53.30905,8.9744,0.217657
53.30936,8.9754,0.220041
53.30967,8.9734,0.216953
53.30998,8.9734,0.248049
53.31029,8.9584,0.260817
53.31060,8.9658,0.263025
53.31086,8.9695,0.263025
53.31116,8.9705,0.253137
53.31147,8.9744,0.241081
53.31178,8.9688,0.229609
53.31209,8.9715,0.213761
53.31240,8.9762,0.213761
53.31266,8.9678,0.213761
53.31297,8.9668,0.211073
53.31328,8.9688,0.211465
53.31359,8.9744,0.215049
53.31390,8.9678,0.227529
53.31415,8.9688,0.227529
53.31446,8.9668,0.229025
53.31477,8.9621,0.231617
53.31508,8.9688,0.225921
53.31539,8.9688,0.218241
53.31570,8.9725,0.219641
53.31596,8.9744,0.219641
53.31626,8.9752,0.214049
53.31657,8.9688,0.217849
53.31688,8.9648,0.217553
53.31719,8.9705,0.217657
53.31750,8.9762,0.218449
53.31776,8.9752,0.218449
53.31806,8.9725,0.221145
53.31838,8.9658,0.219953
53.31869,8.9688,0.222329
53.31900,8.9705,0.221745
53.31925,8.9697,0.221745
53.31956,8.9725,0.220849
53.31987,8.9715,0.216449
53.32018,8.9725,0.218849
53.32049,8.9744,0.218057
53.32080,8.9658,0.217161
53.32105,8.9658,0.217161
53.32136,8.9818,0.220249
53.32167,8.9725,0.220641
53.32198,8.9762,0.221249
53.32229,8.9705,0.223729
53.32260,8.9752,0.222729
53.32285,8.9668,0.222729
53.32317,8.9705,0.222833
53.32348,8.9734,0.222145
53.32379,8.9688,0.222649
53.32409,8.9658,0.222937
53.32435,8.9725,0.222937
53.32466,8.9744,0.221329
53.32497,8.9678,0.224729
53.32528,8.9734,0.224937
53.32559,8.9715,0.227633
53.32590,8.9791,0.226521
53.32615,8.9725,0.226521
53.32646,8.9715,0.224233
53.32677,8.9752,0.258441
53.32708,8.9592,0.260337
53.32739,8.9621,0.255353
53.32770,8.9678,0.258521
53.32795,8.9725,0.258521
53.32826,8.9734,0.221537
53.32857,8.9725,0.212673
53.32888,8.9715,0.214049
53.32919,8.9648,0.216553
53.32945,8.9648,0.216553
53.32976,8.9715,0.213465
53.33007,8.9734,0.220537
53.33038,8.9809,0.203897
53.33069,8.9658,0.202889
53.33100,8.9801,0.207193
53.33125,8.9752,0.207193
53.33156,8.9734,0.221041
53.33187,8.9725,0.221249
53.33218,8.9611,0.237497
53.33249,8.9648,0.236201
53.33280,8.9695,0.224129
53.33305,8.9695,0.224129
53.33336,8.9668,0.222145
53.33367,8.9592,0.221145
53.33398,8.9781,0.223545
53.33429,8.9725,0.220537
53.33460,8.9688,0.219249
53.33485,8.9658,0.219249
53.33516,8.9648,0.221641
53.33547,8.9574,0.224729
53.33578,8.9668,0.217057
53.33609,8.9715,0.221937
53.33635,8.9688,0.221937
53.33666,8.9678,0.223441
53.33697,8.9695,0.260729
53.33728,8.9688,0.272097
53.33759,8.9639,0.254745
53.33790,8.9688,0.217849
53.33815,8.9734,0.217849
53.33846,8.9678,0.230617
53.33877,8.9697,0.216849
53.33908,8.9734,0.217057
53.33939,8.9791,0.218641
53.33970,8.9781,0.215449
53.33995,8.9725,0.215449
53.34026,8.9734,0.215161
53.34057,8.9744,0.227817
53.34088,8.9754,0.229025
53.34119,8.9621,0.243481
53.34144,8.9668,0.243481
53.34175,8.9631,0.243985
53.34206,8.9715,0.229217
53.34237,8.9639,0.219249
53.34269,8.9678,0.220537
53.34300,8.9639,0.221249
53.34325,8.9688,0.221249
53.34356,8.9697,0.220249
53.34387,8.9658,0.254641
53.34418,8.9762,0.224025
53.34449,8.9668,0.223441
53.34474,8.9705,0.223441
53.34505,8.9631,0.252161
53.34536,8.9621,0.228817
53.34567,8.9734,0.222937
53.34598,8.9658,0.259337
53.34629,8.9725,0.219641
53.34655,8.9668,0.219641
53.34686,8.9695,0.221145
53.34717,8.9705,0.254033
53.34747,8.9688,0.220041
53.34778,8.9725,0.229505
53.34809,8.9695,0.252953
53.34835,8.9752,0.252953
53.34866,8.9658,0.220849
53.34897,8.9771,0.251449
53.34928,8.9668,0.218641
53.34959,8.9697,0.218449
53.34984,8.9695,0.218449
53.35015,8.9648,0.235497
53.35046,8.9648,0.246065
53.35077,8.9688,0.220641
53.35108,8.9648,0.252641
53.35139,8.9688,0.219249
53.35165,8.9705,0.219249
53.35196,8.9705,0.218641
53.35226,8.9668,0.249257
53.35257,8.9744,0.218449
53.35288,8.9668,0.221433
53.35319,8.9705,0.259417
53.35345,8.9688,0.259417
53.35376,8.9734,0.221745
53.35407,8.9734,0.253345
53.35438,8.9621,0.235393
53.35469,8.9705,0.221145
53.35500,8.9668,0.220249
53.35525,8.9535,0.220249
53.35556,8.9715,0.254033
53.35587,8.9715,0.218345
53.35618,8.9621,0.253641
53.35649,8.9525,0.224233
53.35675,8.9705,0.224233
53.35705,8.9781,0.218057
53.35736,8.9678,0.252953
53.35767,8.9762,0.217657
53.35798,8.9725,0.215449
53.35829,8.9725,0.249945
53.35855,8.9648,0.249945
53.35885,8.9734,0.221145
53.35917,8.9781,0.234201
53.35948,8.9611,0.249361
53.35979,8.9762,0.219033
53.36010,8.9611,0.222329
53.36035,8.9688,0.222329
53.36066,8.9715,0.255041
53.36097,8.9668,0.222649
53.36128,8.9639,0.248553
53.36159,8.9715,0.247177
53.36184,8.9734,0.247177
53.36215,8.9639,0.219457
53.36246,8.9641,0.218641
53.36277,8.9611,0.217849
53.36308,8.9752,0.219537
53.36339,8.9715,0.243169
53.36364,8.9744,0.243169
53.36395,8.9818,0.236785
53.36426,8.9678,0.225129
53.36457,8.9535,0.254537
53.36488,8.9639,0.218745
53.36519,8.9678,0.221641
53.36545,8.9658,0.221641
53.36576,8.9715,0.254353
53.36607,8.9771,0.221145
53.36638,8.9715,0.223129
53.36669,8.9611,0.257145
53.36694,8.9648,0.257145
53.36725,8.9818,0.221833
53.36756,8.9705,0.227025
53.36787,8.9678,0.258729
53.36818,8.9631,0.224025
53.36849,8.9678,0.236601
53.36880,8.9695,0.254745
53.36905,8.9705,0.254745
53.36936,8.9611,0.222729
53.36967,8.9697,0.256537
53.36998,8.9688,0.219457
53.37029,8.9715,0.219849
53.37060,8.9781,0.235993
53.37085,8.9705,0.235993
53.37116,8.9658,0.246065
53.37147,8.9678,0.221833
53.37178,8.9734,0.255353
53.37209,8.9688,0.219537
53.37240,8.9678,0.220041
53.37266,8.9744,0.220041
53.37297,8.9631,0.243377
53.37328,8.9818,0.217449
53.37359,8.9631,0.218449
53.37390,8.9621,0.258521
53.37415,8.9715,0.258521
53.37446,8.9668,0.223233
53.37477,8.9658,0.255145
53.37508,8.9705,0.233905
53.37539,8.9725,0.222729
53.37570,8.9648,0.223937
53.37595,8.9688,0.223937
53.37626,8.9658,0.255833
53.37657,8.9734,0.219641
53.37688,8.9705,0.254433
53.37719,8.9631,0.227217
53.37750,8.9791,0.219937
53.37776,8.9705,0.219937
53.37807,8.9602,0.226129
53.37838,8.9658,0.221433
53.37869,8.9688,0.221145
53.37900,8.9744,0.253849
53.37925,8.9631,0.253849
53.37956,8.9688,0.221937
53.37987,8.9678,0.220537
53.38018,8.9715,0.250657
53.38049,8.9688,0.221329
53.38080,8.9725,0.221937
53.38105,8.9639,0.221937
53.38136,8.9658,0.260521
53.38167,8.9668,0.219353
53.38198,8.9744,0.242481
53.38229,8.9678,0.247073
53.38260,8.9688,0.225025
53.38285,8.9715,0.225025
53.38316,8.9725,0.222041
53.38347,8.9688,0.221537
53.38378,8.9621,0.220641
53.38409,8.9752,0.247361
53.38440,8.9602,0.236289
53.38466,8.9762,0.236289
53.38497,8.9688,0.209673
53.38528,8.9754,0.211761
53.38559,8.9744,0.207673
53.38590,8.9705,0.211673
53.38616,8.9744,0.211673
53.38647,8.9688,0.212073
53.38677,8.9734,0.214945
53.38708,8.9658,0.219457
53.38739,8.9725,0.218345
53.38770,8.9752,0.226233
53.38796,8.9744,0.226233
53.38827,8.9734,0.234809
53.38858,8.9688,0.222537
53.38889,8.9715,0.224233
53.38920,8.9658,0.224233
53.38945,8.9705,0.224233
53.38976,8.9668,0.219953
53.39007,8.9734,0.219849
53.39038,8.9791,0.220041
53.39069,8.9801,0.218849
53.39100,8.9611,0.218449
53.39126,8.9668,0.218449
53.39157,8.9631,0.219249
53.39188,8.9695,0.219537
53.39219,8.9744,0.248657
53.39250,8.9639,0.260417
53.39275,8.9658,0.260417
53.39306,8.9611,0.256041
53.39337,8.9648,0.256433
53.39368,8.9705,0.229817
53.39399,8.9695,0.225521
53.39430,8.9771,0.211777
53.39455,8.9771,0.211777
53.39486,8.9705,0.213361
53.39517,8.9791,0.217057
53.39548,8.9744,0.217657
53.39579,8.9734,0.214945
53.39610,8.9752,0.230505
53.39635,8.9602,0.230505
53.39666,8.9715,0.233201
53.39698,8.9658,0.231409
53.39729,8.9697,0.226129
53.39760,8.9744,0.216057
53.39785,8.9678,0.216057
53.39816,8.9715,0.217657
53.39847,8.9771,0.218849
53.39878,8.9641,0.220249
53.39909,8.9725,0.220041
53.39940,8.9688,0.216953
53.39965,8.9744,0.216953
53.39996,8.9715,0.220145
53.40027,8.9715,0.220433
53.40058,8.9752,0.217849
53.40089,8.9668,0.215265
53.40120,8.9697,0.221145
53.40145,8.9639,0.221145
53.40176,8.9715,0.220353
53.40207,8.9734,0.223937
53.40238,8.9809,0.221745
53.40269,8.9734,0.221537
53.40295,8.9688,0.221537
53.40326,8.9668,0.223337
53.40357,8.9678,0.222145
53.40388,8.9762,0.221249
53.40419,8.9801,0.218561
53.40450,8.9688,0.219249
53.40475,8.9744,0.219249
53.40506,8.9752,0.216553
53.40537,8.9809,0.217241
53.40568,8.9695,0.215369
53.40599,8.9602,0.220641
53.40630,8.9771,0.221937
53.40655,8.9744,0.221937
53.40686,8.9678,0.221041
53.40717,8.9705,0.222041
53.40748,8.9688,0.220353
53.40779,8.9695,0.220249
53.40810,8.9705,0.222145
53.40835,8.9744,0.222145
53.40866,8.9725,0.223041
53.40898,8.9715,0.261625
53.40929,8.9648,0.260337
53.40960,8.9668,0.257625
53.40985,8.9648,0.257625
53.41016,8.9715,0.260625
53.41047,8.9762,0.220745
53.41078,8.9725,0.212969
53.41109,8.9754,0.215553
53.41140,8.9781,0.216449
53.41165,8.9791,0.216449
53.41196,8.9678,0.215161
53.41227,8.9695,0.209673
53.41258,8.9695,0.206585
53.41289,8.9791,0.206289
53.41320,8.9734,0.207985
53.41345,8.9715,0.207985
53.41376,8.9715,0.204081
53.41407,8.9744,0.217449
53.41438,8.9705,0.217657
53.41469,8.9648,0.230505
53.41495,8.9744,0.230505
53.41526,8.9648,0.233201
53.41557,8.9611,0.218057
53.41588,8.9639,0.222833
53.41619,8.9725,0.223041
53.41650,8.9695,0.223441
53.41675,8.9734,0.223441
53.41706,8.9734,0.222537
53.41737,8.9688,0.224729
53.41768,8.9705,0.221937
53.41799,8.9752,0.221537
53.41825,8.9695,0.221537
53.41855,8.9705,0.220433
53.41886,8.9725,0.221433
53.41917,8.9658,0.268489
53.41948,8.9668,0.261817
53.41979,8.9564,0.257833
53.42005,8.9621,0.257833
53.42036,8.9639,0.223833
53.42067,8.9658,0.228425
53.42098,8.9631,0.224337
53.42129,8.9762,0.214465
53.42154,8.9695,0.214465
53.42185,8.9695,0.213865
53.42216,8.9754,0.213657
53.42247,8.9688,0.230321
53.42278,8.9725,0.233993
53.42309,8.9631,0.230009
53.42335,8.9648,0.230009
53.42365,8.9734,0.244961
53.42396,8.9611,0.247761
53.42427,8.9678,0.224233
53.42458,8.9848,0.223041
53.42489,8.9791,0.221833
53.42515,8.9705,0.221833
53.42546,8.9762,0.220641
53.42576,8.9752,0.223937
53.42608,8.9705,0.221937
53.42639,8.9744,0.220433
53.42670,8.9725,0.219249
53.42695,8.9688,0.219249
53.42726,8.9725,0.221433
53.42757,8.9754,0.221833
53.42788,8.9658,0.219849
53.42819,8.9725,0.221833
53.42844,8.9688,0.221833
53.42875,8.9641,0.221041
53.42906,8.9734,0.220745
53.42937,8.9658,0.218849
53.42968,8.9734,0.218161
53.42999,8.9678,0.223545
53.43025,8.9762,0.223545
53.43055,8.9705,0.221537
53.43087,8.9695,0.229505
53.43118,8.9725,0.221041
53.43148,8.9715,0.224521
53.43179,8.9678,0.219745
53.43205,8.9715,0.219745
53.43236,8.9688,0.221641
53.43267,8.9705,0.219457
53.43298,8.9658,0.217849
53.43329,8.9715,0.218745
53.43355,8.9725,0.218745
53.43386,8.9695,0.220745
53.43417,8.9678,0.221745
53.43448,8.9648,0.217345
53.43478,8.9688,0.220353
53.43510,8.9678,0.217953
53.43535,8.9762,0.217953
53.43566,8.9762,0.219457
53.43597,8.9668,0.257145
53.43628,8.9668,0.258337
53.43659,8.9648,0.255249
53.43690,8.9744,0.220641
53.43715,8.9734,0.220641
53.43746,8.9658,0.208169
53.43777,8.9688,0.210065
53.43808,8.9658,0.217953
53.43839,8.9752,0.218449
53.43870,8.9695,0.212569
53.43895,8.9582,0.212569
53.43926,8.9771,0.201497
53.43957,8.9828,0.201305
53.43988,8.9801,0.201497
53.44019,8.9791,0.207193
53.44045,8.9697,0.207193
53.44076,8.9715,0.217449
53.44106,8.9678,0.214049
53.44138,8.9762,0.227633
53.44169,8.9658,0.231009
53.44200,8.9715,0.220041
53.44225,8.9705,0.220041
53.44256,8.9771,0.217953
53.44287,8.9744,0.215553
53.44318,8.9725,0.217657
53.44349,8.9744,0.219745
53.44380,8.9688,0.222145
53.44405,8.9705,0.222145
53.44436,8.9621,0.223041
53.44467,8.9658,0.223545
53.44498,8.9639,0.222041
53.44529,8.9639,0.221537
53.44555,8.9725,0.221537
53.44585,8.9648,0.222041
53.44617,8.9688,0.260025
53.44648,8.9705,0.255041
53.44679,8.9658,0.226313
53.44709,8.9639,0.226737
53.44735,8.9678,0.226737
53.44766,8.9688,0.230401
53.44797,8.9828,0.214865
53.44828,8.9725,0.214257
53.44859,8.9734,0.214865
53.44890,8.9688,0.212073
53.44915,8.9705,0.212073
53.44946,8.9715,0.229425
53.44977,8.9744,0.227817
53.45008,8.9631,0.238793
53.45039,8.9555,0.244377
53.45064,8.9715,0.244377
53.45095,8.9809,0.233513
53.45126,8.9648,0.222145
53.45157,8.9725,0.224521
53.45188,8.9848,0.224129
53.45219,8.9762,0.229505
53.45245,8.9688,0.229505
53.45276,8.9734,0.223937
53.45307,8.9678,0.221249
53.45338,8.9705,0.220849
53.45369,8.9762,0.219953
53.45400,8.9801,0.214073
53.45425,8.9641,0.214073
53.45456,8.9715,0.219353
53.45487,8.9734,0.221249
53.45518,8.9648,0.222225
53.45549,8.9838,0.219849
53.45574,8.9688,0.219849
53.45605,8.9688,0.219849
53.45636,8.9648,0.220353
53.45667,8.9631,0.219145
53.45698,8.9688,0.221041
53.45729,8.9678,0.218953
53.45755,8.9734,0.218953
53.45786,8.9734,0.219953
53.45817,8.9762,0.217553
53.45847,8.9725,0.222537
53.45879,8.9705,0.223937
53.45910,8.9725,0.219353
53.45935,8.9648,0.219353
53.45966,8.9734,0.223441
53.45997,8.9705,0.219457
53.46028,8.9688,0.233905
53.46059,8.9688,0.221729
53.46084,8.9762,0.221729
53.46115,8.9744,0.221249
53.46146,8.9658,0.220849
53.46177,8.9688,0.220641
53.46208,8.9688,0.221833
53.46239,8.9705,0.221537
53.46264,8.9658,0.221537
53.46295,8.9631,0.262609
53.46326,8.9658,0.265505
53.46357,8.9688,0.232801
53.46388,8.9668,0.214465
53.46419,8.9695,0.220537
53.46444,8.9809,0.220537
53.46475,8.9715,0.214153
53.46506,8.9715,0.225729
53.46537,8.9602,0.205977
53.46568,8.9678,0.209673
53.46599,8.9705,0.206377
53.46625,8.9781,0.206377
53.46655,8.9752,0.209169
53.46687,8.9725,0.209065
53.46718,8.9771,0.219457
53.46749,8.9725,0.229113
53.46774,8.9668,0.229113
53.46805,8.9695,0.231217
53.46836,8.9715,0.221833
53.46867,8.9725,0.219849
53.46899,8.9762,0.221937
53.46924,8.9695,0.221937
53.46955,8.9705,0.223545
53.46986,8.9734,0.219641
53.47017,8.9809,0.219641
53.47048,8.9697,0.220433
53.47079,8.9725,0.220041
53.47104,8.9668,0.220041
53.47135,8.9762,0.219457
53.47166,8.9744,0.222041
53.47197,8.9705,0.258041
53.47228,8.9734,0.264113
53.47259,8.9648,0.260025
53.47284,8.9658,0.260025
53.47315,8.9688,0.258937
53.47346,8.9688,0.230825
53.47377,8.9688,0.224441
53.47408,8.9771,0.210377
53.47439,8.9809,0.210857
53.47464,8.9705,0.210857
53.47495,8.9715,0.212465
53.47527,8.9771,0.211969
53.47557,8.9734,0.215449
53.47589,8.9631,0.227817
53.47614,8.9668,0.227817
53.47645,8.9725,0.233513
53.47676,8.9715,0.242081
53.47707,8.9678,0.221433
53.47738,8.9695,0.218449
53.47769,8.9725,0.220353
53.47794,8.9658,0.220353
53.47825,8.9668,0.217057
53.47856,8.9678,0.221145
53.47887,8.9678,0.221833
53.47918,8.9688,0.220937
53.47949,8.9611,0.221937
53.47974,8.9725,0.221937
53.48005,8.9648,0.222649
53.48036,8.9668,0.225521
53.48067,8.9678,0.221249
53.48098,8.9725,0.216057
53.48124,8.9828,0.216057
53.48154,8.9715,0.211073
53.48185,8.9631,0.218849
53.48216,8.9771,0.220641
53.48247,8.9838,0.220745
53.48278,8.9678,0.218745
53.48304,8.9658,0.218745
53.48335,8.9611,0.217553
53.48366,8.9678,0.221833
53.48397,8.9715,0.218849
53.48428,8.9762,0.218641
53.48459,8.9695,0.218745
53.48484,8.9781,0.218745
53.48515,8.9695,0.219537
53.48546,8.9744,0.220433
53.48577,8.9705,0.221537
53.48608,8.9734,0.222729
53.48639,8.9744,0.223041
53.48664,8.9715,0.223041
53.48695,8.9705,0.223041
53.48726,8.9678,0.221249
53.48757,8.9658,0.222537
53.48788,8.9725,0.220745
53.48819,8.9734,0.220433
53.48844,8.9762,0.220433
53.48875,8.9688,0.223545
53.48906,8.9678,0.257537
53.48937,8.9641,0.255745
53.48968,8.9639,0.258337
53.48993,8.9744,0.258337
53.49024,8.9688,0.218057
53.49055,8.9658,0.218849
53.49086,8.9697,0.214073
53.49117,8.9791,0.217161
53.49148,8.9715,0.218241
53.49174,8.9621,0.218241
53.49204,8.9688,0.220641
53.49235,8.9715,0.202993
53.49267,8.9648,0.204393
53.49298,8.9611,0.207481
53.49329,8.9734,0.209377
53.49354,8.9705,0.209377
53.49385,8.9744,0.212177
53.49416,8.9744,0.226417
53.49447,8.9725,0.235393
53.49478,8.9602,0.224937
53.49509,8.9621,0.219537
53.49534,8.9762,0.219537
53.49565,8.9818,0.224729
53.49596,8.9668,0.221833
53.49627,8.9688,0.221329
53.49658,8.9631,0.221433
53.49683,8.9678,0.221433
53.49714,8.9715,0.222649
53.49745,8.9688,0.224625
53.49776,8.9771,0.221145
53.49807,8.9762,0.221249
53.49838,8.9639,0.219745
53.49863,8.9752,0.219745
53.49895,8.9818,0.241873
53.49926,8.9715,0.257937
53.49957,8.9705,0.258937
53.49988,8.9688,0.219457
53.50019,8.9658,0.235393
53.50044,8.9715,0.235393
53.50075,8.9658,0.229113
53.50106,8.9705,0.214153
53.50137,8.9752,0.222649
53.50168,8.9762,0.213569
53.50199,8.9639,0.215553
53.50224,8.9631,0.215553
53.50255,8.9715,0.225337
53.50286,8.9668,0.221145
53.50317,8.9668,0.228321
53.50348,8.9688,0.228609
53.50379,8.9668,0.228025
53.50404,8.9678,0.228025
53.50435,8.9621,0.233513
53.50466,8.9688,0.218345
53.50497,8.9771,0.222433
53.50529,8.9631,0.224129
53.50554,8.9725,0.224129
53.50585,8.9752,0.223129
53.50616,8.9771,0.218953
53.50647,8.9695,0.223145
53.50678,8.9734,0.252641
53.50709,8.9734,0.238577
53.50734,8.9688,0.238577
53.50765,8.9688,0.224129
53.50796,8.9631,0.260729
53.50827,8.9715,0.224441
53.50858,8.9688,0.221433
53.50889,8.9705,0.251849
53.50914,8.9705,0.251849
53.50945,8.9695,0.232009
53.51159,8.9631,0.221937
53.51335,8.9695,0.252849
53.51511,8.9648,0.222329
53.51687,8.9725,0.221041
53.51863,8.9602,0.228425
53.52039,8.9771,0.253849
53.52214,8.9639,0.225833
53.52390,8.9762,0.218137
53.52415,8.9725,0.219457
53.52446,8.9725,0.250449
53.52477,8.9545,0.215369
53.52508,8.9678,0.221433
53.52534,8.9744,0.221433
53.52565,8.9697,0.239289
53.52596,8.9771,0.217849
53.52627,8.9705,0.216553
53.52658,8.9639,0.251953
53.52683,8.9648,0.251953
53.52714,8.9734,0.218953
53.52745,8.9725,0.218849
53.52776,8.9744,0.236497
53.52807,8.9688,0.222833
53.52838,8.9725,0.223233
53.52863,8.9658,0.223233
53.52894,8.9688,0.257433
53.52925,8.9695,0.222145
53.52956,8.9688,0.256937
53.52987,8.9678,0.230505
53.53018,8.9752,0.220849
53.53043,8.9668,0.220849
53.53074,8.9611,0.226633
53.53106,8.9695,0.219849
53.53137,8.9631,0.220537
53.53168,8.9688,0.252449
53.53193,8.9621,0.252449
53.53224,8.9658,0.224233
53.53255,8.9705,0.219641
53.53286,8.9611,0.253849
53.53317,8.9658,0.221745
53.53348,8.9725,0.219953
53.53373,8.9697,0.219953
53.53404,8.9744,0.254249
53.53435,8.9725,0.219849
53.53466,8.9801,0.240689
53.53497,8.9611,0.252345
53.53528,8.9678,0.222433
53.53553,8.9697,0.222433
53.53584,8.9715,0.222041
53.53615,8.9688,0.225129
53.53646,8.9725,0.222649
53.53677,8.9705,0.244569
53.53708,8.9668,0.241769
53.53734,8.9771,0.241769
53.53765,8.9791,0.222833
53.53796,8.9611,0.256641
53.53827,8.9648,0.220433
53.53858,8.9725,0.221329
53.53883,8.9762,0.221329
53.53914,8.9621,0.252241
53.53945,8.9734,0.223233
53.53976,8.9752,0.225233
53.54007,8.9602,0.258121
53.54038,8.9725,0.221145
53.54063,8.9744,0.221145
53.54094,8.9688,0.221249
53.54125,8.9715,0.227129
53.54156,8.9771,0.220433
53.54187,8.9771,0.229113
53.54218,8.9564,0.265217
53.54244,8.9688,0.265217
53.54275,8.9611,0.223041
53.54306,8.9715,0.256329
53.54337,8.9668,0.224937
53.54368,8.9631,0.220537
53.54393,8.9705,0.220537
53.54424,8.9658,0.237097
53.54455,8.9705,0.220849
53.54486,8.9781,0.221329
53.54517,8.9631,0.256937
53.54548,8.9668,0.223233
53.54573,8.9762,0.223233
53.54604,8.9725,0.220641
53.54635,8.9611,0.244961
53.54666,8.9715,0.213969
53.54697,8.9744,0.209169
53.54728,8.9752,0.212361
53.54754,8.9734,0.212361
53.54784,8.9725,0.213073
53.54815,8.9688,0.210169
53.54846,8.9771,0.205481
53.54878,8.9734,0.217161
53.54903,8.9791,0.217161
53.54934,8.9715,0.224337
53.54965,8.9762,0.224729
53.54996,8.9725,0.236785
53.55027,8.9725,0.228921
53.55058,8.9725,0.223625
53.55083,8.9678,0.223625
53.55114,8.9734,0.220433
53.55145,8.9715,0.218561
53.55176,8.9734,0.217657
53.55207,8.9697,0.220641
53.55238,8.9648,0.220041
53.55263,8.9705,0.220041
53.55294,8.9725,0.220145
53.55325,8.9611,0.219849
53.55356,8.9697,0.219849
53.55387,8.9678,0.220249
53.55418,8.9752,0.233905
53.55443,8.9688,0.233905
53.55474,8.9705,0.268993
53.55506,8.9611,0.260233
53.55537,8.9555,0.215865
53.55568,8.9725,0.229217
53.55593,8.9631,0.229217
53.55624,8.9695,0.229113
53.55655,8.9639,0.210857
53.55686,8.9781,0.214865
53.55717,8.9838,0.218241
53.55748,8.9715,0.219033
53.55773,8.9639,0.219033
53.55804,8.9658,0.225025
53.55835,8.9725,0.223833
53.55866,8.9715,0.238897
53.55897,8.9695,0.232409
53.55922,8.9688,0.232409
53.55953,8.9809,0.226633
53.55984,8.9734,0.217345
53.56015,8.9744,0.221249
53.56046,8.9744,0.218641
53.56077,8.9705,0.219033
53.56103,8.9678,0.219033
53.56134,8.9668,0.221537
53.56165,8.9752,0.220353
53.56196,8.9744,0.220249
53.56227,8.9752,0.220433
53.56258,8.9648,0.222833
53.56283,8.9631,0.222833
53.56314,8.9857,0.223833
53.56345,8.9658,0.221641
53.56376,8.9725,0.223833
53.56407,8.9715,0.223729
53.56438,8.9715,0.222041
53.56463,8.9648,0.222041
53.56494,8.9752,0.220433
53.56525,8.9545,0.224129
53.56556,8.9725,0.218849
53.56587,8.9744,0.218241
53.56612,8.9752,0.218241
53.56643,8.9695,0.217553
53.56674,8.9639,0.218137
53.56706,8.9695,0.217849
53.56737,8.9658,0.218449
53.56768,8.9725,0.217449
53.56793,8.9744,0.217449
53.56824,8.9648,0.217953
53.56855,8.9695,0.218449
53.56886,8.9744,0.218745
53.56917,8.9734,0.220537
53.56948,8.9715,0.217553
53.56973,8.9678,0.217553
53.57004,8.9715,0.218641
53.57035,8.9754,0.222649
53.57066,8.9688,0.225129
53.57097,8.9734,0.257937
53.57128,8.9658,0.260129
53.57153,8.9582,0.260129
53.57184,8.9818,0.264425
53.57215,8.9688,0.221249
53.57246,8.9725,0.215449
53.57277,8.9705,0.215449
53.57303,8.9744,0.215449
53.57334,8.9828,0.213153
53.57365,8.9754,0.216953
53.57396,8.9744,0.220849
53.57427,8.9705,0.202601
53.57458,8.9762,0.203689
53.57483,8.9752,0.203689
53.57514,8.9754,0.202097
53.57545,8.9715,0.209481
53.57576,8.9658,0.210065
53.57607,8.9762,0.218057
53.57638,8.9715,0.226313
53.57663,8.9752,0.226313
53.57694,8.9668,0.235705
53.57725,8.9611,0.224833
53.57756,8.9762,0.224025
53.57787,8.9705,0.226633
53.57818,8.9668,0.224129
53.57843,8.9658,0.224129
53.57874,8.9734,0.224625
53.57906,8.9734,0.221433
53.57937,8.9705,0.222041
53.57967,8.9705,0.221833
53.57993,8.9715,0.221833
53.58024,8.9734,0.221329
53.58055,8.9809,0.221145
53.58086,8.9791,0.249049
53.58117,8.9668,0.263817
53.58148,8.9592,0.257729
53.58173,8.9602,0.257729
53.58204,8.9658,0.258521
53.58235,8.9734,0.230217
53.58266,8.9695,0.228321
53.58297,8.9695,0.213761
53.58322,8.9801,0.213761
53.58353,8.9744,0.228113
53.58384,8.9705,0.214465
53.58415,8.9754,0.218449
53.58446,8.9602,0.218641
53.58477,8.9705,0.230321
53.58503,8.9658,0.230321
53.58534,8.9668,0.234201
53.58565,8.9535,0.246673
53.58596,8.9848,0.229905
53.58627,8.9658,0.221249
53.58658,8.9688,0.220145
53.58683,8.9668,0.220145
53.58714,8.9752,0.221145
53.58745,8.9754,0.224129
53.58776,8.9678,0.222729
53.58807,8.9688,0.222433
53.58838,8.9725,0.222041
53.58863,8.9688,0.222041
53.58894,8.9688,0.223729
53.58925,8.9771,0.220433
53.58956,8.9781,0.223233
53.58987,8.9688,0.223937
53.59012,8.9688,0.223937
53.59043,8.9705,0.220433
53.59074,8.9725,0.223041
53.59105,8.9668,0.223937
53.59137,8.9631,0.226233
53.59168,8.9697,0.224041
53.59193,8.9762,0.224041
53.59224,8.9791,0.224625
53.59255,8.9631,0.223233
53.59286,8.9668,0.222649
53.59317,8.9695,0.220937
53.59342,8.9639,0.220937
53.59373,8.9801,0.219249
53.59404,8.9734,0.222329
53.59435,8.9688,0.220433
53.59466,8.9705,0.217553
53.59497,8.9688,0.219457
53.59522,8.9744,0.219457
53.59553,8.9611,0.219537
53.59584,8.9705,0.219641
53.59615,8.9744,0.218057
53.59646,8.9734,0.220041
53.59677,8.9734,0.219457
53.59703,8.9734,0.219457
53.59734,8.9744,0.219537
53.59765,8.9809,0.241273
53.59796,8.9725,0.259521
53.59827,8.9639,0.261313
53.59858,8.9715,0.256729
53.59883,8.9582,0.256729
53.59914,8.9705,0.218849
53.59945,8.9752,0.216849
53.59976,8.9734,0.207585
53.60007,8.9648,0.218241
53.60032,8.9744,0.218241
53.60063,8.9734,0.212073
53.60094,8.9658,0.210465
53.60125,8.9725,0.201889
53.60156,8.9762,0.201097
53.60187,8.9771,0.201497
53.60212,8.9762,0.201497
53.60243,8.9781,0.206377
53.60274,8.9688,0.218161
53.60305,8.9725,0.216953
53.60336,8.9639,0.219249
53.60367,8.9668,0.233697
53.60392,8.9678,0.233697
53.60424,8.9582,0.225625
53.60455,8.9781,0.220433
53.60485,8.9725,0.224625
53.60516,8.9611,0.222937
53.60547,8.9725,0.221537
53.60573,8.9715,0.221537
53.60604,8.9668,0.223441
53.60635,8.9734,0.225921
53.60666,8.9762,0.220849
53.60697,8.9725,0.218057
53.60722,8.9688,0.218057
53.60753,8.9631,0.219145
53.60784,8.9678,0.233305
53.60815,8.9602,0.259129
53.60846,8.9592,0.255833
53.60877,8.9705,0.213361
53.60902,8.9715,0.213361
53.60933,8.9771,0.229505
53.60965,8.9705,0.216265
53.60995,8.9752,0.211865
53.61026,8.9801,0.214657
53.61057,8.9781,0.210065
53.61083,8.9668,0.210065
53.61114,8.9752,0.212073
53.61145,8.9678,0.225521
53.61176,8.9648,0.228713
53.61207,8.9668,0.242081
53.61232,8.9648,0.242081
53.61263,8.9584,0.240585
53.61294,8.9695,0.233097
53.61325,8.9639,0.221145
53.61356,8.9791,0.223625
53.61387,8.9725,0.224833
53.61412,8.9631,0.224833
53.61443,8.9668,0.222041
53.61474,8.9781,0.215161
53.61505,8.9648,0.221249
53.61536,8.9631,0.221537
53.61567,8.9621,0.222041
53.61592,8.9818,0.222041
53.61623,8.9725,0.221937
53.61654,8.9752,0.228713
53.61685,8.9631,0.222145
53.61716,8.9705,0.221937
53.61747,8.9725,0.220433
53.61773,8.9715,0.220433
53.61803,8.9715,0.220641
53.61834,8.9678,0.220849
53.61865,8.9725,0.226129
53.61896,8.9752,0.223337
53.61922,8.9734,0.223337
53.61953,8.9715,0.221745
53.61984,8.9678,0.224729
53.62015,8.9688,0.223937
53.62046,8.9848,0.224233
53.62077,8.9725,0.219249
53.62102,8.9771,0.219249
53.62133,8.9734,0.221249
53.62164,8.9592,0.220249
53.62195,8.9688,0.219849
53.62226,8.9744,0.221433
53.62257,8.9771,0.220249
53.62282,8.9781,0.220249
53.62313,8.9705,0.219145
53.62344,8.9734,0.219145
53.62375,8.9715,0.219745
53.62406,8.9725,0.220641
53.62432,8.9705,0.220641
53.62463,8.9658,0.258521
53.62494,8.9688,0.259921
53.62525,8.9688,0.255041
53.62556,8.9725,0.218641
53.62586,8.9611,0.218849
53.62612,8.9752,0.218849
53.62643,8.9781,0.218449
53.62674,8.9857,0.219537
53.62705,8.9705,0.208673
53.62736,8.9762,0.203185
53.62762,8.9715,0.203185
53.62793,8.9688,0.203105
53.62824,8.9639,0.202993
53.62855,8.9668,0.218449
53.62885,8.9695,0.221833
53.62917,8.9781,0.219457
53.62942,8.9771,0.219457
53.62973,8.9631,0.229609
53.63004,8.9648,0.234705
53.63035,8.9752,0.221145
53.63066,8.9781,0.220249
53.63097,8.9688,0.218953
53.63122,8.9697,0.218953
53.63153,8.9648,0.221249
53.63184,8.9725,0.220641
53.63215,8.9725,0.220353
53.63246,8.9754,0.219745
53.63277,8.9688,0.222041
53.63302,8.9762,0.222041
53.63333,8.9744,0.224937
53.63364,8.9725,0.222041
53.63395,8.9688,0.261521
53.63426,8.9668,0.266801
53.63452,8.9631,0.266801
53.63483,8.9668,0.259921
53.63514,8.9828,0.253057
53.63544,8.9688,0.229217
53.63576,8.9668,0.228713
53.63607,8.9688,0.214761
53.63632,8.9705,0.214761
53.63663,8.9695,0.212673
53.63694,8.9705,0.213465
53.63725,8.9688,0.215449
53.63756,8.9771,0.217241
53.63787,8.9734,0.227217
53.63812,8.9715,0.227217
53.63843,8.9592,0.230401
53.63874,8.9668,0.234009
53.63905,8.9715,0.218241
53.63936,8.9725,0.220145
53.63961,8.9668,0.220145
53.63992,8.9725,0.219033
53.64023,8.9781,0.222329
53.64054,8.9762,0.220745
53.64085,8.9781,0.219641
53.64116,8.9631,0.221641
53.64142,8.9621,0.221641
53.64173,8.9658,0.221433
53.64204,8.9602,0.216849
53.64235,8.9668,0.218345
53.64266,8.9705,0.218953
53.64297,8.9688,0.219745
53.64322,8.9678,0.219745
53.64353,8.9658,0.220849
53.64384,8.9725,0.219057
53.64415,8.9648,0.220537
53.64446,8.9678,0.220041
53.64477,8.9668,0.219849
53.64502,8.9688,0.219849
53.64533,8.9734,0.215449
53.64564,8.9705,0.219353
53.64595,8.9678,0.222225
53.64626,8.9734,0.220041
53.64651,8.9752,0.220041
53.64682,8.9678,0.220849
53.64713,8.9668,0.220249
53.64744,8.9688,0.222433
53.64775,8.9734,0.221041
53.64806,8.9818,0.222649
53.64831,8.9639,0.222649
53.64862,8.9688,0.223233
53.64893,8.9695,0.220849
53.64924,8.9734,0.222729
53.64955,8.9762,0.220249
53.64986,8.9744,0.217953
53.65012,8.9705,0.217953
53.65043,8.9725,0.220249
53.65074,8.9715,0.255641
53.65105,8.9705,0.260025
53.65136,8.9688,0.254137
53.65161,8.9658,0.254137
53.65192,8.9631,0.235393
53.65223,8.9688,0.212569
53.65254,8.9695,0.206585
53.65285,8.9695,0.215449
53.65316,8.9639,0.218057
53.65341,8.9695,0.218057
53.65372,8.9705,0.214865
53.65403,8.9771,0.216953
53.65434,8.9762,0.203497
53.65465,8.9734,0.205689
53.65496,8.9621,0.206873
53.65521,8.9631,0.206873
53.65552,8.9818,0.209777
53.65583,8.9754,0.213465
53.65614,8.9678,0.232801
53.65645,8.9688,0.234305
53.65676,8.9705,0.221249
53.65702,8.9648,0.221249
53.65733,8.9582,0.222649
53.65764,8.9695,0.223337
53.65795,8.9688,0.220849
53.65826,8.9725,0.224441
53.65851,8.9678,0.224441
53.65882,8.9801,0.222537
53.65913,8.9678,0.218561
53.65944,8.9752,0.222329
53.65975,8.9648,0.221249
53.66006,8.9621,0.221641
53.66031,8.9678,0.221641
53.66062,8.9781,0.222041
53.66093,8.9688,0.264321
53.66124,8.9555,0.260129
53.66155,8.9695,0.248257
53.66186,8.9744,0.231217
53.66211,8.9602,0.231217
53.66242,8.9705,0.233409
53.66273,8.9744,0.214657
53.66305,8.9752,0.214361
53.66336,8.9734,0.213153
53.66367,8.9715,0.213761
53.66392,8.9791,0.213761
53.66423,8.9754,0.226313
53.66454,8.9752,0.227217
53.66485,8.9734,0.233993
53.66516,8.9705,0.242673
53.66547,8.9639,0.237097
53.66572,8.9611,0.237097
53.66603,8.9611,0.220745
53.66634,8.9725,0.225129
53.66665,8.9688,0.218745
53.66696,8.9611,0.219145
53.66721,8.9678,0.219145
53.66752,8.9658,0.225129
53.66783,8.9631,0.257625
53.66814,8.9744,0.224729
53.66845,8.9631,0.233593
53.66876,8.9574,0.257145
53.66901,8.9678,0.257145
53.66933,8.9705,0.223233
53.66964,8.9574,0.256249
53.66995,8.9631,0.223937
53.67025,8.9621,0.221433
53.67056,8.9715,0.238497
53.67082,8.9734,0.238497
53.67113,8.9678,0.247761
53.67144,8.9697,0.220849
53.67175,8.9611,0.255745
53.67206,8.9621,0.223129
53.67237,8.9695,0.220041
53.67262,8.9715,0.220041
53.67293,8.9695,0.245065
53.67324,8.9555,0.221833
53.67355,8.9771,0.219457
53.67386,8.9695,0.249553
53.67411,8.9705,0.249553
53.67442,8.9695,0.219145
53.67473,8.9838,0.256433
53.67504,8.9801,0.238289
53.67536,8.9771,0.226633
53.67567,8.9688,0.224337
53.67592,8.9715,0.224337
53.67623,8.9668,0.258441
53.67654,8.9705,0.221937
53.67685,8.9705,0.255041
53.67716,8.9695,0.231217
53.67741,8.9715,0.231217
53.67772,8.9734,0.222329
53.67803,8.9668,0.228217
53.67834,8.9688,0.222225
53.67865,8.9658,0.221041
53.67896,8.9668,0.255537
53.67921,8.9695,0.255537
53.67952,8.9639,0.222329
53.67983,8.9668,0.221537
53.68014,8.9697,0.255353
53.68045,8.9734,0.218057
53.68076,8.9838,0.220537
53.68101,8.9715,0.220537
53.68132,8.9754,0.252745
53.68163,8.9688,0.219457
53.68194,8.9744,0.233513
53.68225,8.9697,0.248761
53.68256,8.9715,0.221249
53.68282,8.9801,0.221249
53.68313,8.9611,0.220433
53.68343,8.9678,0.221433
53.68375,8.9688,0.218057
53.68406,8.9658,0.246361
53.68431,8.9648,0.246361
53.68462,8.9658,0.236889
53.68493,8.9668,0.217553
53.68524,8.9752,0.251553
53.68555,8.9658,0.217449
53.68586,8.9715,0.219937
53.68611,8.9611,0.219937
53.68642,8.9688,0.255433
53.68673,8.9791,0.219033
53.68704,8.9744,0.223833
53.68735,8.9697,0.253137
53.68766,8.9771,0.218345
53.68792,8.9801,0.218345
53.68823,8.9754,0.217241
53.68854,8.9639,0.224129
53.68885,8.9695,0.221433
53.68916,8.9639,0.233905
53.68941,8.9705,0.233905
53.68972,8.9695,0.257625
53.69003,8.9631,0.221537
53.69034,8.9678,0.257729
53.69065,8.9688,0.220249
53.69096,8.9639,0.219537
53.69121,8.9754,0.219537
53.69152,8.9715,0.235201
53.69183,8.9771,0.250161
53.69214,8.9602,0.221537
53.69245,8.9725,0.255249
53.69276,8.9705,0.219937
53.69301,8.9658,0.219937
53.69332,8.9695,0.219457
53.69363,8.9668,0.244169
53.69394,8.9857,0.221433
53.69425,8.9688,0.220641
53.69451,8.9705,0.220641
53.69482,8.9688,0.256833
53.69513,8.9639,0.221041
53.69544,8.9705,0.248465
53.69574,8.9574,0.236289
53.69605,8.9631,0.226417
53.69631,8.9705,0.226417
53.69662,8.9705,0.229217
53.69693,8.9658,0.262025
53.69724,8.9658,0.227025
53.69755,8.9658,0.260337
53.69786,8.9648,0.233801
53.69811,8.9809,0.233801
53.69842,8.9695,0.225625
53.69873,8.9648,0.256433
53.69904,8.9668,0.225129
53.69935,8.9705,0.223441
53.69966,8.9695,0.254353
53.69991,8.9678,0.254353
53.70022,8.9705,0.224025
53.70053,8.9715,0.232305
53.70084,8.9744,0.252953
53.70115,8.9715,0.221249
53.70141,8.9781,0.221249
53.70171,8.9697,0.223233
53.70203,8.9715,0.254433
53.70233,8.9668,0.219849
53.70264,8.9734,0.240585
53.70295,8.9592,0.247969
53.70321,8.9725,0.247969
53.70352,8.9678,0.223337
53.70383,8.9678,0.224729
53.70414,8.9725,0.224025
53.70445,8.9697,0.222537
53.70476,8.9734,0.244777
53.70501,8.9688,0.244777
53.70532,8.9648,0.240481
53.70563,8.9762,0.224233
53.70594,8.9611,0.260417
53.70625,8.9648,0.233593
53.70651,8.9705,0.233593
53.70682,8.9705,0.220353
53.70712,8.9688,0.252553
53.70744,8.9678,0.221041
53.70775,8.9725,0.221537
53.70806,8.9668,0.256329
53.70831,8.9648,0.256329
53.70862,8.9781,0.217057
53.70893,8.9648,0.208673
53.70924,8.9744,0.211865
53.70955,8.9715,0.210465
53.70986,8.9715,0.212073
53.71011,8.9668,0.212073
53.71042,8.9695,0.216265
53.71073,8.9695,0.220433
53.71104,8.9715,0.222433
53.71135,8.9771,0.221433
53.71161,8.9752,0.221433
53.71192,8.9705,0.228529
53.71223,8.9725,0.222649
53.71254,8.9744,0.221329
53.71285,8.9762,0.222041
53.71316,8.9648,0.220537
53.71341,8.9668,0.220537
53.71372,8.9678,0.219849
53.71403,8.9715,0.215369
53.71434,8.9771,0.221329
53.71465,8.9678,0.221329
53.71496,8.9658,0.220353
53.71521,8.9705,0.220353
53.71552,8.9715,0.223833
53.71583,8.9715,0.220849
53.71614,8.9631,0.260129
53.71645,8.9695,0.262713
53.71670,8.9695,0.262713
53.71702,8.9725,0.260625
53.71733,8.9752,0.231905
53.71764,8.9705,0.231801
53.71795,8.9752,0.229905
53.71826,8.9695,0.225625
53.71851,8.9744,0.225625
53.71882,8.9695,0.221145
53.71913,8.9762,0.216057
53.71944,8.9705,0.227921
53.71975,8.9754,0.231409
53.72006,8.9781,0.226233
53.72031,8.9678,0.226233
53.72062,8.9678,0.230401
53.72093,8.9648,0.231617
53.72124,8.9688,0.222145
53.72155,8.9725,0.217745
53.72180,8.9725,0.217745
53.72211,8.9695,0.218849
53.72242,8.9752,0.219745
53.72273,8.9744,0.218641
53.72304,8.9695,0.218345
53.72335,8.9705,0.218641
53.72360,8.9705,0.218641
53.72391,8.9828,0.221937
53.72422,8.9697,0.222649
53.72453,8.9715,0.222729
53.72484,8.9744,0.221937
53.72515,8.9725,0.222649
53.72541,8.9658,0.222649
53.72572,8.9658,0.220041
53.72602,8.9658,0.217657
53.72634,8.9744,0.219641
53.72665,8.9678,0.220641
53.72696,8.9762,0.217953
53.72721,8.9734,0.217953
53.72752,8.9725,0.220433
53.72783,8.9705,0.218745
53.72814,8.9734,0.221641
53.72845,8.9725,0.219353
53.72876,8.9771,0.220745
53.72901,8.9725,0.220745
53.72932,8.9734,0.221537
53.72963,8.9631,0.220937
53.72994,8.9818,0.224625
53.73025,8.9762,0.222729
53.73050,8.9631,0.222729
53.73081,8.9611,0.221041
53.73112,8.9695,0.224833
53.73143,8.9781,0.221937
53.73174,8.9678,0.222833
53.73205,8.9648,0.224625
53.73230,8.9705,0.224625
53.73261,8.9762,0.224337
53.73292,8.9762,0.256537
53.73323,8.9641,0.256433
53.73354,8.9658,0.252345
53.73385,8.9648,0.219457
53.73411,8.9715,0.219457
53.73441,8.9752,0.213073
53.73473,8.9752,0.206585
53.73504,8.9715,0.215161
53.73535,8.9695,0.213569
53.73560,8.9762,0.213569
53.73591,8.9611,0.210465
53.73622,8.9678,0.201097
53.73653,8.9781,0.200497
53.73684,8.9781,0.201201
53.73715,8.9658,0.200809
53.73741,8.9697,0.200809
53.73772,8.9705,0.205977
53.73803,8.9648,0.220433
53.73834,8.9809,0.233697
53.73864,8.9688,0.236393
53.73895,8.9762,0.221745
53.73921,8.9668,0.221745
53.73952,8.9734,0.224937
53.73983,8.9752,0.221833
53.74014,8.9848,0.221041
53.74045,8.9658,0.220641
53.74070,8.9715,0.220641
53.74101,8.9734,0.222329
53.74132,8.9762,0.220249
53.74164,8.9695,0.218849
53.74195,8.9658,0.219745
53.74225,8.9621,0.223625
53.74251,8.9744,0.223625
53.74282,8.9695,0.220249
53.74313,8.9668,0.264905
53.74344,8.9705,0.258625
53.74375,8.9631,0.237889
53.74406,8.9734,0.228217
53.74431,8.9725,0.228217
53.74462,8.9678,0.229009
53.74493,8.9678,0.217849
53.74524,8.9801,0.217745
53.74555,8.9752,0.215161
53.74580,8.9762,0.215161
53.74611,8.9809,0.216449
53.74642,8.9697,0.229425
53.74673,8.9658,0.226313
53.74705,8.9848,0.232905
53.74730,8.9668,0.232905
53.74761,8.9621,0.251345
53.74792,8.9705,0.228321
53.74823,8.9725,0.221833
53.74854,8.9725,0.219249
53.74885,8.9648,0.220433
53.74910,8.9725,0.220433
53.74941,8.9725,0.222225
53.74972,8.9725,0.220041
53.75003,8.9725,0.222329
53.75034,8.9688,0.219249
53.75065,8.9744,0.220353
53.75090,8.9658,0.220353
53.75121,8.9725,0.220433
53.75152,8.9725,0.219849
53.75183,8.9639,0.223441
53.75214,8.9678,0.224729
53.75245,8.9762,0.224129
53.75270,8.9678,0.224129
53.75302,8.9744,0.223937
53.75333,8.9715,0.223833
53.75364,8.9648,0.225921
53.75394,8.9705,0.218057
53.75425,8.9678,0.219745
53.75451,8.9828,0.219745
53.75482,8.9781,0.236289
53.75513,8.9688,0.222937
53.75544,8.9678,0.220537
53.75575,8.9771,0.220641
53.75600,8.9762,0.220641
53.75631,8.9715,0.220353
53.75662,8.9695,0.220641
53.75693,8.9705,0.221833
53.75724,8.9631,0.222537
53.75755,8.9771,0.224025
53.75780,8.9658,0.224025
53.75811,8.9574,0.221641
53.75842,8.9725,0.220937
53.75873,8.9715,0.223729
53.75904,8.9705,0.220849
53.75935,8.9631,0.224833
53.75961,8.9734,0.224833
53.75992,8.9715,0.255145
53.76022,8.9688,0.258833
53.76053,8.9668,0.258441
53.76085,8.9678,0.218953
53.76110,8.9648,0.218953
53.76141,8.9688,0.213361
53.76172,8.9725,0.211361
53.76203,8.9715,0.216265
53.76234,8.9705,0.217745
53.76265,8.9801,0.215657
53.76290,8.9771,0.215657
53.76321,8.9762,0.201785
53.76352,8.9771,0.199705
53.76383,8.9744,0.203497
53.76414,8.9688,0.205481
53.76445,8.9725,0.210065
53.76470,8.9744,0.210065
53.76501,8.9725,0.216057
53.76533,8.9611,0.231321
53.76564,8.9725,0.224937
53.76595,8.9688,0.223233
53.76620,8.9688,0.223233
53.76651,8.9771,0.220041
53.76682,8.9705,0.222225
53.76713,8.9695,0.218849
53.76744,8.9695,0.221537
53.76775,8.9631,0.217241
53.76800,8.9734,0.217241
53.76831,8.9678,0.217553
53.76862,8.9744,0.220249
53.76893,8.9678,0.217953
53.76924,8.9641,0.225833
53.76955,8.9695,0.238289
53.76980,8.9668,0.238289
53.77011,8.9631,0.257729
53.77042,8.9725,0.257041
53.77073,8.9678,0.214361
53.77104,8.9781,0.228713
53.77130,8.9715,0.228713
53.77161,8.9771,0.223625
53.77192,8.9688,0.215449
53.77223,8.9791,0.214465
53.77254,8.9771,0.211569
53.77285,8.9688,0.219145
53.77310,8.9705,0.219145
53.77341,8.9744,0.229713
53.77372,8.9631,0.229217
53.77403,8.9744,0.241289
53.77434,8.9631,0.241873
53.77465,8.9648,0.232905
53.77490,8.9744,0.232905
53.77521,8.9668,0.215953
53.77552,8.9715,0.217849
53.77583,8.9762,0.216449
53.77614,8.9705,0.217745
53.77645,8.9725,0.218057
53.77670,8.9762,0.218057
53.77702,8.9648,0.219033
53.77733,8.9678,0.219033
53.77764,8.9734,0.218953
53.77795,8.9688,0.219033
53.77820,8.9668,0.219033
53.77851,8.9639,0.218345
53.77882,8.9791,0.217161
53.77913,8.9611,0.219745
53.77944,8.9695,0.219849
53.77975,8.9621,0.223937
53.78000,8.9762,0.223937
53.78031,8.9828,0.223337
53.78062,8.9688,0.223233
53.78093,8.9744,0.224337
53.78124,8.9725,0.224441
53.78155,8.9697,0.222729
53.78180,8.9705,0.222729
53.78211,8.9734,0.222145
53.78242,8.9771,0.221745
53.78273,8.9705,0.220937
53.78305,8.9695,0.219849
53.78330,8.9678,0.219849
53.78361,8.9725,0.222833
53.78392,8.9715,0.220641
53.78423,8.9754,0.223041
53.78454,8.9734,0.222433
53.78485,8.9688,0.223625
53.78510,8.9658,0.223625
53.78541,8.9668,0.221249
53.78572,8.9744,0.220433
53.78603,8.9611,0.219249
53.78634,8.9695,0.240081
53.78665,8.9602,0.259625
53.78690,8.9582,0.259625
53.78721,8.9658,0.260025
53.78752,8.9668,0.221249
53.78783,8.9715,0.219537
53.78814,8.9697,0.223233
53.78839,8.9771,0.223233
53.78871,8.9715,0.215369
53.78902,8.9744,0.212361
53.78933,8.9725,0.202289
53.78964,8.9744,0.204081
53.78995,8.9744,0.203689
53.79020,8.9705,0.203689
53.79051,8.9734,0.205873
53.79082,8.9725,0.215369
53.79113,8.9668,0.220745
53.79144,8.9695,0.231113
53.79175,8.9744,0.234705
53.79200,8.9744,0.234705
53.79231,8.9762,0.223441
53.79262,8.9648,0.221329
53.79293,8.9744,0.220041
53.79324,8.9734,0.220641
53.79349,8.9658,0.220641
53.79380,8.9611,0.221145
53.79411,8.9688,0.223441
53.79442,8.9791,0.222145
53.79473,8.9695,0.223937
53.79505,8.9639,0.226417
53.79530,8.9781,0.226417
53.79561,8.9818,0.226521
53.79592,8.9752,0.263321
53.79623,8.9715,0.264713
53.79654,8.9641,0.260025
53.79685,8.9688,0.247257
53.79710,8.9734,0.247257
53.79741,8.9695,0.227025
53.79772,8.9734,0.232697
53.79803,8.9809,0.219057
53.79834,8.9752,0.216345
53.79859,8.9781,0.216345
53.79890,8.9791,0.212569
53.79921,8.9705,0.214361
53.79952,8.9715,0.223625
53.79983,8.9668,0.229817
53.80014,8.9648,0.240689
53.80039,8.9668,0.240689
53.80070,8.9688,0.244465
53.80102,8.9705,0.225521
53.80132,8.9744,0.226025
53.80164,8.9688,0.224233
53.80194,8.9744,0.222937
53.80220,8.9658,0.222937
53.80251,8.9725,0.222937
53.80282,8.9705,0.220937
53.80313,8.9725,0.219353
53.80344,8.9715,0.220849
53.80375,8.9668,0.220249
53.80400,8.9592,0.220249
53.80431,8.9678,0.218241
53.80462,8.9744,0.219849
53.80493,8.9744,0.218953
53.80524,8.9734,0.222041
53.80555,8.9668,0.221041
53.80580,8.9688,0.221041
53.80611,8.9648,0.219033
53.80642,8.9818,0.218057
53.80673,8.9744,0.218953
53.80704,8.9688,0.220353
53.80729,8.9762,0.220353
53.80760,8.9725,0.219249
53.80791,8.9695,0.221833
53.80822,8.9602,0.223545
53.80853,8.9715,0.221937
53.80884,8.9754,0.222937
53.80910,8.9688,0.222937
53.80940,8.9697,0.221937
53.81160,8.9771,0.219641
53.81337,8.9678,0.252553
53.81513,8.9678,0.217057
53.81689,8.9762,0.203393
53.81865,8.9678,0.231721
53.82040,8.9762,0.224937
53.82216,8.9771,0.224233
53.82392,8.9744,0.226025
53.82411,8.9574,0.230905
53.82442,8.9725,0.231409
53.82473,8.9658,0.214073
53.82504,8.9725,0.212865
53.82530,8.9725,0.212865
53.82561,8.9688,0.207377
53.82592,8.9725,0.226633
53.82623,8.9688,0.229817
53.82654,8.9688,0.231305
53.82679,8.9639,0.231305
53.82710,8.9639,0.240185
53.82741,8.9678,0.235705
53.82772,8.9678,0.220937
53.82803,8.9744,0.219849
53.82834,8.9705,0.221937
53.82859,8.9705,0.221937
53.82890,8.9688,0.221729
53.82921,8.9658,0.238577
53.82952,8.9705,0.253537
53.82983,8.9678,0.243089
53.83014,8.9725,0.225625
53.83039,8.9705,0.225625
53.83070,8.9592,0.225625
53.83101,8.9658,0.220537
53.83132,8.9621,0.221433
53.83163,8.9688,0.253641
53.83194,8.9697,0.229321
53.83219,8.9668,0.229321
53.83250,8.9705,0.219537
53.83282,8.9668,0.255249
53.83313,8.9631,0.223441
53.83344,8.9791,0.218849
53.83369,8.9688,0.218849
53.83400,8.9697,0.254137
53.83431,8.9725,0.222937
53.83462,8.9658,0.231305
53.83493,8.9725,0.256937
53.83524,8.9668,0.225025
53.83549,8.9658,0.225025
53.83580,8.9611,0.220641
53.83611,8.9725,0.224233
53.83642,8.9688,0.225337
53.83673,8.9658,0.240377
53.83704,8.9725,0.250553
53.83729,8.9639,0.250553
53.83760,8.9781,0.226313
53.83791,8.9744,0.255353
53.83822,8.9705,0.219641
53.83853,8.9658,0.220433
53.83879,8.9725,0.220433
53.83910,8.9648,0.247657
53.83941,8.9688,0.221041
53.83972,8.9678,0.224441
53.84003,8.9668,0.256041
53.84034,8.9688,0.223729
53.84059,8.9688,0.223729
53.84090,8.9791,0.219353
53.84121,8.9688,0.236201
53.84152,8.9631,0.222145
53.84183,8.9771,0.225233
53.84214,8.9631,0.258337
53.84239,8.9678,0.258337
53.84270,8.9705,0.219033
53.84301,8.9715,0.255937
53.84332,8.9688,0.231217
53.84363,8.9744,0.224441
53.84389,8.9658,0.224441
53.84419,8.9648,0.232697
53.84450,8.9705,0.258545
53.84482,8.9734,0.218057
53.84513,8.9688,0.254457
53.84544,8.9639,0.221249
53.84569,8.9688,0.221249
53.84600,8.9744,0.219033
53.84631,8.9801,0.249049
53.84662,8.9705,0.219057
53.84693,8.9668,0.219537
53.84724,8.9705,0.256329
53.84749,8.9658,0.256329
53.84780,8.9715,0.221041
53.84811,8.9744,0.239585
53.84842,8.9744,0.246361
53.84873,8.9631,0.217953
53.84904,8.9648,0.221329
53.84929,8.9695,0.221329
53.84960,8.9725,0.254249
53.84991,8.9734,0.222729
53.85022,8.9658,0.251553
53.85053,8.9725,0.240793
53.85079,8.9705,0.240793
53.85110,8.9752,0.225625
53.85141,8.9621,0.258937
53.85172,8.9705,0.222937
53.85203,8.9725,0.223625
53.85234,8.9734,0.258121
53.85259,8.9668,0.258121
53.85290,8.9658,0.230617
53.85321,8.9752,0.224337
53.85352,8.9574,0.252241
53.85383,8.9705,0.217953
53.85414,8.9762,0.219457
53.85439,8.9574,0.219457
53.85470,8.9678,0.249361
53.85501,8.9762,0.220145
53.85532,8.9688,0.231113
53.85563,8.9584,0.252745
53.85588,8.9658,0.252745
53.85619,8.9715,0.219849
53.85650,8.9705,0.220353
53.85682,8.9734,0.223441
53.85713,8.9688,0.223129
53.85744,8.9574,0.236601
53.85769,8.9658,0.236601
53.85800,8.9705,0.254353
53.85831,8.9648,0.215849
53.85862,8.9715,0.255433
53.85893,8.9725,0.219145
53.85924,8.9705,0.216953
53.85949,8.9725,0.216953
53.85980,8.9621,0.239481
53.86011,8.9648,0.220537
53.86042,8.9705,0.220745
53.86073,8.9705,0.253345
53.86098,8.9695,0.253345
53.86129,8.9688,0.219457
53.86160,8.9734,0.218057
53.86191,8.9688,0.233697
53.86222,8.9678,0.215265
53.86253,8.9734,0.219641
53.86278,8.9668,0.219641
53.86310,8.9658,0.258233
53.86341,8.9791,0.221433
53.86372,8.9771,0.256329
53.86403,8.9639,0.233305
53.86428,8.9752,0.233305
53.86459,8.9752,0.225417
53.86490,8.9658,0.231617
53.86521,8.9752,0.227025
53.86552,8.9658,0.225337
53.86583,8.9639,0.259833
53.86608,8.9631,0.259833
53.86639,8.9668,0.225833
53.86670,8.9715,0.220745
53.86701,8.9602,0.252161
53.86732,8.9715,0.221537
53.86763,8.9658,0.222249
53.86794,8.9725,0.255433
53.86820,8.9592,0.255433
53.86850,8.9688,0.221329
53.86882,8.9781,0.239793
53.86913,8.9668,0.244465
53.86944,8.9801,0.219457
53.86975,8.9648,0.223441
53.87000,8.9648,0.223441
53.87031,8.9582,0.256833
53.87062,8.9688,0.212257
53.87093,8.9734,0.213657
53.87124,8.9744,0.221041
53.87149,8.9754,0.221041
53.87180,8.9725,0.221041
53.87211,8.9791,0.212969
53.87242,8.9752,0.209377
53.87273,8.9705,0.212673
53.87304,8.9668,0.221145
53.87329,8.9705,0.221145
53.87360,8.9725,0.217657
53.87391,8.9725,0.231305
53.87422,8.9611,0.222225
53.87453,8.9715,0.223129
53.87485,8.9752,0.223041
53.87510,8.9695,0.223041
53.87541,8.9715,0.223233
53.87572,8.9705,0.221249
53.87603,8.9744,0.221641
53.87634,8.9668,0.221041
53.87659,8.9611,0.221041
53.87690,8.9658,0.220433
53.87721,8.9668,0.223937
53.87752,8.9734,0.220849
53.87783,8.9725,0.221937
53.87814,8.9621,0.264113
53.87839,8.9648,0.264113
53.87870,8.9602,0.265801
53.87901,8.9574,0.235097
53.87932,8.9744,0.230905
53.87963,8.9725,0.235393
53.87994,8.9715,0.228921
53.88019,8.9715,0.228921
53.88050,8.9668,0.216345
53.88081,8.9744,0.212673
53.88113,8.9705,0.216057
53.88144,8.9715,0.223129
53.88169,8.9658,0.223129
53.88200,8.9705,0.230721
53.88231,8.9744,0.226521
53.88262,8.9678,0.244465
53.88293,8.9639,0.232905
53.88324,8.9705,0.219849
53.88349,8.9705,0.219849
53.88380,8.9668,0.219641
53.88411,8.9734,0.218641
53.88442,8.9658,0.221249
53.88473,8.9762,0.223041
53.88504,8.9697,0.223041
53.88529,8.9705,0.223041
53.88560,8.9678,0.223441
53.88591,8.9705,0.222225
53.88622,8.9678,0.222937
53.88653,8.9752,0.222537
53.88684,8.9678,0.219641
53.88710,8.9639,0.219641
53.88741,8.9678,0.218057
53.88772,8.9752,0.217161
53.88803,8.9762,0.216657
53.88834,8.9668,0.218345
53.88859,8.9744,0.218345
53.88890,8.9705,0.220745
53.88921,8.9688,0.219849
53.88952,8.9809,0.216265
53.88983,8.9725,0.216345
53.89014,8.9791,0.219033
53.89039,8.9639,0.219033
53.89070,8.9725,0.217553
53.89101,8.9725,0.215865
53.89132,8.9688,0.218849
53.89163,8.9678,0.219937
53.89194,8.9695,0.222833
53.89220,8.9725,0.222833
53.89251,8.9705,0.222329
53.89282,8.9668,0.220249
53.89313,8.9668,0.222729
53.89344,8.9688,0.225521
53.89369,8.9705,0.225521
53.89400,8.9705,0.218641
53.89431,8.9725,0.219033
53.89462,8.9668,0.218953
53.89493,8.9688,0.260625
53.89524,8.9688,0.260233
53.89549,8.9574,0.260233
53.89580,8.9639,0.254745
53.89611,8.9695,0.213761
53.89642,8.9725,0.218561
53.89673,8.9725,0.207881
53.89704,8.9771,0.216657
53.89729,8.9725,0.216657
53.89760,8.9641,0.215049
53.89791,8.9678,0.218137
53.89822,8.9791,0.201201
53.89853,8.9771,0.200993
53.89884,8.9744,0.206977
53.89910,8.9885,0.206977
53.89941,8.9658,0.206873
53.89972,8.9781,0.222329
53.90003,8.9771,0.219953
53.90034,8.9715,0.233697
53.90059,8.9688,0.233697
53.90090,8.9715,0.234201
53.90121,8.9705,0.219745
53.90152,8.9678,0.219849
53.90183,8.9668,0.218953
53.90214,8.9752,0.215553
53.90239,8.9715,0.215553
53.90270,8.9658,0.217657
53.90301,8.9688,0.219033
53.90332,8.9744,0.220641
53.90363,8.9648,0.218745
53.90394,8.9744,0.218241
53.90419,8.9715,0.218241
53.90450,8.9695,0.220353
53.90481,8.9744,0.256249
53.90513,8.9582,0.266617
53.90544,8.9602,0.255041
53.90569,8.9555,0.255041
53.90600,8.9705,0.261313
53.90631,8.9734,0.224625
53.90662,8.9705,0.228217
53.90693,8.9705,0.218057
53.90724,8.9725,0.216449
53.90749,8.9715,0.216449
53.90780,8.9678,0.217657
53.90811,8.9734,0.214361
53.90842,8.9705,0.219249
53.90873,8.9658,0.228921
53.90904,8.9695,0.232905
53.90929,8.9668,0.232905
53.90960,8.9668,0.244065
53.90991,8.9668,0.226417
53.91022,8.9668,0.221433
53.91053,8.9744,0.222433
53.91079,8.9744,0.222433
53.91110,8.9695,0.217745
53.91141,8.9668,0.221249
53.91172,8.9658,0.223337
53.91203,8.9734,0.221145
53.91234,8.9668,0.220249
53.91259,8.9744,0.220249
53.91290,8.9762,0.221433
53.91321,8.9688,0.226313
53.91352,8.9781,0.225337
53.91383,8.9695,0.222937
53.91414,8.9678,0.226129
53.91439,8.9715,0.226129
53.91470,8.9734,0.223833
53.91501,8.9715,0.220249
53.91532,8.9771,0.220041
53.91563,8.9752,0.219249
53.91594,8.9648,0.220937
53.91619,8.9725,0.220937
53.91650,8.9639,0.220537
53.91682,8.9705,0.220353
53.91713,8.9564,0.222329
53.91744,8.9734,0.218641
53.91769,8.9828,0.218641
53.91800,8.9725,0.221041
53.91831,8.9688,0.218953
53.91862,8.9725,0.219745
53.91893,8.9648,0.220433
53.91918,8.9668,0.220433
53.91949,8.9668,0.221041
53.91980,8.9678,0.220145
53.92011,8.9688,0.224729
53.92042,8.9639,0.224129
53.92073,8.9705,0.223729
53.92099,8.9791,0.223729
53.92130,8.9762,0.223729
53.92160,8.9715,0.224521
53.92191,8.9611,0.256041
53.92223,8.9621,0.259625
53.92254,8.9564,0.266305
53.92279,8.9705,0.266305
53.92310,8.9631,0.222537
53.92341,8.9725,0.212569
53.92372,8.9744,0.214945
53.92403,8.9725,0.218641
53.92429,8.9639,0.218641
53.92459,8.9801,0.215265
53.92491,8.9818,0.218057
53.92522,8.9801,0.202097
53.92552,8.9734,0.203289
53.92583,8.9678,0.207193
53.92609,8.9725,0.207193
53.92640,8.9725,0.207193
53.92671,8.9791,0.220849
53.92702,8.9771,0.235201
53.92733,8.9705,0.237993
53.92764,8.9688,0.223937
53.92789,8.9648,0.223937
53.92820,8.9754,0.223625
53.92851,8.9688,0.218745
53.92882,8.9715,0.220041
53.92913,8.9791,0.221833
53.92938,8.9752,0.221833
53.92969,8.9801,0.220433
53.93000,8.9678,0.220145
53.93031,8.9734,0.215953
53.93062,8.9688,0.219641
53.93093,8.9818,0.217161
53.93119,8.9688,0.217161
53.93150,8.9658,0.218137
53.93181,8.9602,0.261417
53.93212,8.9508,0.258937
53.93242,8.9705,0.255937
53.93274,8.9688,0.216849
53.93299,8.9688,0.216849
53.93330,8.9695,0.227529
53.93361,8.9705,0.215553
53.93392,8.9752,0.214049
53.93423,8.9744,0.215449
53.93454,8.9752,0.213569
53.93479,8.9695,0.213569
53.93510,8.9725,0.217057
53.93541,8.9744,0.231217
53.93572,8.9725,0.223545
53.93603,8.9705,0.240185
53.93628,8.9631,0.240185
53.93659,8.9592,0.237681
53.93690,8.9752,0.225129
53.93721,8.9752,0.219353
53.93752,8.9762,0.217241
53.93783,8.9639,0.221329
53.93809,8.9781,0.221329
53.93840,8.9695,0.221329
53.93870,8.9734,0.221041
53.93901,8.9725,0.217657
53.93932,8.9752,0.219537
53.93963,8.9668,0.219537
53.93989,8.9725,0.219537
53.94020,8.9705,0.217849
53.94051,8.9688,0.218241
53.94082,8.9688,0.221249
53.94113,8.9781,0.224233
53.94144,8.9791,0.221249
53.94169,8.9801,0.221249
53.94200,8.9705,0.220937
53.94231,8.9752,0.219937
53.94262,8.9705,0.222041
53.94293,8.9725,0.219249
53.94318,8.9725,0.219249
53.94349,8.9658,0.218953
53.94380,8.9658,0.218745
53.94411,8.9678,0.220745
53.94442,8.9688,0.217953
53.94473,8.9705,0.218449
53.94498,8.9678,0.218449
53.94529,8.9734,0.217745
53.94560,8.9695,0.217657
53.94591,8.9762,0.222537
53.94622,8.9621,0.214465
53.94653,8.9592,0.221329
53.94679,8.9678,0.221329
53.94710,8.9688,0.220537
53.94741,8.9734,0.220537
53.94772,8.9734,0.224833
53.94803,8.9771,0.223625
53.94834,8.9658,0.258625
53.94859,8.9621,0.258625
53.94890,8.9648,0.260129
53.94921,8.9695,0.262921
53.94952,8.9744,0.224521
53.94983,8.9744,0.216449
53.95014,8.9678,0.214049
53.95039,8.9715,0.214049
53.95070,8.9668,0.212673
53.95101,8.9725,0.204585
53.95132,8.9715,0.202497
53.95163,8.9715,0.201497
53.95188,8.9695,0.201497
53.95219,8.9705,0.203393
53.95250,8.9771,0.215049
53.95281,8.9791,0.203105
53.95312,8.9744,0.202201
53.95343,8.9801,0.201201
53.95369,8.9725,0.201201
53.95400,8.9734,0.205289
53.95431,8.9781,0.217241
53.95462,8.9715,0.229321
53.95493,8.9697,0.218745
53.95524,8.9771,0.230009
53.95549,8.9574,0.230009
53.95580,8.9734,0.235889
53.95611,8.9688,0.222729
53.95642,8.9688,0.222041
53.95673,8.9791,0.221041
53.95698,8.9639,0.221041
53.95729,8.9818,0.220041
53.95760,8.9725,0.221249
53.95791,8.9734,0.218241
53.95822,8.9734,0.220937
53.95853,8.9725,0.219745
53.95878,8.9828,0.219745
53.95910,8.9734,0.221833
53.95941,8.9697,0.260025
53.95971,8.9648,0.264401
53.96003,8.9715,0.257041
53.96034,8.9678,0.242377
53.96059,8.9678,0.242377
53.96090,8.9668,0.226633
53.96121,8.9705,0.233801
53.96152,8.9688,0.214865
53.96183,8.9744,0.216953
53.96208,8.9705,0.216953
53.96239,8.9791,0.215161
53.96270,8.9715,0.216657
53.96301,8.9688,0.223233
53.96332,8.9688,0.231409
53.96363,8.9744,0.240977
53.96388,8.9668,0.240977
53.96419,8.9678,0.244065
53.96450,8.9762,0.234809
53.96481,8.9688,0.224337
53.96512,8.9705,0.223441
53.96543,8.9668,0.218745
53.96569,8.9762,0.218745
53.96600,8.9688,0.219145
53.96630,8.9734,0.219033
53.96662,8.9725,0.221145
53.96693,8.9734,0.221745
53.96724,8.9678,0.220353
53.96749,8.9639,0.220353
53.96780,8.9648,0.221641
53.96811,8.9668,0.222041
53.96842,8.9734,0.221537
53.96873,8.9715,0.222041
53.96898,8.9715,0.222041
53.96929,8.9631,0.220937
53.96960,8.9762,0.221641
53.96991,8.9658,0.221729
53.97022,8.9744,0.222225
53.97053,8.9744,0.221641
53.97078,8.9641,0.221641
53.97109,8.9725,0.218953
53.97141,8.9715,0.220145
53.97172,8.9725,0.220145
53.97203,8.9678,0.222329
53.97228,8.9725,0.222329
53.97259,8.9678,0.219457
53.97290,8.9762,0.217953
53.97321,8.9631,0.223337
53.97352,8.9725,0.227321
53.97383,8.9631,0.219249
53.97408,8.9621,0.219249
53.97439,8.9725,0.219745
53.97470,8.9715,0.218745
53.97501,8.9631,0.220145
53.97532,8.9621,0.220145
53.97563,8.9715,0.221833
53.97588,8.9715,0.221833
53.97619,8.9668,0.229009
53.97650,8.9611,0.263425
53.97681,8.9631,0.257729
53.97712,8.9668,0.220433
53.97743,8.9744,0.215865
53.97769,8.9734,0.215865
53.97800,8.9688,0.216265
53.97831,8.9725,0.217161
53.97861,8.9781,0.215161
53.97892,8.9705,0.210777
53.97918,8.9809,0.210777
53.97949,8.9705,0.204289
53.97980,8.9809,0.203585
53.98011,8.9801,0.202993
53.98042,8.9715,0.203393
53.98073,8.9762,0.204289
53.98098,8.9678,0.204289
53.98129,8.9705,0.210465
53.98160,8.9705,0.230009
53.98191,8.9668,0.232697
53.98222,8.9688,0.219537
53.98253,8.9791,0.218849
53.98278,8.9781,0.218849
53.98310,8.9688,0.222041
53.98341,8.9752,0.221329
53.98372,8.9668,0.221641
53.98403,8.9648,0.221641
53.98428,8.9744,0.221641
53.98459,8.9631,0.223625
53.98490,8.9648,0.220353
53.98521,8.9705,0.219953
53.98552,8.9705,0.218057
53.98583,8.9602,0.217553
53.98608,8.9688,0.217553
53.98639,8.9658,0.257041
53.98670,8.9658,0.254353
53.98701,8.9611,0.249945
53.98732,8.9668,0.226233
53.98763,8.9744,0.226921
53.98788,8.9762,0.226921
53.98819,8.9744,0.230721
53.98850,8.9744,0.214257
53.98881,8.9791,0.210857
53.98913,8.9744,0.209273
53.98938,8.9734,0.209273
53.98969,8.9668,0.215369
53.99000,8.9791,0.229025
53.99031,8.9611,0.241273
53.99062,8.9688,0.246361
53.99093,8.9678,0.236201
53.99118,8.9725,0.236201
53.99149,8.9688,0.223937
53.99180,8.9705,0.219457
53.99211,8.9762,0.220249
53.99242,8.9688,0.222729
53.99273,8.9648,0.220937
53.99298,8.9725,0.220937
53.99329,8.9639,0.254937
53.99360,8.9631,0.218449
53.99391,8.9695,0.233513
53.99422,8.9705,0.250161
53.99453,8.9678,0.219953
53.99479,8.9668,0.219953
53.99510,8.9668,0.255641
53.99541,8.9725,0.219953
53.99572,8.9602,0.217849
53.99603,8.9771,0.242193
53.99628,8.9611,0.242193
53.99659,8.9744,0.241769
53.99690,8.9631,0.223729
53.99721,8.9648,0.260921
53.99752,8.9705,0.222433
53.99783,8.9715,0.224521
53.99808,8.9705,0.224521
53.99839,8.9695,0.253849
53.99870,8.9801,0.220249
53.99901,8.9715,0.220745
53.99932,8.9648,0.255833
53.99957,8.9688,0.255833
53.99988,8.9762,0.219849
54.00019,8.9695,0.220849
54.00050,8.9688,0.228817
54.00082,8.9705,0.219849
54.00113,8.9754,0.229609
54.00138,8.9705,0.229609
54.00169,8.9725,0.255433
54.00200,8.9725,0.223937
54.00231,8.9678,0.254433
54.00262,8.9697,0.224025
54.00293,8.9705,0.220145
54.00318,8.9695,0.220145
54.00349,8.9631,0.234201
54.00380,8.9648,0.225833
54.00411,8.9639,0.224025
54.00442,8.9688,0.257145
54.00473,8.9631,0.226417
54.00498,8.9668,0.226417
54.00529,8.9592,0.224337
54.00560,8.9695,0.246969
54.00591,8.9715,0.223129
54.00622,8.9658,0.219145
54.00653,8.9744,0.256833
54.00678,8.9574,0.256833
54.00710,8.9705,0.220937
54.00741,8.9781,0.247257
54.00772,8.9602,0.238897
54.00803,8.9688,0.220249
54.00828,8.9695,0.220249
54.00859,8.9668,0.220937
54.00890,8.9771,0.223441
54.00921,8.9688,0.220537
54.00952,8.9705,0.249257
54.00977,8.9621,0.249257
54.01008,8.9818,0.232617
54.01039,8.9705,0.221937
54.01070,8.9658,0.256537
54.01101,8.9688,0.220937
54.01132,8.9695,0.221329
54.01157,8.9688,0.221329
54.01188,8.9734,0.256641
54.01219,8.9648,0.226025
54.01250,8.9574,0.230721
54.01281,8.9592,0.254137
54.01313,8.9668,0.219249
54.01338,8.9734,0.219249
54.01369,8.9715,0.216953
54.01400,8.9744,0.223833
54.01431,8.9705,0.218561
54.01462,8.9668,0.234593
54.01493,8.9725,0.248153
54.01518,8.9734,0.248153
54.01549,8.9734,0.218641
54.01580,8.9754,0.255145
54.01611,8.9762,0.218449
54.01642,8.9725,0.218241
54.01667,8.9688,0.218241
54.01698,8.9668,0.241081
54.01729,8.9744,0.241273
54.01760,8.9715,0.220537
54.01791,8.9688,0.256329
54.01822,8.9668,0.221145
54.01847,8.9838,0.221145
54.01878,8.9771,0.221249
54.01910,8.9631,0.239689
54.01941,8.9648,0.220537
54.01972,8.9678,0.220353
54.02003,8.9705,0.254137
54.02028,8.9744,0.254137
54.02059,8.9744,0.218953
54.02090,8.9658,0.253449
54.02121,8.9611,0.230825
54.02152,8.9752,0.218345
54.02177,8.9801,0.218345
54.02208,8.9631,0.222833
54.02239,8.9592,0.255937
54.02270,8.9744,0.218137
54.02301,8.9734,0.251449
54.02332,8.9631,0.219249
54.02357,8.9734,0.219249
54.02388,8.9648,0.218241
54.02419,8.9648,0.230217
54.02450,8.9705,0.231113
54.02481,8.9809,0.221433
54.02513,8.9658,0.256249
54.02538,8.9705,0.256249
54.02569,8.9678,0.220537
54.02600,8.9631,0.238897
54.02631,8.9754,0.247465
54.02662,8.9705,0.222225
54.02693,8.9668,0.219457
54.02718,8.9668,0.219457
54.02749,8.9688,0.254849
54.02780,8.9715,0.220745
54.02811,8.9725,0.245065
54.02842,8.9678,0.240393
54.02867,8.9781,0.240393
54.02898,8.9697,0.216953
54.02929,8.9648,0.222041
54.02960,8.9668,0.219641
54.02991,8.9744,0.222041
54.03022,8.9725,0.251265
54.03047,8.9688,0.251265
54.03078,8.9734,0.233697
54.03110,8.9678,0.221641
54.03141,8.9668,0.256641
54.03172,8.9791,0.223625
54.03203,8.9705,0.224729
54.03228,8.9648,0.224729
54.03259,8.9678,0.257433
54.03290,8.9781,0.223937
54.03321,8.9678,0.228817
54.03352,8.9688,0.261921
54.03377,8.9715,0.261921
54.03408,8.9648,0.218849
54.03439,8.9744,0.210857
54.03470,8.9678,0.207689
54.03501,8.9602,0.208273
54.03532,8.9705,0.209881
54.03557,8.9734,0.209881
54.03588,8.9725,0.199809
54.03619,8.9744,0.211969
54.03650,8.9725,0.217449
54.03681,8.9715,0.220041
54.03707,8.9725,0.220041
54.03738,8.9668,0.232305
54.03769,8.9771,0.226233
54.03800,8.9695,0.215265
54.03831,8.9668,0.220849
54.03862,8.9688,0.221833
54.03887,8.9705,0.221833
54.03918,8.9715,0.224833
54.03949,8.9678,0.225129
54.03980,8.9658,0.224833
54.04011,8.9688,0.224441
54.04042,8.9715,0.222833
54.04067,8.9744,0.222833
54.04098,8.9695,0.223233
54.04129,8.9688,0.236601
54.04160,8.9668,0.259833
54.04191,8.9697,0.261713
54.04222,8.9744,0.261313
54.04247,8.9678,0.261313
54.04279,8.9648,0.216761
54.04310,8.9668,0.222433
54.04341,8.9639,0.217241
54.04372,8.9818,0.213865
54.04397,8.9697,0.213865
54.04428,8.9631,0.212761
54.04459,8.9725,0.210169
54.04490,8.9705,0.229025
54.04521,8.9705,0.228817
54.04552,8.9658,0.229921
54.04577,8.9639,0.229921
54.04608,8.9744,0.245569
54.04639,8.9631,0.233905
54.04670,8.9688,0.220433
54.04701,8.9621,0.223129
54.04732,8.9744,0.224337
54.04757,8.9648,0.224337
54.04788,8.9734,0.223441
54.04819,8.9697,0.221433
54.04850,8.9648,0.222145
54.04882,8.9771,0.220745
54.04907,8.9781,0.220745
54.04938,8.9762,0.225417
54.04969,8.9631,0.222649
54.05000,8.9695,0.221249
54.05031,8.9762,0.221433
54.05062,8.9734,0.218745
54.05087,8.9695,0.218745
54.05118,8.9668,0.219849
54.05149,8.9752,0.218449
54.05180,8.9762,0.223625
54.05211,8.9611,0.222145
54.05242,8.9611,0.221641
54.05267,8.9688,0.221641
54.05298,8.9734,0.225625
54.05329,8.9734,0.222433
54.05360,8.9705,0.222937
54.05391,8.9631,0.221329
54.05422,8.9734,0.219745
54.05447,8.9771,0.219745
54.05479,8.9818,0.236305
54.05510,8.9695,0.220745
54.05541,8.9762,0.219249
54.05572,8.9754,0.219745
54.05597,8.9668,0.219745
54.05628,8.9688,0.220641
54.05659,8.9695,0.217057
54.05690,8.9695,0.219353
54.05721,8.9818,0.211777
54.05752,8.9688,0.216657
54.05777,8.9705,0.216657
54.05808,8.9658,0.218641
54.05839,8.9668,0.256329
54.05870,8.9744,0.255353
54.05901,8.9725,0.253641
54.05927,8.9582,0.253641
54.05958,8.9734,0.215049
54.05989,8.9611,0.212673
54.06020,8.9725,0.213969
54.06050,8.9734,0.219353
54.06082,8.9688,0.219537
54.06107,8.9631,0.219537
54.06138,8.9754,0.209961
54.06169,8.9744,0.202393
54.06200,8.9668,0.200497
54.06231,8.9715,0.201393
54.06262,8.9744,0.205289
54.06287,8.9658,0.205289
54.06318,8.9688,0.206481
54.06349,8.9771,0.221833
54.06380,8.9705,0.229025
54.06411,8.9678,0.224729
54.06442,8.9621,0.218561
54.06467,8.9668,0.218561
54.06498,8.9688,0.219033
54.06529,8.9592,0.211673
54.06560,8.9705,0.221041
54.06591,8.9734,0.218345
54.06617,8.9752,0.218345
54.06648,8.9705,0.215953
54.06679,8.9678,0.220849
54.06710,8.9631,0.222649
54.06741,8.9744,0.220937
54.06772,8.9668,0.221433
54.06797,8.9744,0.221433
54.06828,8.9648,0.230505
54.06859,8.9668,0.260337
54.06890,8.9715,0.257225
54.06921,8.9705,0.213657
54.06952,8.9697,0.227713
54.06977,8.9725,0.227713
54.07008,8.9678,0.228025
54.07039,8.9734,0.214049
54.07070,8.9752,0.213465
54.07101,8.9781,0.210673
54.07127,8.9762,0.210673
54.07157,8.9725,0.212177
54.07188,8.9705,0.216345
54.07219,8.9641,0.227817
54.07250,8.9641,0.242481
54.07282,8.9695,0.244169
54.07307,8.9668,0.244169
54.07338,8.9781,0.234009
54.07369,8.9668,0.223441
54.07400,8.9648,0.220937
54.07431,8.9791,0.225521
54.07462,8.9631,0.224833
54.07487,8.9725,0.224833
54.07518,8.9678,0.223937
54.07549,8.9705,0.228025
54.07580,8.9639,0.222145
54.07611,8.9801,0.221249
54.07636,8.9725,0.221249
54.07667,8.9715,0.220537
54.07698,8.9744,0.222329
54.07729,8.9668,0.222225
54.07760,8.9828,0.219457
54.07791,8.9744,0.217449
54.07816,8.9697,0.217449
54.07847,8.9695,0.219457
54.07879,8.9752,0.221833
54.07910,8.9781,0.221833
54.07941,8.9688,0.222225
54.07972,8.9725,0.220745
54.07997,8.9668,0.220745
54.08028,8.9668,0.221833
54.08059,8.9744,0.222225
54.08090,8.9715,0.223729
54.08121,8.9744,0.224521
54.08146,8.9688,0.224521
54.08177,8.9688,0.224233
54.08208,8.9705,0.227129
54.08239,8.9744,0.224833
54.08270,8.9631,0.222225
54.08301,8.9705,0.222145
54.08326,8.9678,0.222145
54.08357,8.9639,0.219953
54.08388,8.9668,0.220433
54.08419,8.9762,0.221145
54.08450,8.9705,0.221249
54.08481,8.9725,0.244673
54.08507,8.9639,0.244673
54.08538,8.9734,0.258625
54.08569,8.9525,0.256249
54.08599,8.9678,0.220433
54.08631,8.9752,0.215265
54.08662,8.9771,0.218057
54.08687,8.9621,0.218057
54.08718,8.9658,0.212569
54.08749,8.9734,0.217849
54.08780,8.9688,0.217161
54.08811,8.9744,0.205873
54.08842,8.9592,0.205289
54.08867,8.9752,0.205289
54.08898,8.9648,0.208585
54.08929,8.9762,0.206689
54.08960,8.9658,0.210273
54.08991,8.9801,0.219745
54.09022,8.9715,0.218953
54.09047,8.9648,0.218953
54.09078,8.9762,0.231217
54.09110,8.9648,0.217745
54.09140,8.9658,0.219145
54.09171,8.9648,0.219641
54.09197,8.9695,0.219641
54.09228,8.9791,0.222537
54.09259,8.9695,0.220353
54.09290,8.9602,0.221641
54.09321,8.9715,0.219353
54.09352,8.9678,0.218561
54.09377,8.9725,0.218561
54.09408,8.9715,0.223625
54.09439,8.9771,0.217953
54.09470,8.9678,0.230009
54.09501,8.9715,0.260625
54.09532,8.9592,0.261521
54.09557,8.9639,0.261521
54.09588,8.9611,0.258545
54.09619,8.9668,0.241689
54.09650,8.9705,0.227817
54.09681,8.9592,0.218561
54.09706,8.9734,0.218561
54.09738,8.9705,0.211969
54.09769,8.9678,0.210777
54.09800,8.9828,0.211673
54.09830,8.9688,0.214049
54.09862,8.9725,0.227713
54.09887,8.9688,0.227713
54.09918,8.9725,0.225233
54.09949,8.9678,0.236393
54.09980,8.9705,0.229817
54.10011,8.9688,0.220433
54.10042,8.9762,0.218137
54.10067,8.9744,0.218137
54.10098,8.9648,0.219457
54.10129,8.9631,0.220849
54.10160,8.9648,0.219353
54.10191,8.9734,0.221537
54.10216,8.9848,0.221537
54.10247,8.9744,0.221641
54.10278,8.9639,0.224521
54.10309,8.9697,0.225921
54.10340,8.9715,0.222041
54.10371,8.9705,0.221145
54.10396,8.9762,0.221145
54.10427,8.9697,0.220537
54.10458,8.9639,0.218449
54.10489,8.9734,0.217449
54.10520,8.9734,0.219353
54.10551,8.9695,0.219249
54.10577,8.9678,0.219249
54.10608,8.9631,0.219849
54.10638,8.9725,0.220937
54.10669,8.9697,0.219849
54.10700,8.9648,0.219745
54.10731,8.9658,0.219745
54.10757,8.9705,0.219745
54.10788,8.9734,0.220641
54.10819,8.9705,0.218561
54.10849,8.9734,0.220537
54.10881,8.9734,0.222145
54.10906,8.9734,0.222145
54.10937,8.9715,0.223625
54.11163,8.9762,0.248969
54.11340,8.9705,0.215265
54.11515,8.9801,0.199913
54.11691,8.9688,0.237993
54.11867,8.9762,0.220849
54.12043,8.9592,0.220849
54.12219,8.9715,0.257145
54.12394,8.9781,0.213257
54.12414,8.9648,0.216161
54.12439,8.9734,0.218641
54.12470,8.9734,0.215449
54.12501,8.9725,0.230721
54.12526,8.9744,0.230721
54.12557,8.9611,0.228817
54.12588,8.9705,0.236993
54.12619,8.9668,0.225417
54.12650,8.9688,0.233801
54.12681,8.9744,0.220641
54.12707,8.9725,0.220641
54.12737,8.9678,0.220249
54.12768,8.9688,0.221433
54.12799,8.9602,0.220537
54.12830,8.9688,0.222433
54.12856,8.9697,0.222433
54.12887,8.9631,0.221537
54.12918,8.9688,0.224025
54.12949,8.9668,0.224025
54.12980,8.9621,0.222937
54.13011,8.9715,0.221833
54.13036,8.9678,0.221833
54.13067,8.9631,0.223833
54.13098,8.9678,0.222041
54.13129,8.9641,0.223441
54.13160,8.9678,0.222225
54.13191,8.9734,0.221833
54.13216,8.9809,0.221833
54.13247,8.9725,0.219145
54.13278,8.9762,0.220849
54.13309,8.9734,0.220041
54.13340,8.9658,0.222225
54.13371,8.9762,0.219849
54.13396,8.9734,0.219849
54.13427,8.9668,0.216161
54.13458,8.9705,0.219953
54.13490,8.9688,0.221329
54.13521,8.9771,0.219457
54.13546,8.9695,0.219457
54.13577,8.9678,0.220537
54.13608,8.9705,0.220537
54.13639,8.9631,0.218745
54.13670,8.9725,0.221833
54.13701,8.9725,0.222537
54.13726,8.9688,0.222537
54.13757,8.9658,0.221641
54.13788,8.9725,0.258833
54.13819,8.9715,0.259233
54.13850,8.9705,0.259625
54.13881,8.9602,0.253849
54.13906,8.9678,0.253849
54.13937,8.9762,0.218449
54.13968,8.9725,0.210465
54.13999,8.9715,0.210569
54.14030,8.9744,0.216345
54.14055,8.9621,0.216345
54.14087,8.9715,0.213361
54.14118,8.9744,0.200409
54.14149,8.9744,0.200497
54.14180,8.9725,0.199305
54.14211,8.9668,0.204585
54.14236,8.9781,0.204585
54.14267,8.9705,0.217057
54.14298,8.9771,0.216553
54.14329,8.9688,0.226633
54.14360,8.9725,0.226817
54.14391,8.9715,0.221249
54.14416,8.9639,0.221249
54.14447,8.9658,0.220937
54.14478,8.9648,0.224233
54.14509,8.9658,0.224129
54.14540,8.9818,0.222225
54.14571,8.9744,0.216849
54.14596,8.9695,0.216849
54.14627,8.9668,0.217657
54.14658,8.9809,0.219033
54.14689,8.9771,0.217953
54.14721,8.9695,0.218561
54.14746,8.9668,0.218561
54.14777,8.9688,0.219641
54.14808,8.9668,0.262025
54.14839,8.9695,0.259129
54.14870,8.9695,0.257329
54.14901,8.9631,0.214553
54.14926,8.9781,0.214553
54.14957,8.9762,0.229217
54.14988,8.9705,0.214657
54.15019,8.9762,0.212257
54.15050,8.9715,0.211777
54.15081,8.9705,0.214553
54.15106,8.9715,0.214553
54.15137,8.9762,0.214945
54.15168,8.9648,0.227425
54.15199,8.9725,0.232801
54.15230,8.9734,0.251057
54.15255,8.9648,0.251057
54.15286,8.9818,0.237785
54.15318,8.9641,0.220745
54.15349,8.9705,0.217449
54.15380,8.9715,0.217161
54.15411,8.9771,0.217161
54.15436,8.9734,0.217161
54.15467,8.9695,0.218345
54.15498,8.9621,0.249553
54.15529,8.9744,0.220849
54.15560,8.9611,0.220041
54.15591,8.9631,0.254849
54.15616,8.9678,0.254849
54.15647,8.9697,0.224041
54.15678,8.9695,0.247257
54.15709,8.9715,0.239793
54.15740,8.9695,0.220249
54.15771,8.9611,0.218449
54.15796,8.9658,0.218449
54.15827,8.9752,0.257225
54.15858,8.9697,0.222145
54.15889,8.9564,0.253849
54.15920,8.9762,0.237681
54.15946,8.9715,0.237681
54.15977,8.9838,0.224233
54.16008,8.9602,0.256041
54.16039,8.9678,0.219033
54.16070,8.9725,0.222041
54.16101,8.9705,0.254537
54.16126,8.9725,0.254537
54.16157,8.9771,0.225337
54.16188,8.9752,0.228609
54.16219,8.9631,0.251241
54.16250,8.9781,0.220641
54.16281,8.9752,0.220249
54.16306,8.9781,0.220249
54.16337,8.9621,0.253953
54.16368,8.9744,0.219249
54.16399,8.9725,0.234305
54.16430,8.9762,0.252553
54.16455,8.9555,0.252553
54.16486,8.9705,0.220937
54.16517,8.9668,0.258041
54.16548,8.9668,0.225921
54.16579,8.9678,0.224625
54.16610,8.9781,0.243569
54.16636,8.9555,0.243569
54.16666,8.9688,0.243881
54.16697,8.9744,0.220937
54.16728,8.9715,0.255249
54.16759,8.9705,0.220833
54.16790,8.9725,0.221329
54.16816,8.9762,0.221329
54.16847,8.9781,0.250449
54.16878,8.9725,0.221937
54.16909,8.9705,0.221433
54.16939,8.9611,0.255937
54.16971,8.9771,0.225129
54.16996,8.9705,0.225129
54.17027,8.9648,0.230217
54.17058,8.9668,0.230321
54.17089,8.9762,0.219457
54.17120,8.9838,0.224729
54.17145,8.9688,0.224729
54.17176,8.9592,0.254033
54.17207,8.9688,0.224625
54.17238,8.9705,0.259521
54.17269,8.9688,0.225025
54.17300,8.9744,0.223625
54.17326,8.9705,0.223625
54.17357,8.9715,0.230905
54.17387,8.9611,0.228425
54.17419,8.9668,0.219145
54.17450,8.9705,0.253537
54.17481,8.9688,0.220745
54.17506,8.9688,0.220745
54.17537,8.9631,0.220849
54.17568,8.9602,0.247465
54.17599,8.9715,0.221433
54.17630,8.9781,0.221041
54.17661,8.9631,0.255041
54.17686,8.9648,0.255041
54.17717,8.9697,0.227529
54.17748,8.9688,0.254849
54.17779,8.9648,0.239897
54.17810,8.9744,0.217553
54.17836,8.9658,0.217553
54.17866,8.9668,0.217849
54.17897,8.9621,0.223337
54.17928,8.9762,0.223041
54.17959,8.9688,0.251953
54.17990,8.9639,0.235809
54.18016,8.9725,0.235809
54.18047,8.9705,0.222433
54.18078,8.9611,0.253345
54.18109,8.9695,0.221433
54.18140,8.9762,0.216657
54.18171,8.9678,0.248361
54.18196,8.9639,0.248361
54.18227,8.9695,0.228217
54.18258,8.9688,0.226025
54.18289,8.9631,0.251745
54.18320,8.9744,0.218849
54.18346,8.9715,0.218849
54.18377,8.9695,0.220537
54.18408,8.9828,0.220937
54.18439,8.9762,0.218849
54.18469,8.9705,0.234305
54.18501,8.9574,0.251449
54.18526,8.9771,0.251449
54.18557,8.9734,0.216761
54.18588,8.9762,0.258937
54.18619,8.9631,0.223833
54.18650,8.9648,0.222329
54.18675,8.9781,0.222329
54.18706,8.9668,0.242193
54.18737,8.9752,0.251057
54.18768,8.9705,0.220433
54.18799,8.9688,0.257145
54.18830,8.9648,0.220641
54.18855,8.9715,0.220641
54.18886,8.9725,0.219145
54.18917,8.9602,0.240873
54.18949,8.9705,0.219057
54.18980,8.9791,0.220353
54.19011,8.9592,0.252345
54.19036,8.9705,0.252345
54.19067,8.9621,0.223233
54.19098,8.9668,0.253953
54.19129,8.9781,0.231113
54.19160,8.9725,0.218561
54.19185,8.9725,0.218561
54.19216,8.9582,0.220145
54.19247,8.9688,0.256041
54.19278,8.9725,0.223337
54.19309,8.9688,0.255745
54.19340,8.9668,0.227425
54.19365,8.9744,0.227425
54.19396,8.9678,0.221145
54.19427,8.9668,0.255433
54.19458,8.9762,0.222729
54.19489,8.9725,0.220353
54.19520,8.9697,0.256041
54.19546,8.9695,0.256041
54.19576,8.9809,0.217745
54.19607,8.9715,0.211865
54.19638,8.9734,0.212257
54.19669,8.9658,0.210065
54.19695,8.9715,0.210065
54.19726,8.9678,0.211569
54.19757,8.9781,0.218641
54.19788,8.9744,0.215953
54.19819,8.9771,0.221537
54.19850,8.9744,0.217657
54.19875,8.9705,0.217657
54.19906,8.9611,0.229321
54.19937,8.9688,0.234201
54.19968,8.9705,0.223233
54.19999,8.9744,0.223233
54.20030,8.9695,0.223625
54.20055,8.9658,0.223625
54.20086,8.9678,0.224521
54.20117,8.9648,0.224129
54.20148,8.9648,0.223233
54.20179,8.9688,0.222433
54.20205,8.9688,0.222433
54.20235,8.9715,0.220145
54.20267,8.9734,0.220145
54.20298,8.9621,0.218745
54.20329,8.9734,0.246969
54.20359,8.9695,0.254537
54.20385,8.9648,0.254537
54.20416,8.9762,0.257937
54.20447,8.9564,0.259025
54.20478,8.9611,0.230321
54.20509,8.9771,0.226633
54.20540,8.9791,0.211777
54.20565,8.9678,0.211777
54.20596,8.9725,0.212465
54.20627,8.9705,0.211673
54.20658,8.9725,0.215865
54.20689,8.9744,0.222649
54.20720,8.9781,0.235305
54.20745,8.9631,0.235305
54.20776,8.9668,0.233593
54.20807,8.9705,0.236097
54.20838,8.9752,0.230009
54.20870,8.9668,0.221937
54.20895,8.9658,0.221937
54.20926,8.9734,0.220937
54.20957,8.9668,0.221537
54.20988,8.9688,0.220145
54.21019,8.9678,0.221641
54.21050,8.9725,0.220745
54.21075,8.9678,0.220745
54.21106,8.9648,0.222537
54.21137,8.9744,0.222537
54.21168,8.9678,0.223041
54.21199,8.9715,0.222649
54.21230,8.9602,0.222329
54.21255,8.9715,0.222329
54.21286,8.9734,0.221745
54.21317,8.9781,0.219145
54.21348,8.9592,0.221249
54.21379,8.9771,0.225521
54.21405,8.9771,0.225521
54.21436,8.9744,0.224937
54.21467,8.9734,0.223833
54.21498,8.9697,0.224337
54.21529,8.9752,0.224625
54.21560,8.9734,0.225025
54.21585,8.9705,0.225025
54.21616,8.9705,0.222225
54.21647,8.9725,0.220849
54.21678,8.9639,0.222041
54.21709,8.9781,0.222329
54.21740,8.9695,0.219249
54.21765,8.9744,0.219249
54.21796,8.9602,0.221249
54.21827,8.9668,0.217953
54.21858,8.9762,0.219457
54.21889,8.9752,0.218641
54.21915,8.9639,0.218641
54.21946,8.9678,0.220353
54.21977,8.9688,0.221833
54.22008,8.9639,0.256329
54.22039,8.9631,0.256729
54.22069,8.9668,0.257145
54.22095,8.9648,0.257145
54.22126,8.9734,0.252953
54.22157,8.9697,0.220249
54.22188,8.9715,0.212177
54.22219,8.9705,0.218057
54.22250,8.9715,0.217553
54.22275,8.9658,0.217553
54.22306,8.9688,0.214865
54.22337,8.9744,0.199513
54.22368,8.9725,0.203497
54.22399,8.9734,0.202097
54.22430,8.9838,0.204497
54.22455,8.9885,0.204497
54.22486,8.9752,0.204977
54.22518,8.9695,0.217057
54.22548,8.9762,0.230217
54.22580,8.9752,0.231513
54.22605,8.9688,0.231513
54.22636,8.9762,0.217849
54.22667,8.9771,0.221041
54.22698,8.9688,0.218057
54.22729,8.9705,0.217849
54.22760,8.9658,0.220249
54.22785,8.9582,0.220249
54.22816,8.9725,0.222329
54.22847,8.9695,0.233697
54.22878,8.9734,0.222649
54.22909,8.9668,0.224129
54.22940,8.9715,0.220145
54.22965,8.9582,0.220145
54.22996,8.9678,0.220537
54.23027,8.9592,0.258121
54.23058,8.9658,0.254745
54.23089,8.9602,0.257329
54.23115,8.9744,0.257329
54.23146,8.9781,0.221537
54.23177,8.9715,0.221641
54.23208,8.9734,0.208481
54.23239,8.9781,0.211865
54.23270,8.9781,0.207881
54.23295,8.9744,0.207881
54.23326,8.9744,0.212761
54.23357,8.9744,0.215049
54.23388,8.9695,0.225417
54.23419,8.9668,0.231009
54.23450,8.9771,0.237185
54.23475,8.9705,0.237185
54.23506,8.9602,0.234201
54.23537,8.9658,0.220641
54.23568,8.9705,0.222833
54.23599,8.9695,0.220537
54.23630,8.9668,0.221745
54.23655,8.9688,0.221745
54.23686,8.9705,0.222649
54.23718,8.9688,0.221249
54.23749,8.9734,0.220937
54.23780,8.9695,0.222937
54.23805,8.9715,0.222937
54.23836,8.9611,0.222729
54.23867,8.9688,0.222537
54.23898,8.9621,0.221833
54.23929,8.9705,0.230825
54.23960,8.9688,0.220849
54.23985,8.9725,0.220849
54.24016,8.9725,0.220433
54.24047,8.9762,0.220041
54.24078,8.9648,0.220849
54.24109,8.9688,0.222649
54.24140,8.9771,0.221833
54.24165,8.9818,0.221833
54.24196,8.9648,0.219353
54.24227,8.9564,0.220353
54.24258,8.9754,0.224233
54.24289,8.9715,0.221537
54.24315,8.9602,0.221537
54.24346,8.9695,0.221745
54.24377,8.9648,0.221041
54.24408,8.9744,0.220641
54.24439,8.9725,0.222329
54.24470,8.9725,0.220249
54.24495,8.9771,0.220249
54.24526,8.9697,0.222729
54.24557,8.9781,0.220849
54.24588,8.9715,0.221145
54.24619,8.9744,0.218345
54.24644,8.9705,0.218345
54.24675,8.9678,0.222249
54.24706,8.9631,0.258729
54.24737,8.9658,0.255433
54.24768,8.9668,0.252641
54.24799,8.9744,0.220145
54.24824,8.9668,0.220145
54.24855,8.9715,0.218745
54.24886,8.9781,0.220937
54.24917,8.9734,0.222649
54.24949,8.9705,0.217745
54.24980,8.9678,0.225417
54.25005,8.9752,0.225417
54.25036,8.9922,0.207193
54.25067,8.9648,0.204793
54.25098,8.9734,0.204977
54.25129,8.9762,0.220041
54.25154,8.9725,0.220041
54.25185,8.9697,0.221041
54.25216,8.9725,0.217241
54.25247,8.9688,0.236393
54.25278,8.9611,0.219033
54.25309,8.9715,0.222329
54.25334,8.9818,0.222329
54.25365,8.9771,0.221041
54.25396,8.9744,0.224233
54.25427,8.9744,0.222833
54.25458,8.9705,0.231409
54.25489,8.9678,0.220849
54.25515,8.9648,0.220849
54.25546,8.9688,0.222249
54.25577,8.9734,0.225625
54.25608,8.9695,0.221433
54.25639,8.9715,0.224233
54.25664,8.9641,0.224233
54.25695,8.9658,0.237601
54.25726,8.9658,0.265217
54.25757,8.9678,0.261417
54.25788,8.9574,0.214553
54.25819,8.9705,0.231113
54.25844,8.9678,0.231113
54.25875,8.9715,0.227817
54.25906,8.9771,0.221145
54.25937,8.9688,0.212865
54.25968,8.9752,0.211465
54.25999,8.9744,0.212177
54.26024,8.9781,0.212177
54.26055,8.9725,0.227921
54.26086,8.9648,0.226921
54.26118,8.9725,0.237889
54.26149,8.9648,0.240081
54.26174,8.9762,0.240081
54.26205,8.9715,0.232513
54.26236,8.9801,0.216849
54.26267,8.9678,0.220537
54.26298,8.9658,0.222041
54.26329,8.9715,0.221833
54.26354,8.9734,0.221833
54.26385,8.9688,0.223729
54.26416,8.9678,0.221937
54.26447,8.9744,0.223625
54.26478,8.9695,0.218057
54.26509,8.9771,0.221041
54.26534,8.9734,0.221041
54.26565,8.9725,0.220353
54.26596,8.9734,0.218057
54.26627,8.9705,0.217849
54.26658,8.9725,0.219641
54.26689,8.9715,0.218745
54.26715,8.9725,0.218745
54.26746,8.9658,0.219849
54.26777,8.9734,0.220433
54.26808,8.9781,0.216657
54.26839,8.9668,0.218561
54.26864,8.9725,0.218561
54.26895,8.9725,0.220041
54.26926,8.9631,0.221433
54.26957,8.9705,0.219249
54.26988,8.9725,0.220433
54.27019,8.9688,0.225833
54.27044,8.9715,0.225833
54.27075,8.9678,0.219457
54.27106,8.9695,0.222537
54.27137,8.9688,0.220745
54.27168,8.9668,0.220041
54.27199,8.9678,0.217745
54.27224,8.9725,0.217745
54.27255,8.9658,0.220353
54.27286,8.9648,0.218745
54.27318,8.9592,0.219033
54.27349,8.9658,0.237993
54.27374,8.9715,0.237993
54.27405,8.9668,0.258545
54.27436,8.9697,0.254433
54.27467,8.9668,0.213073
54.27498,8.9744,0.209777
54.27529,8.9688,0.218561
54.27554,8.9688,0.218561
54.27585,8.9848,0.210961
54.27616,8.9648,0.214761
54.27647,8.9744,0.201809
54.27678,8.9725,0.203185
54.27709,8.9705,0.203497
54.27734,8.9715,0.203497
54.27765,8.9668,0.207481
54.27796,8.9678,0.217553
54.27827,8.9602,0.220353
54.27858,8.9705,0.236889
54.27889,8.9678,0.234009
54.27914,8.9668,0.234009
54.27946,8.9658,0.224833
54.27977,8.9695,0.221641
54.28008,8.9648,0.221329
54.28039,8.9668,0.223625
54.28064,8.9715,0.223625
54.28095,8.9771,0.219249
54.28126,8.9688,0.222145
54.28157,8.9744,0.221833
54.28188,8.9705,0.222145
54.28219,8.9705,0.220249
54.28244,8.9695,0.220249
54.28275,8.9648,0.220433
54.28306,8.9697,0.263609
54.28337,8.9582,0.260817
54.28368,8.9602,0.259833
54.28399,8.9668,0.258041
54.28424,8.9734,0.258041
54.28455,8.9705,0.229817
54.28486,8.9678,0.233905
54.28518,8.9705,0.216657
54.28549,8.9668,0.216657
54.28574,8.9648,0.216657
54.28605,8.9715,0.215657
54.28636,8.9725,0.225729
54.28667,8.9648,0.230617
54.28698,8.9771,0.227025
54.28729,8.9639,0.238689
54.28754,8.9668,0.238689
54.28785,8.9771,0.244169
54.28816,8.9725,0.220433
54.28847,8.9688,0.221041
54.28878,8.9678,0.220641
54.28909,8.9725,0.220433
54.28934,8.9875,0.220433
54.28965,8.9705,0.221249
54.28996,8.9762,0.222433
54.29027,8.9781,0.224233
54.29058,8.9639,0.220041
54.29084,8.9705,0.220041
54.29115,8.9678,0.223337
54.29146,8.9658,0.224233
54.29177,8.9725,0.225417
54.29208,8.9621,0.221249
54.29239,8.9695,0.225521
54.29264,8.9705,0.225521
54.29295,8.9648,0.225521
54.29326,8.9771,0.223833
54.29357,8.9725,0.221145
54.29388,8.9781,0.221145
54.29419,8.9631,0.222225
54.29444,8.9688,0.222225
54.29475,8.9762,0.219849
54.29506,8.9762,0.220641
54.29537,8.9688,0.222729
54.29568,8.9705,0.220849
54.29593,8.9771,0.220849
54.29624,8.9734,0.220353
54.29655,8.9695,0.225233
54.29686,8.9688,0.225233
54.29718,8.9744,0.221433
54.29749,8.9734,0.220937
54.29774,8.9697,0.220937
54.29805,8.9668,0.224025
54.29836,8.9752,0.225817
54.29867,8.9641,0.227713
54.29898,8.9678,0.225025
54.29929,8.9771,0.223625
54.29954,8.9688,0.223625
54.29985,8.9639,0.223937
54.30016,8.9697,0.262817
54.30047,8.9631,0.257729
54.30078,8.9582,0.231617
54.30109,8.9752,0.213865
54.30134,8.9688,0.213865
54.30165,8.9688,0.220745
54.30196,8.9734,0.215553
54.30227,8.9668,0.215657
54.30258,8.9668,0.214153
54.30283,8.9695,0.214153
54.30315,8.9678,0.209777
54.30346,8.9809,0.200201
54.30377,8.9848,0.201785
54.30408,8.9695,0.202705
54.30439,8.9705,0.206185
54.30464,8.9838,0.206185
54.30495,8.9885,0.206481
54.30526,8.9668,0.220145
54.30557,8.9602,0.232697
54.30588,8.9668,0.235305
54.30613,8.9734,0.235305
54.30644,8.9648,0.222041
54.30675,8.9688,0.219457
54.30706,8.9725,0.218953
54.30737,8.9725,0.220249
54.30768,8.9688,0.219249
54.30793,8.9752,0.219249
54.30824,8.9602,0.217553
54.30855,8.9752,0.219641
54.30886,8.9725,0.219457
54.30918,8.9688,0.219033
54.30943,8.9688,0.219033
54.30974,8.9715,0.217657
54.31005,8.9648,0.218241
54.31036,8.9631,0.258337
54.31067,8.9668,0.258041
54.31098,8.9668,0.229609
54.31123,8.9705,0.229609
54.31154,8.9678,0.225625
54.31185,8.9762,0.228217
54.31216,8.9715,0.216265
54.31247,8.9725,0.214761
54.31278,8.9697,0.212673
54.31303,8.9688,0.212673
54.31334,8.9725,0.217953
54.31365,8.9678,0.229217
54.31396,8.9668,0.224521
54.31427,8.9762,0.239001
54.31458,8.9574,0.243377
54.31484,8.9688,0.243377
54.31515,8.9602,0.231617
54.31546,8.9781,0.216161
54.31577,8.9771,0.219457
54.31608,8.9754,0.216553
54.31633,8.9771,0.216553
54.31664,8.9715,0.218449
54.31695,8.9771,0.256041
54.31726,8.9705,0.221537
54.31757,8.9744,0.218449
54.31788,8.9809,0.245961
54.31813,8.9564,0.245961
54.31844,8.9658,0.228217
54.31875,8.9715,0.221729
54.31906,8.9621,0.260729
54.31937,8.9688,0.222041
54.31968,8.9658,0.221745
54.31993,8.9688,0.221745
54.32024,8.9648,0.254537
54.32056,8.9678,0.221329
54.32087,8.9678,0.226921
54.32118,8.9668,0.264217
54.32143,8.9555,0.264217
54.32174,8.9658,0.222249
54.32205,8.9631,0.218849
54.32236,8.9648,0.222225
54.32267,8.9574,0.220937
54.32298,8.9695,0.231721
54.32323,8.9631,0.231721
54.32354,8.9648,0.251265
54.32385,8.9791,0.221937
54.32416,8.9639,0.255937
54.32447,8.9631,0.223441
54.32478,8.9725,0.219953
54.32503,8.9781,0.219953
54.32534,8.9668,0.239185
54.32565,8.9725,0.222329
54.32596,8.9705,0.226737
54.32627,8.9781,0.259833
54.32658,8.9725,0.224937
54.32684,8.9705,0.224937
54.32715,8.9648,0.228713
54.32746,8.9744,0.243673
54.32777,8.9734,0.221041
54.32808,8.9744,0.219249
54.32833,8.9641,0.219249
54.32864,8.9762,0.255433
54.32895,8.9725,0.223625
54.32926,8.9715,0.251345
54.32957,8.9648,0.233201
54.32988,8.9752,0.216265
54.33014,8.9725,0.216265
54.33044,8.9602,0.231905
54.33075,8.9754,0.221833
54.33106,8.9621,0.220433
54.33137,8.9631,0.256537
54.33168,8.9611,0.225729
54.33194,8.9801,0.225729
54.33225,8.9752,0.220937
54.33255,8.9705,0.254937
54.33287,8.9678,0.223729
54.33318,8.9771,0.225337
54.33343,8.9734,0.225337
54.33374,8.9668,0.256145
54.33405,8.9762,0.224833
54.33436,8.9621,0.237497
54.33467,8.9705,0.251057
54.33498,8.9695,0.221145
54.33523,8.9744,0.221145
54.33554,8.9697,0.220537
54.33585,8.9705,0.221329
54.33616,8.9744,0.221145
54.33647,8.9744,0.242193
54.33678,8.9734,0.244961
54.33703,8.9734,0.244961
54.33734,8.9705,0.220433
54.33765,8.9762,0.256537
54.33796,8.9705,0.221433
54.33827,8.9734,0.224233
54.33858,8.9695,0.249049
54.33884,8.9611,0.249049
54.33915,8.9781,0.220145
54.33946,8.9668,0.219849
54.33977,8.9668,0.258337
54.34008,8.9762,0.223337
54.34033,8.9695,0.223337
54.34064,8.9668,0.225129
54.34095,8.9668,0.233905
54.34126,8.9697,0.226921
54.34157,8.9734,0.229321
54.34188,8.9658,0.257937
54.34213,8.9695,0.257937
54.34244,8.9744,0.219537
54.34275,8.9752,0.255537
54.34306,8.9658,0.225233
54.34337,8.9695,0.221937
54.34368,8.9678,0.231617
54.34393,8.9734,0.231617
54.34424,8.9744,0.253849
54.34455,8.9744,0.221537
54.34487,8.9744,0.253641
54.34518,8.9611,0.220537
54.34543,8.9631,0.220537
54.34574,8.9744,0.225921
54.34605,8.9668,0.242777
54.34636,8.9752,0.217657
54.34667,8.9648,0.224833
54.34698,8.9631,0.256145
54.34723,8.9648,0.256145
54.34754,8.9688,0.224233
54.34785,8.9818,0.245857
54.34816,8.9658,0.244881
54.34847,8.9678,0.224129
54.34878,8.9678,0.222937
54.34903,8.9762,0.222937
54.34934,8.9695,0.258833
54.34965,8.9688,0.220145
54.34996,8.9715,0.253449
54.35027,8.9611,0.237889
54.35058,8.9734,0.222537
54.35084,8.9648,0.222537
54.35115,8.9611,0.260025
54.35146,8.9658,0.224233
54.35177,8.9791,0.223337
54.35208,8.9648,0.256937
54.35233,8.9715,0.256937
54.35264,8.9791,0.226521
54.35295,8.9725,0.227713
54.35326,8.9658,0.254745
54.35357,8.9648,0.217553
54.35383,8.9725,0.217553
54.35413,8.9744,0.223233
54.35444,8.9668,0.255745
54.35475,8.9611,0.223041
54.35506,8.9725,0.233593
54.35537,8.9695,0.252161
54.35563,8.9631,0.252161
54.35594,8.9658,0.223129
54.35624,8.9648,0.220249
54.35656,8.9688,0.218953
54.35687,8.9725,0.217849
54.35718,8.9715,0.238577
54.35743,8.9611,0.238577
54.35774,8.9754,0.241081
54.35805,8.9818,0.208777
54.35836,8.9734,0.206873
54.35867,8.9658,0.208089
54.35898,8.9715,0.208169
54.35923,8.9668,0.208169
54.35954,8.9648,0.207089
54.35985,8.9658,0.211361
54.36016,8.9658,0.218241
54.36047,8.9688,0.216265
54.36072,8.9695,0.216265
54.36103,8.9631,0.222937
54.36134,8.9705,0.232513
54.36165,8.9725,0.219745
54.36196,8.9545,0.222329
54.36227,8.9688,0.235889
54.36253,8.9734,0.235889
54.36284,8.9744,0.227633
54.36315,8.9688,0.223337
54.36346,8.9678,0.221249
54.36377,8.9688,0.222329
54.36408,8.9688,0.220249
54.36433,8.9734,0.220249
54.36464,8.9668,0.222041
54.36495,8.9678,0.221041
54.36526,8.9697,0.232697
54.36557,8.9631,0.260025
54.36582,8.9688,0.260025
54.36613,8.9631,0.260417
54.36644,8.9705,0.260417
54.36675,8.9734,0.229609
54.36706,8.9688,0.224729
54.36737,8.9725,0.220249
54.36762,8.9705,0.220249
54.36793,8.9695,0.216265
54.36824,8.9809,0.216849
54.36855,8.9762,0.217345
54.36886,8.9695,0.230617
54.36918,8.9668,0.234409
54.36949,8.9678,0.229713
54.36974,8.9744,0.229713
54.37005,8.9688,0.235889
54.37036,8.9602,0.233097
54.37067,8.9631,0.216849
54.37098,8.9725,0.221537
54.37123,8.9648,0.221537
54.37154,8.9725,0.220849
54.37185,8.9678,0.219145
54.37216,8.9668,0.222433
54.37247,8.9678,0.221041
54.37278,8.9648,0.219849
54.37303,8.9771,0.219849
54.37334,8.9648,0.221329
54.37365,8.9705,0.221641
54.37396,8.9752,0.219641
54.37427,8.9801,0.215761
54.37458,8.9658,0.219249
54.37484,8.9678,0.219249
54.37515,8.9688,0.224129
54.37546,8.9678,0.223441
54.37577,8.9781,0.221745
54.37608,8.9688,0.222649
54.37639,8.9695,0.223833
54.37664,8.9697,0.223833
54.37695,8.9875,0.221641
54.37726,8.9602,0.221041
54.37757,8.9744,0.220641
54.37788,8.9688,0.223337
54.37813,8.9744,0.223337
54.37844,8.9688,0.221537
54.37875,8.9695,0.221937
54.37906,8.9688,0.222225
54.37937,8.9744,0.223129
54.37968,8.9734,0.222537
54.37993,8.9725,0.222537
54.38024,8.9648,0.221433
54.38055,8.9752,0.223833
54.38087,8.9705,0.220433
54.38118,8.9715,0.224625
54.38149,8.9734,0.229113
54.38174,8.9688,0.229113
54.38205,8.9678,0.223545
54.38236,8.9658,0.265321
54.38267,8.9658,0.265401
54.38298,8.9688,0.264505
54.38323,8.9631,0.264505
54.38354,8.9705,0.222145
54.38385,8.9725,0.218561
54.38416,8.9725,0.206873
54.38447,8.9658,0.221433
54.38478,8.9688,0.215849
54.38503,8.9621,0.215849
54.38534,8.9658,0.215265
54.38565,8.9695,0.200305
54.38596,8.9818,0.202289
54.38627,8.9688,0.201705
54.38658,8.9705,0.206585
54.38684,8.9648,0.206585
54.38715,8.9688,0.206289
54.38746,8.9715,0.218345
54.38777,8.9688,0.231905
54.38808,8.9688,0.226233
54.38833,8.9725,0.226233
54.38864,8.9725,0.217553
54.38895,8.9678,0.218241
54.38926,8.9678,0.223129
54.38957,8.9678,0.221641
54.38988,8.9781,0.221041
54.39013,8.9658,0.221041
54.39044,8.9688,0.218345
54.39075,8.9697,0.222649
54.39106,8.9678,0.217849
54.39137,8.9744,0.219249
54.39168,8.9734,0.219745
54.39193,8.9762,0.219745
54.39224,8.9658,0.226521
54.39255,8.9678,0.255537
54.39287,8.9668,0.256833
54.39318,8.9621,0.216057
54.39343,8.9801,0.216057
54.39374,8.9705,0.229609
54.39405,8.9725,0.228113
54.39436,8.9791,0.210569
54.39467,8.9715,0.212465
54.39498,8.9688,0.210857
54.39523,8.9668,0.210857
54.39554,8.9648,0.212361
54.39585,8.9705,0.225625
54.39616,8.9715,0.231305
54.39647,8.9668,0.241185
54.39678,8.9734,0.243377
54.39703,8.9688,0.243377
54.39734,8.9658,0.234305
54.39765,8.9705,0.222041
54.39796,8.9648,0.219353
54.39827,8.9818,0.215161
54.39858,8.9725,0.219641
54.39884,8.9678,0.219641
54.39915,8.9668,0.220537
54.39946,8.9658,0.220145
54.39977,8.9688,0.218137
54.40008,8.9705,0.219537
54.40033,8.9602,0.219537
54.40064,8.9631,0.220641
54.40095,8.9744,0.219849
54.40126,8.9648,0.221537
54.40157,8.9611,0.215953
54.40188,8.9695,0.219057
54.40213,8.9688,0.219057
54.40244,8.9725,0.220145
54.40275,8.9828,0.221937
54.40306,8.9705,0.222729
54.40337,8.9705,0.224129
54.40368,8.9658,0.221833
54.40393,8.9848,0.221833
54.40424,8.9678,0.221433
54.40455,8.9734,0.224521
54.40486,8.9602,0.217161
54.40517,8.9688,0.223129
54.40548,8.9602,0.223233
54.40574,8.9801,0.223233
54.40605,8.9639,0.223545
54.40636,8.9641,0.221249
54.40667,8.9678,0.221249
54.40698,8.9725,0.221937
54.40723,8.9744,0.221937
54.40754,8.9725,0.220937
54.40785,8.9744,0.222649
54.40816,8.9762,0.222649
54.40847,8.9754,0.222041
54.40878,8.9838,0.240977
54.40903,8.9631,0.240977
54.40934,8.9705,0.259129
54.40965,8.9695,0.261625
54.41179,8.9641,0.212865
54.41355,8.9744,0.207881
54.41531,8.9678,0.220433
54.41707,8.9744,0.224129
54.41882,8.9818,0.224729
54.42058,8.9678,0.229425
54.42234,8.9705,0.211177
54.42410,8.9725,0.222145
54.42435,8.9771,0.225921
54.42466,8.9734,0.224233
54.42497,8.9744,0.225233
54.42528,8.9611,0.226025
54.42553,8.9715,0.226025
54.42584,8.9725,0.218241
54.42615,8.9678,0.223833
54.42646,8.9695,0.221249
54.42677,8.9678,0.220433
54.42708,8.9734,0.221329
54.42733,8.9631,0.221329
54.42764,8.9639,0.221745
54.42795,8.9715,0.221641
54.42826,8.9762,0.221249
54.42857,8.9744,0.221833
54.42883,8.9715,0.221833
54.42914,8.9697,0.218561
54.42945,8.9744,0.222433
54.42976,8.9744,0.220641
54.43007,8.9648,0.220537
54.43037,8.9678,0.217657
54.43063,8.9715,0.217657
54.43094,8.9744,0.218641
54.43125,8.9688,0.223625
54.43156,8.9668,0.222729
54.43187,8.9678,0.221833
54.43218,8.9744,0.226313
54.43243,8.9621,0.226313
54.43274,8.9695,0.233697
54.43305,8.9697,0.221041
54.43336,8.9705,0.221249
54.43367,8.9744,0.219537
54.43393,8.9695,0.219537
54.43424,8.9752,0.217161
54.43454,8.9715,0.219641
54.43485,8.9668,0.217657
54.43516,8.9715,0.221329
54.43547,8.9639,0.236201
54.43573,8.9678,0.236201
54.43604,8.9715,0.257625
54.43635,8.9658,0.254641
54.43665,8.9611,0.216057
54.43697,8.9725,0.211777
54.43728,8.9725,0.218953
54.43753,8.9715,0.218953
54.43784,8.9658,0.211073
54.43815,8.9658,0.218849
54.43846,8.9744,0.206289
54.43877,8.9818,0.204081
54.43903,8.9715,0.204081
54.43934,8.9725,0.204689
54.43964,8.9688,0.220041
54.43996,8.9688,0.220745
54.44027,8.9715,0.217241
54.44058,8.9705,0.233697
54.44083,8.9725,0.233697
54.44114,8.9688,0.231409
54.44145,8.9715,0.220433
54.44176,8.9668,0.218745
54.44207,8.9725,0.218953
54.44238,8.9734,0.217161
54.44263,8.9781,0.217161
54.44294,8.9734,0.222041
54.44325,8.9631,0.220249
54.44356,8.9705,0.217345
54.44387,8.9611,0.219145
54.44412,8.9658,0.219145
54.44443,8.9658,0.227025
54.44474,8.9715,0.219641
54.44505,8.9725,0.263217
54.44536,8.9641,0.269409
54.44567,8.9631,0.261025
54.44592,8.9592,0.261025
54.44623,8.9744,0.259729
54.44654,8.9715,0.230401
54.44685,8.9641,0.231513
54.44716,8.9744,0.214257
54.44747,8.9688,0.214465
54.44773,8.9648,0.214465
54.44803,8.9648,0.212177
54.44835,8.9734,0.215161
54.44866,8.9705,0.217449
54.44897,8.9695,0.228425
54.44928,8.9631,0.234201
54.44953,8.9705,0.234201
54.44984,8.9688,0.240689
54.45015,8.9695,0.222145
54.45046,8.9631,0.219641
54.45077,8.9648,0.221041
54.45102,8.9715,0.221041
54.45133,8.9781,0.220641
54.45164,8.9744,0.219849
54.45195,8.9611,0.223233
54.45226,8.9744,0.233801
54.45257,8.9705,0.224025
54.45283,8.9639,0.224025
54.45313,8.9762,0.222537
54.45344,8.9725,0.221641
54.45375,8.9648,0.220641
54.45406,8.9697,0.221145
54.45437,8.9705,0.221041
54.45463,8.9762,0.221041
54.45494,8.9734,0.220641
54.45525,8.9631,0.224521
54.45556,8.9621,0.223233
54.45587,8.9688,0.220041
54.45612,8.9668,0.220041
54.45643,8.9725,0.220041
54.45674,8.9678,0.219145
54.45705,8.9791,0.220249
54.45736,8.9705,0.221745
54.45767,8.9668,0.221537
54.45792,8.9734,0.221537
54.45823,8.9715,0.221937
54.45854,8.9648,0.220041
54.45885,8.9668,0.223233
54.45916,8.9781,0.223041
54.45947,8.9695,0.223833
54.45973,8.9725,0.223833
54.46004,8.9705,0.225025
54.46034,8.9754,0.226417
54.46066,8.9715,0.222729
54.46097,8.9715,0.219353
54.46122,8.9688,0.219353
54.46153,8.9695,0.223041
54.46184,8.9725,0.259921
54.46215,8.9648,0.259521
54.46246,8.9705,0.255249
54.46277,8.9639,0.236993
54.46302,8.9809,0.236993
54.46333,8.9705,0.214761
54.46364,8.9725,0.210961
54.46395,8.9744,0.216761
54.46426,8.9734,0.220433
54.46457,8.9734,0.217161
54.46483,8.9668,0.217161
54.46513,8.9668,0.216745
54.46545,8.9744,0.203289
54.46576,8.9809,0.204497
54.46607,8.9791,0.207377
54.46637,8.9734,0.210857
54.46663,8.9754,0.210857
54.46694,8.9688,0.218953
54.46725,8.9762,0.236393
54.46756,8.9648,0.234593
54.46787,8.9781,0.222649
54.46812,8.9725,0.222649
54.46843,8.9734,0.221641
54.46874,8.9705,0.221937
54.46905,8.9705,0.222833
54.46936,8.9668,0.222249
54.46967,8.9602,0.219641
54.46992,8.9668,0.219641
54.47023,8.9678,0.222649
54.47054,8.9697,0.218641
54.47085,8.9695,0.218345
54.47116,8.9678,0.218161
54.47147,8.9725,0.223041
54.47173,8.9631,0.223041
54.47204,8.9611,0.257041
54.47235,8.9639,0.257625
54.47266,8.9705,0.256833
54.47297,8.9695,0.227217
54.47322,8.9715,0.227217
54.47353,8.9631,0.228321
54.47384,8.9648,0.214657
54.47415,8.9688,0.216745
54.47446,8.9705,0.212761
54.47477,8.9801,0.212569
54.47502,8.9734,0.212569
54.47533,8.9809,0.211465
54.47564,8.9762,0.223937
54.47595,8.9744,0.234913
54.47626,8.9734,0.237993
54.47657,8.9678,0.232409
54.47683,8.9658,0.232409
54.47714,8.9639,0.219353
54.47744,8.9725,0.218057
54.47775,8.9668,0.217161
54.47807,8.9744,0.220937
54.47837,8.9818,0.217849
54.47863,8.9668,0.217849
54.47894,8.9668,0.252057
54.47925,8.9688,0.219353
54.47956,8.9648,0.226633
54.47987,8.9678,0.255641
54.48013,8.9705,0.255641
54.48043,8.9725,0.220041
54.48074,8.9705,0.256329
54.48105,8.9592,0.223729
54.48136,8.9762,0.223545
54.48167,8.9752,0.234809
54.48193,8.9725,0.234809
54.48224,8.9725,0.248465
54.48255,8.9678,0.218953
54.48286,8.9639,0.253137
54.48317,8.9658,0.222937
54.48342,8.9818,0.222937
54.48373,8.9744,0.226233
54.48404,8.9658,0.237289
54.48435,8.9688,0.218449
54.48466,8.9715,0.217241
54.48497,8.9611,0.253641
54.48522,8.9658,0.253641
54.48554,8.9725,0.235601
54.48585,8.9621,0.246865
54.48616,8.9715,0.239185
54.48647,8.9641,0.215865
54.48672,8.9762,0.215865
54.48703,8.9631,0.218745
54.48734,8.9695,0.226233
54.48765,8.9668,0.221145
54.48796,8.9668,0.255641
54.48827,8.9715,0.232801
54.48852,8.9725,0.232801
54.48883,8.9725,0.223545
54.48914,8.9705,0.253641
54.48945,8.9695,0.220145
54.48976,8.9648,0.221833
54.49007,8.9705,0.254353
54.49032,8.9744,0.254353
54.49063,8.9668,0.225729
54.49094,8.9658,0.231321
54.49126,8.9592,0.255145
54.49157,8.9705,0.221145
54.49182,8.9688,0.221145
54.49213,8.9621,0.220041
54.49244,8.9574,0.222041
54.49275,8.9631,0.222329
54.49306,8.9695,0.239081
54.49337,8.9695,0.248865
54.49362,8.9762,0.248865
54.49393,8.9725,0.222145
54.49424,8.9639,0.259025
54.49455,8.9648,0.220937
54.49486,8.9705,0.225025
54.49517,8.9715,0.246865
54.49542,8.9621,0.246865
54.49573,8.9648,0.241377
54.49604,8.9725,0.220353
54.49635,8.9602,0.255641
54.49666,8.9668,0.221833
54.49692,8.9678,0.221833
54.49723,8.9744,0.222145
54.49754,8.9705,0.236601
54.49785,8.9715,0.224337
54.49816,8.9688,0.221641
54.49847,8.9602,0.255937
54.49872,8.9734,0.255937
54.49903,8.9734,0.222041
54.49934,8.9705,0.253641
54.49965,8.9725,0.231113
54.49996,8.9648,0.225729
54.50027,8.9762,0.227425
54.50052,8.9688,0.227425
54.50083,8.9574,0.260129
54.50114,8.9631,0.226233
54.50145,8.9688,0.260233
54.50176,8.9725,0.228321
54.50207,8.9678,0.227817
54.50232,8.9838,0.227817
54.50263,8.9584,0.237993
54.50295,8.9744,0.225025
54.50326,8.9658,0.223625
54.50357,8.9801,0.261921
54.50382,8.9668,0.261921
54.50413,8.9705,0.229425
54.50444,8.9695,0.238793
54.50475,8.9734,0.246257
54.50506,8.9744,0.223233
54.50537,8.9678,0.224625
54.50562,8.9705,0.224625
54.50593,8.9668,0.255353
54.50624,8.9725,0.222041
54.50655,8.9695,0.245273
54.50686,8.9725,0.241185
54.50717,8.9688,0.220745
54.50742,8.9705,0.220745
54.50773,8.9688,0.220937
54.50804,8.9621,0.223937
54.50835,8.9602,0.222649
54.50866,8.9688,0.255641
54.50892,8.9668,0.255641
54.50923,8.9715,0.237185
54.50954,8.9744,0.228425
54.50985,8.9631,0.257433
54.51016,8.9705,0.221729
54.51041,8.9695,0.221729
54.51072,8.9781,0.220249
54.51103,8.9668,0.253641
54.51134,8.9658,0.218241
54.51165,8.9678,0.229217
54.51196,8.9725,0.254137
54.51222,8.9631,0.254137
54.51253,8.9762,0.218345
54.51284,8.9668,0.253057
54.51315,8.9631,0.222041
54.51346,8.9715,0.219353
54.51377,8.9725,0.231905
54.51402,8.9648,0.231905
54.51433,8.9734,0.247761
54.51464,8.9752,0.219145
54.51495,8.9715,0.256641
54.51526,8.9621,0.222729
54.51551,8.9734,0.222729
54.51582,8.9752,0.220433
54.51613,8.9688,0.243777
54.51644,8.9631,0.221745
54.51675,8.9695,0.218561
54.51706,8.9658,0.253241
54.51732,8.9715,0.253241
54.51762,8.9744,0.218449
54.51793,8.9688,0.245857
54.51824,8.9611,0.237393
54.51855,8.9678,0.216161
54.51886,8.9705,0.219457
54.51912,8.9688,0.219457
54.51943,8.9639,0.252241
54.51974,8.9668,0.209377
54.52005,8.9658,0.209377
54.52036,8.9754,0.207481
54.52067,8.9762,0.207273
54.52092,8.9668,0.207273
54.52123,8.9648,0.206377
54.52154,8.9771,0.207881
54.52185,8.9734,0.216345
54.52216,8.9705,0.217553
54.52241,8.9631,0.217553
54.52272,8.9648,0.218137
54.52303,8.9641,0.230401
54.52334,8.9771,0.221641
54.52365,8.9715,0.222145
54.52396,8.9668,0.219457
54.52422,8.9695,0.219457
54.52453,8.9781,0.218641
54.52484,8.9771,0.218561
54.52515,8.9781,0.219033
54.52545,8.9725,0.220537
54.52577,8.9725,0.218057
54.52602,8.9734,0.218057
54.52633,8.9648,0.219249
54.52664,8.9658,0.217345
54.52695,8.9725,0.215657
54.52726,8.9611,0.261209
54.52752,8.9648,0.261209
54.52783,8.9678,0.259025
54.52813,8.9678,0.235889
54.52844,8.9715,0.229425
54.52875,8.9705,0.230905
54.52906,8.9715,0.231513
54.52932,8.9744,0.231513
54.52963,8.9695,0.216057
54.52994,8.9695,0.215265
54.53025,8.9725,0.215865
54.53056,8.9744,0.219145
54.53087,8.9744,0.219641
54.53112,8.9668,0.219641
54.53143,8.9611,0.225729
54.53174,8.9582,0.245273
54.53205,8.9695,0.225833
54.53236,8.9658,0.221329
54.53267,8.9631,0.220849
54.53292,8.9611,0.220849
54.53324,8.9678,0.222145
54.53355,8.9697,0.219953
54.53386,8.9725,0.217849
54.53417,8.9678,0.223441
54.53442,8.9771,0.223441
54.53473,8.9725,0.231217
54.53504,8.9762,0.222833
54.53535,8.9715,0.219537
54.53566,8.9725,0.223441
54.53597,8.9621,0.223625
54.53622,8.9658,0.223625
54.53653,8.9734,0.224025
54.53684,8.9688,0.225625
54.53715,8.9705,0.225729
54.53746,8.9725,0.225025
54.53771,8.9688,0.225025
54.53802,8.9762,0.220433
54.53833,8.9705,0.222145
54.53864,8.9744,0.220041
54.53895,8.9734,0.219953
54.53926,8.9734,0.221145
54.53951,8.9734,0.221145
54.53982,8.9695,0.220041
54.54013,8.9574,0.220433
54.54044,8.9715,0.221249
54.54075,8.9705,0.222041
54.54106,8.9715,0.221745
54.54131,8.9734,0.221745
54.54162,8.9734,0.221329
54.54193,8.9762,0.219849
54.54224,8.9771,0.225729
54.54255,8.9734,0.221433
54.54286,8.9715,0.225337
54.54312,8.9658,0.225337
54.54343,8.9648,0.225921
54.54374,8.9725,0.225233
54.54405,8.9631,0.263609
54.54435,8.9631,0.260129
54.54466,8.9621,0.260521
54.54492,8.9725,0.260521
54.54524,8.9781,0.213153
54.54554,8.9602,0.221745
54.54586,8.9725,0.211073
54.54617,8.9725,0.219033
54.54642,8.9705,0.219033
54.54673,8.9695,0.217553
54.54704,8.9725,0.212257
54.54735,8.9744,0.203185
54.54766,8.9705,0.205393
54.54791,8.9771,0.205393
54.54822,8.9734,0.207673
54.54853,8.9752,0.211777
54.54884,8.9688,0.220849
54.54915,8.9695,0.214257
54.54946,8.9744,0.229217
54.54971,8.9602,0.229217
54.55002,8.9688,0.236785
54.55033,8.9641,0.225025
54.55064,8.9705,0.223625
54.55095,8.9762,0.224833
54.55121,8.9762,0.224833
54.55152,8.9631,0.223145
54.55183,8.9705,0.222537
54.55214,8.9725,0.223441
54.55245,8.9648,0.221041
54.55276,8.9725,0.222729
54.55301,8.9705,0.222729
54.55332,8.9668,0.220937
54.55363,8.9762,0.220041
54.55394,8.9725,0.255833
54.55425,8.9639,0.257729
54.55456,8.9648,0.268593
54.55481,8.9574,0.268593
54.55512,8.9762,0.247177
54.55543,8.9705,0.229217
54.55574,8.9734,0.227921
54.55605,8.9697,0.211673
54.55636,8.9734,0.211569
54.55661,8.9688,0.211569
54.55693,8.9762,0.212257
54.55724,8.9725,0.217553
54.55755,8.9602,0.221041
54.55786,8.9725,0.224937
54.55811,8.9648,0.224937
54.55842,8.9705,0.235601
54.55873,8.9639,0.231617
54.55904,8.9668,0.221145
54.55935,8.9695,0.220537
54.55966,8.9715,0.219033
54.55991,8.9781,0.219033
54.56022,8.9715,0.218449
54.56053,8.9725,0.219849
54.56084,8.9688,0.213569
54.56115,8.9602,0.220249
54.56146,8.9668,0.219457
54.56171,8.9695,0.219457
54.56202,8.9697,0.220433
54.56233,8.9744,0.218137
54.56264,8.9688,0.217745
54.56295,8.9668,0.219353
54.56321,8.9791,0.219353
54.56352,8.9688,0.218641
54.56383,8.9705,0.221041
54.56414,8.9648,0.224337
54.56445,8.9631,0.224625
54.56476,8.9695,0.224129
54.56501,8.9658,0.224129
54.56532,8.9648,0.219641
54.56563,8.9648,0.221833
54.56594,8.9695,0.220041
54.56625,8.9725,0.221641
54.56656,8.9678,0.219537
54.56681,8.9725,0.219537
54.56712,8.9725,0.219953
54.56743,8.9705,0.219057
54.56774,8.9754,0.218057
54.56805,8.9611,0.216953
54.56836,8.9734,0.216265
54.56861,8.9648,0.216265
54.56892,8.9688,0.220249
54.56923,8.9695,0.222041
54.56954,8.9688,0.219537
54.56985,8.9734,0.217657
54.57011,8.9771,0.217657
54.57042,8.9734,0.224625
54.57073,8.9602,0.222537
54.57103,8.9611,0.265505
54.57134,8.9668,0.256329
54.57165,8.9631,0.235497
54.57191,8.9668,0.235497
54.57222,8.9781,0.218561
54.57253,8.9705,0.223937
54.57284,8.9602,0.216345
54.57315,8.9762,0.217553
54.57346,8.9744,0.216553
54.57371,8.9734,0.216553
54.57402,8.9688,0.211865
54.57433,8.9734,0.203185
54.57464,8.9744,0.203689
54.57495,8.9725,0.204977
54.57520,8.9695,0.204977
54.57551,8.9678,0.207273
54.57582,8.9639,0.215449
54.57614,8.9658,0.232905
54.57645,8.9734,0.237097
54.57676,8.9715,0.220833
54.57701,8.9668,0.220833
54.57732,8.9752,0.219849
54.57763,8.9621,0.222145
54.57794,8.9705,0.228713
54.57825,8.9688,0.224025
54.57856,8.9602,0.217345
54.57881,8.9695,0.217345
54.57912,8.9715,0.224833
54.57943,8.9752,0.225025
54.57974,8.9695,0.220433
54.58005,8.9725,0.220849
54.58036,8.9695,0.224521
54.58061,8.9734,0.224521
54.58092,8.9781,0.258937
54.58124,8.9574,0.259337
54.58155,8.9621,0.256937
54.58186,8.9648,0.226417
54.58211,8.9781,0.226417
54.58242,8.9744,0.231009
54.58273,8.9744,0.214049
54.58304,8.9688,0.214865
54.58335,8.9705,0.213657
54.58366,8.9678,0.212673
54.58391,8.9734,0.212673
54.58422,8.9688,0.213761
54.58453,8.9658,0.227633
54.58484,8.9725,0.237289
54.58515,8.9631,0.250849
54.58540,8.9631,0.250849
54.58571,8.9688,0.243985
54.58602,8.9762,0.224521
54.58633,8.9734,0.228425
54.58664,8.9668,0.222537
54.58696,8.9744,0.222833
54.58721,8.9668,0.222833
54.58752,8.9734,0.221833
54.58783,8.9705,0.222537
54.58814,8.9781,0.221641
54.58845,8.9715,0.221329
54.58876,8.9734,0.221249
54.58901,8.9801,0.221249
54.58932,8.9771,0.220849
54.58963,8.9668,0.220249
54.58994,8.9752,0.217449
54.59025,8.9658,0.223041
54.59050,8.9658,0.223041
54.59081,8.9705,0.221641
54.59112,8.9725,0.220433
54.59143,8.9611,0.222329
54.59174,8.9771,0.225417
54.59205,8.9744,0.227425
54.59230,8.9688,0.227425
54.59261,8.9725,0.226817
54.59293,8.9611,0.223129
54.59324,8.9648,0.222833
54.59355,8.9695,0.221329
54.59386,8.9695,0.219249
54.59411,8.9715,0.219249
54.59442,8.9762,0.223041
54.59473,8.9752,0.221433
54.59504,8.9668,0.218345
54.59535,8.9715,0.217241
54.59560,8.9705,0.217241
54.59591,8.9705,0.220537
54.59622,8.9602,0.220433
54.59653,8.9725,0.219745
54.59684,8.9705,0.218641
54.59715,8.9688,0.221041
54.59740,8.9639,0.221041
54.59771,8.9668,0.258729
54.59802,8.9678,0.256729
54.59833,8.9658,0.246969
54.59864,8.9771,0.216657
54.59895,8.9668,0.219953
54.59921,8.9688,0.219953
54.59952,8.9705,0.213657
54.59983,8.9695,0.218953
54.60014,8.9734,0.205289
54.60045,8.9695,0.202705
54.60070,8.9744,0.202705
54.60101,8.9762,0.200409
54.60132,8.9791,0.202785
54.60163,8.9734,0.208481
54.60194,8.9668,0.216849
54.60225,8.9762,0.218137
54.60250,8.9744,0.218137
54.60281,8.9734,0.218745
54.60312,8.9668,0.224441
54.60343,8.9725,0.220145
54.60374,8.9734,0.218057
54.60405,8.9744,0.218057
54.60431,8.9668,0.218057
54.60461,8.9725,0.220537
54.60493,8.9602,0.219249
54.60524,8.9658,0.220249
54.60555,8.9668,0.219745
54.60580,8.9725,0.219745
54.60611,8.9602,0.220641
54.60642,8.9631,0.221433
54.60673,8.9752,0.237681
54.60704,8.9715,0.259729
54.60735,8.9678,0.264609
54.60760,8.9705,0.264609
54.60791,8.9678,0.258337
54.60822,8.9791,0.230217
54.60853,8.9678,0.224233
54.60884,8.9734,0.216849
54.60915,8.9715,0.209481
54.60941,8.9838,0.209481
54.60972,8.9725,0.211865
54.61002,8.9762,0.212969
54.61034,8.9725,0.213569
54.61065,8.9631,0.226417
54.61096,8.9744,0.224129
54.61121,8.9688,0.224129
54.61152,8.9648,0.239793
54.61183,8.9688,0.231801
54.61214,8.9564,0.220433
54.61245,8.9754,0.218449
54.61270,8.9705,0.218449
54.61301,8.9781,0.221641
54.61332,8.9639,0.225521
54.61363,8.9725,0.222537
54.61394,8.9688,0.226129
54.61425,8.9744,0.224625
54.61450,8.9621,0.224625
54.61481,8.9734,0.221537
54.61512,8.9705,0.223625
54.61543,8.9771,0.219537
54.61574,8.9668,0.222041
54.61605,8.9865,0.219145
54.61630,8.9725,0.219145
54.61661,8.9688,0.222729
54.61692,8.9715,0.220353
54.61723,8.9668,0.223729
54.61754,8.9658,0.221145
54.61785,8.9752,0.220937
54.61811,8.9762,0.220937
54.61841,8.9734,0.221537
54.61873,8.9734,0.219145
54.61904,8.9668,0.223337
54.61935,8.9668,0.221145
54.61965,8.9688,0.221249
54.61991,8.9781,0.221249
54.62022,8.9744,0.223041
54.62053,8.9762,0.225417
54.62084,8.9734,0.222433
54.62115,8.9752,0.224521
54.62140,8.9715,0.224521
54.62171,8.9705,0.224625
54.62202,8.9648,0.220849
54.62233,8.9668,0.223233
54.62264,8.9648,0.220641
54.62295,8.9705,0.221729
54.62320,8.9725,0.221729
54.62352,8.9705,0.222145
54.62383,8.9688,0.258041
54.62414,8.9631,0.256041
54.62444,8.9715,0.259625
54.62475,8.9668,0.217953
54.62501,8.9695,0.217953
54.62532,8.9705,0.219033
54.62563,8.9752,0.212865
54.62594,8.9734,0.213569
54.62625,8.9602,0.214761
54.62650,8.9705,0.214761
54.62681,8.9791,0.221833
54.62712,8.9705,0.206977
54.62743,8.9678,0.206081
54.62774,8.9631,0.206873
54.62805,8.9781,0.207273
54.62830,8.9744,0.207273
54.62861,8.9752,0.206185
54.62892,8.9705,0.218561
54.62923,8.9752,0.231409
54.62954,8.9744,0.233993
54.62985,8.9641,0.219457
54.63011,8.9688,0.219457
54.63042,8.9781,0.219641
54.63072,8.9695,0.220641
54.63103,8.9725,0.220145
54.63134,8.9705,0.222249
54.63160,8.9658,0.222249
54.63191,8.9762,0.222041
54.63222,8.9725,0.221641
54.63253,8.9752,0.221729
54.63284,8.9678,0.221937
54.63315,8.9678,0.223833
54.63340,8.9668,0.223833
54.63371,8.9658,0.222833
54.63402,8.9648,0.262025
54.63433,8.9648,0.260729
54.63464,8.9602,0.244961
54.63495,8.9744,0.230617
54.63521,8.9668,0.230617
54.63552,8.9678,0.231113
54.63583,8.9658,0.215049
54.63614,8.9791,0.215369
54.63645,8.9744,0.221249
54.63670,8.9762,0.221249
54.63701,8.9715,0.212969
54.63732,8.9648,0.219457
54.63763,8.9734,0.239001
54.63794,8.9715,0.243881
54.63825,8.9631,0.231617
54.63850,8.9611,0.231617
54.63881,8.9631,0.231721
54.63912,8.9705,0.217345
54.63943,8.9725,0.220537
54.63974,8.9688,0.219457
54.64005,8.9734,0.218953
54.64030,8.9668,0.218953
54.64061,8.9791,0.218953
54.64092,8.9602,0.231905
54.64124,8.9762,0.226313
54.64155,8.9668,0.224441
54.64180,8.9688,0.224441
54.64211,8.9791,0.255249
54.64242,8.9715,0.216761
54.64273,8.9658,0.253241
54.64304,8.9678,0.220433
54.64335,8.9631,0.219033
54.64360,8.9771,0.219033
54.64391,8.9631,0.230401
54.64422,8.9668,0.218057
54.64453,8.9744,0.220537
54.64484,8.9781,0.252161
54.64515,8.9705,0.220433
54.64540,8.9715,0.220433
54.64571,8.9801,0.219849
54.64602,8.9658,0.248153
54.64633,8.9648,0.216449
54.64664,8.9648,0.217241
54.64690,8.9762,0.217241
54.64721,8.9695,0.253057
54.64752,8.9744,0.218449
54.64783,8.9668,0.246465
54.64814,8.9734,0.242273
54.64839,8.9705,0.242273
54.64870,8.9668,0.220937
54.64901,8.9678,0.222249
54.64932,8.9678,0.227633
54.64963,8.9762,0.220041
54.64994,8.9715,0.249153
54.65020,8.9611,0.249153
54.65051,8.9641,0.236201
54.65081,8.9725,0.218745
54.65113,8.9631,0.253849
54.65144,8.9725,0.217849
54.65174,8.9688,0.218849
54.65200,8.9705,0.218849
54.65231,8.9621,0.253057
54.65262,8.9734,0.221937
54.65293,8.9781,0.226633
54.65324,8.9658,0.256041
54.65349,8.9639,0.256041
54.65380,8.9658,0.217553
54.65411,8.9744,0.218241
54.65442,8.9555,0.221249
54.65473,8.9639,0.220145
54.65504,8.9734,0.240873
54.65530,8.9648,0.240873
54.65560,8.9725,0.252641
54.65592,8.9752,0.225337
54.65623,8.9602,0.256225
54.65654,8.9668,0.225337
54.65684,8.9725,0.220641
54.65710,8.9762,0.220641
54.65741,8.9678,0.241377
54.65772,8.9688,0.220745
54.65803,8.9697,0.219641
54.65834,8.9771,0.248657
54.65865,8.9658,0.220353
54.65890,8.9678,0.220353
54.65921,8.9648,0.221937
54.65952,8.9611,0.239481
54.65983,8.9725,0.223729
54.66014,8.9695,0.220433
54.66040,8.9678,0.220433
54.66070,8.9678,0.255833
54.66101,8.9678,0.222329
54.66132,8.9688,0.253745
54.66163,8.9678,0.235705
54.66194,8.9668,0.223041
54.66220,8.9688,0.223041
54.66251,8.9564,0.228025
54.66282,8.9592,0.224337
54.66313,8.9781,0.220249
54.66344,8.9715,0.257833
54.66375,8.9705,0.228217
54.66400,8.9715,0.228217
54.66431,8.9771,0.224129
54.66462,8.9658,0.256041
54.66493,8.9695,0.221745
54.66524,8.9771,0.225025
54.66549,8.9705,0.225025
54.66580,8.9631,0.256937
54.66611,8.9695,0.224337
54.66642,8.9678,0.232113
54.66673,8.9648,0.252553
54.66704,8.9688,0.223545
54.66730,8.9781,0.223545
54.66761,8.9695,0.226129
54.66791,8.9658,0.224521
54.66822,8.9734,0.220849
54.66853,8.9725,0.241977
54.66884,8.9648,0.245465
54.66910,8.9705,0.245465
54.66941,8.9781,0.221833
54.66972,8.9695,0.258937
54.67003,8.9621,0.220353
54.67034,8.9734,0.224625
54.67065,8.9801,0.250449
54.67090,8.9734,0.250449
54.67121,8.9744,0.238577
54.67152,8.9715,0.221041
54.67183,8.9668,0.255833
54.67214,8.9705,0.222225
54.67239,8.9705,0.222225
54.67270,8.9744,0.222537
54.67301,8.9697,0.227817
54.67332,8.9725,0.221433
54.67363,8.9715,0.223129
54.67394,8.9648,0.256329
54.67420,8.9705,0.256329
54.67450,8.9678,0.222433
54.67482,8.9762,0.257225
54.67513,8.9648,0.226025
54.67543,8.9752,0.220353
54.67574,8.9818,0.237497
54.67600,8.9611,0.237497
54.67631,8.9678,0.257041
54.67662,8.9611,0.224729
54.67693,8.9648,0.257729
54.67724,8.9658,0.222433
54.67749,8.9695,0.222433
54.67780,8.9621,0.225233
54.67811,8.9678,0.244881
54.67842,8.9734,0.221041
54.67873,8.9668,0.219745
54.67904,8.9658,0.253241
54.67929,8.9564,0.253241
54.67960,8.9762,0.220145
54.67991,8.9688,0.244961
54.68022,8.9621,0.237289
54.68053,8.9695,0.217241
54.68084,8.9631,0.222041
54.68110,8.9631,0.222041
54.68141,8.9762,0.255353
54.68172,8.9762,0.205977
54.68203,8.9688,0.209569
54.68233,8.9715,0.207585
54.68265,8.9705,0.209881
54.68290,8.9744,0.209881
54.68321,8.9725,0.212257
54.68352,8.9734,0.205289
54.68383,8.9744,0.220353
54.68414,8.9725,0.224337
54.68439,8.9678,0.224337
54.68470,8.9574,0.220145
54.68501,8.9611,0.228817
54.68532,8.9705,0.219057
54.68563,8.9715,0.218241
54.68594,8.9734,0.218561
54.68619,8.9631,0.218561
54.68650,8.9725,0.219641
54.68681,8.9668,0.220433
54.68712,8.9695,0.222833
54.68743,8.9631,0.229321
54.68774,8.9762,0.219145
54.68799,8.9697,0.219145
54.68830,8.9695,0.219145
54.68861,8.9762,0.220937
54.68892,8.9705,0.220041
54.68924,8.9658,0.261625
54.68949,8.9678,0.261625
54.68980,8.9668,0.264905
54.69011,8.9658,0.243881
54.69042,8.9734,0.229609
54.69073,8.9648,0.232009
54.69104,8.9734,0.233593
54.69129,8.9705,0.233593
54.69160,8.9715,0.214553
54.69191,8.9744,0.211969
54.69222,8.9734,0.215553
54.69253,8.9678,0.227713
54.69284,8.9715,0.231217
54.69309,8.9688,0.231217
54.69340,8.9678,0.225521
54.69371,8.9771,0.239185
54.69402,8.9695,0.232905
54.69433,8.9762,0.217657
54.69464,8.9715,0.216849
54.69490,8.9771,0.216849
54.69521,8.9658,0.218449
54.69552,8.9688,0.218449
54.69583,8.9678,0.219457
54.69614,8.9715,0.219145
54.69639,8.9678,0.219145
54.69670,8.9658,0.223729
54.69701,8.9695,0.224025
54.69732,8.9791,0.222833
54.69763,8.9631,0.223129
54.69794,8.9678,0.224729
54.69819,8.9621,0.224729
54.69850,8.9668,0.223441
54.69881,8.9678,0.220937
54.69912,8.9648,0.221041
54.69943,8.9639,0.221041
54.69974,8.9695,0.222537
54.69999,8.9791,0.222537
54.70030,8.9725,0.221641
54.70061,8.9648,0.220937
54.70092,8.9648,0.221745
54.70124,8.9705,0.221537
54.70149,8.9734,0.221537
54.70180,8.9705,0.223145
54.70211,8.9781,0.222649
54.70242,8.9725,0.217953
54.70273,8.9725,0.222937
54.70304,8.9725,0.220249
54.70329,8.9658,0.220249
54.70360,8.9668,0.219641
54.70391,8.9648,0.222649
54.70422,8.9725,0.223937
54.70453,8.9771,0.226817
54.70484,8.9762,0.224441
54.70509,8.9658,0.224441
54.70540,8.9744,0.223129
54.70571,8.9791,0.226417
54.70602,8.9639,0.257433
54.70633,8.9668,0.260921
54.70664,8.9555,0.253745
54.70689,8.9592,0.253745
54.70720,8.9658,0.219849
54.70752,8.9725,0.217953
54.70782,8.9648,0.208377
54.70814,8.9848,0.216449
54.70839,8.9818,0.216449
54.70870,8.9762,0.216553
54.70901,8.9725,0.214553
54.70932,8.9734,0.204497
54.70963,8.9744,0.204689
54.71184,8.9648,0.237497
54.71360,8.9752,0.223337
54.71535,8.9648,0.221433
54.71711,8.9705,0.226233
54.71887,8.9705,0.217449
54.72063,8.9592,0.243481
54.72239,8.9771,0.218641
54.72414,8.9639,0.218449
54.72434,8.9762,0.219057
54.72459,8.9648,0.219057
54.72490,8.9678,0.220641
54.72521,8.9688,0.222433
54.72552,8.9621,0.222329
54.72583,8.9648,0.221537
54.72614,8.9705,0.222537
54.72639,8.9744,0.222537
54.72670,8.9762,0.215161
54.72701,8.9715,0.218241
54.72733,8.9621,0.221833
54.72763,8.9752,0.221641
54.72789,8.9715,0.221641
54.72820,8.9754,0.218241
54.72851,8.9658,0.218953
54.72882,8.9771,0.219457
54.72913,8.9744,0.218561
54.72944,8.9705,0.219249
54.72969,8.9648,0.219249
54.73000,8.9762,0.220537
54.73031,8.9648,0.224521
54.73062,8.9734,0.221249
54.73093,8.9725,0.219849
54.73124,8.9762,0.232513
54.73149,8.9809,0.232513
54.73180,8.9752,0.218849
54.73211,8.9611,0.221937
54.73242,8.9744,0.224729
54.73273,8.9621,0.263321
54.73298,8.9631,0.263321
54.73330,8.9602,0.264217
54.73361,8.9621,0.224233
54.73392,8.9641,0.212865
54.73423,8.9705,0.221641
54.73454,8.9762,0.206481
54.73479,8.9734,0.206481
54.73510,8.9715,0.212361
54.73541,8.9668,0.208673
54.73572,8.9697,0.207089
54.73603,8.9744,0.200497
54.73634,8.9725,0.200497
54.73659,8.9678,0.200497
54.73690,8.9725,0.201889
54.73721,8.9744,0.211281
54.73752,8.9791,0.217345
54.73783,8.9715,0.211969
54.73808,8.9715,0.211969
54.73839,8.9705,0.233409
54.73870,8.9678,0.240585
54.73901,8.9752,0.226633
54.73933,8.9688,0.224441
54.73964,8.9705,0.222649
54.73989,8.9678,0.222649
54.74020,8.9688,0.223833
54.74051,8.9725,0.223937
54.74082,8.9695,0.221537
54.74113,8.9744,0.220849
54.74144,8.9688,0.221937
54.74169,8.9611,0.221937
54.74200,8.9715,0.219849
54.74231,8.9648,0.222041
54.74262,8.9695,0.259625
54.74293,8.9574,0.262025
54.74324,8.9631,0.263113
54.74349,8.9688,0.263113
54.74380,8.9781,0.246673
54.74411,8.9631,0.228129
54.74442,8.9697,0.229817
54.74473,8.9668,0.214257
54.74498,8.9725,0.214257
54.74530,8.9648,0.211177
54.74561,8.9688,0.212673
54.74592,8.9705,0.220145
54.74623,8.9771,0.219641
54.74648,8.9678,0.219641
54.74679,8.9658,0.229817
54.74710,8.9658,0.240185
54.74741,8.9668,0.235809
54.74772,8.9621,0.218057
54.74803,8.9734,0.220433
54.74828,8.9725,0.220433
54.74859,8.9631,0.220249
54.74890,8.9791,0.220249
54.74921,8.9744,0.218345
54.74952,8.9705,0.221537
54.74983,8.9781,0.220745
54.75009,8.9611,0.220745
54.75039,8.9762,0.222041
54.75070,8.9762,0.220249
54.75102,8.9725,0.222329
54.75133,8.9592,0.221433
54.75158,8.9668,0.221433
54.75189,8.9762,0.223041
54.75220,8.9639,0.230217
54.75251,8.9639,0.221433
54.75282,8.9658,0.222833
54.75313,8.9639,0.226737
54.75338,8.9648,0.226737
54.75369,8.9725,0.224337
54.75400,8.9705,0.225233
54.75431,8.9668,0.226817
54.75462,8.9781,0.238393
54.75493,8.9678,0.223833
54.75519,8.9688,0.223833
54.75550,8.9688,0.223833
54.75581,8.9639,0.224233
54.75612,8.9771,0.222649
54.75643,8.9695,0.223937
54.75673,8.9641,0.222249
54.75699,8.9592,0.222249
54.75731,8.9715,0.221433
54.75762,8.9715,0.222225
54.75793,8.9725,0.219537
54.75818,8.9631,0.219537
54.75849,8.9641,0.224625
54.75880,8.9725,0.221641
54.75911,8.9781,0.215761
54.75942,8.9762,0.259129
54.75973,8.9658,0.260417
54.75999,8.9648,0.260417
54.76029,8.9639,0.263817
54.76060,8.9688,0.216745
54.76091,8.9725,0.221433
54.76122,8.9631,0.211361
54.76153,8.9734,0.214553
54.76179,8.9658,0.214553
54.76210,8.9801,0.215761
54.76240,8.9762,0.203393
54.76272,8.9715,0.202993
54.76303,8.9648,0.204977
54.76328,8.9725,0.204977
54.76359,8.9752,0.204289
54.76390,8.9715,0.207193
54.76421,8.9715,0.222041
54.76452,8.9602,0.228921
54.76483,8.9688,0.222937
54.76508,8.9734,0.222937
54.76539,8.9762,0.219745
54.76570,8.9518,0.218057
54.76601,8.9715,0.216345
54.76632,8.9809,0.219641
54.76663,8.9771,0.218745
54.76688,8.9648,0.218745
54.76719,8.9658,0.220937
54.76750,8.9725,0.220849
54.76781,8.9688,0.220041
54.76812,8.9771,0.222937
54.76843,8.9725,0.222937
54.76868,8.9752,0.222937
54.76900,8.9678,0.234593
54.76931,8.9639,0.256329
54.76962,8.9695,0.255937
54.76993,8.9582,0.213465
54.77018,8.9668,0.213465
54.77049,8.9744,0.233409
54.77080,8.9771,0.212569
54.77111,8.9705,0.214465
54.77142,8.9715,0.209777
54.77173,8.9715,0.209777
54.77198,8.9734,0.209777
54.77229,8.9734,0.213073
54.77260,8.9678,0.224233
54.77291,8.9715,0.227425
54.77322,8.9725,0.237289
54.77353,8.9668,0.235497
54.77378,8.9725,0.235497
54.77409,8.9744,0.234489
54.77440,8.9734,0.224337
54.77471,8.9678,0.221745
54.77502,8.9734,0.221041
54.77528,8.9744,0.221041
54.77559,8.9688,0.221329
54.77590,8.9631,0.219033
54.77621,8.9838,0.217161
54.77652,8.9791,0.218345
54.77683,8.9725,0.218137
54.77708,8.9658,0.218137
54.77739,8.9668,0.220041
54.77770,8.9762,0.219033
54.77801,8.9725,0.219353
54.77832,8.9639,0.218057
54.77863,8.9639,0.218161
54.77888,8.9584,0.218161
54.77919,8.9715,0.218241
54.77950,8.9705,0.222329
54.77981,8.9752,0.221329
54.78012,8.9621,0.221745
54.78043,8.9715,0.220041
54.78068,8.9678,0.220041
54.78100,8.9725,0.223233
54.78131,8.9695,0.223041
54.78162,8.9725,0.226521
54.78193,8.9762,0.225729
54.78218,8.9705,0.225729
54.78249,8.9734,0.224337
54.78280,8.9744,0.220145
54.78311,8.9611,0.224025
54.78342,8.9744,0.221329
54.78373,8.9725,0.221729
54.78398,8.9715,0.221729
54.78429,8.9668,0.222729
54.78460,8.9658,0.222833
54.78491,8.9725,0.223441
54.78522,8.9715,0.222225
54.78553,8.9705,0.251849
54.78579,8.9715,0.251849
54.78609,8.9668,0.258337
54.78640,8.9697,0.256433
54.78671,8.9658,0.219641
54.78703,8.9678,0.215049
54.78728,8.9725,0.215049
54.78759,8.9781,0.214761
54.78790,8.9734,0.221745
54.78821,8.9715,0.218953
54.78852,8.9771,0.220249
54.78883,8.9865,0.200809
54.78908,8.9744,0.200809
54.78939,8.9734,0.208273
54.78970,8.9705,0.204689
54.79001,8.9725,0.205793
54.79032,8.9762,0.209673
54.79063,8.9668,0.216761
54.79088,8.9658,0.216761
54.79119,8.9678,0.226921
54.79150,8.9658,0.224129
54.79181,8.9688,0.220641
54.79212,8.9602,0.222729
54.79237,8.9744,0.222729
54.79268,8.9695,0.219849
54.79300,8.9611,0.221329
54.79331,8.9715,0.219849
54.79362,8.9781,0.220353
54.79393,8.9678,0.220041
54.79418,8.9592,0.220041
54.79449,8.9658,0.219849
54.79480,8.9668,0.220353
54.79511,8.9705,0.225129
54.79542,8.9715,0.237097
54.79568,8.9602,0.237097
54.79599,8.9668,0.263217
54.79630,8.9705,0.263025
54.79660,8.9705,0.218449
54.79691,8.9771,0.229113
54.79722,8.9695,0.227025
54.79748,8.9688,0.227025
54.79779,8.9744,0.216057
54.79810,8.9744,0.213657
54.79841,8.9715,0.211073
54.79871,8.9688,0.212761
54.79903,8.9734,0.218057
54.79928,8.9762,0.218057
54.79959,8.9668,0.225025
54.79990,8.9688,0.242193
54.80021,8.9592,0.247361
54.80052,8.9639,0.231513
54.80078,8.9705,0.231513
54.80108,8.9771,0.220641
54.80139,8.9658,0.221937
54.80170,8.9621,0.224233
54.80201,8.9668,0.224233
54.80232,8.9801,0.220745
54.80258,8.9744,0.220745
54.80289,8.9678,0.256041
54.80320,8.9695,0.221745
54.80351,8.9668,0.254433
54.80382,8.9695,0.229425
54.80413,8.9658,0.219145
54.80438,8.9688,0.219145
54.80469,8.9555,0.226233
54.80500,8.9688,0.217745
54.80531,8.9791,0.218953
54.80562,8.9734,0.252241
54.80587,8.9725,0.252241
54.80618,8.9781,0.218745
54.80649,8.9688,0.218137
54.80680,8.9648,0.249153
54.80711,8.9648,0.218137
54.80742,8.9668,0.216265
54.80768,8.9715,0.216265
54.80798,8.9678,0.251745
54.80830,8.9705,0.218137
54.80861,8.9715,0.237785
54.80892,8.9574,0.248257
54.80922,8.9695,0.222537
54.80948,8.9734,0.222537
54.80979,8.9697,0.221041
54.81010,8.9688,0.221041
54.81041,8.9631,0.222649
54.81072,8.9639,0.241289
54.81103,8.9695,0.239585
54.81129,8.9725,0.239585
54.81160,8.9734,0.218641
54.81191,8.9688,0.254937
54.81221,8.9752,0.218449
54.81253,8.9725,0.219937
54.81278,8.9695,0.219937
54.81309,8.9678,0.251745
54.81340,8.9678,0.217745
54.81371,8.9715,0.218953
54.81402,8.9631,0.252745
54.81433,8.9705,0.222833
54.81458,8.9744,0.222833
54.81489,8.9809,0.219457
54.81520,8.9648,0.223441
54.81551,8.9705,0.217161
54.81582,8.9658,0.229609
54.81613,8.9725,0.255937
54.81638,8.9648,0.255937
54.81669,8.9725,0.222041
54.81700,8.9734,0.254641
54.81732,8.9688,0.224129
54.81762,8.9715,0.221041
54.81788,8.9705,0.221041
54.81819,8.9678,0.232905
54.81850,8.9592,0.217657
54.81880,8.9668,0.221641
54.81912,8.9818,0.254249
54.81943,8.9678,0.218641
54.81968,8.9734,0.218641
54.81999,8.9725,0.218241
54.82030,8.9658,0.243089
54.82061,8.9705,0.221249
54.82092,8.9582,0.221833
54.82123,8.9688,0.260233
54.82148,8.9771,0.260233
54.82179,8.9734,0.220937
54.82210,8.9697,0.250265
54.82241,8.9668,0.232697
54.82272,8.9725,0.221537
54.82303,8.9648,0.223833
54.82328,8.9705,0.223833
54.82359,8.9668,0.223233
54.82390,8.9688,0.225337
54.82421,8.9705,0.255745
54.82452,8.9648,0.235393
54.82477,8.9668,0.235393
54.82508,8.9771,0.219953
54.82539,8.9688,0.255329
54.82570,8.9648,0.217657
54.82601,8.9648,0.223441
54.82632,8.9715,0.255433
54.82658,8.9621,0.255433
54.82688,8.9715,0.223937
54.82720,8.9688,0.231305
54.82751,8.9631,0.253953
54.82782,8.9734,0.221145
54.82812,8.9734,0.220041
54.82838,8.9695,0.220041
54.82869,8.9639,0.253137
54.82900,8.9688,0.218137
54.82931,8.9715,0.236097
54.82962,8.9678,0.247177
54.82987,8.9695,0.247177
54.83018,8.9752,0.219745
54.83049,8.9639,0.224521
54.83080,8.9688,0.225729
54.83111,8.9668,0.222937
54.83142,8.9715,0.247465
54.83167,8.9602,0.247465
54.83198,8.9688,0.241481
54.83229,8.9695,0.218953
54.83260,8.9715,0.252953
54.83291,8.9639,0.220641
54.83322,8.9695,0.222225
54.83347,8.9678,0.222225
54.83378,8.9695,0.251161
54.83409,8.9695,0.220145
54.83440,8.9705,0.231305
54.83471,8.9658,0.254849
54.83497,8.9688,0.254849
54.83528,8.9885,0.220641
54.83559,8.9715,0.255537
54.83590,8.9631,0.230825
54.83621,8.9641,0.220937
54.83652,8.9715,0.228817
54.83678,8.9762,0.228817
54.83708,8.9582,0.259233
54.83739,8.9695,0.224625
54.83770,8.9678,0.258729
54.83801,8.9658,0.230113
54.83832,8.9762,0.226313
54.83858,8.9744,0.226313
54.83889,8.9705,0.238185
54.83920,8.9688,0.222729
54.83951,8.9754,0.222329
54.83982,8.9658,0.255537
54.84007,8.9639,0.255537
54.84038,8.9695,0.223041
54.84069,8.9668,0.232513
54.84100,8.9631,0.246257
54.84131,8.9668,0.220145
54.84162,8.9678,0.220145
54.84187,8.9668,0.220145
54.84218,8.9641,0.256145
54.84249,8.9584,0.224337
54.84280,8.9801,0.244169
54.84311,8.9641,0.239185
54.84342,8.9695,0.208089
54.84368,8.9678,0.208089
54.84398,8.9771,0.210857
54.84429,8.9678,0.213153
54.84460,8.9705,0.213153
54.84492,8.9688,0.207985
54.84517,8.9725,0.207985
54.84548,8.9678,0.205977
54.84579,8.9904,0.218953
54.84610,8.9695,0.217057
54.84641,8.9725,0.227713
54.84672,8.9781,0.231217
54.84697,8.9705,0.231217
54.84729,8.9648,0.218241
54.84760,8.9705,0.217553
54.84791,8.9734,0.220537
54.84821,8.9754,0.220353
54.84847,8.9744,0.220353
54.84878,8.9658,0.219537
54.84909,8.9715,0.219537
54.84940,8.9818,0.218953
54.84971,8.9678,0.213569
54.85002,8.9818,0.219849
54.85027,8.9752,0.219849
54.85058,8.9818,0.218561
54.85089,8.9668,0.253057
54.85120,8.9611,0.262529
54.85151,8.9695,0.260417
54.85182,8.9545,0.260417
54.85207,8.9744,0.260417
54.85238,8.9734,0.222937
54.85269,8.9611,0.226025
54.85300,8.9564,0.213073
54.85332,8.9781,0.212969
54.85357,8.9744,0.212969
54.85388,8.9688,0.212673
54.85419,8.9658,0.211569
54.85450,8.9725,0.212865
54.85481,8.9734,0.213073
54.85512,8.9648,0.230905
54.85537,8.9678,0.230905
54.85568,8.9648,0.229609
54.85599,8.9688,0.229921
54.85630,8.9734,0.218849
54.85661,8.9705,0.219249
54.85692,8.9734,0.220145
54.85717,8.9678,0.220145
54.85748,8.9648,0.217745
54.85779,8.9744,0.219457
54.85810,8.9734,0.223625
54.85841,8.9762,0.223041
54.85872,8.9762,0.221329
54.85897,8.9668,0.221329
54.85929,8.9668,0.223441
54.85960,8.9754,0.222329
54.85991,8.9697,0.217849
54.86022,8.9895,0.218561
54.86047,8.9631,0.218561
54.86078,8.9725,0.220353
54.86109,8.9688,0.219849
54.86140,8.9781,0.220849
54.86171,8.9688,0.218561
54.86202,8.9715,0.218849
54.86227,8.9725,0.218849
54.86258,8.9752,0.218953
54.86289,8.9658,0.220145
54.86320,8.9762,0.225625
54.86351,8.9602,0.222937
54.86382,8.9678,0.221433
54.86407,8.9631,0.221433
54.86438,8.9678,0.221641
54.86469,8.9744,0.223545
54.86500,8.9838,0.223729
54.86531,8.9658,0.224625
54.86557,8.9715,0.224625
54.86588,8.9715,0.225025
54.86619,8.9725,0.224441
54.86650,8.9564,0.227321
54.86681,8.9762,0.221145
54.86712,8.9744,0.221249
54.86737,8.9705,0.221249
54.86768,8.9697,0.221145
54.86799,8.9705,0.220745
54.86830,8.9744,0.258625
54.86861,8.9705,0.254433
54.86892,8.9611,0.252745
54.86923,8.9705,0.222145
54.86948,8.9705,0.222145
54.86979,8.9762,0.218561
54.87010,8.9658,0.215953
54.87041,8.9639,0.217849
54.87072,8.9621,0.214257
54.87103,8.9744,0.220937
54.87129,8.9715,0.220937
54.87160,8.9781,0.202705
54.87191,8.9762,0.206481
54.87222,8.9725,0.211073
54.87253,8.9668,0.210169
54.87278,8.9725,0.210169
54.87309,8.9725,0.212569
54.87340,8.9734,0.233097
54.87371,8.9744,0.232409
54.87402,8.9639,0.217449
54.87433,8.9688,0.219033
54.87458,8.9734,0.219033
54.87489,8.9648,0.219249
54.87520,8.9744,0.223833
54.87551,8.9705,0.220937
54.87582,8.9705,0.220745
54.87607,8.9725,0.220745
54.87638,8.9668,0.221329
54.87669,8.9668,0.221745
54.87700,8.9791,0.222649
54.87732,8.9648,0.222145
54.87763,8.9688,0.221537
54.87788,8.9744,0.221537
54.87819,8.9592,0.252849
54.87850,8.9762,0.257833
54.87881,8.9639,0.259625
54.87912,8.9688,0.222649
54.87943,8.9762,0.233409
54.87968,8.9752,0.233409
54.87999,8.9705,0.230009
54.88030,8.9697,0.219953
54.88061,8.9611,0.217449
54.88092,8.9631,0.213465
54.88117,8.9658,0.213465
54.88148,8.9762,0.211281
54.88179,8.9592,0.216265
54.88210,8.9715,0.229025
54.88241,8.9658,0.239793
54.88272,8.9574,0.239185
54.88298,8.9838,0.239185
54.88329,8.9621,0.227817
54.88360,8.9734,0.218241
54.88391,8.9631,0.221745
54.88422,8.9809,0.224025
54.88453,8.9734,0.219641
54.88478,8.9678,0.219641
54.88509,8.9705,0.222833
54.88540,8.9734,0.223129
54.88571,8.9678,0.222433
54.88602,8.9725,0.222329
54.88633,8.9791,0.223729
54.88658,8.9688,0.223729
54.88689,8.9688,0.225233
54.88720,8.9725,0.223041
54.88751,8.9688,0.222041
54.88782,8.9705,0.218161
54.88807,8.9762,0.218161
54.88838,8.9705,0.219537
54.88869,8.9725,0.219353
54.88900,8.9848,0.220537
54.88931,8.9631,0.220145
54.88963,8.9715,0.220849
54.88988,8.9648,0.220849
54.89019,8.9688,0.218561
54.89050,8.9697,0.220433
54.89081,8.9631,0.218449
54.89112,8.9744,0.219457
54.89143,8.9705,0.222225
54.89168,8.9801,0.222225
54.89199,8.9791,0.221041
54.89230,8.9744,0.219249
54.89261,8.9668,0.220537
54.89292,8.9678,0.222225
54.89317,8.9705,0.222225
54.89348,8.9678,0.221249
54.89379,8.9838,0.221833
54.89410,8.9668,0.222041
54.89441,8.9744,0.222225
54.89472,8.9602,0.236393
54.89497,8.9648,0.236393
54.89529,8.9715,0.257121
54.89560,8.9705,0.255145
54.89591,8.9648,0.214865
54.89622,8.9648,0.212465
54.89647,8.9648,0.212465
54.89678,8.9752,0.219457
54.89709,8.9801,0.206977
54.89740,8.9762,0.216657
54.89771,8.9725,0.211569
54.89802,8.9734,0.197617
54.89827,8.9828,0.197617
54.89858,8.9781,0.201305
54.89889,8.9695,0.202993
54.89920,8.9725,0.202393
54.89951,8.9791,0.205793
54.89982,8.9725,0.216057
54.90007,8.9678,0.216057
54.90038,8.9668,0.220145
54.90069,8.9688,0.233593
54.90101,8.9678,0.221833
54.90132,8.9744,0.221537
54.90157,8.9725,0.221537
54.90188,8.9725,0.219745
54.90219,8.9715,0.217241
54.90250,8.9725,0.219353
54.90281,8.9762,0.220041
54.90312,8.9695,0.219953
54.90337,8.9809,0.219953
54.90368,8.9602,0.217745
54.90399,8.9621,0.219249
54.90430,8.9648,0.218953
54.90461,8.9678,0.217449
54.90492,8.9611,0.256329
54.90517,8.9648,0.256329
54.90548,8.9752,0.262321
54.90579,8.9639,0.242585
54.90610,8.9688,0.227713
54.90641,8.9697,0.229217
54.90672,8.9715,0.231721
54.90697,8.9611,0.231721
54.90729,8.9648,0.216761
54.90760,8.9648,0.214865
54.90791,8.9734,0.218137
54.90822,8.9648,0.229217
54.90847,8.9705,0.229217
54.90878,8.9734,0.233009
54.90909,8.9648,0.226521
54.90940,8.9602,0.244777
54.90971,8.9639,0.234305
54.91002,8.9725,0.219745
54.91027,8.9678,0.219745
54.91058,8.9688,0.221937
54.91089,8.9762,0.216345
54.91120,8.9668,0.222041
54.91151,8.9752,0.221145
54.91182,8.9734,0.220745
54.91207,8.9695,0.220745
54.91238,8.9725,0.221937
54.91269,8.9752,0.221249
54.91300,8.9695,0.220937
54.91331,8.9705,0.220249
54.91362,8.9705,0.222145
54.91388,8.9648,0.222145
54.91419,8.9762,0.223625
54.91450,8.9658,0.220641
54.91481,8.9678,0.222249
54.91512,8.9705,0.224025
54.91537,8.9752,0.224025
54.91568,8.9744,0.224233
54.91599,8.9725,0.220745
54.91630,8.9688,0.220937
54.91661,8.9639,0.221249
54.91692,8.9688,0.221433
54.91717,8.9734,0.221433
54.91748,8.9688,0.223041
54.91779,8.9668,0.221833
54.91810,8.9668,0.222937
54.91841,8.9688,0.220433
54.91872,8.9648,0.220641
54.91897,8.9688,0.220641
54.91928,8.9668,0.221729
54.91959,8.9688,0.222329
54.91990,8.9734,0.224625
54.92021,8.9639,0.227713
54.92052,8.9668,0.221041
54.92077,8.9705,0.221041
54.92108,8.9705,0.226417
54.92139,8.9744,0.226921
54.92170,8.9688,0.262609
54.92201,8.9734,0.261921
54.92232,8.9555,0.259921
54.92258,8.9574,0.259921
54.92288,8.9695,0.231721
54.92319,8.9734,0.224337
54.92350,8.9705,0.210857
54.92381,8.9754,0.212177
54.92407,8.9648,0.212177
54.92438,8.9752,0.222041
54.92469,8.9734,0.203185
54.92500,8.9801,0.204585
54.92531,8.9695,0.206689
54.92562,8.9744,0.204689
54.92587,8.9771,0.204689
54.92618,8.9762,0.211177
54.92649,8.9668,0.231409
54.92680,8.9658,0.235393
54.92711,8.9715,0.221745
54.92742,8.9715,0.220433
54.92767,8.9744,0.220433
54.92798,8.9705,0.221249
54.92829,8.9688,0.225625
54.92860,8.9744,0.224921
54.92891,8.9648,0.224233
54.92922,8.9678,0.223337
54.92947,8.9725,0.223337
54.92978,8.9688,0.223729
54.93009,8.9725,0.221433
54.93040,8.9705,0.218161
54.93071,8.9791,0.217057
54.93097,8.9648,0.217057
54.93128,8.9648,0.252345
54.93159,8.9545,0.255433
54.93190,8.9688,0.256145
54.93221,8.9648,0.221145
54.93252,8.9688,0.226737
54.93277,8.9678,0.226737
54.93308,8.9715,0.225833
54.93339,8.9678,0.213361
54.93370,8.9725,0.210673
54.93401,8.9705,0.211777
54.93427,8.9762,0.211777
54.93458,8.9592,0.220433
54.93489,8.9668,0.227321
54.93520,8.9621,0.235097
54.93550,8.9641,0.240185
54.93582,8.9781,0.231409
54.93607,8.9688,0.231409
54.93638,8.9715,0.224337
54.93669,8.9668,0.220249
54.93700,8.9695,0.221745
54.93731,8.9688,0.217953
54.93762,8.9801,0.218345
54.93787,8.9658,0.218345
54.93818,8.9678,0.214657
54.93849,8.9668,0.217745
54.93880,8.9771,0.220249
54.93911,8.9695,0.220849
54.93937,8.9744,0.220849
54.93967,8.9668,0.216761
54.93998,8.9678,0.217057
54.94029,8.9781,0.219249
54.94060,8.9781,0.219641
54.94091,8.9639,0.219457
54.94117,8.9771,0.219457
54.94148,8.9744,0.219033
54.94178,8.9744,0.216449
54.94210,8.9725,0.223441
54.94241,8.9715,0.229609
54.94272,8.9648,0.222433
54.94297,8.9715,0.222433
54.94328,8.9725,0.224833
54.94359,8.9688,0.222225
54.94390,8.9715,0.220249
54.94421,8.9734,0.221145
54.94447,8.9734,0.221145
54.94477,8.9791,0.217745
54.94508,8.9725,0.219745
54.94539,8.9715,0.218641
54.94570,8.9678,0.220641
54.94601,8.9668,0.217849
54.94627,8.9791,0.217849
54.94658,8.9752,0.218849
54.94689,8.9688,0.221433
54.94720,8.9705,0.223833
54.94751,8.9818,0.219745
54.94782,8.9658,0.256145
54.94807,8.9621,0.256145
54.94838,8.9658,0.257937
54.94869,8.9695,0.259521
54.94900,8.9791,0.223129
54.94931,8.9658,0.222433
54.94957,8.9695,0.222433
54.94988,8.9801,0.213969
54.95019,8.9705,0.219249
54.95050,8.9695,0.216265
54.95080,8.9771,0.221433
54.95112,8.9695,0.203601
54.95137,8.9762,0.203601
54.95168,8.9725,0.203793
54.95199,8.9715,0.204585
54.95230,8.9781,0.207777
54.95261,8.9695,0.202889
54.95292,8.9725,0.204585
54.95317,8.9809,0.204585
54.95348,8.9809,0.204497
54.95379,8.9734,0.205001
54.95410,8.9752,0.208881
54.95441,8.9838,0.229817
54.95472,8.9715,0.217953
54.95497,8.9791,0.217953
54.95528,8.9668,0.218449
54.95559,8.9705,0.232801
54.95590,8.9762,0.223937
54.95621,8.9715,0.223937
54.95647,8.9734,0.223937
54.95678,8.9705,0.223937
54.95709,8.9631,0.223833
54.95739,8.9762,0.224625
54.95770,8.9734,0.221745
54.95801,8.9705,0.220745
54.95827,8.9668,0.220745
54.95858,8.9688,0.221249
54.95889,8.9648,0.223233
54.95920,8.9705,0.220353
54.95951,8.9705,0.257729
54.95982,8.9668,0.261817
54.96007,8.9658,0.261817
54.96038,8.9639,0.275081
54.96069,8.9668,0.226737
54.96100,8.9688,0.229817
54.96131,8.9582,0.231905
54.96157,8.9734,0.231905
54.96187,8.9658,0.215049
54.96219,8.9582,0.213361
54.96250,8.9695,0.215953
54.96281,8.9639,0.229817
54.96311,8.9752,0.234705
54.96337,8.9668,0.234705
54.96368,8.9668,0.231721
54.96399,8.9695,0.245961
54.96430,8.9697,0.238793
54.96461,8.9801,0.224833
54.96492,8.9725,0.222041
54.96517,8.9705,0.222041
54.96548,8.9678,0.222729
54.96579,8.9705,0.220249
54.96610,8.9781,0.219249
54.96641,8.9725,0.252345
54.96672,8.9705,0.238105
54.96697,8.9715,0.238105
54.96728,8.9688,0.220433
54.96759,8.9621,0.256249
54.96790,8.9678,0.220353
54.96821,8.9771,0.222225
54.96846,8.9678,0.222225
54.96877,8.9668,0.253449
54.96908,8.9781,0.220041
54.96939,8.9688,0.228713
54.96970,8.9648,0.257937
54.97001,8.9715,0.222329
54.97026,8.9678,0.222329
54.97057,8.9715,0.222649
54.97088,8.9678,0.221433
54.97119,8.9695,0.222145
54.97150,8.9631,0.235497
54.97181,8.9688,0.246969
54.97207,8.9752,0.246969
54.97238,8.9705,0.217449
54.97269,8.9695,0.252849
54.97300,8.9611,0.220249
54.97331,8.9705,0.218641
54.97357,8.9668,0.218641
54.97388,8.9715,0.237889
54.97419,8.9725,0.220433
54.97449,8.9725,0.219457
54.97480,8.9762,0.244881
54.97511,8.9602,0.218849
54.97537,8.9658,0.218849
54.97568,8.9688,0.218745
54.97599,8.9574,0.236889
54.97630,8.9705,0.216265
54.97661,8.9678,0.219537
54.97692,8.9668,0.257145
54.97717,8.9678,0.257145
54.97748,8.9715,0.234993
54.97779,8.9631,0.254849
54.97810,8.9611,0.232697
54.97841,8.9648,0.218449
54.97866,8.9725,0.218449
54.97897,8.9658,0.226233
54.97928,8.9762,0.218849
54.97959,8.9688,0.217553
54.97990,8.9705,0.252161
54.98021,8.9725,0.221145
54.98046,8.9631,0.221145
54.98077,8.9809,0.215865
54.98108,8.9752,0.252345
54.98139,8.9678,0.216057
54.98170,8.9725,0.216161
54.98201,8.9621,0.250761
54.98227,8.9631,0.250761
54.98257,8.9771,0.219145
54.98288,8.9688,0.234305
54.98320,8.9648,0.245273
54.98351,8.9762,0.217657
54.98381,8.9668,0.221433
54.98407,8.9621,0.221433
54.98438,8.9734,0.255937
54.98469,8.9725,0.222225
54.98500,8.9705,0.243881
54.98531,8.9648,0.240977
54.98556,8.9688,0.240977
54.98588,8.9668,0.221433
54.98619,8.9678,0.255537
54.98650,8.9715,0.220433
54.98681,8.9688,0.219033
54.98711,8.9715,0.252161
54.98737,8.9695,0.252161
54.98768,8.9725,0.234009
54.98799,8.9744,0.220537
54.98830,8.9639,0.256833
54.98861,8.9688,0.220937
54.98886,8.9725,0.220937
54.98917,8.9781,0.222225
54.98948,8.9725,0.255353
54.98979,8.9705,0.222329
54.99010,8.9678,0.227529
54.99041,8.9705,0.256329
54.99066,8.9602,0.256329
54.99097,8.9752,0.223233
54.99128,8.9648,0.258729
54.99159,8.9705,0.225337
54.99191,8.9688,0.225025
54.99216,8.9744,0.225025
54.99247,8.9744,0.233409
54.99278,8.9752,0.257433
54.99309,8.9848,0.223129
54.99340,8.9705,0.264217
54.99371,8.9639,0.222225
54.99396,8.9688,0.222225
54.99427,8.9715,0.220849
54.99458,8.9678,0.236393
54.99489,8.9631,0.220537
54.99520,8.9715,0.219953
54.99551,8.9611,0.255433
54.99576,8.9744,0.255433
54.99607,8.9715,0.224025
54.99638,8.9705,0.242273
54.99669,8.9621,0.238393
54.99700,8.9725,0.219457
54.99726,8.9668,0.219457
54.99757,8.9715,0.221145
54.99788,8.9762,0.256249
54.99819,8.9668,0.223937
54.99850,8.9678,0.256249
54.99881,8.9648,0.236393
54.99906,8.9668,0.236393
54.99937,8.9695,0.224025
54.99968,8.9705,0.257833
54.99999,8.9631,0.219457
55.00030,8.9678,0.222729
55.00061,8.9631,0.254937
55.00086,8.9688,0.254937
55.00117,8.9688,0.228217
55.00148,8.9695,0.230321
55.00179,8.9715,0.256641
55.00210,8.9725,0.219249
55.00241,8.9762,0.220641
55.00266,8.9668,0.220641
55.00297,8.9734,0.257329
55.00329,8.9771,0.222537
55.00360,8.9725,0.236785
55.00391,8.9668,0.254137
55.00416,8.9678,0.254137
55.00447,8.9715,0.223729
55.00478,8.9781,0.260337
55.00509,8.9744,0.225417
55.00540,8.9715,0.225129
55.00571,8.9705,0.247153
55.00596,8.9621,0.247153
55.00627,8.9725,0.248969
55.00658,8.9744,0.224337
55.00689,8.9611,0.256937
55.00720,8.9744,0.218849
55.00751,8.9715,0.211865
55.00776,8.9678,0.211865
55.00807,8.9705,0.210777
55.00838,8.9631,0.210465
55.00869,8.9744,0.212257
55.00900,8.9697,0.218953
55.00926,8.9828,0.218953
55.00957,8.9621,0.209777
55.00988,8.9725,0.220641
55.01203,8.9715,0.221745
55.01379,8.9762,0.212569
55.01554,8.9631,0.262129
55.01730,8.9705,0.209881
55.01906,8.9648,0.228217
55.02082,8.9734,0.217553
55.02258,8.9725,0.217553
55.02434,8.9744,0.217241
55.02459,8.9695,0.216345
55.02490,8.9705,0.219641
55.02521,8.9648,0.220249
55.02546,8.9771,0.220249
55.02577,8.9705,0.221249
55.02608,8.9678,0.223041
55.02639,8.9695,0.222729
55.02670,8.9705,0.221249
55.02695,8.9762,0.221249
55.02726,8.9705,0.221641
55.02757,8.9705,0.223833
55.02788,8.9695,0.220833
55.02819,8.9754,0.222433
55.02850,8.9725,0.222041
55.02875,8.9688,0.222041
55.02906,8.9641,0.222649
55.02938,8.9725,0.221329
55.02969,8.9725,0.221041
55.03000,8.9648,0.220937
55.03031,8.9705,0.220041
55.03056,8.9668,0.220041
55.03087,8.9781,0.222041
55.03118,8.9658,0.222649
55.03149,8.9715,0.228817
55.03180,8.9602,0.260817
55.03211,8.9611,0.262321
55.03236,8.9695,0.262321
55.03267,8.9658,0.254641
55.03298,8.9688,0.218345
55.03329,8.9734,0.224025
55.03360,8.9734,0.208985
55.03385,8.9695,0.208985
55.03416,8.9648,0.219145
55.03447,8.9734,0.225417
55.03478,8.9791,0.205289
55.03509,8.9801,0.203105
55.03541,8.9801,0.203497
55.03566,8.9725,0.203497
55.03597,8.9744,0.203185
55.03628,8.9762,0.203497
55.03659,8.9754,0.212761
55.03690,8.9725,0.218745
55.03721,8.9688,0.230825
55.03746,8.9621,0.230825
55.03777,8.9631,0.233097
55.03808,8.9648,0.216449
55.03839,8.9734,0.219953
55.03870,8.9828,0.221145
55.03895,8.9688,0.221145
55.03926,8.9725,0.220041
55.03957,8.9602,0.221249
55.03988,8.9697,0.223937
55.04019,8.9705,0.226025
55.04050,8.9725,0.225921
55.04075,8.9705,0.225921
55.04106,8.9762,0.222937
55.04137,8.9631,0.224625
55.04168,8.9658,0.260817
55.04199,8.9658,0.264321
55.04230,8.9725,0.257937
55.04256,8.9705,0.257937
55.04287,8.9725,0.247761
55.04318,8.9658,0.230825
55.04349,8.9658,0.223937
55.04380,8.9752,0.214465
55.04410,8.9734,0.214257
55.04436,8.9725,0.214257
55.04467,8.9639,0.219849
55.04498,8.9725,0.227321
55.04529,8.9658,0.228609
55.04560,8.9688,0.242481
55.04585,8.9678,0.242481
55.04616,8.9678,0.243569
55.04647,8.9688,0.231513
55.04678,8.9734,0.220849
55.04709,8.9678,0.222433
55.04740,8.9725,0.223129
55.04765,8.9668,0.223129
55.04796,8.9678,0.221745
55.04827,8.9574,0.223625
55.04858,8.9648,0.222225
55.04889,8.9697,0.221833
55.04920,8.9648,0.220849
55.04946,8.9771,0.220849
55.04977,8.9754,0.219745
55.05008,8.9781,0.220937
55.05039,8.9688,0.222145
55.05069,8.9697,0.221433
55.05101,8.9801,0.220745
55.05126,8.9725,0.220745
55.05157,8.9705,0.218241
55.05188,8.9688,0.217657
55.05219,8.9592,0.228025
55.05250,8.9715,0.220353
55.05275,8.9762,0.220353
55.05306,8.9754,0.219745
55.05337,8.9688,0.220353
55.05368,8.9688,0.224833
55.05399,8.9631,0.221833
55.05430,8.9518,0.233009
55.05456,8.9744,0.233009
55.05486,8.9695,0.218953
55.05517,8.9725,0.221433
55.05548,8.9715,0.218137
55.05579,8.9705,0.220145
55.05610,8.9611,0.218745
55.05636,8.9648,0.218745
55.05667,8.9648,0.220041
55.05698,8.9688,0.219457
55.05729,8.9715,0.218057
55.05760,8.9744,0.218057
55.05785,8.9744,0.218057
55.05816,8.9631,0.218745
55.05847,8.9621,0.218641
55.05878,8.9621,0.254745
55.05909,8.9668,0.255353
55.05940,8.9688,0.263217
55.05966,8.9705,0.263217
55.05996,8.9752,0.217953
55.06027,8.9668,0.208881
55.06058,8.9744,0.216057
55.06089,8.9725,0.219953
55.06120,8.9762,0.216449
55.06146,8.9752,0.216449
55.06177,8.9754,0.225625
55.06208,8.9648,0.205977
55.06239,8.9752,0.205873
55.06270,8.9762,0.205977
55.06295,8.9725,0.205977
55.06326,8.9715,0.204897
55.06357,8.9781,0.208881
55.06388,8.9668,0.224025
55.06419,8.9695,0.235809
55.06450,8.9592,0.221041
55.06475,8.9592,0.221041
55.06506,8.9734,0.219353
55.06537,8.9762,0.222649
55.06568,8.9734,0.222433
55.06599,8.9555,0.220937
55.06630,8.9621,0.220937
55.06656,8.9734,0.220937
55.06687,8.9781,0.220041
55.06718,8.9771,0.222225
55.06749,8.9801,0.219537
55.06779,8.9695,0.224337
55.06805,8.9762,0.224337
55.06836,8.9648,0.221329
55.06867,8.9639,0.243377
55.06898,8.9631,0.258337
55.06929,8.9658,0.259729
55.06960,8.9658,0.218057
55.06985,8.9771,0.218057
55.07016,8.9648,0.227713
55.07047,8.9648,0.215449
55.07078,8.9658,0.215657
55.07109,8.9678,0.213761
55.07140,8.9754,0.213865
55.07165,8.9705,0.213865
55.07196,8.9697,0.214969
55.07227,8.9678,0.232513
55.07258,8.9688,0.230009
55.07289,8.9744,0.241977
55.07315,8.9695,0.241977
55.07346,8.9668,0.243777
55.07377,8.9705,0.232113
55.07408,8.9678,0.219145
55.07439,8.9715,0.220641
55.07470,8.9658,0.222649
55.07495,8.9725,0.222649
55.07526,8.9705,0.224337
55.07557,8.9744,0.222833
55.07588,8.9762,0.223337
55.07619,8.9697,0.225521
55.07650,8.9705,0.224129
55.07675,8.9734,0.224129
55.07706,8.9744,0.219849
55.07737,8.9725,0.221433
55.07768,8.9715,0.221329
55.07799,8.9678,0.221641
55.07825,8.9658,0.221641
55.07856,8.9648,0.219353
55.07887,8.9631,0.218953
55.07918,8.9705,0.221641
55.07949,8.9752,0.218745
55.07980,8.9695,0.219353
55.08005,8.9688,0.219353
55.08036,8.9631,0.219641
55.08067,8.9697,0.220641
55.08098,8.9725,0.220537
55.08129,8.9725,0.221537
55.08160,8.9762,0.220145
55.08185,8.9715,0.220145
55.08216,8.9725,0.222649
55.08247,8.9781,0.222649
55.08278,8.9688,0.224729
55.08309,8.9678,0.221249
55.08340,8.9752,0.222329
55.08365,8.9697,0.222329
55.08397,8.9695,0.220433
55.08428,8.9809,0.219953
55.08459,8.9725,0.221433
55.08489,8.9668,0.221833
55.08515,8.9678,0.221833
55.08546,8.9668,0.246761
55.08577,8.9658,0.262217
55.08608,8.9688,0.255353
55.08639,8.9648,0.218561
55.08670,8.9695,0.213569
55.08695,8.9705,0.213569
55.08726,8.9705,0.214865
55.08757,8.9762,0.213153
55.08788,8.9658,0.212177
55.08819,8.9725,0.209065
55.08850,8.9762,0.203689
55.08875,8.9744,0.203689
55.08906,8.9648,0.206185
55.08938,8.9715,0.208481
55.08969,8.9762,0.212969
55.09000,8.9725,0.222433
55.09025,8.9631,0.222433
55.09056,8.9648,0.227217
55.09087,8.9734,0.223441
55.09118,8.9734,0.222833
55.09149,8.9725,0.220849
55.09180,8.9744,0.223041
55.09205,8.9705,0.223041
55.09236,8.9688,0.220745
55.09267,8.9705,0.222041
55.09298,8.9705,0.221641
55.09329,8.9658,0.216953
55.09360,8.9715,0.221145
55.09385,8.9688,0.221145
55.09416,8.9771,0.221329
55.09447,8.9715,0.223041
55.09478,8.9705,0.228129
55.09509,8.9678,0.258121
55.09535,8.9641,0.258121
55.09566,8.9535,0.262217
55.09596,8.9535,0.219745
55.09628,8.9658,0.229609
55.09659,8.9744,0.229025
55.09690,8.9668,0.224729
55.09715,8.9639,0.224729
55.09746,8.9781,0.213073
55.09777,8.9715,0.211073
55.09808,8.9744,0.212465
55.09839,8.9648,0.213969
55.09870,8.9744,0.219457
55.09895,8.9688,0.219457
55.09926,8.9639,0.224233
55.09957,8.9688,0.242881
55.09988,8.9668,0.231721
55.10019,8.9791,0.227321
55.10050,8.9678,0.217553
55.10075,8.9715,0.217553
55.10106,8.9752,0.220249
55.10137,8.9648,0.215761
55.10169,8.9705,0.219057
55.10199,8.9705,0.219745
55.10225,8.9697,0.219745
55.10256,8.9688,0.221641
55.10287,8.9668,0.220833
55.10318,8.9631,0.222833
55.10349,8.9715,0.223833
55.10379,8.9695,0.221145
55.10405,8.9725,0.221145
55.10436,8.9791,0.223833
55.10467,8.9754,0.222145
55.10498,8.9725,0.218641
55.10529,8.9688,0.217849
55.10560,8.9734,0.219953
55.10585,8.9781,0.219953
55.10616,8.9705,0.215553
55.10647,8.9725,0.223041
55.10678,8.9678,0.220353
55.10709,8.9762,0.219641
55.10734,8.9688,0.219641
55.10766,8.9688,0.217745
55.10797,8.9705,0.220849
55.10828,8.9611,0.222225
55.10858,8.9744,0.221249
55.10890,8.9695,0.219353
55.10915,8.9631,0.219353
55.10946,8.9725,0.215953
55.10977,8.9734,0.223441
55.11008,8.9734,0.218449
55.11039,8.9771,0.220745
55.11070,8.9734,0.222329
55.11095,8.9631,0.222329
55.11126,8.9744,0.223729
55.11157,8.9697,0.234009
55.11188,8.9678,0.258441
55.11219,8.9648,0.261129
55.11244,8.9658,0.261129
55.11275,8.9688,0.251849
55.11306,8.9688,0.214257
55.11337,8.9705,0.220041
55.11368,8.9744,0.209169
55.11399,8.9715,0.219249
55.11425,8.9705,0.219249
55.11456,8.9762,0.222225
55.11487,8.9678,0.202681
55.11518,8.9744,0.207273
55.11549,8.9771,0.202993
55.11580,8.9725,0.204585
55.11605,8.9705,0.204585
55.11636,8.9648,0.204393
55.11667,8.9668,0.223441
55.11698,8.9781,0.222937
55.11729,8.9658,0.232617
55.11754,8.9688,0.232617
55.11785,8.9688,0.235497
55.11816,8.9639,0.222937
55.11847,8.9725,0.226025
55.11878,8.9818,0.222041
55.11909,8.9715,0.219353
55.11934,8.9621,0.219353
55.11965,8.9781,0.221249
55.11996,8.9725,0.220145
55.12027,8.9678,0.219537
55.12058,8.9678,0.219849
55.12089,8.9781,0.220745
55.12115,8.9705,0.220745
55.12145,8.9688,0.219537
55.12177,8.9639,0.259417
55.12208,8.9574,0.266009
55.12238,8.9715,0.259129
55.12269,8.9648,0.239481
55.12295,8.9734,0.239481
55.12326,8.9752,0.223937
55.12357,8.9658,0.229817
55.12388,8.9658,0.215953
55.12419,8.9658,0.216953
55.12450,8.9744,0.216345
55.12475,8.9658,0.216345
55.12506,8.9648,0.217657
55.12537,8.9688,0.222537
55.12568,8.9715,0.228609
55.12599,8.9695,0.236785
55.12624,8.9648,0.236785
55.12655,8.9658,0.244169
55.12686,8.9734,0.218849
55.12717,8.9754,0.222537
55.12748,8.9697,0.221041
55.12779,8.9744,0.222833
55.12805,8.9744,0.222833
55.12836,8.9697,0.222329
55.12867,8.9688,0.255353
55.12898,8.9678,0.223233
55.12928,8.9725,0.219457
55.12960,8.9715,0.238897
55.12985,8.9734,0.238897
55.13016,8.9688,0.252345
55.13047,8.9791,0.223625
55.13078,8.9648,0.259521
55.13109,8.9631,0.225417
55.13134,8.9715,0.225417
55.13165,8.9705,0.225129
55.13196,8.9592,0.248553
55.13227,8.9734,0.223041
55.13258,8.9744,0.223233
55.13289,8.9744,0.257937
55.13315,8.9668,0.257937
55.13346,8.9762,0.220641
55.13377,8.9809,0.249361
55.13407,8.9688,0.236393
55.13439,8.9725,0.218241
55.13464,8.9744,0.218241
55.13495,8.9611,0.222329
55.13526,8.9688,0.256433
55.13557,8.9762,0.221641
55.13588,8.9762,0.255145
55.13619,8.9592,0.230825
55.13644,8.9668,0.230825
55.13675,8.9705,0.220145
55.13706,8.9611,0.253953
55.13737,8.9705,0.219457
55.13768,8.9631,0.225129
55.13799,8.9734,0.255433
55.13825,8.9592,0.255433
55.13855,8.9781,0.225129
55.13886,8.9648,0.230217
55.13918,8.9639,0.256329
55.13949,8.9809,0.223441
55.13974,8.9668,0.223441
55.14005,8.9752,0.220937
55.14036,8.9762,0.254249
55.14067,8.9697,0.220145
55.14098,8.9744,0.236393
55.14129,8.9668,0.257329
55.14154,8.9744,0.257329
55.14185,8.9762,0.219249
55.14216,8.9668,0.216745
55.14247,8.9688,0.217161
55.14278,8.9648,0.218849
55.14309,8.9658,0.238393
55.14334,8.9697,0.238393
55.14366,8.9744,0.239393
55.14396,8.9725,0.221145
55.14427,8.9688,0.252241
55.14458,8.9762,0.220641
55.14484,8.9734,0.220641
55.14515,8.9705,0.220937
55.14546,8.9688,0.253537
55.14577,8.9725,0.221041
55.14608,8.9705,0.221433
55.14639,8.9697,0.266409
55.14664,8.9715,0.266409
55.14695,8.9697,0.218641
55.14726,8.9725,0.252849
55.14757,8.9725,0.226233
55.14788,8.9678,0.219953
55.14819,8.9715,0.223233
55.14844,8.9744,0.223233
55.14875,8.9695,0.251161
55.14906,8.9658,0.219849
55.14937,8.9695,0.252057
55.14969,8.9668,0.223441
55.14994,8.9678,0.223441
55.15025,8.9791,0.216449
55.15056,8.9639,0.252553
55.15087,8.9705,0.216345
55.15118,8.9725,0.219033
55.15149,8.9762,0.252449
55.15174,8.9697,0.252449
55.15205,8.9715,0.221329
55.15236,8.9762,0.241873
55.15267,8.9688,0.247761
55.15298,8.9725,0.222041
55.15329,8.9734,0.220353
55.15354,8.9725,0.220353
55.15385,8.9744,0.256833
55.15416,8.9715,0.217849
55.15447,8.9801,0.241585
55.15478,8.9678,0.238577
55.15509,8.9781,0.221937
55.15535,8.9705,0.221937
55.15566,8.9658,0.254849
55.15597,8.9754,0.219745
55.15628,8.9744,0.220433
55.15659,8.9725,0.252161
55.15684,8.9648,0.252161
55.15715,8.9678,0.234409
55.15746,8.9668,0.221833
55.15777,8.9668,0.255641
55.15808,8.9631,0.218953
55.15839,8.9725,0.220641
55.15864,8.9658,0.220641
55.15895,8.9592,0.254849
55.15926,8.9602,0.224833
55.15957,8.9668,0.229113
55.15988,8.9639,0.258937
55.16019,8.9734,0.222937
55.16044,8.9734,0.222937
55.16075,8.9621,0.222833
55.16106,8.9752,0.222729
55.16137,8.9695,0.221249
55.16168,8.9744,0.231905
55.16194,8.9715,0.231905
55.16225,8.9631,0.249153
55.16256,8.9725,0.227425
55.16287,8.9734,0.253849
55.16318,8.9621,0.219537
55.16349,8.9752,0.220353
55.16374,8.9648,0.220353
55.16405,8.9602,0.241081
55.16436,8.9725,0.219537
55.16467,8.9668,0.219641
55.16498,8.9688,0.254033
55.16529,8.9668,0.221329
55.16554,8.9725,0.221329
55.16585,8.9611,0.220937
55.16616,8.9725,0.240289
55.16647,8.9639,0.225025
55.16678,8.9705,0.226417
55.16709,8.9621,0.259025
55.16734,8.9621,0.259025
55.16765,8.9734,0.222225
55.16797,8.9695,0.256729
55.16827,8.9564,0.233097
55.16858,8.9725,0.222433
55.16884,8.9744,0.222433
55.16915,8.9639,0.224129
55.16946,8.9754,0.218345
55.16977,8.9668,0.209881
55.17008,8.9688,0.210377
55.17039,8.9771,0.210065
55.17064,8.9725,0.210065
55.17095,8.9744,0.210465
55.17126,8.9734,0.212673
55.17157,8.9658,0.208777
55.17188,8.9818,0.221249
55.17219,8.9744,0.221745
55.17244,8.9668,0.221745
55.17275,8.9688,0.219353
55.17306,8.9809,0.233201
55.17337,8.9744,0.223337
55.17368,8.9639,0.223625
55.17394,8.9658,0.223625
55.17425,8.9648,0.222329
55.17456,8.9688,0.225129
55.17486,8.9734,0.219033
55.17517,8.9695,0.223833
55.17548,8.9697,0.218745
55.17574,8.9725,0.218745
55.17605,8.9725,0.219353
55.17636,8.9734,0.221329
55.17667,8.9668,0.221641
55.17698,8.9658,0.222145
55.17729,8.9648,0.261025
55.17754,8.9678,0.261025
55.17785,8.9631,0.263425
55.17816,8.9648,0.239481
55.17847,8.9648,0.224129
55.17878,8.9631,0.227921
55.17903,8.9781,0.227921
55.17934,8.9725,0.228609
55.17965,8.9752,0.215161
55.17997,8.9715,0.216553
55.18028,8.9705,0.216161
55.18059,8.9725,0.227529
55.18084,8.9688,0.227529
55.18115,8.9621,0.231513
55.18146,8.9695,0.240481
55.18177,8.9648,0.242193
55.18208,8.9668,0.232801
55.18239,8.9705,0.229321
55.18264,8.9781,0.229321
55.18295,8.9734,0.217849
55.18326,8.9715,0.218137
55.18357,8.9648,0.218161
55.18388,8.9715,0.218057
55.18419,8.9658,0.219249
55.18444,8.9715,0.219249
55.18475,8.9611,0.220041
55.18506,8.9705,0.218641
55.18537,8.9678,0.218849
55.18568,8.9734,0.219641
55.18594,8.9678,0.219641
55.18625,8.9648,0.219033
55.18656,8.9705,0.219249
55.18687,8.9688,0.220353
55.18718,8.9688,0.222041
55.18749,8.9762,0.222649
55.18774,8.9715,0.222649
55.18805,8.9668,0.221833
55.18836,8.9678,0.221433
55.18867,8.9744,0.220433
55.18898,8.9725,0.219537
55.18923,8.9705,0.219537
55.18954,8.9734,0.219457
55.18985,8.9725,0.217849
55.19016,8.9771,0.217657
55.19047,8.9762,0.218953
55.19078,8.9818,0.220353
55.19103,8.9715,0.220353
55.19134,8.9688,0.219353
55.19165,8.9725,0.219353
55.19196,8.9631,0.219641
55.19227,8.9611,0.220641
55.19258,8.9695,0.219249
55.19284,8.9678,0.219249
55.19315,8.9771,0.220041
55.19346,8.9762,0.218745
55.19376,8.9752,0.221329
55.19407,8.9621,0.262713
55.19439,8.9592,0.264905
55.19464,8.9754,0.264905
55.19495,8.9648,0.257433
55.19526,8.9734,0.217657
55.19557,8.9725,0.221433
55.19588,8.9715,0.205481
55.19613,8.9781,0.205481
55.19644,8.9697,0.216449
55.19675,8.9705,0.216449
55.19706,8.9734,0.218137
55.19738,8.9705,0.211777
55.19768,8.9771,0.203393
55.19794,8.9705,0.203393
55.19825,8.9744,0.203585
55.19856,8.9725,0.209673
55.19887,8.9715,0.210857
55.19918,8.9771,0.225625
55.19943,8.9754,0.225625
55.19974,8.9648,0.232513
55.20005,8.9678,0.230321
55.20036,8.9791,0.221329
55.20067,8.9668,0.222833
55.20098,8.9678,0.225729
55.20123,8.9695,0.225729
55.20154,8.9734,0.223833
55.20185,8.9715,0.225025
55.20216,8.9744,0.224233
55.20247,8.9621,0.222833
55.20278,8.9744,0.222329
55.20303,8.9744,0.222329
55.20334,8.9752,0.220249
55.20366,8.9695,0.220937
55.20397,8.9695,0.257145
55.20428,8.9715,0.271289
55.20453,8.9668,0.271289
55.20484,8.9584,0.258625
55.20515,8.9715,0.258729
55.20546,8.9688,0.232009
55.20577,8.9678,0.226129
55.20608,8.9678,0.213969
55.20633,8.9752,0.213969
55.20664,8.9631,0.212177
55.20695,8.9658,0.212761
55.20726,8.9734,0.214865
55.20757,8.9818,0.216449
55.20788,8.9818,0.229425
55.20813,8.9688,0.229425
55.20844,8.9639,0.233513
55.20875,8.9621,0.238393
55.20906,8.9734,0.228921
55.20937,8.9688,0.222433
55.20968,8.9688,0.221745
55.20994,8.9828,0.221745
55.21025,8.9818,0.221537
55.21056,8.9641,0.218561
55.21087,8.9762,0.222145
55.21117,8.9705,0.221249
55.21143,8.9695,0.221249
55.21174,8.9648,0.221041
55.21205,8.9725,0.218641
55.21236,8.9771,0.219641
55.21267,8.9744,0.221433
55.21298,8.9705,0.224729
55.21323,8.9715,0.224729
55.21354,8.9762,0.220041
55.21385,8.9705,0.222329
55.21416,8.9715,0.217849
55.21447,8.9752,0.220849
55.21478,8.9725,0.219249
55.21503,8.9658,0.219249
55.21534,8.9695,0.225233
55.21565,8.9695,0.223937
55.21596,8.9752,0.225921
55.21627,8.9705,0.224337
55.21653,8.9725,0.224337
55.21684,8.9752,0.223625
55.21715,8.9705,0.222433
55.21746,8.9631,0.225233
55.21777,8.9668,0.220249
55.21808,8.9705,0.221537
55.21833,8.9715,0.221537
55.21864,8.9744,0.221537
55.21895,8.9705,0.218849
55.21926,8.9725,0.220641
55.21957,8.9762,0.218345
55.21988,8.9621,0.219457
55.22013,8.9678,0.219457
55.22044,8.9762,0.223833
55.22075,8.9771,0.252641
55.22106,8.9715,0.254033
55.22137,8.9639,0.251345
55.22163,8.9668,0.251345
55.22194,8.9611,0.252161
55.22225,8.9705,0.216265
55.22256,8.9695,0.209985
55.22287,8.9695,0.217953
55.22318,8.9781,0.223729
55.22343,8.9631,0.223729
55.22374,8.9744,0.215657
55.22405,8.9695,0.200993
55.22436,8.9639,0.200409
55.22467,8.9801,0.202889
55.22498,8.9744,0.203185
55.22523,8.9744,0.203185
55.22554,8.9725,0.203289
55.22585,8.9705,0.216745
55.22616,8.9648,0.233305
55.22647,8.9678,0.229921
55.22678,8.9648,0.220145
55.22703,8.9695,0.220145
55.22735,8.9705,0.219033
55.22766,8.9705,0.218137
55.22797,8.9658,0.217657
55.22828,8.9697,0.220353
55.22853,8.9648,0.220353
55.22884,8.9715,0.219353
55.22915,8.9762,0.222937
55.22946,8.9734,0.220041
55.22977,8.9678,0.220537
55.23002,8.9592,0.220537
55.23033,8.9668,0.222937
55.23064,8.9695,0.220249
55.23095,8.9631,0.262921
55.23126,8.9574,0.253449
55.23157,8.9705,0.258233
55.23183,8.9648,0.258233
55.23214,8.9705,0.222729
55.23245,8.9801,0.227129
55.23275,8.9705,0.212257
55.23307,8.9705,0.208777
55.23338,8.9725,0.208881
55.23363,8.9688,0.208881
55.23394,8.9648,0.210961
55.23425,8.9668,0.215657
55.23456,8.9658,0.226233
55.23487,8.9809,0.232513
55.23512,8.9752,0.232513
55.23543,8.9631,0.242777
55.23574,8.9752,0.226025
55.23605,8.9688,0.222833
55.23636,8.9668,0.222649
55.23667,8.9705,0.220041
55.23692,8.9752,0.220041
55.23723,8.9648,0.222833
55.23754,8.9744,0.224441
55.23785,8.9715,0.219849
55.23816,8.9658,0.220745
55.23847,8.9668,0.220433
55.23873,8.9648,0.220433
55.23904,8.9725,0.222649
55.23935,8.9752,0.219249
55.23966,8.9744,0.220041
55.23997,8.9564,0.221937
55.24028,8.9631,0.222649
55.24053,8.9771,0.222649
55.24084,8.9725,0.218449
55.24115,8.9678,0.224833
55.24146,8.9678,0.220537
55.24177,8.9658,0.219745
55.24208,8.9715,0.222041
55.24233,8.9688,0.222041
55.24264,8.9688,0.221745
55.24295,8.9648,0.223545
55.24326,8.9715,0.222729
55.24357,8.9668,0.223129
55.24382,8.9744,0.223129
55.24413,8.9715,0.226633
55.24444,8.9648,0.223833
55.24475,8.9791,0.221537
55.24506,8.9771,0.220433
55.24538,8.9734,0.219537
55.24563,8.9734,0.219537
55.24594,8.9734,0.222537
55.24625,8.9781,0.219353
55.24656,8.9781,0.219849
55.24687,8.9744,0.221641
55.24718,8.9752,0.220353
55.24743,8.9715,0.220353
55.24774,8.9582,0.258121
55.24805,8.9621,0.254745
55.24836,8.9668,0.257625
55.24867,8.9678,0.221641
55.24892,8.9705,0.221641
55.24923,8.9705,0.224729
55.24954,8.9781,0.212257
55.24985,8.9725,0.222649
55.25016,8.9668,0.207089
55.25047,8.9725,0.209065
55.25072,8.9771,0.209065
55.25103,8.9762,0.208273
55.25135,8.9631,0.207273
55.25166,8.9582,0.209777
55.25197,8.9621,0.219849
55.25228,8.9791,0.228217
55.25253,8.9668,0.228217
55.25284,8.9752,0.216953
55.25315,8.9621,0.233201
55.25346,8.9762,0.220041
55.25377,8.9752,0.222649
55.25408,8.9771,0.222433
55.25433,8.9639,0.222433
55.25464,8.9695,0.220849
55.25495,8.9611,0.224833
55.25526,8.9648,0.219953
55.25557,8.9734,0.220433
55.25582,8.9715,0.220433
55.25613,8.9668,0.221433
55.25644,8.9725,0.221329
55.25675,8.9762,0.224025
55.25706,8.9602,0.262713
55.25738,8.9621,0.263321
55.25763,8.9602,0.263321
55.25794,8.9641,0.265721
55.25825,8.9705,0.229817
55.25856,8.9688,0.231113
55.25887,8.9564,0.228425
55.25918,8.9705,0.215049
55.25943,8.9697,0.215049
55.25974,8.9752,0.214553
55.26005,8.9658,0.215265
55.26036,8.9734,0.227633
55.26067,8.9754,0.229321
55.26092,8.9725,0.229321
55.26123,8.9668,0.226633
55.26154,8.9639,0.242081
55.26185,8.9695,0.232905
55.26216,8.9688,0.218849
55.26247,8.9695,0.218137
55.26272,8.9641,0.218137
55.26303,8.9695,0.221249
55.26335,8.9678,0.217657
55.26366,8.9705,0.220849
55.26397,8.9818,0.221041
55.26422,8.9658,0.221041
55.26453,8.9658,0.240185
55.26484,8.9818,0.220849
55.26515,8.9688,0.222729
55.26546,8.9744,0.220745
55.26577,8.9705,0.218849
55.26602,8.9695,0.218849
55.26633,8.9801,0.219537
55.26664,8.9762,0.219033
55.26695,8.9771,0.218641
55.26726,8.9705,0.219457
55.26757,8.9658,0.218745
55.26782,8.9705,0.218745
55.26813,8.9762,0.219145
55.26844,8.9621,0.219457
55.26875,8.9611,0.221329
55.26906,8.9695,0.219033
55.26938,8.9648,0.220041
55.26963,8.9725,0.220041
55.26994,8.9697,0.220249
55.27025,8.9752,0.220433
55.27056,8.9744,0.218641
55.27087,8.9734,0.220041
55.27112,8.9734,0.220041
55.27143,8.9715,0.221433
55.27174,8.9705,0.226633
55.27205,8.9762,0.222729
55.27236,8.9771,0.221833
55.27267,8.9744,0.217345
55.27292,8.9705,0.217345
55.27323,8.9678,0.220433
55.27354,8.9668,0.225337
55.27385,8.9668,0.259337
55.27416,8.9621,0.263217
55.27447,8.9688,0.253137
55.27472,8.9678,0.253137
55.27503,8.9705,0.218449
55.27535,8.9697,0.219849
55.27566,8.9762,0.206377
55.27597,8.9639,0.218849
55.27622,8.9762,0.218849
55.27653,8.9781,0.217657
55.27684,8.9705,0.211673
55.27715,8.9725,0.201889
55.27746,8.9771,0.198905
55.27777,8.9734,0.205081
55.27802,8.9781,0.205081
55.27833,8.9725,0.206793
55.27864,8.9752,0.223233
55.27895,8.9752,0.218953
55.27926,8.9592,0.235601
55.27957,8.9725,0.232801
55.27982,8.9631,0.232801
55.28013,8.9725,0.221537
55.28044,8.9695,0.223337
55.28075,8.9762,0.222937
55.28106,8.9715,0.222329
55.28137,8.9744,0.220849
55.28163,8.9801,0.220849
55.28194,8.9695,0.222329
55.28225,8.9631,0.221641
55.28256,8.9705,0.219457
55.28287,8.9639,0.222041
55.28312,8.9688,0.222041
55.28343,8.9725,0.224441
55.28374,8.9715,0.223145
55.28405,8.9648,0.265321
55.28436,8.9631,0.259025
55.28467,8.9592,0.239585
55.28492,8.9688,0.239585
55.28523,8.9668,0.229505
55.28554,8.9762,0.234201
55.28585,8.9744,0.222145
55.28616,8.9688,0.217057
55.28647,8.9771,0.215265
55.28672,8.9752,0.215265
55.28703,8.9695,0.213073
55.28734,8.9584,0.218449
55.28765,8.9631,0.230721
55.28796,8.9705,0.239001
55.28822,8.9705,0.239001
55.28852,8.9639,0.244065
55.28884,8.9602,0.233513
55.28915,8.9648,0.220041
55.28946,8.9715,0.220433
55.28976,8.9754,0.220745
55.29002,8.9734,0.220745
55.29033,8.9715,0.218561
55.29064,8.9705,0.220537
55.29095,8.9725,0.218449
55.29126,8.9668,0.220745
55.29157,8.9688,0.236993
55.29182,8.9611,0.236993
55.29213,8.9705,0.251953
55.29244,8.9648,0.222937
55.29275,8.9582,0.258521
55.29306,8.9688,0.223937
55.29332,8.9734,0.223937
55.29363,8.9648,0.224729
55.29394,8.9678,0.242585
55.29425,8.9715,0.219745
55.29456,8.9752,0.218561
55.29487,8.9648,0.261625
55.29512,8.9688,0.261625
55.29543,8.9705,0.219457
55.29574,8.9838,0.249049
55.29605,8.9631,0.238393
55.29636,8.9678,0.222145
55.29667,8.9752,0.221937
55.29692,8.9705,0.221937
55.29723,8.9715,0.256641
55.29754,8.9705,0.221641
55.29785,8.9639,0.253953
55.29816,8.9695,0.230217
55.29847,8.9762,0.218849
55.29872,8.9744,0.218849
55.29903,8.9648,0.227129
55.29935,8.9809,0.232201
55.29966,8.9744,0.222537
55.29997,8.9734,0.257225
55.30022,8.9611,0.257225
55.30053,8.9762,0.225921
55.30084,8.9678,0.231801
55.30115,8.9744,0.253537
55.30146,8.9734,0.217953
55.30177,8.9668,0.218641
55.30202,8.9697,0.218641
55.30233,8.9734,0.250953
55.30264,8.9744,0.223041
55.30295,8.9678,0.235097
55.30326,8.9574,0.247657
55.30357,8.9715,0.221145
55.30382,8.9678,0.221145
55.30413,8.9697,0.217241
55.30444,8.9658,0.220145
55.30475,8.9695,0.219353
55.30506,8.9715,0.243169
55.30532,8.9582,0.243169
55.30563,8.9705,0.243569
55.30594,8.9705,0.221329
55.30625,8.9688,0.256641
55.30656,8.9658,0.222225
55.30687,8.9668,0.222833
55.30712,8.9639,0.222833
55.30743,8.9631,0.250449
55.30774,8.9658,0.218345
55.30805,8.9754,0.219033
55.30836,8.9695,0.252057
55.30867,8.9705,0.216953
55.30892,8.9791,0.216953
55.30923,8.9658,0.218953
55.30954,8.9648,0.222433
55.30985,8.9725,0.220249
55.31205,8.9678,0.220041
55.31381,8.9688,0.223625
55.31557,8.9734,0.253057
55.31733,8.9668,0.219745
55.31909,8.9639,0.227217
55.32084,8.9725,0.257729
55.32260,8.9668,0.226633
55.32436,8.9744,0.225521
55.32456,8.9725,0.226633
55.32487,8.9602,0.260025
55.32512,8.9592,0.260025
55.32543,8.9781,0.227025
55.32574,8.9781,0.244377
55.32605,8.9715,0.241481
55.32636,8.9668,0.218641
55.32661,8.9695,0.218641
55.32692,8.9734,0.222649
55.32723,8.9734,0.257145
55.32754,8.9688,0.225833
55.32785,8.9705,0.251345
55.32816,8.9695,0.239185
55.32841,8.9725,0.239185
55.32872,8.9697,0.222225
55.32903,8.9705,0.220249
55.32934,8.9705,0.219745
55.32965,8.9678,0.220353
55.32996,8.9715,0.253449
55.33021,8.9658,0.253449
55.33052,8.9705,0.228425
55.33083,8.9631,0.224025
55.33115,8.9678,0.257329
55.33146,8.9734,0.216657
55.33171,8.9678,0.216657
55.33202,8.9734,0.207985
55.33233,8.9695,0.209985
55.33264,8.9725,0.211281
55.33295,8.9697,0.209881
55.33326,8.9688,0.212361
55.33351,8.9695,0.212361
55.33382,8.9752,0.208169
55.33413,8.9715,0.223833
55.33444,8.9648,0.220745
55.33475,8.9715,0.233593
55.33506,8.9621,0.231721
55.33531,8.9688,0.231721
55.33562,8.9781,0.226737
55.33593,8.9574,0.219953
55.33624,8.9715,0.221249
55.33655,8.9648,0.220249
55.33686,8.9715,0.219745
55.33712,8.9705,0.219745
55.33743,8.9725,0.220433
55.33774,8.9621,0.221433
55.33805,8.9668,0.218953
55.33836,8.9725,0.222225
55.33861,8.9705,0.222225
55.33892,8.9574,0.222041
55.33923,8.9639,0.260921
55.33954,8.9678,0.265217
55.33985,8.9658,0.257625
55.34016,8.9744,0.234305
55.34042,8.9715,0.234305
55.34073,8.9695,0.227025
55.34103,8.9697,0.230721
55.34135,8.9688,0.216849
55.34165,8.9668,0.217553
55.34196,8.9801,0.211465
55.34222,8.9705,0.211465
55.34253,8.9695,0.216449
55.34284,8.9754,0.227025
55.34315,8.9648,0.228817
55.34346,8.9668,0.239185
55.34371,8.9725,0.239185
55.34402,8.9744,0.239081
55.34433,8.9715,0.217657
55.34464,8.9705,0.218953
55.34495,8.9725,0.217057
55.34526,8.9611,0.219457
55.34551,8.9725,0.219457
55.34582,8.9688,0.218161
55.34613,8.9725,0.226817
55.34644,8.9752,0.219457
55.34675,8.9678,0.219457
55.34706,8.9734,0.219249
55.34732,8.9697,0.219249
55.34763,8.9791,0.217849
55.34794,8.9715,0.221433
55.34825,8.9744,0.221537
55.34856,8.9678,0.220937
55.34886,8.9791,0.221433
55.34912,8.9695,0.221433
55.34943,8.9592,0.221833
55.34974,8.9695,0.218641
55.35005,8.9658,0.218849
55.35036,8.9705,0.222537
55.35061,8.9725,0.222537
55.35092,8.9734,0.220041
55.35123,8.9688,0.219849
55.35154,8.9752,0.219641
55.35185,8.9688,0.216449
55.35216,8.9695,0.227217
55.35241,8.9639,0.227217
55.35272,8.9725,0.221745
55.35303,8.9688,0.221329
55.35334,8.9592,0.219537
55.35365,8.9658,0.221745
55.35396,8.9744,0.220145
55.35422,8.9678,0.220145
55.35453,8.9744,0.222225
55.35484,8.9631,0.219849
55.35515,8.9602,0.225417
55.35546,8.9744,0.222041
55.35571,8.9678,0.222041
55.35602,8.9668,0.241689
55.35633,8.9592,0.260521
55.35664,8.9648,0.258121
55.35695,8.9668,0.215953
55.35726,8.9688,0.215553
55.35751,8.9688,0.215553
55.35782,8.9725,0.213465
55.35813,8.9688,0.217241
55.35844,8.9725,0.215265
55.35875,8.9771,0.209673
55.35901,8.9762,0.209673
55.35932,8.9752,0.201889
55.35963,8.9688,0.204001
55.35993,8.9752,0.201305
55.36025,8.9734,0.204897
55.36056,8.9621,0.209065
55.36081,8.9705,0.209065
55.36112,8.9725,0.219249
55.36143,8.9762,0.229713
55.36174,8.9754,0.229505
55.36205,8.9668,0.221433
55.36236,8.9695,0.224129
55.36261,8.9725,0.224129
55.36292,8.9705,0.224233
55.36323,8.9791,0.222537
55.36354,8.9668,0.223729
55.36385,8.9688,0.220641
55.36416,8.9752,0.220849
55.36441,8.9725,0.220849
55.36472,8.9648,0.221329
55.36503,8.9781,0.221833
55.36534,8.9648,0.220937
55.36565,8.9744,0.221833
55.36591,8.9688,0.221833
55.36622,8.9611,0.259625
55.36652,8.9648,0.261313
55.36684,8.9705,0.227217
55.36715,8.9658,0.230009
55.36746,8.9752,0.230905
55.36772,8.9668,0.230905
55.36803,8.9658,0.225233
55.36834,8.9648,0.214945
55.36865,8.9762,0.213865
55.36895,8.9688,0.215449
55.36927,8.9621,0.219033
55.36952,8.9715,0.219033
55.36983,8.9688,0.229609
55.37014,8.9631,0.240377
55.37045,8.9658,0.242777
55.37076,8.9725,0.231409
55.37107,8.9648,0.220641
55.37132,8.9744,0.220641
55.37163,8.9725,0.218849
55.37194,8.9705,0.220249
55.37225,8.9771,0.220849
55.37256,8.9602,0.217953
55.37287,8.9715,0.220145
55.37312,8.9771,0.220145
55.37343,8.9734,0.220249
55.37375,8.9668,0.220849
55.37406,8.9688,0.220145
55.37437,8.9705,0.219537
55.37462,8.9697,0.219537
55.37493,8.9818,0.221249
55.37524,8.9791,0.219745
55.37555,8.9705,0.221329
55.37586,8.9648,0.224129
55.37617,8.9705,0.224521
55.37642,8.9734,0.224521
55.37673,8.9678,0.224129
55.37704,8.9688,0.223833
55.37735,8.9688,0.221249
55.37766,8.9771,0.221537
55.37797,8.9725,0.222225
55.37822,8.9705,0.222225
55.37853,8.9725,0.221433
55.37884,8.9781,0.221937
55.37915,8.9715,0.222225
55.37946,8.9762,0.221833
55.37972,8.9648,0.221833
55.38003,8.9658,0.222433
55.38034,8.9705,0.221641
55.38065,8.9631,0.221745
55.38096,8.9705,0.221729
55.38127,8.9688,0.223233
55.38152,8.9752,0.223233
55.38183,8.9705,0.220433
55.38214,8.9744,0.224337
55.38245,8.9639,0.218449
55.38276,8.9668,0.259921
55.38307,8.9658,0.263505
55.38332,8.9631,0.263505
55.38363,8.9725,0.254033
55.38394,8.9688,0.219457
55.38425,8.9744,0.226633
55.38456,8.9762,0.212257
55.38487,8.9715,0.217449
55.38512,8.9621,0.217449
55.38544,8.9705,0.214657
55.38575,8.9791,0.207273
55.38606,8.9705,0.201497
55.38637,8.9752,0.198201
55.38662,8.9801,0.198201
55.38693,8.9809,0.200305
55.38724,8.9762,0.223129
55.38755,8.9688,0.216657
55.38786,8.9725,0.215049
55.38817,8.9668,0.233513
55.38842,8.9648,0.233513
55.38873,8.9668,0.231009
55.38904,8.9771,0.218137
55.38935,8.9678,0.219353
55.38966,8.9725,0.221433
55.38991,8.9791,0.221433
55.39022,8.9734,0.223625
55.39053,8.9744,0.221145
55.39084,8.9639,0.222833
55.39115,8.9678,0.221537
55.39147,8.9781,0.222537
55.39172,8.9848,0.222537
55.39203,8.9631,0.218849
55.39234,8.9658,0.217449
55.39265,8.9695,0.260025
55.39296,8.9744,0.262321
55.39327,8.9631,0.257145
55.39352,8.9688,0.257145
55.39383,8.9715,0.242081
55.39414,8.9705,0.227025
55.39445,8.9695,0.229905
55.39476,8.9762,0.211073
55.39501,8.9734,0.211073
55.39532,8.9639,0.213073
55.39563,8.9752,0.212673
55.39594,8.9771,0.213569
55.39625,8.9688,0.216057
55.39656,8.9752,0.226129
55.39681,8.9621,0.226129
55.39712,8.9725,0.234705
55.39744,8.9762,0.234305
55.39775,8.9781,0.223041
55.39806,8.9734,0.221433
55.39837,8.9762,0.221145
55.39862,8.9771,0.221145
55.39893,8.9744,0.221937
55.39924,8.9715,0.219353
55.39955,8.9734,0.218953
55.39986,8.9725,0.218345
55.40017,8.9809,0.218953
55.40042,8.9762,0.218953
55.40073,8.9715,0.216553
55.40104,8.9648,0.217553
55.40135,8.9648,0.224729
55.40166,8.9791,0.219937
55.40191,8.9715,0.219937
55.40222,8.9725,0.221433
55.40253,8.9781,0.219353
55.40284,8.9695,0.220641
55.40315,8.9752,0.219353
55.40346,8.9705,0.218745
55.40372,8.9715,0.218745
55.40403,8.9705,0.221641
55.40434,8.9744,0.222041
55.40465,8.9809,0.221433
55.40496,8.9801,0.225025
55.40521,8.9668,0.225025
55.40552,8.9715,0.224025
55.40583,8.9688,0.223545
55.40614,8.9818,0.220641
55.40645,8.9725,0.217241
55.40676,8.9688,0.221537
55.40701,8.9688,0.221537
55.40732,8.9734,0.221537
55.40763,8.9631,0.222729
55.40794,8.9754,0.221145
55.40825,8.9762,0.223233
55.40856,8.9639,0.220937
55.40881,8.9715,0.220937
55.40912,8.9744,0.221145
55.40944,8.9564,0.258121
55.40975,8.9668,0.260025
55.41006,8.9592,0.256729
55.41031,8.9639,0.256729
55.41062,8.9688,0.254537
55.41093,8.9658,0.221537
55.41124,8.9668,0.217345
55.41155,8.9744,0.215049
55.41186,8.9725,0.221641
55.41211,8.9771,0.221641
55.41242,8.9668,0.203689
55.41273,8.9734,0.204793
55.41304,8.9762,0.203601
55.41335,8.9705,0.203601
55.41366,8.9668,0.204393
55.41391,8.9668,0.204393
55.41422,8.9705,0.217057
55.41453,8.9697,0.230721
55.41484,8.9678,0.231113
55.41516,8.9668,0.221937
55.41541,8.9641,0.221937
55.41572,8.9688,0.220537
55.41603,8.9668,0.220937
55.41634,8.9734,0.222145
55.41665,8.9715,0.221833
55.41696,8.9725,0.221145
55.41721,8.9734,0.221145
55.41752,8.9791,0.221433
55.41783,8.9611,0.225025
55.41814,8.9725,0.222833
55.41845,8.9752,0.226025
55.41876,8.9688,0.223937
55.41901,8.9658,0.223937
55.41932,8.9697,0.261625
55.41963,8.9688,0.253345
55.41994,8.9678,0.251953
55.42025,8.9705,0.225921
55.42056,8.9744,0.229321
55.42081,8.9592,0.229321
55.42113,8.9705,0.232009
55.42144,8.9688,0.214865
55.42175,8.9705,0.212673
55.42206,8.9744,0.216345
55.42231,8.9695,0.216345
55.42262,8.9695,0.227217
55.42293,8.9734,0.229713
55.42324,8.9734,0.232305
55.42355,8.9648,0.242985
55.42386,8.9621,0.233801
55.42411,8.9631,0.233801
55.42442,8.9668,0.221433
55.42473,8.9744,0.224129
55.42504,8.9688,0.223625
55.42535,8.9705,0.221833
55.42566,8.9744,0.225417
55.42591,8.9688,0.225417
55.42622,8.9705,0.223833
55.42653,8.9678,0.222433
55.42684,8.9631,0.224441
55.42716,8.9695,0.221041
55.42741,8.9715,0.221041
55.42772,8.9752,0.220041
55.42803,8.9648,0.218561
55.42834,8.9678,0.225233
55.42865,8.9697,0.219457
55.42896,8.9678,0.219457
55.42922,8.9781,0.219457
55.42952,8.9639,0.221433
55.42983,8.9734,0.219745
55.43014,8.9734,0.224025
55.43045,8.9734,0.219145
55.43071,8.9678,0.219145
55.43102,8.9752,0.228321
55.43133,8.9734,0.221745
55.43164,8.9725,0.220353
55.43195,8.9658,0.221329
55.43226,8.9752,0.222433
55.43251,8.9668,0.222433
55.43282,8.9688,0.220249
55.43313,8.9725,0.223337
55.43344,8.9668,0.219849
55.43375,8.9695,0.220745
55.43406,8.9668,0.221329
55.43431,8.9744,0.221329
55.43462,8.9688,0.217953
55.43493,8.9734,0.218953
55.43524,8.9715,0.216265
55.43555,8.9695,0.221937
55.43581,8.9752,0.221937
55.43612,8.9621,0.257937
55.43643,8.9611,0.257833
55.43674,8.9688,0.249865
55.43705,8.9705,0.216345
55.43736,8.9705,0.217745
55.43761,8.9715,0.217745
55.43792,8.9734,0.209569
55.43823,8.9744,0.213761
55.43854,8.9688,0.211969
55.43885,8.9762,0.225625
55.43916,8.9744,0.202785
55.43941,8.9781,0.202785
55.43972,8.9781,0.204497
55.44003,8.9688,0.211569
55.44034,8.9781,0.219353
55.44065,8.9725,0.220641
55.44090,8.9715,0.220641
55.44121,8.9668,0.217057
55.44153,8.9648,0.227633
55.44183,8.9705,0.218953
55.44214,8.9697,0.216161
55.44245,8.9705,0.222537
55.44271,8.9754,0.222537
55.44302,8.9688,0.219457
55.44333,8.9688,0.220145
55.44364,8.9715,0.219353
55.44395,8.9695,0.218745
55.44426,8.9705,0.221041
55.44451,8.9678,0.221041
55.44482,8.9725,0.217345
55.44513,8.9688,0.219249
55.44545,8.9688,0.219145
55.44576,8.9639,0.253057
55.44601,8.9639,0.253057
55.44632,8.9621,0.265505
55.44663,8.9631,0.260521
55.44694,8.9688,0.221145
55.44725,8.9734,0.236601
55.44756,8.9678,0.231617
55.44781,8.9744,0.231617
55.44812,8.9678,0.212865
55.44843,8.9734,0.213569
55.44874,8.9725,0.213969
55.44905,8.9668,0.211865
55.44936,8.9668,0.216657
55.44961,8.9715,0.216657
55.44992,8.9715,0.228713
55.45023,8.9715,0.242585
55.45054,8.9668,0.235993
55.45085,8.9771,0.226233
55.45110,8.9668,0.226233
55.45141,8.9705,0.224025
55.45172,8.9725,0.220537
55.45204,8.9781,0.222649
55.45234,8.9705,0.234009
55.45265,8.9639,0.239081
55.45291,8.9621,0.239081
55.45322,8.9715,0.256329
55.45353,8.9744,0.222225
55.45384,8.9648,0.257729
55.45415,8.9611,0.223441
55.45446,8.9678,0.226521
55.45471,8.9762,0.226521
55.45502,8.9602,0.241481
55.45533,8.9639,0.218241
55.45564,8.9762,0.222937
55.45595,8.9771,0.252745
55.45626,8.9668,0.221433
55.45651,8.9744,0.221433
55.45682,8.9678,0.219249
55.45713,8.9658,0.238289
55.45745,8.9705,0.222041
55.45776,8.9725,0.222937
55.45801,8.9641,0.222937
55.45832,8.9678,0.254641
55.45863,8.9715,0.220745
55.45894,8.9582,0.253953
55.45925,8.9678,0.232305
55.45956,8.9801,0.221937
55.45981,8.9658,0.221937
55.46012,8.9725,0.228425
55.46043,8.9715,0.222433
55.46074,8.9715,0.224129
55.46105,8.9762,0.256833
55.46136,8.9695,0.227921
55.46161,8.9678,0.227921
55.46192,8.9715,0.226129
55.46223,8.9752,0.253745
55.46254,8.9695,0.223233
55.46285,8.9668,0.224441
55.46310,8.9695,0.224441
55.46342,8.9771,0.256145
55.46373,8.9715,0.224937
55.46404,8.9754,0.239689
55.46435,8.9621,0.249553
55.46466,8.9771,0.222729
55.46491,8.9668,0.222729
55.46522,8.9658,0.223337
55.46553,8.9658,0.221937
55.46584,8.9668,0.223233
55.46615,8.9734,0.245569
55.46640,8.9611,0.245569
55.46671,8.9668,0.242585
55.46702,8.9828,0.229609
55.46733,8.9631,0.261625
55.46764,8.9725,0.226025
55.46795,8.9762,0.228817
55.46820,8.9715,0.228817
55.46851,8.9564,0.259129
55.46882,8.9688,0.239081
55.46913,8.9705,0.230721
55.46945,8.9648,0.251449
55.46976,8.9697,0.220937
55.47001,8.9715,0.220937
55.47032,8.9725,0.218745
55.47063,8.9725,0.227025
55.47094,8.9678,0.218137
55.47125,8.9744,0.228025
55.47156,8.9639,0.252953
55.47181,8.9705,0.252953
55.47212,8.9734,0.218137
55.47243,8.9801,0.251161
55.47274,8.9715,0.219641
55.47305,8.9678,0.217449
55.47330,8.9631,0.217449
55.47361,8.9602,0.230009
55.47392,8.9734,0.252641
55.47423,8.9658,0.222225
55.47454,8.9715,0.257329
55.47485,8.9668,0.220937
55.47510,8.9744,0.220937
55.47542,8.9697,0.222225
55.47573,8.9668,0.242673
55.47604,8.9695,0.220745
55.47635,8.9744,0.219849
55.47660,8.9641,0.219849
55.47691,8.9678,0.252641
55.47722,8.9754,0.217657
55.47753,8.9725,0.244273
55.47784,8.9641,0.235809
55.47815,8.9734,0.222833
55.47840,8.9725,0.222833
55.47871,8.9631,0.218641
55.47902,8.9801,0.217553
55.47933,8.9781,0.220353
55.47964,8.9658,0.251553
55.47995,8.9648,0.233305
55.48020,8.9734,0.233305
55.48051,8.9648,0.220353
55.48082,8.9688,0.255937
55.48113,8.9725,0.222225
55.48145,8.9678,0.222329
55.48170,8.9705,0.222329
55.48201,8.9602,0.256833
55.48232,8.9734,0.226737
55.48263,8.9781,0.229817
55.48294,8.9584,0.251057
55.48325,8.9752,0.220353
55.48350,8.9771,0.220353
55.48381,8.9705,0.219849
55.48412,8.9621,0.223441
55.48443,8.9688,0.218641
55.48474,8.9762,0.233801
55.48505,8.9715,0.247361
55.48530,8.9734,0.247361
55.48561,8.9648,0.217745
55.48592,8.9592,0.256537
55.48623,8.9688,0.219937
55.48654,8.9744,0.219457
55.48685,8.9809,0.241689
55.48711,8.9725,0.241689
55.48742,8.9734,0.220433
55.48773,8.9631,0.222225
55.48804,8.9678,0.258937
55.48835,8.9705,0.223833
55.48861,8.9678,0.223833
55.48891,8.9734,0.222329
55.48923,8.9668,0.240377
55.48954,8.9762,0.222729
55.48985,8.9725,0.222249
55.49015,8.9611,0.255041
55.49041,8.9688,0.255041
55.49072,8.9771,0.222329
55.49103,8.9744,0.253953
55.49134,8.9639,0.231617
55.49165,8.9752,0.219953
55.49190,8.9668,0.219953
55.49221,8.9734,0.227529
55.49252,8.9725,0.257625
55.49283,8.9725,0.219537
55.49314,8.9725,0.255833
55.49345,8.9678,0.214761
55.49370,8.9648,0.214761
55.49401,8.9678,0.210569
55.49432,8.9695,0.211465
55.49463,8.9658,0.212673
55.49494,8.9705,0.211281
55.49525,8.9744,0.222729
55.49551,8.9695,0.222729
55.49581,8.9705,0.210169
55.49612,8.9752,0.225025
55.49643,8.9648,0.220745
55.49674,8.9705,0.226313
55.49705,8.9744,0.233697
55.49731,8.9621,0.233697
55.49762,8.9668,0.221641
55.49793,8.9734,0.220249
55.49824,8.9705,0.221745
55.49854,8.9641,0.221641
55.49880,8.9688,0.221641
55.49911,8.9705,0.221145
55.49942,8.9762,0.221833
55.49973,8.9744,0.218849
55.50004,8.9725,0.222041
55.50035,8.9695,0.221833
55.50060,8.9771,0.221833
55.50091,8.9611,0.219249
55.50122,8.9688,0.250161
55.50153,8.9715,0.261025
55.50184,8.9678,0.262817
55.50215,8.9602,0.260817
55.50240,8.9752,0.260817
55.50271,8.9678,0.222649
55.50302,8.9648,0.230721
55.50333,8.9688,0.222729
55.50364,8.9678,0.216057
55.50395,8.9688,0.212073
55.50420,8.9678,0.212073
55.50451,8.9752,0.213657
55.50482,8.9705,0.235809
55.50514,8.9648,0.229217
55.50545,8.9658,0.229817
55.50570,8.9762,0.229817
55.50601,8.9705,0.240873
55.50632,8.9639,0.227633
55.50663,8.9715,0.220433
55.50694,8.9668,0.220745
55.50725,8.9705,0.219033
55.50750,8.9734,0.219033
55.50781,8.9744,0.220745
55.50812,8.9705,0.221145
55.50843,8.9781,0.221249
55.50874,8.9668,0.222729
55.50905,8.9705,0.224625
55.50930,8.9688,0.224625
55.50961,8.9688,0.218849
55.50992,8.9688,0.221937
55.51023,8.9705,0.237889
55.51054,8.9695,0.223337
55.51085,8.9705,0.214257
55.51110,8.9801,0.214257
55.51142,8.9695,0.220745
55.51173,8.9725,0.220433
55.51204,8.9648,0.220537
55.51235,8.9658,0.220041
55.51260,8.9621,0.220041
55.51291,8.9762,0.217849
55.51322,8.9715,0.220537
55.51353,8.9762,0.219033
55.51384,8.9734,0.217849
55.51415,8.9688,0.219033
55.51440,8.9658,0.219033
55.51471,8.9762,0.216553
55.51502,8.9715,0.217449
55.51533,8.9754,0.216761
55.51564,8.9762,0.219033
55.51590,8.9658,0.219033
55.51620,8.9752,0.221145
55.51651,8.9678,0.223041
55.51682,8.9648,0.221145
55.51714,8.9705,0.222433
55.51745,8.9668,0.220041
55.51770,8.9668,0.220041
55.51801,8.9744,0.221041
55.51832,8.9705,0.255537
55.51863,8.9592,0.259521
55.51894,8.9688,0.255041
55.51925,8.9621,0.254745
55.51950,8.9801,0.254745
55.51981,8.9752,0.220641
55.52012,8.9668,0.210961
55.52043,8.9705,0.212761
55.52074,8.9668,0.214361
55.52100,8.9781,0.214361
55.52131,8.9678,0.216657
55.52162,8.9734,0.218745
55.52192,8.9818,0.202889
55.52223,8.9668,0.202889
55.52254,8.9781,0.206289
55.52280,8.9705,0.206289
55.52311,8.9668,0.208273
55.52342,8.9725,0.220641
55.52373,8.9688,0.228217
55.52404,8.9688,0.228609
55.52435,8.9688,0.226233
55.52460,8.9725,0.226233
55.52491,8.9744,0.222433
55.52522,8.9715,0.219249
55.52553,8.9762,0.219457
55.52584,8.9752,0.219353
55.52609,8.9611,0.219353
55.52640,8.9688,0.218953
55.52671,8.9648,0.220145
55.52702,8.9809,0.220433
55.52733,8.9705,0.221145
55.52764,8.9688,0.221249
55.52790,8.9678,0.221249
55.52821,8.9678,0.221433
55.52851,8.9705,0.260025
55.52883,8.9648,0.257329
55.52914,8.9648,0.261129
55.52945,8.9734,0.216657
55.52970,8.9801,0.216657
55.53001,8.9658,0.233905
55.53032,8.9752,0.218849
55.53063,8.9648,0.217449
55.53094,8.9668,0.216553
55.53120,8.9725,0.216553
55.53150,8.9752,0.217345
55.53181,8.9631,0.217057
55.53212,8.9695,0.229609
55.53243,8.9705,0.225625
55.53274,8.9695,0.240793
55.53300,8.9688,0.240793
55.53331,8.9705,0.239793
55.53362,8.9631,0.217241
55.53393,8.9697,0.223129
55.53424,8.9688,0.224729
55.53454,8.9688,0.222225
55.53480,8.9658,0.222225
55.53511,8.9695,0.220537
55.53542,8.9688,0.221249
55.53573,8.9648,0.221145
55.53604,8.9688,0.224025
55.53629,8.9678,0.224025
55.53660,8.9658,0.222145
55.53691,8.9697,0.223441
55.53722,8.9688,0.225521
55.53753,8.9602,0.224129
55.53784,8.9762,0.228025
55.53809,8.9744,0.228025
55.53840,8.9752,0.223729
55.53871,8.9715,0.222041
55.53902,8.9734,0.220849
55.53933,8.9791,0.224521
55.53964,8.9734,0.221145
55.53990,8.9705,0.221145
55.54021,8.9715,0.222833
55.54052,8.9668,0.221937
55.54083,8.9705,0.221249
55.54114,8.9648,0.222329
55.54139,8.9744,0.222329
55.54170,8.9781,0.220537
55.54201,8.9639,0.221745
55.54232,8.9762,0.225921
55.54263,8.9688,0.221937
55.54294,8.9791,0.220745
55.54320,8.9648,0.220745
55.54350,8.9658,0.221433
55.54381,8.9705,0.224441
55.54412,8.9592,0.224129
55.54443,8.9771,0.225625
55.54474,8.9658,0.224521
55.54500,8.9688,0.224521
55.54531,8.9715,0.224625
55.54562,8.9602,0.264425
55.54593,8.9631,0.255041
55.54624,8.9668,0.245169
55.54655,8.9648,0.215865
55.54680,8.9744,0.215865
55.54711,8.9744,0.219353
55.54742,8.9678,0.216265
55.54773,8.9705,0.214657
55.54804,8.9752,0.216265
55.54829,8.9705,0.216265
55.54860,8.9725,0.217657
55.54891,8.9725,0.204289
55.54922,8.9668,0.203793
55.54953,8.9725,0.201889
55.54984,8.9734,0.204793
55.55010,8.9688,0.204793
55.55040,8.9781,0.214465
55.55072,8.9648,0.233593
55.55103,8.9725,0.232905
55.55133,8.9705,0.225233
55.55164,8.9688,0.222329
55.55190,8.9688,0.222329
55.55221,8.9715,0.220537
55.55252,8.9648,0.223729
55.55283,8.9715,0.220849
55.55314,8.9688,0.221729
55.55339,8.9697,0.221729
55.55370,8.9781,0.219849
55.55401,8.9744,0.216345
55.55432,8.9744,0.228113
55.55463,8.9639,0.233697
55.55494,8.9725,0.218241
55.55519,8.9695,0.218241
55.55550,8.9695,0.261817
55.55581,8.9744,0.261817
55.55612,8.9648,0.262713
55.55643,8.9752,0.226417
55.55674,8.9688,0.226129
55.55700,8.9734,0.226129
55.55731,8.9715,0.225521
55.55762,8.9715,0.211281
55.55793,8.9734,0.218137
55.55823,8.9791,0.213465
55.55855,8.9781,0.216057
55.55880,8.9752,0.216057
55.55911,8.9725,0.228113
55.55942,8.9734,0.236889
55.55973,8.9688,0.240585
55.56004,8.9631,0.231617
55.56030,8.9695,0.231617
55.56061,8.9688,0.221729
55.56092,8.9715,0.219145
55.56122,8.9725,0.218849
55.56154,8.9688,0.219953
55.56185,8.9678,0.221641
55.56210,8.9641,0.221641
55.56241,8.9744,0.216849
55.56272,8.9658,0.219457
55.56303,8.9725,0.220937
55.56334,8.9668,0.219457
55.56359,8.9734,0.219457
55.56390,8.9705,0.220641
55.56421,8.9658,0.218745
55.56452,8.9744,0.218449
55.56483,8.9705,0.226129
55.56514,8.9705,0.223233
55.56539,8.9678,0.223233
55.56570,8.9838,0.221249
55.56602,8.9658,0.220537
55.56633,8.9648,0.217953
55.56663,8.9648,0.222833
55.56694,8.9725,0.217345
55.56720,8.9697,0.217345
55.56751,8.9725,0.218849
55.56782,8.9705,0.219033
55.56813,8.9564,0.218953
55.56844,8.9838,0.220353
55.56869,8.9658,0.220353
55.56900,8.9725,0.217849
55.56931,8.9574,0.220641
55.56962,8.9744,0.222649
55.56993,8.9725,0.219641
55.57024,8.9678,0.222537
55.57049,8.9668,0.222537
55.57080,8.9725,0.222649
55.57111,8.9715,0.225833
55.57142,8.9734,0.220641
55.57173,8.9752,0.223041
55.57204,8.9771,0.258233
55.57229,8.9631,0.258233
55.57260,8.9648,0.260521
55.57291,8.9668,0.262921
55.57322,8.9838,0.222145
55.57353,8.9688,0.220537
55.57379,8.9611,0.220537
55.57410,8.9734,0.215953
55.57441,8.9688,0.211569
55.57472,8.9715,0.204689
55.57503,8.9781,0.205289
55.57533,8.9744,0.205001
55.57559,8.9695,0.205001
55.57590,8.9744,0.204585
55.57621,8.9678,0.205873
55.57652,8.9744,0.216449
55.57683,8.9725,0.217449
55.57714,8.9734,0.232305
55.57739,8.9715,0.232305
55.57770,8.9678,0.232409
55.57801,8.9688,0.214553
55.57832,8.9715,0.217953
55.57863,8.9744,0.220937
55.57894,8.9744,0.222833
55.57919,8.9621,0.222833
55.57950,8.9754,0.224441
55.57981,8.9715,0.224625
55.58012,8.9752,0.225817
55.58043,8.9734,0.223545
55.58074,8.9658,0.222145
55.58100,8.9688,0.222145
55.58130,8.9564,0.224025
55.58162,8.9574,0.259521
55.58192,8.9631,0.264217
55.58223,8.9639,0.256937
55.58249,8.9631,0.256937
55.58280,8.9762,0.248257
55.58311,8.9781,0.229817
55.58342,8.9734,0.231409
55.58373,8.9771,0.214657
55.58404,8.9762,0.214657
55.58429,8.9715,0.214657
55.58460,8.9688,0.211969
55.58491,8.9715,0.228217
55.58522,8.9611,0.228713
55.58553,8.9715,0.228113
55.58579,8.9705,0.228113
55.58609,8.9678,0.232905
55.58640,8.9658,0.246065
55.58671,8.9688,0.226633
55.58702,8.9725,0.222433
55.58733,8.9668,0.222729
55.58759,8.9734,0.222729
55.58790,8.9668,0.217849
55.58821,8.9678,0.221641
55.58852,8.9688,0.220145
55.58883,8.9715,0.220833
55.58914,8.9658,0.222225
55.58939,8.9668,0.222225
55.58970,8.9715,0.219249
55.59001,8.9744,0.220537
55.59032,8.9781,0.219033
55.59063,8.9752,0.222729
55.59094,8.9705,0.220041
55.59119,8.9658,0.220041
55.59150,8.9715,0.221433
55.59181,8.9762,0.220249
55.59212,8.9801,0.224441
55.59243,8.9688,0.218241
55.59269,8.9688,0.218241
55.59299,8.9725,0.219641
55.59330,8.9734,0.222649
55.59361,8.9668,0.222833
55.59392,8.9734,0.223337
55.59423,8.9762,0.221745
55.59449,8.9725,0.221745
55.59480,8.9688,0.219849
55.59511,8.9602,0.217657
55.59542,8.9752,0.219849
55.59573,8.9668,0.219353
55.59604,8.9828,0.220849
55.59629,8.9828,0.220849
55.59660,8.9705,0.220041
55.59691,8.9705,0.218345
55.59722,8.9752,0.221145
55.59753,8.9734,0.220249
55.59778,8.9715,0.220249
55.59809,8.9648,0.220249
55.59840,8.9744,0.220937
55.59871,8.9715,0.258233
55.59902,8.9668,0.251953
55.59933,8.9668,0.253057
55.59959,8.9648,0.253057
55.59990,8.9828,0.213761
55.60021,8.9715,0.221729
55.60052,8.9771,0.208881
55.60082,8.9715,0.219457
55.60114,8.9688,0.218561
55.60139,8.9752,0.218561
55.60170,8.9695,0.212465
55.60201,8.9688,0.202497
55.60232,8.9809,0.203289
55.60263,8.9762,0.204793
55.60288,8.9762,0.204793
55.60319,8.9639,0.203689
55.60350,8.9744,0.204081
55.60381,8.9725,0.205585
55.60412,8.9688,0.205081
55.60443,8.9688,0.216657
55.60469,8.9744,0.216657
55.60500,8.9725,0.218057
55.60531,8.9752,0.235993
55.60561,8.9658,0.217953
55.60593,8.9639,0.221329
55.60624,8.9678,0.218849
55.60649,8.9658,0.218849
55.60680,8.9705,0.218561
55.60711,8.9678,0.221641
55.60742,8.9725,0.227425
55.60773,8.9668,0.221145
55.60798,8.9705,0.221145
55.60829,8.9648,0.223041
55.60860,8.9734,0.222329
55.60891,8.9678,0.218953
55.60922,8.9639,0.222433
55.60953,8.9582,0.258121
55.60979,8.9602,0.258121
55.61010,8.9658,0.259521
55.61224,8.9752,0.215265
55.61401,8.9648,0.245569
55.61576,8.9762,0.223041
55.61752,8.9668,0.254537
55.61928,8.9668,0.223441
55.62104,8.9705,0.222145
55.62280,8.9658,0.247657
55.62456,8.9734,0.241081
55.62481,8.9668,0.238497
55.62512,8.9725,0.220937
55.62543,8.9715,0.219953
55.62568,8.9639,0.219953
55.62599,8.9668,0.256641
55.62630,8.9639,0.220353
55.62661,8.9668,0.252057
55.62692,8.9631,0.232905
55.62723,8.9744,0.220433
55.62748,8.9809,0.220433
55.62779,8.9668,0.219937
55.62810,8.9602,0.223833
55.62841,8.9631,0.225337
55.62872,8.9705,0.258937
55.62903,8.9648,0.231409
55.62929,8.9715,0.231409
55.62960,8.9705,0.225233
55.62991,8.9715,0.257225
55.63022,8.9818,0.225129
55.63053,8.9688,0.220433
55.63083,8.9639,0.246569
55.63109,8.9668,0.246569
55.63140,8.9781,0.224729
55.63171,8.9631,0.234409
55.63202,8.9715,0.251553
55.63233,8.9658,0.220145
55.63258,8.9695,0.220145
55.63289,8.9631,0.224233
55.63320,8.9678,0.256249
55.63351,8.9705,0.220433
55.63382,8.9781,0.238689
55.63413,8.9582,0.248257
55.63438,8.9857,0.248257
55.63469,8.9754,0.221041
55.63500,8.9527,0.256329
55.63531,8.9688,0.222649
55.63562,8.9762,0.221537
55.63593,8.9648,0.252161
55.63619,8.9705,0.252161
55.63649,8.9631,0.240689
55.63680,8.9754,0.221833
55.63711,8.9574,0.255745
55.63742,8.9705,0.223545
55.63773,8.9688,0.216953
55.63799,8.9744,0.216953
55.63830,8.9592,0.252745
55.63861,8.9715,0.225921
55.63891,8.9744,0.222225
55.63923,8.9688,0.253449
55.63948,8.9725,0.253449
55.63980,8.9715,0.218137
55.64010,8.9648,0.256249
55.64042,8.9658,0.221833
55.64073,8.9697,0.218137
55.64104,8.9734,0.229321
55.64129,8.9705,0.229321
55.64160,8.9695,0.252057
55.64191,8.9725,0.221833
55.64222,8.9648,0.251449
55.64253,8.9641,0.223441
55.64278,8.9875,0.223441
55.64309,8.9771,0.219937
55.64340,8.9754,0.238393
55.64371,8.9771,0.218057
55.64402,8.9668,0.220353
55.64433,8.9639,0.254137
55.64458,8.9639,0.254137
55.64489,8.9754,0.216345
55.64520,8.9658,0.240689
55.64551,8.9725,0.241481
55.64583,8.9744,0.220641
55.64608,8.9734,0.220641
55.64639,8.9668,0.219849
55.64670,8.9688,0.251345
55.64701,8.9715,0.219353
55.64732,8.9725,0.250161
55.64763,8.9762,0.233513
55.64788,8.9715,0.233513
55.64819,8.9715,0.221145
55.64850,8.9631,0.256249
55.64881,8.9725,0.222537
55.64912,8.9648,0.223337
55.64943,8.9668,0.257433
55.64968,8.9648,0.257433
55.64999,8.9762,0.231305
55.65030,8.9715,0.231617
55.65061,8.9631,0.257041
55.65092,8.9715,0.221249
55.65123,8.9734,0.222225
55.65149,8.9762,0.222225
55.65180,8.9648,0.223041
55.65211,8.9734,0.226417
55.65242,8.9725,0.231113
55.65273,8.9574,0.250849
55.65298,8.9725,0.250849
55.65329,8.9744,0.221433
55.65360,8.9705,0.253241
55.65391,8.9715,0.222833
55.65422,8.9678,0.221937
55.65453,8.9631,0.240481
55.65478,8.9828,0.240481
55.65509,8.9668,0.243089
55.65540,8.9705,0.228025
55.65571,8.9621,0.253953
55.65602,8.9621,0.223833
55.65633,8.9648,0.227633
55.65658,8.9584,0.227633
55.65689,8.9631,0.249657
55.65720,8.9688,0.212761
55.65752,8.9631,0.211281
55.65783,8.9725,0.211177
55.65808,8.9621,0.211177
55.65839,8.9688,0.209673
55.65870,8.9725,0.211281
55.65901,8.9791,0.203601
55.65932,8.9705,0.208585
55.65963,8.9688,0.216849
55.65988,8.9695,0.216849
55.66019,8.9762,0.221041
55.66050,8.9705,0.229425
55.66081,8.9705,0.227025
55.66112,8.9697,0.222729
55.66143,8.9715,0.221641
55.66168,8.9658,0.221641
55.66199,8.9715,0.221249
55.66230,8.9771,0.218241
55.66261,8.9752,0.222041
55.66292,8.9658,0.223233
55.66323,8.9791,0.223337
55.66349,8.9695,0.223337
55.66380,8.9705,0.222649
55.66411,8.9705,0.228025
55.66442,8.9725,0.223145
55.66473,8.9725,0.222729
55.66498,8.9648,0.222729
55.66529,8.9631,0.262129
55.66560,8.9668,0.257937
55.66591,8.9592,0.230009
55.66622,8.9762,0.229609
55.66653,8.9658,0.230321
55.66678,8.9695,0.230321
55.66709,8.9678,0.225129
55.66740,8.9678,0.214969
55.66771,8.9725,0.212073
55.66802,8.9697,0.215049
55.66833,8.9771,0.222937
55.66858,8.9695,0.222937
55.66889,8.9725,0.232513
55.66920,8.9668,0.232697
55.66952,8.9639,0.245273
55.66983,8.9574,0.236785
55.67008,8.9592,0.236785
55.67039,8.9668,0.225521
55.67070,8.9762,0.216553
55.67101,8.9725,0.219953
55.67132,8.9715,0.224025
55.67157,8.9695,0.224025
55.67188,8.9668,0.222649
55.67219,8.9734,0.220849
55.67250,8.9688,0.222729
55.67281,8.9631,0.219249
55.67312,8.9752,0.221729
55.67338,8.9641,0.221729
55.67368,8.9725,0.219057
55.67399,8.9705,0.220641
55.67430,8.9621,0.229713
55.67461,8.9734,0.220745
55.67492,8.9801,0.220145
55.67518,8.9734,0.220145
55.67549,8.9705,0.224937
55.67580,8.9688,0.221537
55.67611,8.9695,0.219145
55.67642,8.9725,0.218849
55.67667,8.9744,0.218849
55.67698,8.9715,0.223441
55.67729,8.9668,0.222649
55.67760,8.9744,0.221329
55.67791,8.9744,0.225129
55.67822,8.9715,0.222225
55.67848,8.9678,0.222225
55.67878,8.9705,0.222433
55.67909,8.9744,0.219033
55.67940,8.9715,0.217953
55.67971,8.9648,0.218241
55.68002,8.9639,0.218953
55.68028,8.9688,0.218953
55.68059,8.9752,0.218641
55.68090,8.9688,0.218745
55.68121,8.9678,0.223129
55.68152,8.9668,0.220537
55.68177,8.9725,0.220537
55.68208,8.9678,0.231721
55.68239,8.9611,0.257041
55.68270,8.9668,0.260729
55.68301,8.9658,0.214049
55.68332,8.9744,0.210777
55.68358,8.9648,0.210777
55.68388,8.9639,0.218345
55.68420,8.9688,0.219641
55.68450,8.9641,0.219537
55.68481,8.9725,0.211777
55.68512,8.9688,0.202705
55.68538,8.9631,0.202705
55.68569,8.9695,0.202993
55.68600,8.9791,0.202289
55.68631,8.9771,0.202705
55.68662,8.9688,0.206289
55.68693,8.9695,0.214153
55.68718,8.9678,0.214153
55.68750,8.9725,0.228425
55.68781,8.9658,0.229609
55.68812,8.9715,0.222225
55.68843,8.9688,0.217057
55.68868,8.9678,0.217057
55.68899,8.9678,0.220041
55.68930,8.9648,0.216953
55.68961,8.9705,0.216345
55.68992,8.9715,0.211361
55.69023,8.9658,0.218745
55.69048,8.9771,0.218745
55.69079,8.9705,0.219145
55.69110,8.9781,0.221833
55.69141,8.9658,0.222329
55.69172,8.9725,0.221145
55.69197,8.9744,0.221145
55.69228,8.9678,0.259129
55.69259,8.9631,0.262425
55.69290,8.9705,0.245961
55.69321,8.9658,0.228921
55.69352,8.9762,0.228609
55.69378,8.9771,0.228609
55.69409,8.9754,0.231321
55.69439,8.9658,0.214153
55.69470,8.9695,0.211465
55.69502,8.9725,0.216161
55.69533,8.9678,0.229713
55.69558,8.9791,0.229713
55.69589,8.9734,0.230401
55.69620,8.9715,0.232409
55.69651,8.9818,0.243169
55.69682,8.9744,0.235993
55.69713,8.9725,0.219937
55.69738,8.9762,0.219937
55.69769,8.9688,0.222041
55.69800,8.9725,0.223833
55.69831,8.9611,0.222041
55.69862,8.9715,0.224441
55.69887,8.9744,0.224441
55.69918,8.9695,0.225337
55.69950,8.9762,0.224937
55.69981,8.9771,0.221329
55.70012,8.9705,0.221249
55.70037,8.9725,0.221249
55.70068,8.9564,0.221537
55.70099,8.9705,0.220641
55.70130,8.9688,0.220745
55.70161,8.9658,0.220537
55.70192,8.9705,0.220937
55.70217,8.9705,0.220937
55.70248,8.9715,0.222433
55.70279,8.9725,0.214761
55.70310,8.9705,0.222537
55.70341,8.9705,0.218057
55.70372,8.9678,0.221329
55.70397,8.9781,0.221329
55.70428,8.9695,0.220145
55.70459,8.9725,0.223337
55.70490,8.9762,0.225129
55.70521,8.9648,0.222729
55.70552,8.9752,0.224937
55.70578,8.9715,0.224937
55.70609,8.9658,0.224233
55.70640,8.9725,0.223833
55.70671,8.9725,0.221329
55.70702,8.9734,0.220745
55.70727,8.9658,0.220745
55.70758,8.9668,0.228321
55.70789,8.9705,0.220433
55.70820,8.9771,0.222433
55.70851,8.9744,0.220249
55.70882,8.9688,0.243377
55.70907,8.9678,0.243377
55.70938,8.9668,0.259625
55.70969,8.9752,0.256145
55.71000,8.9715,0.217241
55.71031,8.9688,0.213257
55.71062,8.9734,0.220145
55.71087,8.9762,0.220145
55.71118,8.9668,0.207193
55.71150,8.9771,0.218849
55.71181,8.9688,0.219457
55.71212,8.9715,0.207377
55.71237,8.9848,0.207377
55.71268,8.9734,0.206081
55.71299,8.9725,0.207193
55.71330,8.9705,0.206873
55.71361,8.9648,0.212361
55.71392,8.9744,0.222041
55.71417,8.9705,0.222041
55.71448,8.9725,0.218953
55.71479,8.9725,0.230617
55.71510,8.9697,0.223833
55.71541,8.9697,0.221041
55.71572,8.9791,0.221641
55.71597,8.9658,0.221641
55.71628,8.9734,0.221537
55.71659,8.9725,0.221329
55.71690,8.9678,0.219457
55.71721,8.9678,0.219457
55.71752,8.9734,0.222833
55.71778,8.9715,0.222833
55.71808,8.9695,0.219953
55.71840,8.9658,0.221249
55.71871,8.9678,0.221833
55.71902,8.9688,0.260729
55.71927,8.9658,0.260729
55.71958,8.9668,0.263713
55.71989,8.9688,0.260337
55.72020,8.9744,0.223937
55.72051,8.9688,0.228817
55.72082,8.9668,0.227713
55.72107,8.9631,0.227713
55.72138,8.9697,0.211177
55.72169,8.9688,0.211465
55.72200,8.9688,0.212465
55.72231,8.9818,0.213657
55.72262,8.9695,0.223625
55.72287,8.9668,0.223625
55.72318,8.9621,0.224937
55.72350,8.9678,0.241977
55.72381,8.9668,0.232513
55.72412,8.9695,0.222145
55.72437,8.9752,0.222145
55.72468,8.9678,0.219033
55.72499,8.9754,0.219353
55.72530,8.9725,0.217657
55.72561,8.9762,0.220641
55.72592,8.9621,0.222537
55.72617,8.9631,0.222537
55.72648,8.9791,0.228609
55.72679,8.9697,0.219937
55.72710,8.9725,0.223041
55.72741,8.9744,0.222937
55.72772,8.9705,0.221641
55.72797,8.9695,0.221641
55.72828,8.9725,0.219641
55.72859,8.9744,0.220537
55.72890,8.9705,0.220353
55.72921,8.9725,0.218241
55.72947,8.9668,0.218241
55.72978,8.9725,0.220849
55.73009,8.9678,0.218953
55.73040,8.9695,0.215049
55.73071,8.9705,0.214865
55.73102,8.9715,0.218745
55.73127,8.9705,0.218745
55.73158,8.9668,0.218345
55.73189,8.9762,0.218849
55.73220,8.9744,0.219457
55.73251,8.9744,0.216553
55.73282,8.9688,0.221537
55.73307,8.9715,0.221537
55.73338,8.9762,0.220537
55.73369,8.9697,0.221329
55.73400,8.9734,0.222225
55.73431,8.9688,0.221433
55.73457,8.9592,0.221433
55.73487,8.9705,0.224833
55.73519,8.9688,0.221537
55.73550,8.9744,0.221433
55.73581,8.9639,0.257041
55.73612,8.9639,0.261921
55.73637,8.9658,0.261921
55.73668,8.9688,0.256937
55.73699,8.9688,0.219145
55.73730,8.9715,0.218745
55.73761,8.9658,0.212465
55.73792,8.9602,0.210673
55.73817,8.9762,0.210673
55.73848,8.9791,0.217161
55.73879,8.9744,0.204793
55.73910,8.9744,0.207089
55.73941,8.9744,0.205393
55.73972,8.9791,0.208777
55.73997,8.9668,0.208777
55.74028,8.9705,0.211073
55.74059,8.9688,0.221329
55.74090,8.9695,0.235497
55.74121,8.9705,0.235201
55.74147,8.9688,0.235201
55.74178,8.9715,0.223041
55.74209,8.9688,0.222649
55.74240,8.9838,0.220745
55.74271,8.9744,0.216265
55.74302,8.9705,0.220353
55.74327,8.9678,0.220353
55.74358,8.9705,0.221745
55.74389,8.9744,0.219033
55.74420,8.9762,0.225337
55.74451,8.9639,0.220641
55.74482,8.9705,0.224441
55.74507,8.9715,0.224441
55.74538,8.9734,0.221041
55.74569,8.9688,0.262217
55.74600,8.9648,0.258121
55.74631,8.9621,0.257833
55.74662,8.9762,0.228321
55.74687,8.9678,0.228321
55.74718,8.9705,0.231009
55.74750,8.9688,0.216553
55.74781,8.9734,0.218745
55.74812,8.9818,0.216657
55.74837,8.9658,0.216657
55.74868,8.9695,0.216849
55.74899,8.9678,0.219641
55.74930,8.9688,0.226417
55.74961,8.9695,0.231009
55.74992,8.9688,0.239977
55.75017,8.9648,0.239977
55.75048,8.9734,0.239977
55.75079,8.9688,0.222225
55.75110,8.9715,0.221937
55.75141,8.9734,0.216849
55.75166,8.9688,0.216849
55.75197,8.9705,0.219849
55.75228,8.9564,0.223041
55.75259,8.9658,0.219937
55.75290,8.9688,0.220353
55.75321,8.9791,0.219457
55.75347,8.9705,0.219457
55.75378,8.9734,0.219745
55.75409,8.9734,0.223937
55.75440,8.9648,0.231217
55.75471,8.9705,0.220745
55.75502,8.9695,0.222833
55.75527,8.9818,0.222833
55.75558,8.9648,0.225025
55.75589,8.9574,0.219537
55.75620,8.9715,0.237497
55.75651,8.9705,0.221937
55.75676,8.9725,0.221937
55.75707,8.9762,0.220537
55.75738,8.9678,0.220537
55.75769,8.9668,0.220849
55.75800,8.9705,0.218745
55.75831,8.9752,0.224833
55.75856,8.9697,0.224833
55.75887,8.9592,0.223337
55.75918,8.9658,0.220145
55.75950,8.9781,0.218057
55.75981,8.9715,0.219537
55.76012,8.9639,0.221249
55.76037,8.9744,0.221249
55.76068,8.9695,0.218057
55.76099,8.9762,0.220641
55.76130,8.9705,0.223441
55.76161,8.9715,0.222225
55.76186,8.9695,0.222225
55.76217,8.9715,0.221641
55.76248,8.9631,0.222833
55.76279,8.9648,0.259833
55.76310,8.9658,0.253537
55.76341,8.9715,0.239977
55.76366,8.9715,0.239977
55.76397,8.9725,0.213657
55.76428,8.9725,0.217745
55.76459,8.9818,0.214361
55.76490,8.9744,0.217449
55.76521,8.9771,0.217057
55.76547,8.9801,0.217057
55.76578,8.9715,0.214761
55.76609,8.9818,0.203497
55.76640,8.9678,0.202889
55.76671,8.9771,0.205289
55.76702,8.9762,0.205289
55.76727,8.9668,0.205289
55.76758,8.9725,0.212073
55.76789,8.9668,0.230321
55.76820,8.9725,0.235993
55.76851,8.9705,0.222225
55.76876,8.9744,0.222225
55.76907,8.9658,0.223625
55.76938,8.9678,0.220849
55.76969,8.9762,0.221145
55.77000,8.9697,0.220937
55.77031,8.9725,0.220353
55.77056,8.9621,0.220353
55.77087,8.9744,0.217953
55.77118,8.9791,0.220041
55.77150,8.9725,0.219033
55.77181,8.9715,0.218137
55.77212,8.9668,0.219849
55.77237,8.9801,0.219849
55.77268,8.9648,0.256041
55.77299,8.9641,0.254849
55.77330,8.9611,0.255353
55.77361,8.9734,0.221041
55.77386,8.9725,0.221041
55.77417,8.9715,0.226633
55.77448,8.9678,0.225833
55.77479,8.9648,0.217657
55.77510,8.9695,0.219457
55.77541,8.9688,0.215369
55.77566,8.9725,0.215369
55.77597,8.9725,0.217161
55.77628,8.9631,0.219457
55.77659,8.9705,0.232513
55.77690,8.9668,0.234009
55.77721,8.9695,0.239897
55.77747,8.9668,0.239897
55.77778,8.9658,0.227713
55.77808,8.9744,0.219849
55.77840,8.9734,0.222041
55.77871,8.9695,0.220433
55.77901,8.9725,0.223233
55.77927,8.9678,0.223233
55.77958,8.9631,0.240793
55.77989,8.9754,0.220433
55.78020,8.9688,0.222145
55.78051,8.9668,0.255833
55.78076,8.9688,0.255833
55.78107,8.9734,0.222833
55.78138,8.9791,0.222041
55.78169,8.9631,0.244569
55.78200,8.9725,0.224233
55.78231,8.9678,0.227217
55.78256,8.9705,0.227217
55.78287,8.9781,0.256937
55.78318,8.9611,0.223625
55.78349,8.9744,0.253241
55.78380,8.9631,0.235393
55.78411,8.9809,0.220937
55.78436,8.9705,0.220937
55.78467,8.9678,0.219745
55.78498,8.9602,0.220641
55.78529,8.9781,0.219953
55.78560,8.9752,0.253345
55.78591,8.9697,0.226921
55.78617,8.9688,0.226921
55.78648,8.9725,0.222937
55.78679,8.9688,0.253345
55.78710,8.9631,0.221433
55.78741,8.9734,0.220745
55.78766,8.9658,0.220745
55.78797,8.9658,0.254137
55.78828,8.9809,0.225729
55.78859,8.9818,0.233305
55.78890,8.9621,0.254745
55.78921,8.9658,0.223937
55.78946,8.9668,0.223937
55.78977,8.9744,0.223937
55.79008,8.9631,0.224625
55.79039,8.9688,0.223833
55.79070,8.9668,0.239897
55.79101,8.9678,0.245065
55.79126,8.9771,0.245065
55.79157,8.9695,0.219849
55.79188,8.9705,0.257625
55.79219,8.9621,0.223937
55.79250,8.9715,0.223129
55.79281,8.9744,0.246673
55.79307,8.9734,0.246673
55.79338,8.9611,0.238081
55.79369,8.9668,0.217849
55.79399,8.9715,0.257041
55.79430,8.9658,0.218953
55.79456,8.9744,0.218953
55.79487,8.9725,0.215369
55.79518,8.9639,0.234305
55.79549,8.9705,0.220353
55.79580,8.9762,0.226417
55.79611,8.9658,0.258625
55.79637,8.9678,0.258625
55.79668,8.9771,0.220849
55.79698,8.9592,0.258041
55.79730,8.9631,0.238289
55.79761,8.9695,0.223833
55.79786,8.9688,0.223833
55.79817,8.9641,0.228025
55.79848,8.9688,0.254745
55.79879,8.9715,0.218449
55.79910,8.9725,0.253057
55.79941,8.9611,0.219745
55.79966,8.9715,0.219745
55.79997,8.9725,0.221329
55.80028,8.9678,0.247569
55.80059,8.9678,0.218057
55.80090,8.9631,0.222937
55.80121,8.9771,0.251849
55.80147,8.9744,0.251849
55.80178,8.9752,0.217953
55.80209,8.9705,0.236785
55.80240,8.9602,0.242985
55.80271,8.9771,0.221433
55.80296,8.9809,0.221433
55.80327,8.9725,0.222433
55.80358,8.9678,0.222041
55.80389,8.9771,0.222537
55.80420,8.9621,0.250161
55.80451,8.9688,0.237185
55.80476,8.9678,0.237185
55.80507,8.9678,0.216849
55.80538,8.9678,0.253745
55.80569,8.9752,0.222833
55.80600,8.9678,0.216057
55.80631,8.9668,0.249361
55.80656,8.9631,0.249361
55.80687,8.9695,0.231721
55.80718,8.9715,0.224729
55.80750,8.9658,0.252449
55.80781,8.9648,0.217057
55.80806,8.9697,0.217057
55.80837,8.9734,0.222329
55.80868,8.9648,0.222729
55.80899,8.9762,0.218561
55.80930,8.9641,0.235497
55.80961,8.9744,0.251657
55.80986,8.9555,0.251657
55.81017,8.9791,0.221745
55.81048,8.9631,0.258121
55.81079,8.9582,0.223937
55.81110,8.9678,0.222041
55.81141,8.9771,0.240977
55.81166,8.9705,0.240977
55.81197,8.9678,0.246865
55.81228,8.9715,0.218449
55.81259,8.9715,0.252641
55.81290,8.9695,0.220433
55.81316,8.9688,0.220433
55.81347,8.9762,0.216849
55.81378,8.9752,0.239081
55.81409,8.9705,0.219537
55.81440,8.9725,0.217745
55.81471,8.9752,0.253137
55.81496,8.9734,0.253137
55.81527,8.9688,0.217953
55.81558,8.9809,0.249865
55.81589,8.9695,0.233905
55.81620,8.9715,0.220041
55.81651,8.9639,0.225521
55.81676,8.9678,0.225521
55.81707,8.9668,0.262217
55.81738,8.9744,0.226417
55.81769,8.9715,0.257145
55.81800,8.9582,0.232905
55.81831,8.9705,0.225337
55.81856,8.9658,0.225337
55.81887,8.9602,0.234993
55.81918,8.9695,0.225521
55.81950,8.9725,0.220849
55.81981,8.9648,0.255937
55.82006,8.9611,0.255937
55.82037,8.9705,0.215849
55.82068,8.9688,0.210273
55.82099,8.9668,0.211177
55.82130,8.9695,0.210273
55.82161,8.9771,0.208585
55.82186,8.9762,0.208585
55.82217,8.9744,0.217161
55.82248,8.9734,0.216657
55.82279,8.9668,0.222329
55.82310,8.9688,0.217657
55.82341,8.9688,0.229817
55.82366,8.9715,0.229817
55.82397,8.9648,0.235889
55.82428,8.9574,0.222329
55.82459,8.9658,0.224441
55.82490,8.9668,0.224833
55.82521,8.9688,0.224729
55.82546,8.9705,0.224729
55.82578,8.9734,0.223625
55.82609,8.9734,0.222225
55.82640,8.9631,0.221041
55.82670,8.9715,0.221433
55.82696,8.9648,0.221433
55.82727,8.9688,0.220641
55.82758,8.9705,0.219745
55.82789,8.9762,0.254849
55.82820,8.9631,0.264505
55.82851,8.9668,0.260417
55.82876,8.9639,0.260417
55.82907,8.9631,0.257145
55.82938,8.9695,0.232697
55.82969,8.9725,0.227129
55.83000,8.9762,0.211569
55.83031,8.9688,0.212865
55.83056,8.9705,0.212865
55.83087,8.9725,0.212177
55.83118,8.9697,0.222225
55.83149,8.9744,0.230825
55.83180,8.9801,0.229713
55.83206,8.9697,0.229713
55.83237,8.9668,0.225025
55.83268,8.9715,0.245169
55.83299,8.9668,0.225921
55.83329,8.9725,0.220641
55.83361,8.9705,0.220849
55.83386,8.9678,0.220849
55.83417,8.9781,0.221537
55.83448,8.9715,0.219849
55.83479,8.9678,0.218561
55.83510,8.9611,0.219353
55.83541,8.9752,0.221937
55.83566,8.9678,0.221937
55.83597,8.9762,0.218745
55.83628,8.9688,0.219353
55.83659,8.9631,0.219353
55.83690,8.9688,0.222537
55.83715,8.9734,0.222537
55.83746,8.9781,0.219641
55.83777,8.9752,0.222833
55.83809,8.9725,0.226521
55.83840,8.9658,0.228609
55.83871,8.9734,0.224625
55.83896,8.9688,0.224625
55.83927,8.9678,0.221641
55.83958,8.9688,0.221745
55.83989,8.9705,0.219353
55.84020,8.9658,0.220249
55.84051,8.9688,0.217849
55.84076,8.9705,0.217849
55.84107,8.9678,0.218137
55.84138,8.9725,0.218345
55.84169,8.9734,0.216161
55.84200,8.9688,0.215657
55.84225,8.9631,0.215657
55.84256,8.9668,0.220849
55.84287,8.9688,0.218449
55.84318,8.9715,0.217553
55.84350,8.9648,0.216761
55.84375,8.9781,0.216761
55.84406,8.9762,0.218953
55.84437,8.9809,0.217057
55.84468,8.9801,0.221641
55.84499,8.9658,0.259337
55.84530,8.9611,0.260129
55.84555,8.9668,0.260129
55.84586,8.9705,0.257225
55.84617,8.9705,0.216345
55.84648,8.9648,0.217657
55.84679,8.9744,0.205873
55.84710,8.9734,0.217449
55.84736,8.9744,0.217449
55.84767,8.9734,0.214657
55.84798,8.9725,0.216265
55.84828,8.9658,0.202097
55.84859,8.9809,0.200305
55.84890,8.9658,0.203289
55.84916,8.9621,0.203289
55.84947,8.9752,0.207377
55.84978,8.9744,0.212865
55.85009,8.9762,0.216849
55.85040,8.9781,0.228713
55.85066,8.9734,0.228713
55.85097,8.9658,0.232617
55.85128,8.9725,0.219537
55.85159,8.9688,0.219353
55.85190,8.9705,0.223441
55.85221,8.9695,0.232305
55.85246,8.9688,0.232305
55.85277,8.9762,0.224729
55.85308,8.9771,0.224129
55.85339,8.9658,0.221433
55.85370,8.9688,0.220249
55.85395,8.9695,0.220249
55.85426,8.9705,0.219849
55.85457,8.9688,0.218241
55.85488,8.9631,0.258937
55.85519,8.9648,0.265609
55.85550,8.9641,0.255537
55.85576,8.9695,0.255537
55.85607,8.9762,0.258441
55.85638,8.9658,0.227321
55.85669,8.9715,0.227425
55.85700,8.9639,0.207585
55.85725,8.9688,0.207585
55.85756,8.9715,0.210673
55.85787,8.9734,0.211465
55.85818,8.9621,0.226129
55.85849,8.9705,0.229817
55.85880,8.9648,0.228425
55.85905,8.9791,0.228425
55.85936,8.9725,0.240289
55.85967,8.9668,0.237497
55.85998,8.9688,0.227025
55.86029,8.9734,0.228817
55.86060,8.9705,0.227817
55.86085,8.9611,0.227817
55.86117,8.9781,0.224729
55.86148,8.9725,0.219537
55.86179,8.9752,0.220537
55.86210,8.9695,0.220849
55.86235,8.9809,0.220849
55.86266,8.9688,0.229113
55.86297,8.9744,0.221041
55.86328,8.9744,0.219033
55.86359,8.9725,0.219849
55.86390,8.9715,0.222041
55.86416,8.9725,0.222041
55.86447,8.9725,0.219353
55.86478,8.9725,0.222145
55.86508,8.9791,0.220745
55.86539,8.9658,0.222649
55.86570,8.9688,0.223545
55.86596,8.9744,0.223545
55.86627,8.9715,0.220537
55.86658,8.9678,0.223937
55.86689,8.9771,0.220433
55.86720,8.9725,0.225921
55.86745,8.9705,0.225921
55.86776,8.9688,0.223833
55.86807,8.9705,0.220849
55.86838,8.9725,0.219033
55.86869,8.9752,0.220353
55.86900,8.9705,0.221145
55.86931,8.9648,0.222433
55.86956,8.9695,0.222433
55.86987,8.9688,0.220937
55.87018,8.9734,0.222649
55.87049,8.9791,0.217657
55.87080,8.9762,0.220745
55.87111,8.9648,0.220145
55.87136,8.9631,0.220145
55.87168,8.9744,0.221833
55.87199,8.9705,0.259025
55.87229,8.9715,0.256145
55.87260,8.9582,0.256833
55.87286,8.9631,0.256833
55.87317,8.9688,0.221641
55.87348,8.9781,0.219249
55.87379,8.9658,0.212969
55.87410,8.9705,0.219745
55.87441,8.9639,0.219353
55.87466,8.9781,0.219353
55.87497,8.9631,0.215265
55.87528,8.9771,0.204393
55.87559,8.9688,0.205289
55.87590,8.9705,0.204393
55.87616,8.9752,0.204393
55.87647,8.9705,0.202289
55.87678,8.9725,0.212177
55.87709,8.9771,0.219249
55.87739,8.9762,0.231305
55.87771,8.9781,0.234009
55.87796,8.9695,0.234009
55.87827,8.9621,0.219249
55.87858,8.9752,0.220145
55.87889,8.9725,0.221249
55.87920,8.9705,0.233905
55.87951,8.9658,0.224129
55.87977,8.9678,0.224129
55.88007,8.9695,0.224729
55.88038,8.9781,0.224129
55.88069,8.9688,0.223833
55.88100,8.9648,0.224337
55.88126,8.9695,0.224337
55.88157,8.9705,0.225233
55.88188,8.9705,0.223337
55.88219,8.9678,0.264817
55.88250,8.9648,0.257537
55.88281,8.9668,0.248761
55.88306,8.9668,0.248761
55.88337,8.9734,0.225337
55.88368,8.9801,0.228817
55.88399,8.9752,0.214465
55.88430,8.9715,0.215657
55.88461,8.9705,0.214257
55.88486,8.9715,0.214257
55.88517,8.9762,0.214361
55.88548,8.9678,0.220353
55.88579,8.9762,0.226313
55.88610,8.9734,0.237993
55.88636,8.9725,0.237993
55.88666,8.9762,0.243961
55.88697,8.9658,0.232801
55.88729,8.9791,0.225025
55.88759,8.9705,0.220353
55.88790,8.9801,0.220641
55.88816,8.9668,0.220641
55.88847,8.9639,0.222041
55.88878,8.9631,0.219033
55.88909,8.9734,0.220249
55.88940,8.9564,0.218641
55.88971,8.9688,0.219745
55.88996,8.9771,0.219745
55.89027,8.9705,0.219457
55.89058,8.9695,0.217745
55.89089,8.9668,0.219145
55.89120,8.9734,0.223041
55.89151,8.9754,0.219033
55.89176,8.9639,0.219033
55.89207,8.9752,0.218561
55.89238,8.9715,0.219849
55.89269,8.9705,0.219353
55.89300,8.9754,0.218641
55.89325,8.9705,0.218641
55.89357,8.9725,0.220641
55.89388,8.9762,0.221833
55.89419,8.9734,0.221641
55.89450,8.9818,0.219457
55.89480,8.9658,0.219249
55.89506,8.9734,0.219249
55.89537,8.9781,0.221537
55.89568,8.9668,0.220641
55.89599,8.9725,0.219145
55.89630,8.9809,0.217849
55.89661,8.9725,0.219353
55.89686,8.9688,0.219353
55.89717,8.9688,0.218241
55.89748,8.9705,0.219849
55.89779,8.9668,0.221433
55.89810,8.9668,0.219953
55.89836,8.9705,0.219953
55.89867,8.9762,0.219249
55.89898,8.9688,0.255249
55.89929,8.9678,0.255537
55.89960,8.9631,0.256145
55.89991,8.9658,0.217849
55.90016,8.9688,0.217849
55.90047,8.9762,0.218057
55.90078,8.9725,0.214865
55.90109,8.9744,0.220641
55.90140,8.9678,0.212361
55.90171,8.9688,0.208673
55.90196,8.9695,0.208673
55.90227,8.9725,0.207689
55.90258,8.9658,0.206481
55.90289,8.9725,0.202993
55.90320,8.9734,0.205689
55.90346,8.9725,0.205689
55.90377,8.9781,0.203185
55.90408,8.9705,0.209065
55.90439,8.9668,0.212969
55.90470,8.9828,0.219145
55.90501,8.9668,0.230617
55.90526,8.9695,0.230617
55.90557,8.9744,0.233009
55.90588,8.9744,0.220745
55.90619,8.9631,0.222433
55.90650,8.9744,0.220433
55.90681,8.9725,0.221041
55.90706,8.9705,0.221041
55.90737,8.9668,0.221145
55.90768,8.9688,0.223041
55.90799,8.9744,0.223041
55.90830,8.9639,0.220641
55.90855,8.9715,0.220641
55.90886,8.9715,0.223833
55.90917,8.9781,0.221249
55.90948,8.9688,0.257729
55.90979,8.9564,0.263817
55.91010,8.9705,0.259337
55.91224,8.9744,0.217553
55.91401,8.9725,0.242081
55.91576,8.9715,0.222729
55.91752,8.9754,0.221041
55.91928,8.9791,0.222537
55.92104,8.9705,0.220433
55.92280,8.9695,0.224729
55.92456,8.9725,0.221537
55.92475,8.9781,0.221537
55.92506,8.9838,0.220249
55.92537,8.9695,0.221641
55.92568,8.9752,0.218849
55.92599,8.9592,0.219145
55.92630,8.9697,0.218745
55.92655,8.9648,0.218745
55.92686,8.9678,0.251745
55.92717,8.9648,0.255145
55.92748,8.9688,0.253449
55.92779,8.9658,0.217345
55.92810,8.9771,0.217745
55.92835,8.9658,0.217745
55.92866,8.9678,0.209065
55.92897,8.9744,0.218345
55.92928,8.9725,0.217849
55.92960,8.9688,0.221641
55.92990,8.9725,0.203185
55.93016,8.9648,0.203185
55.93047,8.9715,0.205081
55.93078,8.9801,0.202785
55.93109,8.9715,0.207585
55.93140,8.9715,0.207985
55.93165,8.9725,0.207985
55.93196,8.9781,0.215761
55.93227,8.9754,0.228921
55.93258,8.9668,0.218057
55.93289,8.9744,0.218057
55.93320,8.9705,0.224233
55.93345,8.9725,0.224233
55.93376,8.9678,0.219745
55.93407,8.9695,0.217657
55.93438,8.9791,0.218849
55.93469,8.9631,0.218449
55.93500,8.9725,0.220641
55.93525,8.9801,0.220641
55.93557,8.9754,0.218849
55.93588,8.9688,0.220745
55.93619,8.9668,0.222833
55.93650,8.9725,0.244481
55.93675,8.9631,0.244481
55.93706,8.9658,0.265321
55.93737,8.9668,0.259833
55.93768,8.9678,0.216057
55.93799,8.9688,0.228025
55.93830,8.9639,0.225337
55.93855,8.9791,0.225337
55.93886,8.9744,0.210857
55.93917,8.9734,0.213465
55.93948,8.9715,0.210169
55.93979,8.9791,0.211777
55.94010,8.9695,0.226817
55.94035,8.9668,0.226817
55.94066,8.9668,0.228217
55.94097,8.9762,0.236201
55.94128,8.9752,0.244569
55.94160,8.9688,0.226737
55.94185,8.9762,0.226737
55.94216,8.9688,0.221537
55.94247,8.9705,0.219249
55.94278,8.9621,0.225833
55.94309,8.9668,0.225025
55.94340,8.9658,0.222433
55.94365,8.9744,0.222433
55.94396,8.9705,0.258521
55.94427,8.9734,0.222833
55.94458,8.9668,0.252161
55.94489,8.9734,0.238497
55.94520,8.9668,0.218641
55.94545,8.9715,0.218641
55.94576,8.9592,0.221041
55.94607,8.9725,0.222041
55.94638,8.9809,0.220937
55.94669,8.9611,0.253641
55.94700,8.9658,0.231513
55.94725,8.9602,0.231513
55.94756,8.9695,0.220537
55.94788,8.9668,0.255937
55.94819,8.9744,0.219849
55.94850,8.9688,0.222433
55.94875,8.9734,0.222433
55.94906,8.9734,0.256145
55.94937,8.9688,0.223441
55.94968,8.9695,0.231905
55.94999,8.9668,0.255641
55.95030,8.9752,0.222833
55.95055,8.9744,0.222833
55.95086,8.9639,0.217449
55.95117,8.9715,0.234913
55.95148,8.9705,0.223625
55.95179,8.9705,0.240481
55.95210,8.9688,0.249945
55.95235,8.9678,0.249945
55.95266,8.9752,0.217657
55.95297,8.9592,0.253953
55.95328,8.9678,0.223041
55.95360,8.9668,0.221329
55.95385,8.9762,0.221329
55.95416,8.9668,0.245361
55.95447,8.9725,0.223337
55.95478,8.9668,0.219641
55.95509,8.9801,0.257433
55.95540,8.9688,0.218745
55.95565,8.9648,0.218745
55.95596,8.9678,0.221833
55.95627,8.9602,0.234809
55.95658,8.9791,0.219033
55.95689,8.9668,0.224441
55.95720,8.9705,0.258337
55.95745,8.9697,0.258337
55.95776,8.9688,0.223729
55.95807,8.9752,0.257937
55.95838,8.9752,0.231305
55.95869,8.9688,0.220041
55.95900,8.9648,0.231409
55.95925,8.9678,0.231409
55.95957,8.9715,0.219745
55.95988,8.9658,0.223545
55.96019,8.9725,0.255937
55.96050,8.9611,0.222329
55.96075,8.9705,0.222329
55.96106,8.9744,0.224729
55.96137,8.9631,0.252745
55.96168,8.9695,0.219145
55.96199,8.9715,0.221641
55.96230,8.9688,0.259521
55.96255,8.9688,0.259521
55.96286,8.9695,0.227321
55.96317,8.9668,0.240585
55.96348,8.9545,0.243377
55.96379,8.9744,0.223545
55.96410,8.9752,0.220537
55.96435,8.9641,0.220537
55.96466,8.9762,0.259025
55.96497,8.9688,0.220537
55.96528,8.9705,0.250953
55.96560,8.9688,0.242481
55.96585,8.9658,0.242481
55.96616,8.9771,0.218057
55.96647,8.9705,0.263025
55.96678,8.9725,0.218449
55.96709,8.9639,0.219145
55.96740,8.9744,0.250761
55.96765,8.9582,0.250761
55.96796,8.9781,0.230825
55.96827,8.9762,0.221145
55.96858,8.9555,0.256041
55.96889,8.9668,0.217161
55.96920,8.9668,0.218137
55.96945,8.9705,0.218137
55.96976,8.9631,0.252849
55.97007,8.9705,0.216449
55.97038,8.9725,0.229425
55.97069,8.9602,0.253449
55.97094,8.9744,0.253449
55.97125,8.9818,0.219937
55.97156,8.9658,0.219745
55.97187,8.9648,0.223145
55.97218,8.9752,0.220433
55.97249,8.9697,0.239185
55.97275,8.9631,0.239185
55.97305,8.9648,0.249553
55.97336,8.9801,0.220249
55.97367,8.9658,0.253849
55.97398,8.9754,0.218161
55.97429,8.9688,0.221145
55.97455,8.9725,0.221145
55.97486,8.9648,0.242081
55.97517,8.9762,0.221537
55.97548,8.9678,0.217849
55.97579,8.9688,0.254745
55.97609,8.9641,0.220249
55.97635,8.9715,0.220249
55.97666,8.9715,0.215953
55.97697,8.9678,0.233009
55.97728,8.9668,0.218561
55.97759,8.9734,0.219849
55.97784,8.9668,0.219849
55.97815,8.9648,0.255537
55.97846,8.9668,0.219249
55.97877,8.9631,0.254641
55.97908,8.9602,0.231217
55.97939,8.9678,0.218849
55.97964,8.9668,0.218849
55.97995,8.9744,0.225521
55.98026,8.9678,0.216657
55.98057,8.9695,0.218953
55.98088,8.9658,0.252745
55.98119,8.9648,0.221249
55.98145,8.9791,0.221249
55.98176,8.9715,0.215449
55.98207,8.9688,0.251057
55.98238,8.9725,0.217449
55.98269,8.9695,0.214049
55.98300,8.9754,0.253345
55.98325,8.9658,0.253345
55.98356,8.9678,0.222833
55.98387,8.9781,0.239897
55.98418,8.9725,0.248257
55.98449,8.9658,0.212673
55.98474,8.9688,0.212673
55.98505,8.9857,0.213865
55.98536,8.9752,0.214049
55.98567,8.9705,0.211073
55.98598,8.9791,0.213761
55.98629,8.9688,0.207481
55.98655,8.9781,0.207481
55.98686,8.9762,0.216161
55.98717,8.9611,0.217849
55.98747,8.9752,0.220745
55.98779,8.9621,0.231513
55.98810,8.9678,0.227633
55.98835,8.9668,0.227633
55.98866,8.9734,0.220537
55.98897,8.9688,0.222833
55.98928,8.9762,0.220641
55.98959,8.9688,0.221041
55.98984,8.9781,0.221041
55.99015,8.9592,0.218137
55.99046,8.9668,0.218953
55.99077,8.9734,0.222537
55.99108,8.9715,0.220641
55.99139,8.9791,0.221041
55.99164,8.9658,0.221041
55.99195,8.9678,0.222729
55.99226,8.9678,0.264009
55.99257,8.9592,0.263505
55.99288,8.9695,0.260817
55.99319,8.9621,0.221249
55.99345,8.9668,0.221249
55.99375,8.9631,0.233409
55.99406,8.9744,0.224025
55.99437,8.9658,0.213969
55.99468,8.9771,0.214865
55.99499,8.9744,0.213153
55.99525,8.9734,0.213153
55.99556,8.9734,0.215049
55.99587,8.9715,0.220937
55.99618,8.9695,0.231217
55.99649,8.9705,0.240377
55.99674,8.9621,0.240377
55.99705,8.9678,0.245857
55.99736,8.9688,0.236289
55.99767,8.9648,0.220849
55.99798,8.9621,0.221537
55.99829,8.9631,0.219353
55.99854,8.9658,0.219353
55.99885,8.9725,0.223233
55.99916,8.9658,0.228425
55.99947,8.9734,0.222937
55.99978,8.9848,0.223625
56.00009,8.9688,0.221329
56.00034,8.9631,0.221329
56.00065,8.9648,0.224129
56.00096,8.9725,0.220249
56.00127,8.9631,0.221433
56.00159,8.9725,0.221041
56.00184,8.9705,0.221041
56.00215,8.9688,0.220537
56.00246,8.9611,0.228217
56.00277,8.9734,0.221433
56.00308,8.9754,0.221833
56.00339,8.9678,0.221745
56.00364,8.9715,0.221745
56.00395,8.9705,0.221329
56.00426,8.9658,0.222225
56.00457,8.9781,0.222937
56.00488,8.9668,0.219641
56.00519,8.9592,0.221041
56.00544,8.9744,0.221041
56.00575,8.9725,0.221433
56.00606,8.9688,0.219033
56.00637,8.9658,0.222329
56.00668,8.9705,0.221641
56.00699,8.9828,0.221433
56.00724,8.9648,0.221433
56.00756,8.9631,0.217553
56.00787,8.9648,0.220145
56.00818,8.9715,0.218849
56.00849,8.9688,0.218137
56.00874,8.9688,0.218137
56.00905,8.9678,0.218241
56.00936,8.9592,0.254249
56.00967,8.9695,0.252745
56.00998,8.9725,0.253057
56.01029,8.9678,0.217241
56.01054,8.9648,0.217241
56.01085,8.9678,0.213257
56.01116,8.9762,0.207481
56.01147,8.9668,0.216057
56.01178,8.9762,0.213761
56.01209,8.9744,0.210673
56.01234,8.9678,0.210673
56.01265,8.9678,0.201889
56.01296,8.9695,0.206481
56.01327,8.9744,0.212969
56.01358,8.9838,0.208585
56.01389,8.9725,0.210273
56.01415,8.9734,0.210273
56.01445,8.9725,0.218137
56.01476,8.9688,0.230401
56.01508,8.9631,0.229425
56.01539,8.9791,0.219249
56.01564,8.9705,0.219249
56.01595,8.9715,0.218849
56.01626,8.9639,0.217449
56.01657,8.9734,0.220537
56.01688,8.9744,0.220433
56.01719,8.9762,0.221833
56.01744,8.9752,0.221833
56.01775,8.9668,0.221249
56.01806,8.9725,0.220433
56.01837,8.9695,0.219745
56.01868,8.9705,0.219033
56.01899,8.9648,0.230009
56.01924,8.9658,0.230009
56.01955,8.9688,0.252641
56.01986,8.9668,0.259921
56.02017,8.9574,0.217745
56.02048,8.9715,0.233593
56.02074,8.9781,0.233593
56.02105,8.9639,0.229609
56.02136,8.9771,0.220849
56.02167,8.9744,0.213969
56.02198,8.9809,0.211465
56.02229,8.9688,0.214865
56.02254,8.9762,0.214865
56.02285,8.9658,0.215161
56.02316,8.9658,0.226921
56.02347,8.9611,0.242377
56.02378,8.9725,0.240585
56.02409,8.9678,0.233305
56.02434,8.9658,0.233305
56.02465,8.9611,0.221937
56.02496,8.9705,0.221745
56.02527,8.9725,0.220353
56.02558,8.9752,0.221641
56.02589,8.9631,0.212673
56.02614,8.9705,0.212673
56.02645,8.9705,0.223233
56.02676,8.9631,0.223337
56.02707,8.9658,0.223545
56.02738,8.9688,0.224625
56.02764,8.9734,0.224625
56.02795,8.9658,0.223337
56.02826,8.9752,0.224625
56.02857,8.9809,0.224921
56.02887,8.9752,0.222329
56.02919,8.9705,0.222041
56.02944,8.9668,0.222041
56.02975,8.9725,0.221833
56.03006,8.9801,0.216761
56.03037,8.9648,0.221249
56.03068,8.9564,0.217553
56.03099,8.9705,0.219145
56.03124,8.9744,0.219145
56.03156,8.9648,0.222537
56.03187,8.9611,0.219641
56.03218,8.9688,0.222225
56.03249,8.9725,0.221433
56.03274,8.9725,0.221433
56.03305,8.9695,0.221041
56.03336,8.9791,0.222145
56.03367,8.9705,0.224025
56.03398,8.9688,0.225129
56.03429,8.9658,0.225129
56.03454,8.9658,0.225129
56.03485,8.9725,0.217241
56.03516,8.9715,0.223625
56.03547,8.9658,0.223129
56.03578,8.9668,0.220433
56.03609,8.9658,0.256937
56.03634,8.9602,0.256937
56.03665,8.9631,0.258625
56.03696,8.9658,0.256729
56.03727,8.9744,0.218641
56.03759,8.9695,0.219033
56.03784,8.9678,0.219033
56.03815,8.9715,0.211361
56.03846,8.9705,0.216449
56.03877,8.9771,0.213761
56.03908,8.9678,0.224129
56.03939,8.9621,0.205081
56.03964,8.9705,0.205081
56.03995,8.9695,0.203105
56.04026,8.9754,0.212761
56.04057,8.9771,0.209881
56.04088,8.9744,0.213569
56.04119,8.9744,0.219537
56.04144,8.9752,0.219537
56.04175,8.9668,0.234993
56.04206,8.9695,0.225025
56.04237,8.9715,0.226313
56.04268,8.9781,0.223937
56.04293,8.9631,0.223937
56.04324,8.9688,0.219849
56.04356,8.9688,0.223545
56.04387,8.9678,0.222537
56.04417,8.9648,0.222537
56.04448,8.9781,0.218057
56.04474,8.9744,0.218057
56.04505,8.9705,0.219745
56.04536,8.9715,0.224337
56.04567,8.9801,0.220249
56.04598,8.9688,0.248657
56.04629,8.9668,0.263425
56.04654,8.9555,0.263425
56.04685,8.9631,0.255641
56.04716,8.9678,0.217745
56.04747,8.9725,0.227921
56.04778,8.9725,0.226417
56.04809,8.9678,0.214465
56.04834,8.9611,0.214465
56.04865,8.9621,0.215369
56.04896,8.9801,0.214361
56.04927,8.9752,0.214465
56.04958,8.9695,0.216657
56.04983,8.9781,0.216657
56.05014,8.9752,0.225729
56.05045,8.9705,0.237289
56.05076,8.9734,0.234009
56.05107,8.9641,0.228713
56.05138,8.9705,0.218137
56.05164,8.9734,0.218137
56.05195,8.9695,0.217553
56.05226,8.9648,0.221537
56.05256,8.9705,0.221145
56.05288,8.9734,0.221329
56.05318,8.9762,0.220537
56.05344,8.9668,0.220537
56.05375,8.9695,0.221041
56.05406,8.9688,0.217953
56.05437,8.9752,0.219641
56.05468,8.9564,0.231113
56.05499,8.9762,0.222433
56.05524,8.9668,0.222433
56.05555,8.9857,0.222329
56.05586,8.9688,0.220537
56.05617,8.9725,0.223233
56.05648,8.9611,0.224625
56.05674,8.9678,0.224625
56.05705,8.9715,0.219249
56.05735,8.9715,0.221041
56.05767,8.9668,0.218449
56.05798,8.9744,0.220145
56.05829,8.9744,0.219745
56.05854,8.9705,0.219745
56.05885,8.9771,0.217745
56.05916,8.9658,0.222833
56.05947,8.9781,0.221937
56.05978,8.9705,0.221041
56.06009,8.9621,0.219849
56.06034,8.9752,0.219849
56.06065,8.9678,0.221145
56.06096,8.9734,0.221249
56.06127,8.9668,0.225521
56.06158,8.9744,0.220041
56.06184,8.9678,0.220041
56.06215,8.9611,0.222041
56.06246,8.9678,0.223937
56.06277,8.9705,0.222329
56.06308,8.9688,0.259921
56.06338,8.9592,0.262129
56.06364,8.9658,0.262129
56.06395,8.9639,0.253449
56.06426,8.9639,0.218849
56.06457,8.9715,0.224921
56.06488,8.9658,0.212865
56.06519,8.9695,0.206977
56.06544,8.9668,0.206977
56.06575,8.9771,0.219641
56.06606,8.9781,0.203393
56.06637,8.9668,0.206873
56.06668,8.9705,0.204689
56.06693,8.9705,0.204689
56.06724,8.9752,0.206873
56.06755,8.9725,0.217057
56.06786,8.9762,0.224129
56.06817,8.9734,0.234201
56.06848,8.9697,0.224625
56.06874,8.9818,0.224625
56.06905,8.9715,0.222649
56.06936,8.9771,0.224921
56.06967,8.9648,0.223625
56.06998,8.9705,0.224025
56.07029,8.9705,0.222537
56.07054,8.9688,0.222537
56.07085,8.9695,0.224625
56.07116,8.9658,0.222833
56.07147,8.9809,0.223041
56.07178,8.9734,0.220641
56.07203,8.9695,0.220641
56.07234,8.9648,0.222041
56.07265,8.9678,0.229505
56.07296,8.9582,0.257625
56.07327,8.9648,0.257729
56.07358,8.9621,0.217449
56.07384,8.9631,0.217449
56.07415,8.9762,0.230401
56.07445,8.9688,0.221145
56.07477,8.9744,0.213865
56.07508,8.9668,0.213361
56.07539,8.9781,0.211673
56.07564,8.9752,0.211673
56.07595,8.9762,0.216345
56.07626,8.9715,0.222729
56.07657,8.9688,0.229113
56.07688,8.9688,0.244465
56.07713,8.9592,0.244465
56.07744,8.9648,0.247177
56.07775,8.9752,0.236289
56.07806,8.9725,0.219641
56.07837,8.9631,0.220433
56.07868,8.9658,0.212569
56.07893,8.9658,0.212569
56.07924,8.9715,0.221145
56.07955,8.9705,0.221937
56.07986,8.9678,0.221833
56.08017,8.9715,0.222729
56.08048,8.9771,0.221329
56.08074,8.9678,0.221329
56.08104,8.9725,0.221937
56.08135,8.9744,0.222433
56.08166,8.9734,0.222649
56.08197,8.9715,0.221641
56.08228,8.9668,0.222433
56.08254,8.9658,0.222433
56.08285,8.9658,0.218561
56.08316,8.9668,0.225833
56.08347,8.9744,0.224025
56.08378,8.9621,0.226633
56.08403,8.9688,0.226633
56.08434,8.9744,0.225625
56.08465,8.9695,0.226129
56.08496,8.9678,0.220937
56.08527,8.9658,0.220849
56.08558,8.9705,0.219537
56.08583,8.9668,0.219537
56.08614,8.9715,0.222833
56.08645,8.9725,0.219849
56.08676,8.9639,0.221145
56.08707,8.9771,0.220641
56.08738,8.9668,0.220537
56.08763,8.9801,0.220537
56.08794,8.9668,0.218641
56.08825,8.9705,0.221537
56.08856,8.9668,0.221641
56.08887,8.9725,0.219745
56.08913,8.9678,0.219745
56.08944,8.9668,0.219537
56.08975,8.9658,0.255353
56.09006,8.9658,0.257833
56.09037,8.9678,0.260729
56.09067,8.9715,0.218449
56.09093,8.9678,0.218449
56.09124,8.9641,0.220849
56.09155,8.9791,0.216161
56.09186,8.9801,0.213657
56.09217,8.9734,0.213465
56.09248,8.9734,0.218745
56.09274,8.9781,0.218745
56.09304,8.9695,0.200993
56.09335,8.9705,0.202201
56.09366,8.9848,0.206081
56.09397,8.9705,0.212073
56.09423,8.9648,0.212073
56.09454,8.9725,0.218849
56.09485,8.9688,0.217057
56.09515,8.9582,0.232009
56.09547,8.9725,0.221537
56.09578,8.9725,0.217849
56.09603,8.9705,0.217849
56.09634,8.9715,0.220041
56.09665,8.9734,0.221745
56.09696,8.9744,0.222537
56.09727,8.9688,0.225337
56.09758,8.9695,0.222041
56.09783,8.9705,0.222041
56.09814,8.9705,0.221537
56.09845,8.9715,0.224233
56.09876,8.9725,0.222041
56.09907,8.9658,0.219033
56.09938,8.9678,0.240873
56.09963,8.9574,0.240873
56.09994,8.9535,0.259025
56.10025,8.9668,0.257937
56.10056,8.9611,0.214657
56.10087,8.9705,0.230721
56.10113,8.9658,0.230721
56.10143,8.9658,0.229217
56.10174,8.9781,0.211865
56.10205,8.9705,0.211073
56.10236,8.9705,0.213257
56.10267,8.9754,0.211777
56.10293,8.9715,0.211777
56.10324,8.9697,0.212465
56.10355,8.9611,0.211673
56.10386,8.9734,0.229425
56.10417,8.9639,0.232409
56.10448,8.9744,0.230617
56.10473,8.9688,0.230617
56.10504,8.9678,0.230113
56.10535,8.9658,0.219849
56.10566,8.9592,0.223233
56.10597,8.9648,0.212865
56.10622,8.9752,0.212865
56.10653,8.9781,0.218561
56.10684,8.9648,0.219145
56.10715,8.9695,0.220041
56.10746,8.9725,0.251849
56.10777,8.9678,0.218953
56.10802,8.9695,0.218953
56.10833,8.9744,0.219953
56.10864,8.9648,0.236201
56.10895,8.9705,0.219641
56.10927,8.9744,0.221249
56.10958,8.9705,0.255145
56.10983,8.9648,0.255145
56.11014,8.9781,0.221641
56.11045,8.9762,0.245777
56.11076,8.9744,0.240793
56.11107,8.9744,0.223041
56.11132,8.9705,0.223041
56.11163,8.9658,0.219849
56.11194,8.9715,0.258041
56.11225,8.9762,0.223729
56.11256,8.9697,0.257145
56.11287,8.9648,0.235497
56.11312,8.9818,0.235497
56.11343,8.9725,0.220353
56.11374,8.9668,0.221937
56.11405,8.9695,0.221041
56.11436,8.9734,0.221537
56.11467,8.9621,0.254137
56.11493,8.9648,0.254137
56.11524,8.9705,0.228321
56.11555,8.9639,0.228217
56.11586,8.9574,0.255833
56.11617,8.9658,0.217241
56.11648,8.9621,0.219537
56.11673,8.9678,0.219537
56.11704,8.9744,0.254937
56.11735,8.9715,0.220041
56.11766,8.9705,0.235809
56.11797,8.9582,0.252161
56.11828,8.9668,0.221433
56.11853,8.9725,0.221433
56.11884,8.9715,0.224233
56.11915,8.9678,0.224025
56.11946,8.9648,0.223337
56.11977,8.9688,0.240081
56.12002,8.9658,0.240081
56.12033,8.9744,0.246569
56.12064,8.9781,0.218849
56.12095,8.9678,0.256329
56.12127,8.9678,0.220433
56.12158,8.9734,0.221433
56.12183,8.9752,0.221433
56.12214,8.9695,0.249049
56.12245,8.9658,0.221249
56.12276,8.9668,0.224041
56.12307,8.9631,0.256537
56.12332,8.9715,0.256537
56.12363,8.9658,0.220937
56.12394,8.9762,0.220745
56.12425,8.9725,0.233305
56.12456,8.9695,0.224833
56.12487,8.9744,0.229321
56.12512,8.9668,0.229321
56.12543,8.9695,0.267409
56.12574,8.9734,0.225833
56.12605,8.9705,0.257433
56.12636,8.9725,0.229321
56.12667,8.9525,0.221937
56.12692,8.9725,0.221937
56.12724,8.9641,0.230505
56.12755,8.9744,0.221145
56.12786,8.9725,0.223625
56.12817,8.9639,0.253641
56.12842,8.9668,0.253641
56.12873,8.9678,0.220937
56.12904,8.9857,0.221329
56.12935,8.9715,0.248969
56.12966,8.9725,0.220745
56.12997,8.9771,0.220641
56.13022,8.9705,0.220641
56.13053,8.9641,0.255745
56.13084,8.9762,0.220641
56.13115,8.9705,0.244169
56.13146,8.9631,0.240977
56.13177,8.9781,0.224521
56.13202,8.9688,0.224521
56.13233,8.9639,0.225025
56.13264,8.9621,0.223233
56.13295,8.9688,0.221329
56.13327,8.9744,0.252849
56.13358,8.9668,0.236497
56.13383,8.9809,0.236497
56.13414,8.9668,0.218241
56.13445,8.9715,0.254137
56.13476,8.9678,0.217345
56.13507,8.9725,0.217449
56.13532,8.9715,0.217449
56.13563,8.9668,0.253137
56.13594,8.9762,0.225625
56.13625,8.9744,0.223545
56.13656,8.9697,0.252057
56.13687,8.9668,0.218057
56.13712,8.9752,0.218057
56.13743,8.9688,0.219249
56.13774,8.9705,0.220937
56.13805,8.9705,0.221041
56.13836,8.9639,0.231113
56.13867,8.9611,0.254937
56.13892,8.9668,0.254937
56.13924,8.9658,0.221641
56.13955,8.9631,0.258233
56.13986,8.9678,0.222537
56.14017,8.9744,0.224625
56.14042,8.9734,0.224625
56.14073,8.9668,0.240873
56.14104,8.9752,0.218345
56.14135,8.9762,0.224625
56.14166,8.9631,0.257729
56.14197,8.9678,0.221745
56.14222,8.9725,0.221745
56.14253,8.9705,0.218057
56.14284,8.9621,0.240289
56.14315,8.9658,0.223041
56.14346,8.9631,0.221833
56.14377,8.9725,0.255145
56.14403,8.9678,0.255145
56.14433,8.9678,0.219745
56.14465,8.9715,0.252449
56.14496,8.9648,0.229217
56.14527,8.9725,0.217657
56.14552,8.9641,0.217657
56.14583,8.9592,0.221745
56.14614,8.9734,0.220433
56.14645,8.9715,0.224129
56.14676,8.9801,0.254937
56.14707,8.9611,0.224521
56.14732,8.9648,0.224521
56.14763,8.9695,0.220937
56.14794,8.9715,0.255641
56.14825,8.9771,0.216553
56.14856,8.9744,0.208377
56.14887,8.9791,0.208585
56.14913,8.9688,0.208585
56.14944,8.9648,0.210065
56.14975,8.9648,0.210777
56.15006,8.9715,0.207481
56.15036,8.9744,0.211569
56.15062,8.9705,0.211569
56.15093,8.9791,0.217849
56.15124,8.9705,0.217657
56.15155,8.9688,0.230721
56.15186,8.9705,0.230505
56.15217,8.9648,0.227817
56.15242,8.9715,0.227817
56.15273,8.9725,0.218241
56.15304,8.9688,0.222649
56.15335,8.9705,0.223337
56.15366,8.9715,0.223337
56.15397,8.9781,0.221937
56.15423,8.9705,0.221937
56.15454,8.9734,0.223833
56.15484,8.9725,0.220849
56.15515,8.9744,0.220249
56.15546,8.9668,0.220937
56.15577,8.9678,0.221833
56.15603,8.9705,0.221833
56.15634,8.9705,0.261713
56.15665,8.9602,0.256433
56.15695,8.9621,0.233409
56.15727,8.9658,0.228425
56.15752,8.9611,0.228425
56.15783,8.9771,0.227817
56.15814,8.9705,0.211361
56.15845,8.9668,0.214657
56.15876,8.9744,0.211073
56.15907,8.9725,0.211673
56.15932,8.9725,0.211673
56.15963,8.9695,0.228713
56.15994,8.9688,0.227129
56.16025,8.9771,0.246361
56.16056,8.9705,0.247657
56.16082,8.9734,0.247657
56.16113,8.9705,0.234705
56.16144,8.9688,0.223545
56.16175,8.9648,0.220249
56.16206,8.9631,0.218057
56.16237,8.9688,0.222041
56.16262,8.9668,0.222041
56.16293,8.9658,0.222937
56.16324,8.9631,0.222225
56.16355,8.9688,0.221041
56.16386,8.9621,0.221937
56.16412,8.9762,0.221937
56.16443,8.9715,0.225025
56.16474,8.9715,0.220353
56.16505,8.9688,0.222145
56.16536,8.9668,0.221641
56.16567,8.9688,0.223233
56.16592,8.9631,0.223233
56.16623,8.9678,0.221729
56.16654,8.9771,0.231905
56.16685,8.9648,0.225625
56.16716,8.9705,0.227633
56.16747,8.9584,0.228713
56.16772,8.9705,0.228713
56.16803,8.9688,0.222225
56.16834,8.9641,0.223129
56.16865,8.9695,0.221937
56.16896,8.9715,0.225233
56.16927,8.9801,0.221745
56.16953,8.9648,0.221745
56.16984,8.9639,0.221641
56.17015,8.9668,0.221329
56.17046,8.9771,0.223041
56.17077,8.9771,0.213465
56.17102,8.9688,0.213465
56.17133,8.9688,0.223625
56.17164,8.9752,0.221641
56.17195,8.9705,0.223441
56.17226,8.9744,0.221433
56.17257,8.9705,0.220641
56.17282,8.9678,0.220641
56.17313,8.9564,0.253241
56.17344,8.9688,0.254033
56.17375,8.9648,0.258121
56.17406,8.9771,0.222329
56.17437,8.9725,0.217241
56.17462,8.9725,0.217241
56.17493,8.9734,0.214361
56.17524,8.9705,0.221537
56.17556,8.9801,0.216553
56.17587,8.9705,0.217449
56.17612,8.9697,0.217449
56.17643,8.9801,0.202289
56.17674,8.9791,0.202393
56.17705,8.9688,0.203289
56.17736,8.9695,0.204001
56.17767,8.9695,0.208089
56.17792,8.9734,0.208089
56.17823,8.9752,0.209569
56.17854,8.9668,0.232009
56.17885,8.9734,0.223337
56.17916,8.9678,0.220937
56.17947,8.9725,0.218849
56.17972,8.9762,0.218849
56.18003,8.9658,0.219937
56.18034,8.9688,0.219953
56.18065,8.9715,0.221833
56.18096,8.9754,0.223337
56.18122,8.9752,0.223337
56.18153,8.9631,0.221937
56.18184,8.9705,0.222433
56.18215,8.9754,0.220641
56.18246,8.9705,0.223545
56.18277,8.9697,0.233801
56.18302,8.9668,0.233801
56.18333,8.9678,0.257625
56.18364,8.9602,0.254745
56.18395,8.9688,0.215049
56.18426,8.9705,0.231321
56.18457,8.9564,0.224441
56.18482,8.9791,0.224441
56.18513,8.9725,0.217161
56.18544,8.9828,0.212257
56.18575,8.9688,0.210961
56.18606,8.9678,0.217745
56.18631,8.9781,0.217745
56.18662,8.9611,0.226233
56.18693,8.9715,0.227425
56.18725,8.9648,0.237185
56.18756,8.9744,0.235809
56.18787,8.9631,0.236785
56.18812,8.9697,0.236785
56.18843,8.9762,0.222225
56.18874,8.9611,0.219457
56.18905,8.9762,0.222537
56.18936,8.9705,0.223625
56.18967,8.9734,0.219457
56.18992,8.9695,0.219457
56.19023,8.9658,0.218137
56.19054,8.9631,0.220249
56.19085,8.9744,0.220353
56.19116,8.9697,0.225417
56.19147,8.9801,0.219641
56.19172,8.9697,0.219641
56.19203,8.9725,0.220041
56.19234,8.9744,0.220641
56.19265,8.9781,0.221329
56.19296,8.9611,0.222433
56.19322,8.9688,0.222433
56.19353,8.9744,0.220641
56.19384,8.9838,0.220145
56.19415,8.9715,0.220145
56.19446,8.9705,0.219849
56.19477,8.9648,0.222937
56.19502,8.9695,0.222937
56.19533,8.9648,0.219953
56.19564,8.9668,0.223441
56.19595,8.9752,0.223337
56.19626,8.9771,0.224625
56.19657,8.9744,0.223041
56.19682,8.9781,0.223041
56.19713,8.9688,0.220537
56.19744,8.9752,0.223233
56.19775,8.9688,0.219745
56.19806,8.9688,0.219353
56.19831,8.9705,0.219353
56.19862,8.9725,0.220249
56.19893,8.9621,0.220433
56.19924,8.9762,0.221641
56.19956,8.9744,0.219849
56.19986,8.9688,0.256641
56.20012,8.9648,0.256641
56.20043,8.9668,0.259521
56.20074,8.9648,0.234809
56.20105,8.9678,0.212761
56.20136,8.9771,0.220433
56.20167,8.9705,0.210569
56.20192,8.9695,0.210569
56.20223,8.9631,0.221041
56.20254,8.9715,0.217449
56.20285,8.9715,0.212865
56.20316,8.9688,0.206689
56.20347,8.9752,0.204897
56.20372,8.9715,0.204897
56.20403,8.9762,0.199513
56.20434,8.9734,0.202785
56.20465,8.9658,0.207777
56.20496,8.9668,0.211865
56.20521,8.9697,0.211865
56.20553,8.9762,0.220433
56.20584,8.9668,0.234489
56.20615,8.9705,0.227817
56.20646,8.9762,0.222649
56.20677,8.9781,0.220249
56.20702,8.9725,0.220249
56.20733,8.9631,0.221937
56.20764,8.9695,0.220849
56.20795,8.9734,0.224729
56.20826,8.9771,0.222225
56.20851,8.9678,0.222225
56.20882,8.9734,0.221041
56.20913,8.9715,0.227025
56.20944,8.9695,0.224337
56.20975,8.9678,0.222329
56.21006,8.9744,0.240081
56.21227,8.9744,0.219249
56.21403,8.9744,0.225337
56.21579,8.9688,0.223625
56.21755,8.9725,0.222537
56.21930,8.9725,0.219745
56.22106,8.9715,0.219953
56.22282,8.9705,0.223041
56.22458,8.9725,0.222041
56.22477,8.9725,0.221433
56.22502,8.9705,0.221433
56.22533,8.9715,0.218449
56.22565,8.9762,0.219745
56.22596,8.9639,0.215049
56.22621,8.9658,0.215049
56.22652,8.9715,0.219145
56.22683,8.9695,0.218057
56.22714,8.9648,0.259025
56.22745,8.9668,0.253449
56.22776,8.9639,0.261521
56.22801,8.9668,0.261521
56.22832,8.9715,0.243777
56.22863,8.9697,0.215657
56.22894,8.9688,0.209881
56.22925,8.9631,0.209569
56.22956,8.9688,0.217345
56.22981,8.9809,0.217345
56.23012,8.9791,0.204289
56.23043,8.9715,0.204185
56.23074,8.9611,0.207777
56.23105,8.9668,0.207881
56.23131,8.9695,0.207881
56.23162,8.9697,0.207689
56.23193,8.9725,0.227321
56.23224,8.9705,0.236289
56.23255,8.9648,0.219937
56.23286,8.9688,0.221641
56.23311,8.9668,0.221641
56.23342,8.9695,0.220353
56.23373,8.9695,0.222145
56.23404,8.9762,0.220745
56.23435,8.9678,0.223233
56.23461,8.9688,0.223233
56.23492,8.9828,0.219641
56.23523,8.9715,0.221833
56.23554,8.9715,0.221145
56.23585,8.9648,0.220641
56.23616,8.9678,0.223625
56.23641,8.9734,0.223625
56.23672,8.9695,0.237497
56.23703,8.9762,0.263025
56.23734,8.9621,0.262633
56.23765,8.9658,0.221145
56.23796,8.9648,0.233409
56.23821,8.9631,0.233409
56.23852,8.9658,0.233009
56.23883,8.9705,0.213153
56.23914,8.9791,0.215553
56.23945,8.9695,0.212865
56.23970,8.9801,0.212865
56.24002,8.9641,0.215049
56.24033,8.9668,0.227633
56.24064,8.9715,0.229713
56.24095,8.9771,0.242481
56.24125,8.9762,0.243481
56.24151,8.9705,0.243481
56.24182,8.9678,0.230217
56.24213,8.9648,0.221249
56.24244,8.9648,0.222833
56.24275,8.9648,0.218849
56.24306,8.9734,0.220353
56.24331,8.9668,0.220353
56.24362,8.9771,0.221249
56.24393,8.9621,0.225129
56.24424,8.9621,0.222433
56.24455,8.9602,0.221329
56.24481,8.9688,0.221329
56.24512,8.9809,0.226737
56.24543,8.9725,0.222649
56.24573,8.9771,0.221041
56.24605,8.9695,0.222329
56.24636,8.9631,0.220145
56.24661,8.9744,0.220145
56.24692,8.9725,0.220433
56.24723,8.9771,0.222433
56.24754,8.9734,0.220641
56.24785,8.9688,0.221745
56.24816,8.9695,0.227217
56.24841,8.9668,0.227217
56.24872,8.9658,0.221329
56.24903,8.9648,0.221433
56.24934,8.9688,0.223337
56.24965,8.9752,0.221433
56.24996,8.9648,0.219353
56.25021,8.9668,0.219353
56.25052,8.9725,0.222225
56.25083,8.9621,0.225521
56.25114,8.9705,0.224625
56.25145,8.9695,0.225025
56.25171,8.9705,0.225025
56.25201,8.9688,0.223041
56.25232,8.9648,0.224025
56.25263,8.9781,0.224833
56.25294,8.9725,0.220353
56.25325,8.9715,0.219537
56.25351,8.9639,0.219537
56.25382,8.9668,0.258729
56.25413,8.9611,0.264321
56.25444,8.9631,0.254353
56.25475,8.9791,0.219745
56.25506,8.9695,0.213657
56.25531,8.9762,0.213657
56.25562,8.9781,0.215553
56.25593,8.9752,0.216849
56.25624,8.9809,0.212865
56.25655,8.9744,0.212865
56.25686,8.9744,0.203105
56.25711,8.9639,0.203105
56.25742,8.9762,0.201601
56.25773,8.9762,0.205977
56.25804,8.9668,0.206081
56.25835,8.9781,0.211073
56.25860,8.9705,0.211073
56.25891,8.9648,0.218241
56.25922,8.9725,0.225337
56.25953,8.9641,0.226025
56.25984,8.9688,0.219457
56.26015,8.9678,0.219953
56.26040,8.9668,0.219953
56.26071,8.9641,0.218161
56.26103,8.9631,0.217849
56.26133,8.9715,0.219249
56.26165,8.9715,0.219849
56.26196,8.9754,0.218057
56.26221,8.9695,0.218057
56.26252,8.9705,0.217449
56.26283,8.9781,0.218561
56.26314,8.9744,0.219249
56.26345,8.9621,0.230009
56.26376,8.9648,0.259025
56.26401,8.9688,0.259025
56.26432,8.9648,0.254641
56.26463,8.9574,0.216553
56.26494,8.9715,0.232409
56.26525,8.9678,0.232201
56.26550,8.9668,0.232201
56.26581,8.9744,0.225233
56.26612,8.9744,0.212569
56.26643,8.9715,0.214761
56.26674,8.9695,0.211673
56.26705,8.9734,0.215953
56.26730,8.9715,0.215953
56.26762,8.9762,0.221329
56.26793,8.9668,0.240977
56.26824,8.9734,0.247657
56.26855,8.9688,0.236785
56.26886,8.9725,0.221433
56.26911,8.9695,0.221433
56.26942,8.9648,0.220937
56.26973,8.9752,0.220537
56.27004,8.9695,0.216449
56.27035,8.9641,0.218745
56.27066,8.9715,0.255329
56.27091,8.9611,0.255329
56.27122,8.9631,0.218161
56.27153,8.9752,0.249761
56.27184,8.9639,0.235705
56.27215,8.9648,0.222833
56.27240,8.9705,0.222833
56.27271,8.9678,0.222833
56.27302,8.9715,0.259521
56.27333,8.9658,0.222041
56.27365,8.9678,0.256249
56.27396,8.9611,0.229921
56.27421,8.9678,0.229921
56.27452,8.9828,0.221145
56.27483,8.9705,0.257833
56.27514,8.9725,0.220353
56.27545,8.9715,0.220537
56.27576,8.9771,0.255433
56.27601,8.9762,0.255433
56.27632,8.9668,0.223545
56.27663,8.9668,0.234913
56.27694,8.9688,0.253057
56.27725,8.9688,0.222537
56.27750,8.9705,0.222537
56.27781,8.9648,0.220537
56.27812,8.9631,0.255353
56.27843,8.9781,0.221641
56.27874,8.9744,0.241377
56.27905,8.9641,0.250953
56.27930,8.9725,0.250953
56.27962,8.9705,0.223729
56.27993,8.9678,0.260337
56.28024,8.9715,0.223729
56.28055,8.9715,0.223937
56.28086,8.9734,0.247257
56.28111,8.9631,0.247257
56.28142,8.9668,0.240873
56.28173,8.9734,0.221041
56.28204,8.9639,0.255433
56.28235,8.9725,0.223129
56.28260,8.9715,0.223129
56.28291,8.9762,0.217849
56.28322,8.9621,0.253057
56.28353,8.9668,0.222329
56.28384,8.9658,0.225729
56.28415,8.9668,0.256041
56.28440,8.9809,0.256041
56.28471,8.9688,0.220745
56.28502,8.9754,0.254537
56.28533,8.9602,0.224937
56.28564,8.9752,0.219745
56.28595,8.9762,0.230721
56.28621,8.9648,0.230721
56.28652,8.9688,0.257041
56.28683,8.9697,0.224833
56.28714,8.9744,0.259729
56.28745,8.9705,0.224025
56.28776,8.9564,0.219537
56.28801,8.9695,0.219537
56.28832,8.9631,0.232617
56.28863,8.9658,0.221041
56.28894,8.9828,0.220745
56.28925,8.9631,0.269809
56.28950,8.9639,0.269809
56.28981,8.9668,0.224129
56.29012,8.9658,0.220249
56.29043,8.9592,0.244777
56.29074,8.9705,0.220041
56.29105,8.9678,0.222649
56.29130,8.9688,0.222649
56.29161,8.9752,0.257625
56.29192,8.9639,0.221833
56.29223,8.9631,0.247569
56.29254,8.9658,0.238689
56.29285,8.9658,0.222729
56.29311,8.9678,0.222729
56.29342,8.9631,0.221329
56.29373,8.9621,0.223129
56.29404,8.9695,0.224729
56.29435,8.9734,0.255937
56.29460,8.9641,0.255937
56.29491,8.9791,0.228425
56.29522,8.9705,0.221833
56.29553,8.9668,0.257041
56.29584,8.9715,0.220745
56.29615,8.9752,0.220249
56.29640,8.9631,0.220249
56.29671,8.9725,0.253849
56.29702,8.9695,0.224833
56.29733,8.9734,0.229025
56.29764,8.9725,0.249657
56.29795,8.9688,0.218561
56.29821,8.9715,0.218561
56.29852,8.9801,0.219457
56.29883,8.9705,0.221329
56.29914,8.9695,0.219457
56.29945,8.9678,0.235201
56.29970,8.9658,0.235201
56.30001,8.9697,0.250449
56.30032,8.9818,0.222433
56.30063,8.9668,0.256537
56.30094,8.9611,0.220537
56.30125,8.9658,0.222729
56.30150,8.9725,0.222729
56.30181,8.9631,0.246673
56.30212,8.9744,0.237201
56.30243,8.9631,0.214553
56.30274,8.9744,0.255249
56.30305,8.9762,0.220641
56.30330,8.9639,0.220641
56.30361,8.9639,0.217345
56.30393,8.9725,0.231513
56.30424,8.9611,0.218641
56.30454,8.9715,0.221249
56.30480,8.9668,0.221249
56.30511,8.9715,0.254137
56.30542,8.9744,0.220641
56.30573,8.9754,0.253537
56.30604,8.9602,0.223729
56.30635,8.9688,0.219849
56.30660,8.9705,0.219849
56.30691,8.9658,0.226737
56.30722,8.9688,0.260921
56.30753,8.9725,0.221833
56.30784,8.9678,0.255833
56.30815,8.9668,0.224833
56.30840,8.9697,0.224833
56.30871,8.9705,0.222225
56.30902,8.9668,0.250553
56.30933,8.9602,0.219353
56.30964,8.9715,0.219249
56.30990,8.9715,0.219249
56.31021,8.9668,0.255537
56.31052,8.9688,0.220145
56.31083,8.9688,0.239585
56.31113,8.9688,0.243377
56.31145,8.9705,0.208881
56.31170,8.9801,0.208881
56.31201,8.9715,0.208273
56.31232,8.9658,0.203897
56.31263,8.9705,0.208481
56.31294,8.9744,0.205793
56.31325,8.9762,0.202097
56.31350,8.9668,0.202097
56.31381,8.9678,0.210065
56.31412,8.9668,0.218057
56.31443,8.9734,0.227129
56.31474,8.9781,0.233905
56.31505,8.9752,0.222937
56.31530,8.9715,0.222937
56.31561,8.9705,0.223729
56.31592,8.9744,0.222729
56.31623,8.9744,0.219641
56.31654,8.9688,0.222145
56.31685,8.9592,0.221041
56.31710,8.9668,0.221041
56.31741,8.9762,0.222537
56.31772,8.9668,0.221537
56.31803,8.9697,0.220537
56.31834,8.9611,0.224921
56.31865,8.9725,0.222433
56.31890,8.9582,0.222433
56.31921,8.9648,0.238793
56.31952,8.9631,0.263217
56.31983,8.9678,0.258729
56.32014,8.9631,0.218849
56.32040,8.9641,0.218849
56.32071,8.9668,0.233113
56.32101,8.9658,0.230617
56.32132,8.9801,0.217657
56.32164,8.9752,0.215369
56.32195,8.9705,0.216161
56.32220,8.9697,0.216161
56.32251,8.9631,0.220145
56.32282,8.9631,0.230217
56.32313,8.9715,0.228713
56.32344,8.9648,0.239001
56.32370,8.9697,0.239001
56.32400,8.9695,0.240081
56.32432,8.9762,0.227321
56.32463,8.9705,0.220937
56.32494,8.9631,0.219937
56.32524,8.9705,0.222225
56.32550,8.9695,0.222225
56.32581,8.9725,0.221433
56.32612,8.9734,0.220145
56.32643,8.9734,0.222433
56.32674,8.9725,0.217657
56.32705,8.9715,0.222041
56.32730,8.9715,0.222041
56.32761,8.9752,0.219641
56.32792,8.9715,0.224441
56.32823,8.9818,0.223729
56.32854,8.9668,0.223937
56.32879,8.9658,0.223937
56.32910,8.9688,0.223729
56.32941,8.9715,0.223337
56.32972,8.9734,0.220537
56.33003,8.9734,0.227321
56.33034,8.9744,0.225417
56.33059,8.9678,0.225417
56.33090,8.9744,0.222649
56.33121,8.9678,0.217345
56.33152,8.9695,0.221145
56.33183,8.9695,0.220433
56.33214,8.9705,0.225129
56.33240,8.9688,0.225129
56.33271,8.9744,0.224129
56.33302,8.9688,0.220433
56.33333,8.9621,0.222041
56.33364,8.9668,0.220849
56.33395,8.9688,0.226633
56.33420,8.9801,0.226633
56.33451,8.9648,0.219537
56.33482,8.9725,0.221041
56.33513,8.9584,0.228025
56.33544,8.9725,0.223545
56.33575,8.9705,0.225521
56.33600,8.9688,0.225521
56.33631,8.9592,0.259921
56.33662,8.9621,0.256329
56.33693,8.9611,0.239185
56.33724,8.9678,0.220849
56.33749,8.9695,0.220849
56.33780,8.9725,0.219145
56.33811,8.9801,0.210857
56.33842,8.9631,0.215161
56.33873,8.9734,0.211361
56.33904,8.9695,0.214465
56.33930,8.9725,0.214465
56.33961,8.9658,0.202497
56.33992,8.9762,0.202289
56.34023,8.9744,0.204001
56.34054,8.9801,0.205393
56.34079,8.9762,0.205393
56.34110,8.9695,0.210673
56.34141,8.9611,0.217553
56.34172,8.9705,0.235601
56.34203,8.9688,0.221145
56.34234,8.9744,0.223233
56.34259,8.9725,0.223233
56.34290,8.9688,0.220249
56.34321,8.9678,0.221329
56.34352,8.9762,0.221937
56.34383,8.9688,0.218745
56.34414,8.9678,0.221041
56.34440,8.9725,0.221041
56.34470,8.9734,0.219641
56.34502,8.9621,0.218449
56.34533,8.9734,0.218241
56.34564,8.9725,0.220849
56.34589,8.9734,0.220849
56.34620,8.9752,0.257625
56.34651,8.9668,0.268697
56.34682,8.9715,0.256937
56.34713,8.9658,0.225233
56.34744,8.9574,0.222225
56.34769,8.9639,0.222225
56.34800,8.9668,0.223545
56.34831,8.9725,0.213969
56.34862,8.9791,0.213257
56.34893,8.9695,0.214465
56.34924,8.9734,0.228425
56.34949,8.9668,0.228425
56.34980,8.9762,0.230009
56.35011,8.9668,0.236201
56.35042,8.9715,0.243673
56.35073,8.9705,0.231905
56.35104,8.9668,0.221249
56.35129,8.9621,0.221249
56.35161,8.9648,0.218849
56.35192,8.9697,0.220145
56.35223,8.9678,0.230721
56.35254,8.9744,0.220433
56.35279,8.9734,0.220433
56.35310,8.9668,0.220849
56.35341,8.9621,0.222729
56.35372,8.9734,0.219937
56.35403,8.9715,0.220745
56.35434,8.9668,0.222537
56.35459,8.9781,0.222537
56.35490,8.9715,0.216953
56.35521,8.9715,0.219953
56.35552,8.9734,0.215761
56.35583,8.9744,0.222537
56.35614,8.9695,0.221937
56.35639,8.9715,0.221937
56.35670,8.9809,0.222649
56.35701,8.9688,0.221641
56.35732,8.9695,0.223729
56.35764,8.9705,0.220745
56.35789,8.9678,0.220745
56.35820,8.9801,0.218057
56.35851,8.9771,0.222329
56.35882,8.9688,0.221537
56.35913,8.9791,0.222145
56.35944,8.9668,0.220145
56.35969,8.9715,0.220145
56.36000,8.9705,0.222041
56.36031,8.9715,0.222833
56.36062,8.9771,0.222937
56.36093,8.9801,0.220537
56.36124,8.9705,0.223041
56.36149,8.9631,0.223041
56.36180,8.9762,0.223337
56.36211,8.9725,0.221937
56.36242,8.9631,0.216657
56.36273,8.9725,0.250657
56.36304,8.9639,0.262217
56.36329,8.9639,0.262217
56.36361,8.9621,0.253137
56.36392,8.9744,0.222225
56.36423,8.9695,0.223041
56.36454,8.9621,0.221641
56.36479,8.9781,0.221641
56.36510,8.9734,0.210777
56.36541,8.9725,0.216057
56.36572,8.9725,0.212073
56.36603,8.9752,0.204897
56.36634,8.9688,0.202393
56.36659,8.9668,0.202393
56.36690,8.9734,0.201201
56.36721,8.9725,0.204289
56.36752,8.9725,0.204793
56.36783,8.9705,0.218057
56.36814,8.9752,0.219745
56.36845,8.9678,0.232009
56.36870,8.9725,0.232009
56.36901,8.9688,0.231801
56.36932,8.9734,0.219145
56.36964,8.9648,0.221745
56.36995,8.9678,0.223041
56.37020,8.9695,0.223041
56.37051,8.9705,0.230825
56.37082,8.9725,0.229713
56.37113,8.9668,0.230113
56.37144,8.9668,0.222041
56.37175,8.9631,0.222145
56.37200,8.9658,0.222145
56.37231,8.9697,0.221833
56.37262,8.9631,0.218345
56.37293,8.9639,0.262321
56.37324,8.9715,0.259417
56.37355,8.9688,0.258233
56.37380,8.9697,0.258233
56.37411,8.9688,0.224337
56.37442,8.9809,0.229505
56.37473,8.9658,0.224833
56.37504,8.9715,0.216345
56.37535,8.9621,0.213657
56.37560,8.9762,0.213657
56.37591,8.9734,0.211569
56.37622,8.9695,0.226737
56.37653,8.9658,0.229425
56.37684,8.9602,0.230217
56.37715,8.9725,0.249657
56.37741,8.9695,0.249657
56.37771,8.9688,0.247361
56.37802,8.9668,0.223833
56.37833,8.9668,0.222041
56.37864,8.9658,0.224129
56.37890,8.9695,0.224129
56.37921,8.9715,0.222537
56.37952,8.9762,0.220433
56.37983,8.9678,0.221041
56.38014,8.9631,0.221937
56.38045,8.9705,0.221433
56.38070,8.9695,0.221433
56.38101,8.9658,0.220849
56.38132,8.9695,0.221833
56.38163,8.9678,0.218641
56.38194,8.9752,0.218849
56.38225,8.9678,0.218057
56.38250,8.9688,0.218057
56.38281,8.9705,0.217345
56.38312,8.9705,0.221249
56.38343,8.9744,0.218449
56.38374,8.9762,0.220353
56.38400,8.9705,0.220353
56.38431,8.9771,0.225129
56.38461,8.9762,0.221745
56.38493,8.9771,0.221937
56.38524,8.9705,0.217953
56.38555,8.9725,0.222041
56.38580,8.9648,0.222041
56.38611,8.9838,0.219953
56.38642,8.9648,0.219145
56.38673,8.9705,0.217745
56.38704,8.9639,0.221329
56.38735,8.9639,0.220353
56.38760,8.9697,0.220353
56.38791,8.9734,0.219937
56.38822,8.9771,0.219353
56.38853,8.9688,0.219249
56.38884,8.9648,0.222649
56.38915,8.9734,0.220641
56.38940,8.9621,0.220641
56.38971,8.9752,0.219537
56.39002,8.9762,0.261625
56.39033,8.9648,0.247761
56.39064,8.9658,0.257041
56.39095,8.9771,0.220745
56.39120,8.9762,0.220745
56.39151,8.9688,0.219145
56.39182,8.9658,0.213969
56.39213,8.9602,0.219145
56.39244,8.9809,0.204497
56.39270,8.9715,0.204497
56.39300,8.9744,0.201993
56.39332,8.9762,0.202497
56.39363,8.9771,0.202785
56.39394,8.9725,0.206873
56.39420,8.9705,0.206873
56.39451,8.9771,0.217057
56.39482,8.9734,0.217241
56.39513,8.9725,0.229113
56.39544,8.9678,0.218241
56.39575,8.9705,0.220041
56.39600,8.9752,0.220041
56.39631,8.9725,0.221145
56.39662,8.9762,0.218449
56.39693,8.9592,0.217241
56.39724,8.9678,0.215449
56.39755,8.9715,0.219353
56.39780,8.9762,0.219353
56.39811,8.9734,0.221249
56.39842,8.9688,0.220433
56.39873,8.9648,0.222833
56.39904,8.9695,0.225337
56.39935,8.9744,0.261313
56.39960,8.9688,0.261313
56.39991,8.9725,0.261921
56.40023,8.9639,0.228529
56.40054,8.9641,0.228609
56.40085,8.9744,0.229321
56.40110,8.9715,0.229321
56.40141,8.9688,0.227529
56.40172,8.9639,0.215265
56.40203,8.9705,0.212073
56.40234,8.9752,0.213073
56.40265,8.9688,0.210273
56.40290,8.9715,0.210273
56.40321,8.9715,0.213257
56.40352,8.9754,0.212257
56.40383,8.9734,0.211865
56.40414,8.9668,0.219457
56.40445,8.9744,0.213465
56.40470,8.9648,0.213465
56.40501,8.9762,0.231009
56.40532,8.9688,0.225233
56.40563,8.9791,0.225417
56.40594,8.9695,0.224025
56.40620,8.9705,0.224025
56.40650,8.9725,0.221641
56.40682,8.9762,0.220353
56.40712,8.9658,0.221145
56.40743,8.9771,0.220849
56.40774,8.9621,0.220937
56.40800,8.9752,0.220937
56.40831,8.9744,0.220145
56.40862,8.9725,0.220249
56.40893,8.9752,0.221833
56.40924,8.9678,0.221537
56.40955,8.9781,0.222433
56.40980,8.9678,0.222433
56.41011,8.9668,0.221641
56.41042,8.9762,0.213073
56.41073,8.9725,0.221433
56.41104,8.9688,0.219537
56.41129,8.9688,0.219537
56.41161,8.9771,0.219641
56.41192,8.9668,0.224337
56.41223,8.9658,0.238793
56.41254,8.9705,0.224625
56.41285,8.9725,0.224233
56.41310,8.9639,0.224233
56.41341,8.9658,0.224441
56.41372,8.9725,0.221041
56.41403,8.9602,0.222433
56.41434,8.9752,0.222537
56.41465,8.9725,0.219033
56.41490,8.9705,0.219033
56.41521,8.9771,0.222225
56.41552,8.9744,0.222145
56.41583,8.9668,0.220353
56.41614,8.9639,0.225337
56.41639,8.9752,0.225337
56.41670,8.9752,0.221745
56.41701,8.9771,0.221041
56.41732,8.9658,0.221329
56.41764,8.9639,0.256225
56.41795,8.9658,0.258337
56.41820,8.9715,0.258337
56.41851,8.9678,0.262025
56.41882,8.9695,0.219849
56.41913,8.9744,0.224129
56.41944,8.9781,0.211281
56.41969,8.9791,0.211281
56.42000,8.9639,0.220849
56.42031,8.9744,0.220537
56.42062,8.9744,0.217657
56.42093,8.9801,0.203689
56.42124,8.9705,0.210273
56.42149,8.9705,0.210273
56.42180,8.9715,0.207273
56.42211,8.9762,0.205689
56.42242,8.9781,0.209881
56.42273,8.9715,0.221249
56.42304,8.9668,0.230401
56.42330,8.9658,0.230401
56.42361,8.9697,0.234201
56.42392,8.9715,0.218953
56.42423,8.9668,0.218849
56.42454,8.9744,0.218849
56.42479,8.9658,0.218849
56.42510,8.9801,0.217953
56.42541,8.9697,0.216553
56.42572,8.9725,0.220353
56.42603,8.9705,0.219457
56.42634,8.9688,0.222537
56.42659,8.9668,0.222537
56.42690,8.9725,0.220041
56.42721,8.9592,0.221537
56.42752,8.9697,0.258625
56.42783,8.9715,0.262713
56.42814,8.9611,0.256937
56.42839,8.9658,0.256937
56.42870,8.9697,0.255937
56.42901,8.9725,0.226313
56.42933,8.9611,0.224233
56.42964,8.9781,0.213465
56.42989,8.9744,0.213465
56.43020,8.9791,0.210169
56.43051,8.9744,0.211865
56.43082,8.9734,0.213073
56.43113,8.9725,0.215553
56.43144,8.9545,0.226233
56.43169,8.9715,0.226233
56.43200,8.9545,0.232305
56.43231,8.9631,0.232513
56.43262,8.9705,0.224521
56.43293,8.9705,0.220353
56.43324,8.9734,0.222041
56.43349,8.9744,0.222041
56.43380,8.9801,0.219953
56.43411,8.9791,0.224729
56.43442,8.9621,0.248761
56.43473,8.9744,0.239393
56.43504,8.9658,0.217745
56.43530,8.9801,0.217745
56.43561,8.9734,0.217241
56.43592,8.9678,0.219057
56.43623,8.9631,0.218953
56.43654,8.9621,0.251345
56.43679,8.9668,0.251345
56.43710,8.9744,0.229425
56.43741,8.9688,0.221041
56.43772,8.9705,0.256145
56.43803,8.9695,0.218137
56.43834,8.9688,0.227321
56.43859,8.9668,0.227321
56.43890,8.9668,0.252745
56.43921,8.9688,0.220641
56.43952,8.9752,0.226417
56.43983,8.9658,0.257145
56.44014,8.9695,0.220937
56.44039,8.9705,0.220937
56.44070,8.9688,0.225129
56.44101,8.9705,0.223441
56.44133,8.9639,0.223833
56.44164,8.9715,0.238793
56.44189,8.9621,0.238793
56.44220,8.9752,0.246969
56.44251,8.9695,0.220249
56.44282,8.9658,0.255745
56.44313,8.9715,0.222041
56.44344,8.9744,0.221937
56.44369,8.9904,0.221937
56.44400,8.9705,0.243673
56.44431,8.9715,0.223145
56.44462,8.9705,0.221433
56.44493,8.9678,0.255833
56.44524,8.9725,0.222145
56.44549,8.9705,0.222145
56.44580,8.9715,0.221145
56.44611,8.9574,0.232617
56.44642,8.9678,0.216849
56.44673,8.9744,0.223625
56.44704,8.9611,0.258233
56.44730,8.9621,0.258233
56.44761,8.9705,0.223337
56.44792,8.9648,0.257145
56.44823,8.9744,0.233593
56.44854,8.9705,0.227425
56.44879,8.9705,0.227425
56.44910,8.9592,0.225833
56.44941,8.9725,0.222041
56.44972,8.9744,0.222041
56.45003,8.9715,0.255249
56.45034,8.9641,0.226521
56.45059,8.9705,0.226521
56.45090,8.9697,0.220041
56.45121,8.9752,0.257225
56.45152,8.9752,0.221145
56.45183,8.9752,0.222649
56.45214,8.9668,0.260729
56.45239,8.9688,0.260729
56.45270,8.9734,0.220849
56.45301,8.9611,0.238793
56.45333,8.9621,0.254033
56.45364,8.9791,0.220937
56.45389,8.9744,0.220937
56.45420,8.9695,0.218849
56.45451,8.9574,0.223441
56.45482,8.9762,0.225337
56.45513,8.9631,0.250161
56.45544,8.9602,0.238897
56.45569,8.9752,0.238897
56.45600,8.9725,0.220937
56.45631,8.9668,0.257729
56.45662,8.9705,0.221641
56.45693,8.9639,0.220937
56.45724,8.9688,0.253057
56.45749,8.9621,0.253057
56.45780,8.9688,0.236201
56.45811,8.9715,0.223233
56.45842,8.9695,0.257537
56.45873,8.9668,0.220433
56.45904,8.9621,0.222537
56.45929,8.9611,0.222537
56.45961,8.9582,0.256537
56.45992,8.9688,0.219937
56.46023,8.9697,0.227529
56.46054,8.9705,0.256729
56.46079,8.9809,0.256729
56.46110,8.9762,0.225233
56.46141,8.9715,0.259337
56.46172,8.9639,0.223625
56.46203,8.9668,0.223041
56.46234,8.9715,0.241481
56.46259,8.9611,0.241481
56.46290,8.9648,0.252953
56.46321,8.9611,0.219457
56.46352,8.9688,0.255433
56.46383,8.9658,0.218849
56.46414,8.9705,0.220537
56.46439,8.9688,0.220537
56.46470,8.9658,0.239585
56.46501,8.9705,0.221833
56.46532,8.9695,0.219537
56.46564,8.9695,0.253745
56.46589,8.9631,0.253745
56.46620,8.9744,0.216057
56.46651,8.9658,0.245569
56.46682,8.9715,0.234993
56.46713,8.9715,0.218449
56.46744,8.9668,0.220537
56.46769,8.9648,0.220537
56.46800,8.9658,0.256937
56.46831,8.9791,0.221433
56.46862,8.9688,0.256145
56.46893,8.9611,0.232801
56.46924,8.9705,0.222729
56.46949,8.9725,0.222729
56.46980,8.9668,0.227713
56.47011,8.9734,0.223625
56.47042,8.9705,0.224833
56.47073,8.9744,0.256729
56.47098,8.9621,0.256729
56.47130,8.9754,0.234593
56.47161,8.9697,0.231905
56.47192,8.9705,0.255433
56.47223,8.9574,0.230401
56.47254,8.9648,0.231617
56.47279,8.9715,0.231617
56.47310,8.9668,0.252241
56.47341,8.9641,0.217553
56.47372,8.9734,0.232217
56.47403,8.9678,0.249257
56.47434,8.9725,0.219745
56.47459,8.9639,0.219745
56.47490,8.9658,0.219353
56.47521,8.9648,0.218241
56.47552,8.9818,0.210857
56.47583,8.9752,0.210777
56.47608,8.9658,0.210777
56.47639,8.9762,0.211281
56.47670,8.9688,0.212673
56.47701,8.9752,0.218745
56.47733,8.9801,0.205585
56.47764,8.9762,0.215553
56.47789,8.9678,0.215553
56.47820,8.9715,0.220041
56.47851,8.9744,0.229217
56.47882,8.9725,0.230905
56.47913,8.9658,0.220249
56.47938,8.9678,0.220249
56.47969,8.9734,0.218241
56.48000,8.9715,0.218345
56.48031,8.9725,0.220641
56.48062,8.9744,0.219249
56.48093,8.9697,0.220433
56.48118,8.9658,0.220433
56.48149,8.9639,0.222329
56.48180,8.9678,0.222649
56.48211,8.9734,0.225417
56.48242,8.9688,0.222649
56.48273,8.9744,0.221249
56.48299,8.9621,0.221249
56.48330,8.9582,0.262217
56.48361,8.9631,0.260729
56.48392,8.9658,0.252161
56.48423,8.9688,0.226025
56.48448,8.9658,0.226025
56.48479,8.9801,0.230217
56.48510,8.9668,0.231721
56.48541,8.9809,0.213657
56.48572,8.9705,0.209881
56.48603,8.9688,0.216657
56.48628,8.9678,0.216657
56.48659,8.9678,0.215761
56.48690,8.9725,0.219641
56.48721,8.9668,0.233409
56.48752,8.9695,0.240481
56.48783,8.9641,0.233409
56.48808,8.9695,0.233409
56.48839,8.9818,0.222433
56.48870,8.9762,0.224921
56.48901,8.9678,0.223337
56.48933,8.9771,0.222537
56.48964,8.9781,0.223337
56.48989,8.9809,0.223337
56.49020,8.9734,0.224833
56.49051,8.9762,0.218449
56.49082,8.9705,0.222537
56.49113,8.9678,0.222041
56.49138,8.9678,0.222041
56.49169,8.9678,0.221729
56.49200,8.9688,0.221145
56.49231,8.9734,0.222729
56.49262,8.9771,0.221145
56.49293,8.9734,0.220641
56.49319,8.9705,0.220641
56.49350,8.9715,0.219641
56.49381,8.9688,0.222937
56.49411,8.9725,0.228609
56.49443,8.9734,0.222433
56.49474,8.9791,0.223441
56.49499,8.9621,0.223441
56.49530,8.9705,0.222329
56.49561,8.9705,0.221937
56.49592,8.9688,0.223625
56.49623,8.9705,0.224921
56.49648,8.9688,0.224921
56.49679,8.9715,0.224833
56.49710,8.9725,0.223937
56.49741,8.9791,0.224441
56.49772,8.9734,0.217849
56.49803,8.9762,0.229425
56.49829,8.9688,0.229425
56.49860,8.9715,0.222937
56.49890,8.9715,0.221537
56.49921,8.9658,0.222537
56.49952,8.9688,0.219457
56.49983,8.9744,0.259025
56.50009,8.9781,0.259025
56.50040,8.9705,0.260129
56.50071,8.9668,0.260129
56.50102,8.9678,0.220745
56.50133,8.9762,0.217057
56.50158,8.9631,0.217057
56.50189,8.9725,0.213073
56.50220,8.9752,0.211865
56.50251,8.9688,0.214553
56.50282,8.9678,0.220353
56.50313,8.9744,0.209377
56.50338,8.9762,0.209377
56.50369,8.9678,0.204977
56.50400,8.9744,0.206977
56.50431,8.9781,0.206081
56.50462,8.9781,0.209273
56.50493,8.9688,0.211569
56.50518,8.9705,0.211569
56.50549,8.9639,0.220745
56.50580,8.9611,0.229217
56.50611,8.9715,0.218057
56.50642,8.9668,0.219353
56.50673,8.9648,0.220249
56.50698,8.9762,0.220249
56.50730,8.9801,0.220249
56.50761,8.9744,0.219537
56.50792,8.9762,0.219249
56.50823,8.9752,0.218745
56.50848,8.9809,0.218745
56.50879,8.9725,0.218449
56.50910,8.9668,0.219849
56.50941,8.9678,0.218449
56.50972,8.9744,0.221433
56.51003,8.9668,0.237289
56.51028,8.9631,0.237289
56.51243,8.9705,0.218057
56.51419,8.9734,0.225417
56.51595,8.9734,0.218641
56.51771,8.9705,0.221433
56.51947,8.9678,0.216761
56.52122,8.9621,0.221433
56.52298,8.9725,0.220537
56.52474,8.9705,0.223337
56.52499,8.9734,0.223337
56.52530,8.9715,0.225521
56.52561,8.9695,0.223041
56.52592,8.9734,0.220745
56.52623,8.9715,0.217657
56.52648,8.9752,0.217657
56.52679,8.9809,0.214865
56.52710,8.9744,0.257729
56.52741,8.9688,0.259729
56.52773,8.9592,0.256641
56.52798,8.9688,0.256641
56.52829,8.9771,0.232201
56.52860,8.9752,0.219033
56.52891,8.9705,0.209777
56.52922,8.9678,0.217241
56.52953,8.9688,0.212673
56.52978,8.9734,0.212673
56.53009,8.9715,0.214945
56.53040,8.9801,0.202601
56.53071,8.9828,0.207089
56.53102,8.9611,0.206377
56.53133,8.9678,0.207689
56.53158,8.9705,0.207689
56.53189,8.9678,0.222041
56.53220,8.9695,0.226817
56.53251,8.9668,0.232513
56.53282,8.9744,0.234705
56.53308,8.9734,0.234705
56.53339,8.9734,0.221249
56.53370,8.9725,0.222329
56.53401,8.9648,0.220849
56.53432,8.9781,0.221433
56.53458,8.9875,0.221433
56.53489,8.9725,0.216553
56.53519,8.9705,0.221833
56.53551,8.9678,0.220641
56.53582,8.9744,0.221145
56.53613,8.9801,0.223233
56.53638,8.9658,0.223233
56.53669,8.9705,0.222433
56.53700,8.9668,0.222145
56.53731,8.9668,0.265505
56.53762,8.9621,0.260233
56.53793,8.9668,0.263217
56.53818,8.9734,0.263217
56.53849,8.9754,0.228529
56.53880,8.9648,0.232617
56.53911,8.9697,0.219745
56.53942,8.9648,0.216553
56.53973,8.9705,0.213569
56.53998,8.9715,0.213569
56.54029,8.9611,0.214153
56.54060,8.9762,0.217657
56.54091,8.9695,0.224441
56.54122,8.9715,0.230113
56.54148,8.9695,0.230113
56.54178,8.9725,0.241377
56.54210,8.9725,0.244465
56.54241,8.9734,0.221249
56.54272,8.9641,0.220145
56.54302,8.9734,0.218561
56.54328,8.9734,0.218561
56.54359,8.9658,0.219537
56.54390,8.9697,0.221745
56.54421,8.9734,0.222433
56.54452,8.9801,0.220041
56.54483,8.9771,0.223145
56.54508,8.9639,0.223145
56.54539,8.9734,0.222537
56.54570,8.9631,0.222537
56.54601,8.9725,0.224129
56.54632,8.9582,0.223937
56.54658,8.9695,0.223937
56.54688,8.9668,0.221433
56.54719,8.9744,0.220249
56.54750,8.9762,0.218241
56.54781,8.9668,0.219249
56.54812,8.9631,0.220041
56.54838,8.9688,0.220041
56.54869,8.9705,0.221745
56.54900,8.9705,0.218057
56.54931,8.9734,0.217849
56.54962,8.9705,0.219353
56.54993,8.9678,0.216953
56.55018,8.9744,0.216953
56.55049,8.9762,0.219353
56.55080,8.9725,0.218561
56.55111,8.9725,0.217449
56.55142,8.9648,0.217241
56.55167,8.9715,0.217241
56.55198,8.9744,0.220145
56.55229,8.9697,0.221249
56.55260,8.9697,0.224729
56.55291,8.9734,0.225129
56.55322,8.9771,0.222537
56.55348,8.9658,0.222537
56.55379,8.9564,0.227425
56.55409,8.9648,0.258833
56.55441,8.9592,0.262921
56.55472,8.9688,0.259233
56.55503,8.9611,0.243273
56.55528,8.9715,0.243273
56.55559,8.9715,0.214865
56.55590,8.9791,0.211177
56.55621,8.9668,0.211969
56.55652,8.9668,0.218641
56.55683,8.9705,0.203289
56.55708,8.9762,0.203289
56.55739,8.9771,0.201785
56.55770,8.9695,0.203289
56.55801,8.9705,0.204689
56.55832,8.9678,0.207377
56.55857,8.9695,0.207377
56.55888,8.9818,0.218241
56.55919,8.9648,0.233697
56.55950,8.9668,0.221833
56.55981,8.9668,0.221433
56.56012,8.9695,0.224233
56.56038,8.9705,0.224233
56.56068,8.9688,0.221937
56.56100,8.9695,0.219937
56.56131,8.9688,0.218641
56.56162,8.9688,0.220249
56.56192,8.9695,0.218953
56.56218,8.9697,0.218953
56.56249,8.9668,0.218561
56.56280,8.9639,0.220537
56.56311,8.9592,0.222041
56.56342,8.9705,0.229817
56.56373,8.9592,0.260625
56.56398,8.9621,0.260625
56.56429,8.9525,0.256937
56.56460,8.9705,0.211865
56.56491,8.9762,0.229025
56.56522,8.9592,0.229505
56.56547,8.9705,0.229505
56.56578,8.9678,0.219641
56.56609,8.9734,0.219457
56.56640,8.9611,0.215049
56.56671,8.9762,0.215953
56.56702,8.9744,0.220849
56.56727,8.9715,0.220849
56.56758,8.9705,0.219353
56.56789,8.9688,0.237097
56.56820,8.9668,0.244465
56.56851,8.9705,0.234993
56.56882,8.9762,0.221041
56.56907,8.9734,0.221041
56.56939,8.9688,0.220041
56.56970,8.9697,0.221329
56.57001,8.9809,0.220433
56.57032,8.9762,0.218449
56.57057,8.9705,0.218449
56.57088,8.9695,0.218561
56.57119,8.9725,0.221833
56.57150,8.9648,0.221833
56.57181,8.9658,0.221329
56.57212,8.9715,0.219953
56.57237,8.9688,0.219953
56.57268,8.9695,0.219145
56.57299,8.9725,0.222833
56.57330,8.9658,0.223833
56.57361,8.9631,0.222833
56.57392,8.9621,0.224521
56.57417,8.9658,0.224521
56.57448,8.9771,0.230009
56.57479,8.9621,0.220433
56.57510,8.9771,0.222329
56.57542,8.9678,0.221041
56.57567,8.9791,0.221041
56.57598,8.9828,0.221145
56.57629,8.9678,0.227217
56.57660,8.9678,0.220537
56.57691,8.9705,0.220849
56.57722,8.9818,0.224833
56.57747,8.9668,0.224833
56.57778,8.9744,0.221041
56.57809,8.9791,0.220745
56.57840,8.9734,0.220937
56.57871,8.9725,0.215761
56.57902,8.9715,0.221145
56.57928,8.9744,0.221145
56.57958,8.9688,0.220249
56.57990,8.9744,0.222649
56.58021,8.9639,0.221041
56.58052,8.9639,0.262633
56.58083,8.9641,0.263817
56.58108,8.9695,0.263817
56.58139,8.9592,0.259417
56.58170,8.9734,0.228713
56.58201,8.9678,0.217953
56.58232,8.9744,0.212073
56.58257,8.9705,0.212073
56.58288,8.9658,0.216449
56.58319,8.9734,0.214657
56.58350,8.9752,0.221433
56.58381,8.9752,0.205393
56.58412,8.9715,0.205393
56.58437,8.9725,0.205393
56.58468,8.9809,0.203105
56.58499,8.9734,0.210065
56.58530,8.9744,0.211361
56.58561,8.9574,0.217241
56.58592,8.9762,0.230617
56.58617,8.9771,0.230617
56.58648,8.9725,0.232801
56.58679,8.9705,0.218641
56.58710,8.9715,0.223129
56.58741,8.9639,0.224441
56.58767,8.9744,0.224441
56.58798,8.9752,0.226233
56.58829,8.9752,0.223041
56.58860,8.9668,0.224233
56.58891,8.9695,0.220745
56.58922,8.9744,0.218561
56.58947,8.9658,0.218561
56.58978,8.9744,0.219457
56.59009,8.9648,0.220937
56.59040,8.9631,0.251953
56.59071,8.9621,0.258233
56.59102,8.9648,0.259417
56.59127,8.9658,0.259417
56.59158,8.9658,0.258729
56.59189,8.9705,0.227529
56.59220,8.9668,0.226233
56.59251,8.9752,0.211281
56.59282,8.9688,0.212673
56.59307,8.9744,0.212673
56.59339,8.9744,0.216265
56.59370,8.9697,0.223441
56.59401,8.9658,0.229217
56.59432,8.9639,0.228321
56.59457,8.9725,0.228321
56.59488,8.9621,0.233201
56.59519,8.9648,0.237097
56.59550,8.9648,0.231801
56.59581,8.9688,0.220849
56.59612,8.9744,0.218449
56.59637,8.9715,0.218449
56.59668,8.9658,0.219145
56.59699,8.9715,0.219953
56.59730,8.9705,0.234913
56.59761,8.9678,0.248361
56.59792,8.9688,0.218345
56.59817,8.9695,0.218345
56.59848,8.9695,0.220249
56.59879,8.9631,0.218561
56.59910,8.9658,0.217449
56.59941,8.9688,0.243881
56.59967,8.9688,0.243881
56.59998,8.9705,0.237289
56.60029,8.9668,0.219849
56.60060,8.9688,0.255145
56.60091,8.9658,0.220145
56.60122,8.9705,0.223729
56.60147,8.9725,0.223729
56.60178,8.9715,0.252161
56.60209,8.9801,0.221249
56.60240,8.9818,0.223441
56.60271,8.9668,0.254137
56.60302,8.9695,0.219745
56.60327,8.9848,0.219745
56.60358,8.9791,0.218745
56.60389,8.9695,0.224625
56.60420,8.9734,0.217657
56.60451,8.9658,0.225417
56.60482,8.9705,0.253849
56.60507,8.9688,0.253849
56.60539,8.9678,0.223145
56.60570,8.9658,0.253241
56.60601,8.9725,0.220041
56.60632,8.9678,0.219145
56.60657,8.9744,0.219145
56.60688,8.9695,0.231801
56.60719,8.9697,0.222225
56.60750,8.9762,0.221641
56.60781,8.9658,0.257145
56.60812,8.9621,0.224833
56.60837,8.9648,0.224833
56.60868,8.9688,0.222937
56.60899,8.9715,0.247969
56.60930,8.9695,0.223233
56.60961,8.9705,0.222833
56.60992,8.9688,0.255145
56.61017,8.9668,0.255145
56.61048,8.9715,0.222833
56.61079,8.9648,0.245673
56.61110,8.9658,0.238185
56.61141,8.9678,0.219849
56.61167,8.9688,0.219849
56.61198,8.9715,0.220145
56.61229,8.9648,0.219953
56.61260,8.9688,0.219745
56.61291,8.9744,0.252745
56.61322,8.9705,0.230617
56.61347,8.9762,0.230617
56.61378,8.9695,0.223233
56.61409,8.9705,0.256329
56.61440,8.9725,0.221745
56.61471,8.9838,0.223833
56.61502,8.9705,0.256433
56.61527,8.9648,0.256433
56.61558,8.9678,0.227921
56.61589,8.9688,0.234993
56.61620,8.9705,0.258833
56.61651,8.9771,0.223129
56.61682,8.9648,0.222537
56.61707,8.9602,0.222537
56.61738,8.9631,0.256833
56.61769,8.9631,0.220249
56.61801,8.9592,0.236785
56.61832,8.9678,0.249761
56.61857,8.9678,0.249761
56.61888,8.9705,0.221041
56.61919,8.9715,0.254745
56.61950,8.9641,0.220849
56.61981,8.9771,0.218641
56.62012,8.9715,0.242377
56.62037,8.9705,0.242377
56.62068,8.9791,0.242081
56.62099,8.9734,0.220745
56.62130,8.9648,0.255641
56.62161,8.9695,0.220249
56.62192,8.9752,0.223833
56.62217,8.9688,0.223833
56.62248,8.9705,0.254849
56.62279,8.9838,0.223233
56.62310,8.9658,0.223337
56.62341,8.9705,0.260729
56.62366,8.9705,0.260729
56.62397,8.9705,0.219641
56.62429,8.9639,0.255537
56.62460,8.9639,0.228425
56.62491,8.9725,0.221641
56.62522,8.9734,0.232905
56.62547,8.9678,0.232905
56.62578,8.9801,0.259625
56.62609,8.9678,0.225233
56.62640,8.9688,0.254353
56.62671,8.9688,0.224129
56.62702,8.9705,0.222729
56.62727,8.9715,0.222729
56.62758,8.9678,0.233097
56.62789,8.9678,0.223041
56.62820,8.9688,0.220537
56.62851,8.9678,0.253241
56.62882,8.9668,0.225233
56.62907,8.9688,0.225233
56.62938,8.9734,0.225729
56.62969,8.9695,0.249761
56.63000,8.9639,0.222937
56.63031,8.9744,0.225625
56.63056,8.9695,0.225625
56.63087,8.9574,0.256041
56.63118,8.9668,0.218241
56.63149,8.9688,0.243169
56.63180,8.9621,0.241377
56.63211,8.9695,0.219033
56.63236,8.9725,0.219033
56.63267,8.9668,0.218161
56.63298,8.9715,0.221249
56.63329,8.9668,0.218641
56.63360,8.9715,0.251265
56.63391,8.9688,0.232409
56.63417,8.9809,0.232409
56.63448,8.9639,0.220433
56.63479,8.9715,0.253537
56.63510,8.9725,0.221041
56.63541,8.9762,0.217745
56.63567,8.9725,0.217745
56.63598,8.9734,0.256329
56.63629,8.9688,0.221329
56.63660,8.9697,0.229113
56.63691,8.9678,0.257225
56.63722,8.9648,0.226129
56.63747,8.9631,0.226129
56.63778,8.9668,0.225337
56.63809,8.9582,0.213865
56.63840,8.9744,0.206793
56.63871,8.9668,0.208881
56.63896,8.9762,0.208881
56.63927,8.9715,0.210377
56.63958,8.9744,0.210273
56.63989,8.9695,0.218137
56.64020,8.9744,0.208585
56.64051,8.9744,0.213969
56.64076,8.9734,0.213969
56.64107,8.9734,0.218057
56.64138,8.9725,0.229321
56.64169,8.9725,0.234809
56.64201,8.9809,0.217953
56.64232,8.9725,0.218745
56.64257,8.9678,0.218745
56.64288,8.9744,0.220537
56.64319,8.9611,0.222433
56.64350,8.9639,0.223129
56.64381,8.9695,0.220353
56.64412,8.9744,0.222729
56.64437,8.9639,0.222729
56.64468,8.9809,0.224025
56.64499,8.9781,0.219353
56.64530,8.9752,0.219745
56.64561,8.9678,0.219937
56.64586,8.9781,0.219937
56.64617,8.9658,0.257729
56.64648,8.9715,0.264321
56.64679,8.9658,0.252241
56.64710,8.9791,0.222041
56.64741,8.9658,0.229113
56.64767,8.9734,0.229113
56.64798,8.9695,0.224625
56.64829,8.9688,0.215161
56.64860,8.9648,0.208881
56.64891,8.9715,0.215049
56.64916,8.9621,0.215049
56.64947,8.9668,0.227321
56.64978,8.9734,0.229921
56.65009,8.9688,0.235809
56.65040,8.9678,0.244961
56.65071,8.9801,0.236705
56.65096,8.9695,0.236705
56.65127,8.9695,0.226233
56.65158,8.9648,0.224833
56.65189,8.9688,0.222833
56.65220,8.9678,0.232409
56.65251,8.9725,0.220145
56.65276,8.9695,0.220145
56.65307,8.9564,0.221249
56.65338,8.9678,0.217057
56.65369,8.9744,0.221329
56.65401,8.9734,0.221937
56.65426,8.9752,0.221937
56.65457,8.9715,0.219849
56.65488,8.9715,0.221537
56.65519,8.9648,0.222433
56.65550,8.9639,0.221433
56.65581,8.9631,0.221249
56.65606,8.9688,0.221249
56.65637,8.9715,0.222833
56.65668,8.9668,0.220641
56.65699,8.9734,0.224521
56.65730,8.9621,0.221433
56.65761,8.9725,0.223441
56.65786,8.9809,0.223441
56.65817,8.9695,0.223129
56.65848,8.9771,0.221537
56.65879,8.9658,0.214361
56.65910,8.9658,0.224833
56.65941,8.9715,0.219353
56.65967,8.9648,0.219353
56.65998,8.9744,0.219537
56.66029,8.9688,0.220145
56.66060,8.9695,0.219849
56.66091,8.9762,0.221145
56.66116,8.9828,0.221145
56.66147,8.9734,0.220433
56.66178,8.9611,0.220849
56.66209,8.9697,0.220249
56.66240,8.9688,0.219457
56.66271,8.9688,0.253137
56.66296,8.9592,0.253137
56.66327,8.9639,0.259129
56.66358,8.9725,0.258545
56.66389,8.9611,0.222329
56.66420,8.9715,0.220745
56.66451,8.9725,0.215657
56.66476,8.9715,0.215657
56.66507,8.9725,0.214257
56.66538,8.9668,0.219457
56.66570,8.9631,0.221249
56.66601,8.9688,0.204393
56.66626,8.9734,0.204393
56.66657,8.9818,0.203897
56.66688,8.9695,0.204497
56.66719,8.9744,0.208481
56.66750,8.9715,0.209881
56.66781,8.9771,0.220145
56.66806,8.9678,0.220145
56.66837,8.9705,0.231409
56.66868,8.9648,0.227233
56.66899,8.9688,0.223129
56.66930,8.9734,0.226313
56.66961,8.9725,0.219145
56.66986,8.9715,0.219145
56.67017,8.9688,0.221937
56.67048,8.9725,0.223625
56.67079,8.9688,0.225417
56.67110,8.9771,0.225417
56.67136,8.9688,0.225417
56.67167,8.9574,0.221041
56.67198,8.9678,0.220537
56.67229,8.9648,0.222729
56.67260,8.9744,0.237393
56.67291,8.9705,0.262025
56.67316,8.9705,0.262025
56.67347,8.9678,0.257625
56.67378,8.9641,0.210857
56.67409,8.9668,0.226313
56.67440,8.9744,0.226521
56.67471,8.9705,0.217745
56.67496,8.9705,0.217745
56.67527,8.9611,0.212465
56.67558,8.9705,0.209569
56.67589,8.9688,0.212073
56.67620,8.9648,0.232009
56.67651,8.9678,0.238185
56.67676,8.9725,0.238185
56.67707,8.9781,0.227129
56.67738,8.9658,0.242673
56.67770,8.9639,0.234993
56.67801,8.9734,0.221145
56.67826,8.9705,0.221145
56.67857,8.9695,0.220353
56.67888,8.9771,0.220849
56.67919,8.9668,0.222537
56.67950,8.9762,0.220641
56.67981,8.9688,0.222041
56.68006,8.9631,0.222041
56.68037,8.9678,0.219745
56.68068,8.9781,0.219457
56.68099,8.9801,0.217553
56.68130,8.9734,0.221537
56.68161,8.9725,0.219849
56.68186,8.9648,0.219849
56.68217,8.9668,0.215265
56.68248,8.9734,0.219145
56.68279,8.9695,0.219033
56.68310,8.9688,0.219641
56.68335,8.9658,0.219641
56.68367,8.9695,0.217657
56.68398,8.9725,0.219249
56.68429,8.9705,0.217241
56.68460,8.9715,0.219953
56.68491,8.9658,0.223833
56.68516,8.9754,0.223833
56.68547,8.9725,0.220145
56.68578,8.9658,0.221433
56.68609,8.9621,0.222833
56.68640,8.9715,0.223545
56.68671,8.9771,0.216345
56.68696,8.9695,0.216345
56.68727,8.9668,0.218849
56.68758,8.9752,0.217449
56.68789,8.9715,0.219641
56.68820,8.9678,0.221249
56.68845,8.9725,0.221249
56.68876,8.9648,0.218345
56.68907,8.9678,0.219249
56.68939,8.9725,0.221145
56.68970,8.9744,0.257145
56.69001,8.9705,0.260729
56.69026,8.9631,0.260729
56.69057,8.9648,0.256249
56.69088,8.9734,0.216161
56.69119,8.9771,0.219145
56.69150,8.9658,0.209273
56.69175,8.9744,0.209273
56.69206,8.9641,0.219953
56.69237,8.9791,0.220537
56.69268,8.9725,0.219249
56.69299,8.9697,0.206081
56.69330,8.9762,0.206977
56.69356,8.9668,0.206977
56.69386,8.9781,0.206081
56.69417,8.9801,0.205793
56.69448,8.9725,0.210961
56.69479,8.9592,0.215449
56.69510,8.9678,0.229921
56.69536,8.9668,0.229921
56.69567,8.9688,0.234009
56.69598,8.9611,0.221249
56.69629,8.9631,0.220641
56.69660,8.9695,0.221745
56.69685,8.9734,0.221745
56.69716,8.9801,0.221641
56.69747,8.9809,0.218849
56.69778,8.9695,0.219641
56.69809,8.9688,0.219353
56.69840,8.9631,0.217849
56.69865,8.9744,0.217849
56.69896,8.9744,0.223041
56.69927,8.9678,0.224025
56.69958,8.9762,0.243569
56.69989,8.9688,0.261921
56.70020,8.9648,0.261233
56.70046,8.9658,0.261233
56.70077,8.9658,0.259025
56.70107,8.9582,0.230321
56.70139,8.9705,0.228713
56.70170,8.9688,0.222225
56.70195,8.9818,0.222225
56.70226,8.9705,0.215449
56.70257,8.9725,0.211465
56.70288,8.9678,0.211673
56.70319,8.9744,0.213153
56.70350,8.9762,0.213569
56.70376,8.9734,0.213569
56.70406,8.9744,0.214657
56.70438,8.9678,0.229217
56.70469,8.9762,0.231513
56.70500,8.9695,0.232513
56.70530,8.9752,0.234009
56.70556,8.9639,0.234009
56.70587,8.9592,0.221729
56.70618,8.9744,0.227633
56.70649,8.9744,0.225129
56.70680,8.9762,0.226521
56.70711,8.9744,0.223129
56.70736,8.9668,0.223129
56.70767,8.9658,0.223337
56.70798,8.9762,0.223233
56.70829,8.9648,0.220641
56.70860,8.9688,0.221433
56.70886,8.9678,0.221433
56.70917,8.9658,0.221433
56.70948,8.9705,0.221745
56.70979,8.9744,0.221433
56.71009,8.9688,0.223129
56.71041,8.9715,0.220145
56.71066,8.9611,0.220145
56.71097,8.9695,0.220937
56.71128,8.9809,0.224025
56.71159,8.9771,0.219641
56.71190,8.9734,0.222537
56.71221,8.9695,0.224129
56.71246,8.9838,0.224129
56.71277,8.9818,0.219537
56.71308,8.9648,0.223625
56.71339,8.9574,0.222833
56.71370,8.9688,0.225337
56.71396,8.9725,0.225337
56.71426,8.9734,0.224441
56.71457,8.9648,0.223041
56.71488,8.9715,0.216657
56.71519,8.9648,0.222649
56.71550,8.9678,0.218745
56.71576,8.9695,0.218745
56.71607,8.9705,0.218849
56.71637,8.9631,0.218641
56.71669,8.9688,0.219745
56.71700,8.9705,0.217553
56.71731,8.9744,0.219537
56.71756,8.9639,0.219537
56.71787,8.9545,0.256329
56.71818,8.9695,0.258121
56.71849,8.9695,0.230825
56.71880,8.9688,0.214361
56.71911,8.9705,0.217057
56.71936,8.9744,0.217057
56.71967,8.9781,0.212177
56.71999,8.9801,0.223233
56.72030,8.9752,0.203585
56.72060,8.9688,0.203897
56.72086,8.9734,0.203897
56.72117,8.9781,0.204001
56.72148,8.9791,0.208673
56.72179,8.9734,0.207089
56.72210,8.9705,0.215449
56.72241,8.9695,0.227217
56.72266,8.9639,0.227217
56.72297,8.9705,0.232617
56.72328,8.9678,0.218449
56.72359,8.9744,0.220849
56.72390,8.9668,0.219953
56.72415,8.9648,0.219953
56.72446,8.9725,0.219457
56.72477,8.9725,0.217849
56.72508,8.9734,0.218641
56.72539,8.9734,0.221833
56.72570,8.9801,0.219745
56.72596,8.9688,0.219745
56.72627,8.9688,0.218641
56.72658,8.9688,0.221537
56.72689,8.9744,0.244961
56.72720,8.9641,0.267113
56.72751,8.9555,0.263817
56.72776,8.9705,0.263817
56.72807,8.9668,0.258937
56.72838,8.9668,0.230617
56.72869,8.9658,0.225729
56.72900,8.9791,0.212673
56.72925,8.9705,0.212673
56.72956,8.9744,0.209777
56.72987,8.9715,0.211673
56.73018,8.9771,0.213465
56.73049,8.9771,0.218449
56.73080,8.9725,0.229025
56.73105,8.9734,0.229025
56.73136,8.9771,0.231617
56.73167,8.9658,0.240081
56.73198,8.9678,0.228713
56.73229,8.9734,0.220937
56.73260,8.9715,0.220249
56.73286,8.9801,0.220249
56.73316,8.9771,0.220745
56.73347,8.9744,0.223441
56.73378,8.9744,0.225337
56.73409,8.9725,0.224025
56.73440,8.9762,0.227321
56.73466,8.9668,0.227321
56.73497,8.9734,0.223233
56.73528,8.9658,0.224729
56.73558,8.9809,0.222537
56.73590,8.9771,0.220745
56.73615,8.9639,0.220745
56.73646,8.9705,0.221433
56.73677,8.9648,0.221249
56.73708,8.9762,0.219953
56.73739,8.9715,0.220641
56.73770,8.9668,0.220249
56.73796,8.9725,0.220249
56.73826,8.9658,0.221329
56.73858,8.9734,0.218561
56.73889,8.9725,0.219033
56.73920,8.9752,0.220249
56.73945,8.9621,0.220249
56.73976,8.9705,0.221433
56.74007,8.9725,0.220641
56.74038,8.9658,0.222041
56.74069,8.9705,0.224833
56.74100,8.9781,0.224025
56.74125,8.9668,0.224025
56.74156,8.9648,0.220353
56.74187,8.9678,0.223233
56.74218,8.9725,0.223729
56.74249,8.9668,0.224937
56.74280,8.9744,0.220937
56.74305,8.9725,0.220937
56.74336,8.9611,0.221833
56.74367,8.9648,0.238577
56.74398,8.9621,0.258625
56.74429,8.9705,0.255353
56.74460,8.9688,0.257433
56.74485,8.9688,0.257433
56.74516,8.9631,0.220145
56.74547,8.9734,0.219145
56.74578,8.9715,0.209169
56.74609,8.9631,0.222937
56.74640,8.9725,0.217449
56.74665,8.9639,0.217449
56.74696,8.9705,0.214657
56.74727,8.9781,0.203689
56.74758,8.9734,0.205081
56.74789,8.9688,0.209569
56.74815,8.9678,0.209569
56.74845,8.9705,0.207673
56.74877,8.9678,0.209673
56.74908,8.9715,0.220537
56.74939,8.9801,0.235201
56.74970,8.9658,0.235993
56.74995,8.9678,0.235993
56.75026,8.9705,0.217849
56.75057,8.9555,0.220353
56.75088,8.9725,0.220849
56.75119,8.9744,0.223337
56.75150,8.9695,0.220641
56.75175,8.9744,0.220641
56.75206,8.9639,0.220145
56.75237,8.9574,0.222225
56.75268,8.9582,0.222433
56.75299,8.9744,0.221537
56.75330,8.9658,0.219953
56.75355,8.9715,0.219953
56.75386,8.9705,0.221041
56.75417,8.9611,0.259233
56.75448,8.9688,0.265321
56.75479,8.9658,0.262129
56.75505,8.9648,0.262129
56.75535,8.9695,0.223625
56.75567,8.9744,0.230617
56.75598,8.9752,0.215265
56.75629,8.9695,0.212761
56.75660,8.9734,0.214465
56.75685,8.9648,0.214465
56.75716,8.9762,0.206689
56.75747,8.9781,0.226737
56.75778,8.9715,0.225921
56.75809,8.9648,0.227425
56.75840,8.9695,0.239001
56.75865,8.9688,0.239001
56.75896,8.9744,0.237393
56.75927,8.9678,0.218137
56.75958,8.9611,0.217449
56.75989,8.9658,0.218953
56.76020,8.9725,0.218449
56.76045,8.9715,0.218449
56.76076,8.9639,0.218849
56.76107,8.9631,0.248865
56.76138,8.9688,0.219249
56.76170,8.9734,0.221145
56.76195,8.9734,0.221145
56.76226,8.9658,0.255249
56.76257,8.9781,0.220145
56.76288,8.9705,0.246969
56.76319,8.9705,0.242881
56.76350,8.9734,0.217745
56.76375,8.9734,0.217745
56.76406,8.9705,0.219353
56.76437,8.9678,0.217953
56.76468,8.9678,0.218641
56.76499,8.9668,0.251161
56.76530,8.9574,0.235809
56.76555,8.9715,0.235809
56.76586,8.9781,0.221145
56.76617,8.9734,0.253449
56.76648,8.9641,0.217657
56.76679,8.9688,0.217449
56.76710,8.9678,0.252161
56.76735,8.9705,0.252161
56.76767,8.9762,0.218953
56.76798,8.9725,0.224833
56.76829,8.9688,0.255745
56.76860,8.9744,0.220641
56.76885,8.9648,0.220641
56.76916,8.9705,0.220433
56.76947,8.9641,0.226025
56.76978,8.9705,0.220937
56.77009,8.9658,0.236393
56.77040,8.9688,0.254849
56.77065,8.9705,0.254849
56.77096,8.9688,0.220353
56.77127,8.9715,0.256041
56.77158,8.9688,0.222433
56.77189,8.9725,0.220849
56.77214,8.9715,0.220849
56.77245,8.9648,0.244169
56.77276,8.9762,0.246673
56.77307,8.9762,0.223729
56.77338,8.9658,0.258937
56.77370,8.9631,0.220937
56.77395,8.9678,0.220937
56.77426,8.9705,0.226129
56.77457,8.9762,0.240689
56.77488,8.9771,0.221041
56.77519,8.9734,0.220537
56.77550,8.9705,0.256537
56.77575,8.9592,0.256537
56.77606,8.9744,0.225833
56.77637,8.9697,0.258545
56.77668,8.9631,0.236497
56.77699,8.9639,0.222041
56.77730,8.9678,0.227425
56.77755,8.9668,0.227425
56.77786,8.9734,0.257041
56.77817,8.9752,0.225521
56.77848,8.9781,0.268697
56.77879,8.9744,0.226025
56.77904,8.9762,0.226025
56.77935,8.9611,0.222433
56.77967,8.9648,0.254641
56.77997,8.9648,0.219641
56.78029,8.9744,0.220041
56.78060,8.9762,0.255745
56.78085,8.9639,0.255745
56.78116,8.9658,0.221249
56.78147,8.9688,0.236097
56.78178,8.9688,0.251161
56.78209,8.9744,0.222433
56.78240,8.9705,0.223625
56.78265,8.9725,0.223625
56.78296,8.9695,0.255937
56.78327,8.9725,0.222833
56.78358,8.9734,0.245777
56.78389,8.9592,0.247177
56.78420,8.9639,0.225129
56.78445,8.9725,0.225129
56.78476,8.9658,0.221329
56.78507,8.9705,0.220537
56.78538,8.9781,0.223625
56.78569,8.9631,0.248553
56.78594,8.9688,0.248553
56.78625,8.9734,0.239393
56.78656,8.9771,0.222537
56.78687,8.9688,0.256041
56.78718,8.9695,0.221329
56.78749,8.9725,0.221249
56.78775,8.9725,0.221249
56.78806,8.9564,0.253537
56.78836,8.9697,0.223041
56.78868,8.9715,0.225625
56.78899,8.9582,0.256329
56.78930,8.9688,0.221641
56.78955,8.9688,0.221641
56.78986,8.9648,0.222041
56.79017,8.9678,0.226817
56.79048,8.9838,0.224441
56.79079,8.9762,0.233801
56.79110,8.9574,0.259833
56.79135,8.9668,0.259833
56.79166,8.9754,0.218745
56.79197,8.9678,0.255937
56.79228,8.9668,0.222833
56.79259,8.9744,0.222225
56.79285,8.9752,0.222225
56.79316,8.9715,0.239689
56.79347,8.9771,0.221433
56.79378,8.9734,0.222433
56.79408,8.9648,0.255537
56.79439,8.9678,0.226921
56.79465,8.9734,0.226921
56.79496,8.9688,0.220249
56.79527,8.9621,0.242985
56.79558,8.9688,0.221041
56.79589,8.9641,0.222433
56.79620,8.9648,0.256329
56.79645,8.9705,0.256329
56.79676,8.9715,0.219145
56.79707,8.9715,0.255249
56.79738,8.9658,0.238793
56.79769,8.9668,0.223729
56.79794,8.9648,0.223729
56.79825,8.9621,0.227025
56.79856,8.9658,0.225129
56.79887,8.9762,0.222649
56.79918,8.9668,0.254849
56.79949,8.9611,0.229609
56.79975,8.9668,0.229609
56.80005,8.9705,0.223729
56.80036,8.9688,0.255537
56.80067,8.9631,0.223441
56.80098,8.9762,0.222329
56.80129,8.9725,0.258121
56.80155,8.9668,0.258121
56.80186,8.9762,0.205585
56.80217,8.9725,0.208881
56.80247,8.9744,0.209169
56.80279,8.9705,0.208481
56.80310,8.9781,0.207193
56.80335,8.9801,0.207193
56.80366,8.9668,0.209777
56.80397,8.9678,0.221041
56.80428,8.9725,0.225921
56.80459,8.9809,0.221641
56.80484,8.9762,0.221641
56.80515,8.9678,0.229921
56.80546,8.9715,0.220353
56.80577,8.9705,0.219745
56.80608,8.9781,0.223545
56.80639,8.9744,0.220849
56.80665,8.9648,0.220849
56.80696,8.9678,0.217745
56.80726,8.9895,0.218345
56.80758,8.9715,0.223729
56.80789,8.9678,0.220433
56.80820,8.9611,0.219033
56.80845,8.9725,0.219033
56.80876,8.9678,0.219641
56.80907,8.9688,0.220041
56.80938,8.9725,0.243481
56.80969,8.9688,0.256537
56.80994,8.9631,0.256537
56.81025,8.9668,0.257041
56.81245,8.9668,0.213657
56.81421,8.9639,0.235601
56.81597,8.9678,0.221145
56.81772,8.9725,0.222937
56.81948,8.9715,0.226025
56.82124,8.9648,0.222041
56.82300,8.9688,0.221745
56.82476,8.9734,0.224025
56.82495,8.9715,0.224025
56.82526,8.9658,0.224729
56.82557,8.9734,0.223233
56.82588,8.9668,0.225833
56.82619,8.9705,0.229217
56.82644,8.9592,0.229217
56.82675,8.9697,0.257625
56.82706,8.9592,0.250849
56.82737,8.9744,0.221641
56.82768,8.9715,0.215657
56.82799,8.9744,0.220537
56.82824,8.9688,0.220537
56.82855,8.9752,0.209169
56.82886,8.9762,0.217241
56.82917,8.9744,0.220433
56.82948,8.9678,0.217241
56.82974,8.9791,0.217241
56.83005,8.9791,0.203689
56.83036,8.9744,0.202097
56.83067,8.9754,0.204897
56.83098,8.9697,0.208273
56.83129,8.9801,0.211777
56.83154,8.9658,0.211777
56.83185,8.9725,0.220249
56.83216,8.9631,0.237601
56.83247,8.9678,0.223129
56.83278,8.9678,0.221537
56.83309,8.9678,0.226521
56.83334,8.9791,0.226521
56.83365,8.9762,0.223729
56.83396,8.9744,0.223337
56.83427,8.9744,0.231905
56.83458,8.9705,0.220433
56.83489,8.9695,0.221145
56.83514,8.9725,0.221145
56.83545,8.9705,0.221249
56.83577,8.9744,0.223337
56.83608,8.9801,0.222729
56.83639,8.9771,0.259025
56.83664,8.9658,0.259025
56.83695,8.9631,0.268097
56.83726,8.9688,0.259129
56.83757,8.9658,0.220537
56.83788,8.9791,0.224729
56.83819,8.9725,0.225233
56.83844,8.9631,0.225233
56.83875,8.9648,0.211969
56.83906,8.9631,0.213257
56.83937,8.9744,0.214257
56.83968,8.9678,0.229025
56.83999,8.9631,0.225817
56.84024,8.9734,0.225817
56.84055,8.9734,0.230505
56.84086,8.9695,0.239585
56.84117,8.9688,0.231217
56.84148,8.9688,0.223545
56.84173,8.9695,0.223545
56.84205,8.9781,0.219849
56.84236,8.9771,0.218241
56.84267,8.9791,0.217849
56.84298,8.9631,0.219953
56.84329,8.9744,0.218745
56.84354,8.9705,0.218745
56.84385,8.9744,0.219457
56.84416,8.9734,0.218057
56.84447,8.9828,0.220353
56.84478,8.9752,0.220041
56.84509,8.9781,0.219457
56.84534,8.9697,0.219457
56.84565,8.9705,0.221833
56.84596,8.9715,0.223729
56.84627,8.9801,0.223833
56.84658,8.9752,0.221433
56.84689,8.9621,0.221937
56.84714,8.9678,0.221937
56.84745,8.9705,0.222729
56.84776,8.9725,0.220353
56.84808,8.9715,0.219057
56.84839,8.9801,0.220433
56.84864,8.9744,0.220433
56.84895,8.9715,0.219937
56.84926,8.9688,0.220041
56.84957,8.9752,0.219033
56.84988,8.9584,0.222649
56.85019,8.9668,0.219249
56.85044,8.9648,0.219249
56.85075,8.9688,0.222041
56.85106,8.9857,0.220041
56.85137,8.9715,0.219457
56.85168,8.9582,0.221433
56.85199,8.9648,0.220353
56.85224,8.9781,0.220353
56.85255,8.9705,0.225625
56.85286,8.9744,0.222537
56.85317,8.9744,0.260921
56.85348,8.9658,0.258441
56.85373,8.9705,0.258441
56.85404,8.9592,0.264817
56.85435,8.9688,0.217241
56.85466,8.9744,0.216657
56.85497,8.9705,0.210465
56.85528,8.9762,0.209273
56.85554,8.9648,0.209273
56.85585,8.9752,0.216057
56.85615,8.9658,0.217345
56.85647,8.9781,0.201601
56.85678,8.9734,0.205289
56.85709,8.9744,0.204897
56.85734,8.9705,0.204897
56.85765,8.9668,0.205481
56.85796,8.9688,0.221041
56.85827,8.9621,0.217745
56.85858,8.9668,0.232513
56.85889,8.9771,0.234809
56.85914,8.9705,0.234809
56.85945,8.9678,0.220745
56.85977,8.9648,0.224129
56.86008,8.9697,0.223233
56.86038,8.9621,0.223937
56.86064,8.9688,0.223937
56.86095,8.9631,0.224625
56.86126,8.9715,0.225025
56.86157,8.9678,0.225337
56.86188,8.9744,0.222225
56.86219,8.9744,0.221833
56.86244,8.9744,0.221833
56.86275,8.9678,0.223233
56.86306,8.9535,0.240377
56.86337,8.9762,0.265217
56.86368,8.9648,0.259025
56.86393,8.9668,0.259025
56.86424,8.9725,0.256433
56.86455,8.9668,0.217849
56.86486,8.9648,0.225625
56.86517,8.9791,0.217553
56.86548,8.9725,0.211465
56.86574,8.9695,0.211465
56.86605,8.9658,0.214257
56.86636,8.9688,0.211361
56.86667,8.9715,0.217241
56.86698,8.9688,0.237681
56.86729,8.9725,0.229817
56.86760,8.9582,0.243569
56.86785,8.9564,0.243569
56.86816,8.9602,0.242273
56.86847,8.9725,0.222833
56.86878,8.9688,0.219745
56.86909,8.9754,0.220041
56.86934,8.9771,0.220041
56.86965,8.9752,0.220249
56.86996,8.9725,0.219145
56.87027,8.9705,0.217553
56.87058,8.9744,0.220433
56.87089,8.9725,0.222145
56.87114,8.9705,0.222145
56.87145,8.9715,0.220041
56.87176,8.9688,0.221249
56.87207,8.9734,0.220249
56.87238,8.9695,0.221041
56.87269,8.9668,0.220537
56.87295,8.9715,0.220537
56.87326,8.9744,0.223625
56.87357,8.9752,0.219849
56.87388,8.9762,0.223937
56.87419,8.9744,0.225921
56.87450,8.9725,0.224441
56.87475,8.9688,0.224441
56.87506,8.9809,0.225921
56.87537,8.9744,0.223041
56.87568,8.9695,0.223441
56.87599,8.9705,0.219457
56.87624,8.9695,0.219457
56.87655,8.9658,0.220849
56.87686,8.9648,0.220937
56.87717,8.9648,0.222225
56.87748,8.9695,0.221329
56.87779,8.9725,0.220849
56.87804,8.9695,0.220849
56.87836,8.9715,0.228025
56.87867,8.9678,0.224521
56.87898,8.9744,0.221641
56.87928,8.9705,0.219849
56.87960,8.9771,0.219745
56.87985,8.9781,0.219745
56.88016,8.9621,0.236993
56.88047,8.9658,0.268593
56.88078,8.9658,0.259025
56.88109,8.9695,0.218953
56.88134,8.9809,0.218953
56.88165,8.9678,0.214153
56.88196,8.9762,0.219849
56.88227,8.9781,0.215369
56.88258,8.9697,0.214945
56.88289,8.9744,0.197305
56.88314,8.9801,0.197305
56.88345,8.9705,0.201601
56.88377,8.9725,0.201993
56.88407,8.9744,0.205393
56.88439,8.9631,0.212761
56.88464,8.9621,0.212761
56.88495,8.9762,0.215849
56.88526,8.9771,0.227217
56.88557,8.9688,0.219849
56.88588,8.9668,0.219033
56.88619,8.9688,0.219745
56.88644,8.9695,0.219745
56.88675,8.9744,0.220041
56.88706,8.9648,0.217345
56.88737,8.9611,0.220641
56.88768,8.9725,0.220849
56.88799,8.9734,0.221937
56.88824,8.9791,0.221937
56.88855,8.9762,0.222649
56.88886,8.9697,0.222537
56.88917,8.9744,0.223233
56.88948,8.9809,0.258233
56.88979,8.9762,0.264817
56.89005,8.9631,0.264817
56.89036,8.9658,0.257433
56.89067,8.9734,0.221641
56.89098,8.9648,0.222145
56.89129,8.9715,0.225233
56.89154,8.9801,0.225233
56.89185,8.9791,0.213073
56.89216,8.9744,0.212865
56.89247,8.9705,0.212761
56.89278,8.9648,0.209673
56.89309,8.9734,0.215265
56.89334,8.9639,0.215265
56.89365,8.9781,0.230113
56.89396,8.9715,0.239481
56.89427,8.9734,0.229713
56.89458,8.9725,0.222937
56.89489,8.9715,0.223625
56.89514,8.9715,0.223625
56.89545,8.9715,0.222833
56.89577,8.9648,0.220641
56.89608,8.9695,0.222937
56.89639,8.9771,0.223441
56.89664,8.9752,0.223441
56.89695,8.9762,0.220249
56.89726,8.9725,0.220249
56.89757,8.9725,0.218137
56.89788,8.9734,0.218345
56.89819,8.9771,0.217657
56.89844,8.9705,0.217657
56.89875,8.9705,0.218745
56.89906,8.9639,0.221641
56.89937,8.9762,0.222041
56.89968,8.9715,0.220641
56.89999,8.9725,0.220353
56.90024,8.9678,0.220353
56.90055,8.9648,0.220145
56.90086,8.9631,0.220641
56.90117,8.9734,0.221145
56.90148,8.9762,0.220433
56.90174,8.9781,0.220433
56.90205,8.9592,0.224025
56.90236,8.9791,0.225417
56.90267,8.9658,0.221745
56.90298,8.9668,0.222329
56.90329,8.9695,0.224025
56.90354,8.9705,0.224025
56.90385,8.9658,0.223833
56.90416,8.9734,0.231513
56.90447,8.9688,0.220433
56.90478,8.9611,0.220641
56.90509,8.9688,0.220641
56.90534,8.9744,0.220641
56.90565,8.9688,0.222537
56.90596,8.9754,0.220041
56.90627,8.9688,0.259129
56.90658,8.9631,0.257041
56.90689,8.9582,0.251657
56.90714,8.9648,0.251657
56.90746,8.9697,0.219953
56.90777,8.9668,0.213657
56.90808,8.9752,0.215657
56.90839,8.9875,0.212465
56.90864,8.9725,0.212465
56.90895,8.9688,0.221145
56.90926,8.9705,0.221641
56.90957,8.9744,0.204977
56.90988,8.9705,0.206289
56.91019,8.9715,0.206377
56.91044,8.9818,0.206377
56.91075,8.9715,0.207089
56.91106,8.9771,0.208881
56.91137,8.9705,0.218745
56.91168,8.9781,0.222433
56.91193,8.9734,0.222433
56.91224,8.9648,0.233409
56.91255,8.9734,0.229217
56.91286,8.9715,0.222041
56.91317,8.9695,0.222041
56.91348,8.9668,0.221249
56.91374,8.9705,0.221249
56.91405,8.9641,0.220849
56.91436,8.9715,0.219641
56.91467,8.9668,0.221433
56.91498,8.9771,0.220537
56.91529,8.9592,0.223337
56.91554,8.9688,0.223337
56.91585,8.9734,0.221329
56.91616,8.9715,0.224729
56.91647,8.9705,0.263817
56.91678,8.9639,0.261817
56.91709,8.9668,0.263609
56.91734,8.9725,0.263609
56.91765,8.9648,0.235889
56.91796,8.9771,0.228817
56.91827,8.9791,0.224625
56.91858,8.9688,0.214657
56.91883,8.9697,0.214657
56.91914,8.9771,0.211569
56.91946,8.9705,0.213865
56.91977,8.9715,0.226921
56.92008,8.9678,0.233201
56.92039,8.9631,0.228113
56.92064,8.9705,0.228113
56.92095,8.9688,0.244065
56.92126,8.9668,0.233201
56.92157,8.9668,0.217745
56.92188,8.9734,0.219457
56.92213,8.9695,0.219457
56.92244,8.9678,0.220641
56.92275,8.9688,0.219537
56.92306,8.9715,0.222041
56.92337,8.9678,0.257625
56.92368,8.9668,0.222937
56.92393,8.9771,0.222937
56.92424,8.9744,0.219953
56.92455,8.9602,0.249153
56.92486,8.9621,0.217953
56.92517,8.9688,0.219057
56.92548,8.9697,0.253953
56.92574,8.9715,0.253953
56.92605,8.9668,0.217745
56.92636,8.9668,0.250657
56.92667,8.9688,0.231617
56.92698,8.9725,0.217745
56.92729,8.9668,0.221249
56.92754,8.9648,0.221249
56.92785,8.9705,0.252553
56.92816,8.9725,0.221537
56.92847,8.9668,0.249657
56.92878,8.9574,0.228217
56.92903,8.9762,0.228217
56.92934,8.9695,0.220353
56.92965,8.9621,0.227025
56.92996,8.9762,0.219353
56.93027,8.9725,0.224833
56.93058,8.9668,0.256329
56.93083,8.9668,0.256329
56.93114,8.9688,0.224833
56.93145,8.9734,0.244569
56.93177,8.9611,0.248761
56.93208,8.9688,0.221433
56.93239,8.9715,0.220937
56.93264,8.9734,0.220937
56.93295,8.9705,0.252345
56.93326,8.9705,0.216761
56.93357,8.9688,0.240081
56.93388,8.9809,0.244673
56.93419,8.9725,0.217057
56.93444,8.9705,0.217057
56.93475,8.9744,0.218057
56.93506,8.9715,0.222649
56.93537,8.9668,0.219537
56.93568,8.9611,0.246257
56.93593,8.9688,0.246257
56.93624,8.9715,0.234913
56.93655,8.9705,0.218953
56.93686,8.9725,0.254937
56.93717,8.9734,0.221041
56.93748,8.9734,0.223337
56.93773,8.9658,0.223337
56.93805,8.9641,0.256225
56.93836,8.9648,0.226313
56.93867,8.9791,0.224937
56.93898,8.9715,0.255537
56.93929,8.9725,0.221249
56.93954,8.9828,0.221249
56.93985,8.9648,0.219641
56.94016,8.9658,0.227217
56.94047,8.9744,0.220937
56.94078,8.9688,0.233201
56.94103,8.9705,0.233201
56.94134,8.9744,0.252641
56.94165,8.9621,0.221329
56.94196,8.9658,0.257729
56.94227,8.9695,0.223545
56.94258,8.9555,0.221833
56.94283,8.9781,0.221833
56.94314,8.9621,0.237785
56.94345,8.9658,0.220937
56.94376,8.9688,0.224233
56.94408,8.9641,0.259625
56.94439,8.9725,0.224441
56.94464,8.9715,0.224441
56.94495,8.9752,0.224833
56.94526,8.9695,0.253953
56.94557,8.9602,0.222433
56.94588,8.9725,0.220249
56.94613,8.9688,0.220249
56.94644,8.9688,0.254137
56.94675,8.9781,0.219641
56.94706,8.9744,0.250049
56.94737,8.9744,0.235705
56.94768,8.9734,0.218849
56.94793,8.9639,0.218849
56.94824,8.9725,0.222537
56.94855,8.9754,0.219849
56.94886,8.9762,0.220537
56.94917,8.9688,0.254537
56.94948,8.9754,0.228609
56.94974,8.9715,0.228609
56.95005,8.9715,0.215049
56.95036,8.9574,0.253641
56.95067,8.9725,0.216849
56.95098,8.9668,0.224521
56.95123,8.9734,0.224521
56.95154,8.9631,0.258625
56.95185,8.9678,0.224233
56.95216,8.9705,0.245465
56.95247,8.9631,0.256433
56.95278,8.9695,0.219537
56.95303,8.9754,0.219537
56.95334,8.9678,0.215865
56.95365,8.9631,0.222937
56.95396,8.9648,0.223441
56.95427,8.9744,0.240185
56.95458,8.9582,0.260921
56.95483,8.9648,0.260921
56.95514,8.9668,0.222145
56.95545,8.9705,0.257537
56.95577,8.9744,0.222729
56.95608,8.9668,0.221937
56.95633,8.9697,0.221937
56.95664,8.9725,0.249945
56.95695,8.9725,0.238793
56.95726,8.9695,0.217953
56.95757,8.9678,0.255537
56.95788,8.9725,0.224441
56.95813,8.9725,0.224441
56.95844,8.9678,0.223545
56.95875,8.9584,0.233009
56.95906,8.9744,0.224129
56.95937,8.9715,0.226417
56.95968,8.9631,0.255537
56.95993,8.9621,0.255537
56.96024,8.9658,0.219033
56.96055,8.9688,0.256041
56.96086,8.9705,0.228217
56.96117,8.9695,0.220433
56.96148,8.9715,0.230009
56.96174,8.9631,0.230009
56.96205,8.9801,0.254033
56.96236,8.9678,0.220849
56.96267,8.9791,0.255537
56.96298,8.9648,0.218561
56.96323,8.9705,0.218561
56.96354,8.9658,0.221329
56.96385,8.9602,0.252345
56.96416,8.9781,0.211361
56.96447,8.9734,0.207777
56.96478,8.9725,0.212361
56.96503,8.9639,0.212361
56.96534,8.9648,0.206585
56.96565,8.9688,0.211569
56.96596,8.9734,0.204185
56.96627,8.9781,0.215369
56.96658,8.9705,0.217057
56.96683,8.9695,0.217057
56.96714,8.9744,0.214969
56.96745,8.9668,0.231513
56.96777,8.9658,0.225521
56.96808,8.9688,0.219057
56.96833,8.9725,0.219057
56.96864,8.9631,0.217849
56.96895,8.9695,0.219849
56.96926,8.9725,0.217449
56.96957,8.9658,0.219033
56.96988,8.9715,0.216953
56.97013,8.9678,0.216953
56.97044,8.9678,0.219249
56.97075,8.9695,0.218449
56.97106,8.9668,0.221329
56.97137,8.9678,0.220249
56.97168,8.9631,0.231513
56.97193,8.9582,0.231513
56.97224,8.9574,0.261521
56.97255,8.9658,0.259233
56.97286,8.9648,0.219145
56.97317,8.9725,0.231617
56.97343,8.9695,0.231617
56.97374,8.9658,0.226129
56.97405,8.9725,0.211073
56.97436,8.9848,0.211281
56.97467,8.9734,0.210465
56.97498,8.9705,0.215161
56.97523,8.9688,0.215161
56.97554,8.9734,0.226025
56.97585,8.9705,0.226233
56.97616,8.9678,0.240481
56.97647,8.9639,0.239793
56.97678,8.9668,0.232513
56.97703,8.9771,0.232513
56.97734,8.9715,0.218641
56.97765,8.9744,0.218953
56.97796,8.9725,0.217241
56.97827,8.9801,0.217553
56.97852,8.9744,0.217553
56.97883,8.9752,0.217449
56.97914,8.9695,0.219937
56.97946,8.9715,0.222833
56.97977,8.9705,0.223041
56.98008,8.9791,0.226921
56.98033,8.9762,0.226921
56.98064,8.9744,0.221041
56.98095,8.9695,0.221433
56.98126,8.9715,0.223625
56.98157,8.9781,0.219953
56.98188,8.9715,0.219537
56.98213,8.9715,0.219537
56.98244,8.9648,0.225833
56.98275,8.9725,0.222041
56.98306,8.9744,0.221433
56.98337,8.9725,0.220745
56.98363,8.9688,0.220745
56.98393,8.9648,0.220937
56.98424,8.9658,0.222329
56.98455,8.9695,0.220745
56.98486,8.9771,0.222729
56.98517,8.9639,0.219745
56.98543,8.9715,0.219745
56.98574,8.9725,0.220937
56.98605,8.9705,0.222329
56.98636,8.9668,0.227633
56.98667,8.9658,0.224233
56.98692,8.9715,0.224233
56.98723,8.9744,0.224129
56.98754,8.9791,0.223625
56.98785,8.9725,0.221041
56.98816,8.9725,0.223041
56.98847,8.9715,0.230721
56.98873,8.9678,0.230721
56.98903,8.9705,0.257625
56.98934,8.9705,0.256937
56.98965,8.9602,0.216265
56.98996,8.9678,0.215657
56.99027,8.9762,0.219249
56.99053,8.9885,0.219249
56.99084,8.9725,0.209169
56.99115,8.9695,0.217953
56.99146,8.9781,0.211673
56.99177,8.9725,0.202393
56.99202,8.9715,0.202393
56.99233,8.9658,0.204497
56.99264,8.9734,0.203897
56.99295,8.9695,0.208169
56.99326,8.9705,0.208985
56.99357,8.9744,0.215953
56.99383,8.9752,0.215953
56.99413,8.9678,0.215161
56.99444,8.9631,0.234809
56.99475,8.9639,0.221041
56.99506,8.9678,0.222145
56.99537,8.9734,0.220641
56.99563,8.9791,0.220641
56.99593,8.9725,0.221329
56.99625,8.9678,0.221641
56.99656,8.9752,0.220745
56.99687,8.9688,0.224025
56.99717,8.9602,0.226025
56.99743,8.9648,0.226025
56.99774,8.9668,0.222249
56.99805,8.9695,0.219249
56.99836,8.9752,0.221833
56.99867,8.9621,0.257625
56.99893,8.9744,0.257625
56.99924,8.9715,0.266617
56.99955,8.9648,0.258937
56.99986,8.9697,0.226417
57.00016,8.9791,0.230905
57.00048,8.9648,0.232801
57.00073,8.9705,0.232801
57.00104,8.9688,0.217657
57.00135,8.9744,0.215161
57.00166,8.9688,0.212673
57.00197,8.9744,0.216657
57.00228,8.9668,0.217057
57.00253,8.9658,0.217057
57.00284,8.9762,0.228817
57.00315,8.9744,0.227633
57.00346,8.9762,0.240481
57.00377,8.9668,0.234409
57.00402,8.9752,0.234409
57.00433,8.9688,0.220041
57.00464,8.9771,0.216953
57.00495,8.9744,0.221433
57.00526,8.9688,0.220353
57.00557,8.9754,0.218849
57.00583,8.9754,0.218849
57.00614,8.9744,0.220537
57.00644,8.9705,0.220041
57.00675,8.9668,0.221537
57.00707,8.9592,0.223337
57.00738,8.9725,0.222649
57.00763,8.9744,0.222649
57.00794,8.9762,0.223233
57.00825,8.9744,0.220353
57.00856,8.9688,0.220353
57.00887,8.9725,0.219145
57.00918,8.9582,0.218345
57.00943,8.9678,0.218345
57.00974,8.9705,0.216953
57.01005,8.9715,0.220249
57.01036,8.9725,0.219249
57.01067,8.9734,0.219033
57.01093,8.9648,0.219033
57.01124,8.9734,0.219457
57.01155,8.9762,0.219249
57.01186,8.9744,0.221041
57.01217,8.9744,0.220537
57.01247,8.9668,0.215553
57.01273,8.9688,0.215553
57.01304,8.9648,0.219745
57.01335,8.9771,0.220937
57.01366,8.9688,0.219249
57.01397,8.9678,0.220537
57.01428,8.9695,0.221329
57.01453,8.9688,0.221329
57.01484,8.9648,0.220433
57.01515,8.9658,0.224129
57.01546,8.9678,0.255745
57.01577,8.9668,0.259921
57.01603,8.9725,0.259921
57.01634,8.9668,0.260025
57.01665,8.9697,0.216761
57.01696,8.9592,0.213073
57.01727,8.9658,0.213657
57.01758,8.9809,0.212073
57.01783,8.9725,0.212073
57.01814,8.9705,0.215657
57.01845,8.9705,0.218241
57.01876,8.9752,0.198697
57.01907,8.9771,0.201305
57.01932,8.9752,0.201305
57.01963,8.9744,0.201785
57.01994,8.9725,0.202889
57.02025,8.9705,0.207881
57.02056,8.9695,0.216553
57.02087,8.9678,0.227713
57.02112,8.9648,0.227713
57.02143,8.9705,0.235201
57.02175,8.9705,0.220041
57.02205,8.9668,0.226633
57.02236,8.9752,0.216761
57.02267,8.9695,0.221041
57.02293,8.9801,0.221041
57.02324,8.9781,0.222649
57.02355,8.9648,0.221249
57.02385,8.9771,0.220937
57.02417,8.9688,0.222433
57.02448,8.9715,0.221329
57.02473,8.9668,0.221329
57.02504,8.9695,0.223625
57.02535,8.9668,0.241689
57.02566,8.9678,0.260729
57.02597,8.9688,0.261025
57.02622,8.9752,0.261025
57.02653,8.9639,0.258937
57.02684,8.9678,0.216657
57.02715,8.9688,0.236993
57.02746,8.9705,0.219849
57.02777,8.9715,0.217657
57.02803,8.9639,0.217657
57.02833,8.9752,0.217161
57.02864,8.9781,0.213865
57.02895,8.9631,0.219457
57.02926,8.9611,0.226737
57.02957,8.9658,0.232113
57.02983,8.9705,0.232113
57.03013,8.9688,0.241377
57.03045,8.9695,0.231409
57.03076,8.9725,0.220537
57.03107,8.9639,0.218953
57.03138,8.9725,0.219457
57.03163,8.9781,0.219457
57.03194,8.9725,0.220353
57.03225,8.9705,0.219457
57.03256,8.9762,0.221833
57.03287,8.9875,0.220937
57.03312,8.9688,0.220937
57.03343,8.9658,0.230505
57.03374,8.9695,0.219353
57.03405,8.9582,0.222145
57.03436,8.9725,0.223129
57.03467,8.9754,0.222537
57.03493,8.9838,0.222537
57.03524,8.9744,0.225833
57.03555,8.9705,0.227129
57.03586,8.9715,0.225921
57.03616,8.9715,0.222937
57.03642,8.9648,0.222937
57.03673,8.9695,0.225337
57.03704,8.9744,0.220849
57.03735,8.9668,0.222145
57.03766,8.9658,0.222537
57.03797,8.9678,0.221641
57.03822,8.9658,0.221641
57.03853,8.9648,0.227633
57.03884,8.9715,0.221937
57.03915,8.9801,0.220641
57.03946,8.9678,0.222145
57.03977,8.9668,0.222649
57.04003,8.9668,0.222649
57.04034,8.9715,0.223129
57.04065,8.9705,0.221249
57.04095,8.9668,0.224441
57.04126,8.9695,0.222937
57.04152,8.9752,0.222937
57.04183,8.9697,0.215265
57.04214,8.9695,0.225417
57.04245,8.9639,0.259833
57.04275,8.9705,0.265009
57.04307,8.9658,0.260417
57.04332,8.9762,0.260417
57.04363,8.9771,0.231513
57.04394,8.9668,0.216265
57.04425,8.9725,0.213153
57.04456,8.9688,0.211281
57.04487,8.9838,0.220433
57.04512,8.9781,0.220433
57.04543,8.9648,0.202705
57.04575,8.9705,0.201705
57.04606,8.9678,0.204001
57.04637,8.9688,0.218057
57.04662,8.9678,0.218057
57.04693,8.9688,0.220433
57.04724,8.9678,0.229113
57.04755,8.9668,0.230505
57.04786,8.9762,0.218561
57.04817,8.9715,0.219033
57.04842,8.9762,0.219033
57.04873,8.9678,0.221145
57.04904,8.9648,0.219353
57.04935,8.9688,0.222225
57.04966,8.9744,0.225729
57.04997,8.9658,0.221433
57.05022,8.9688,0.221433
57.05053,8.9734,0.223129
57.05084,8.9725,0.217161
57.05115,8.9678,0.219353
57.05146,8.9688,0.220537
57.05177,8.9688,0.252241
57.05202,8.9648,0.252241
57.05233,8.9555,0.260129
57.05264,8.9678,0.258337
57.05295,8.9725,0.219145
57.05326,8.9715,0.230905
57.05352,8.9771,0.230905
57.05383,8.9678,0.225833
57.05414,8.9688,0.212257
57.05445,8.9602,0.212673
57.05476,8.9695,0.211969
57.05507,8.9725,0.224441
57.05532,8.9781,0.224441
57.05563,8.9648,0.214761
57.05594,8.9658,0.237185
57.05625,8.9658,0.237185
57.05656,8.9725,0.238185
57.05687,8.9697,0.230113
57.05712,8.9688,0.230113
57.05743,8.9771,0.222649
57.05774,8.9715,0.218057
57.05805,8.9734,0.219249
57.05836,8.9725,0.219353
57.05867,8.9705,0.220849
57.05892,8.9781,0.220849
57.05923,8.9809,0.218641
57.05954,8.9725,0.220041
57.05985,8.9715,0.223233
57.06016,8.9641,0.223145
57.06041,8.9658,0.223145
57.06072,8.9762,0.221249
57.06103,8.9648,0.218849
57.06134,8.9678,0.219641
57.06165,8.9678,0.219249
57.06196,8.9725,0.220433
57.06222,8.9658,0.220433
57.06253,8.9697,0.224233
57.06284,8.9734,0.221249
57.06315,8.9688,0.222145
57.06346,8.9754,0.222329
57.06377,8.9744,0.220849
57.06402,8.9725,0.220849
57.06433,8.9668,0.222225
57.06464,8.9678,0.223337
57.06495,8.9744,0.222225
57.06526,8.9668,0.218641
57.06551,8.9705,0.218641
57.06582,8.9639,0.221937
57.06613,8.9762,0.220249
57.06644,8.9658,0.219249
57.06675,8.9725,0.221745
57.06706,8.9668,0.221041
57.06732,8.9705,0.221041
57.06762,8.9734,0.222729
57.06793,8.9658,0.219953
57.06824,8.9688,0.235809
57.06855,8.9705,0.257625
57.06886,8.9592,0.258041
57.06912,8.9631,0.258041
57.06943,8.9781,0.257537
57.06974,8.9678,0.221433
57.07005,8.9695,0.219353
57.07036,8.9752,0.217241
57.07067,8.9725,0.215657
57.07092,8.9809,0.215657
57.07123,8.9639,0.220745
57.07154,8.9744,0.219641
57.07185,8.9715,0.204185
57.07216,8.9762,0.202201
57.07241,8.9762,0.202201
57.07272,8.9695,0.204689
57.07303,8.9695,0.203793
57.07334,8.9762,0.207585
57.07365,8.9715,0.219641
57.07396,8.9705,0.219953
57.07422,8.9705,0.219953
57.07452,8.9611,0.234305
57.07483,8.9801,0.219457
57.07515,8.9621,0.220433
57.07546,8.9658,0.219745
57.07577,8.9639,0.221641
57.07602,8.9762,0.221641
57.07633,8.9668,0.221041
57.07664,8.9744,0.222433
57.07695,8.9631,0.222833
57.07726,8.9574,0.225729
57.07751,8.9668,0.225729
57.07782,8.9752,0.223233
57.07813,8.9744,0.221329
57.07844,8.9648,0.223833
57.07875,8.9688,0.262321
57.07906,8.9705,0.262129
57.07931,8.9641,0.262129
57.07962,8.9725,0.258521
57.07993,8.9678,0.234305
57.08024,8.9734,0.231513
57.08055,8.9668,0.227529
57.08086,8.9621,0.214657
57.08111,8.9744,0.214657
57.08143,8.9725,0.214945
57.08174,8.9725,0.215553
57.08205,8.9771,0.229321
57.08236,8.9688,0.228321
57.08261,8.9639,0.228321
57.08292,8.9715,0.231617
57.08323,8.9658,0.242081
57.08354,8.9705,0.232409
57.08385,8.9715,0.224833
57.08416,8.9697,0.228025
57.08442,8.9734,0.228025
57.08472,8.9668,0.235601
57.08503,8.9631,0.225833
57.08534,8.9658,0.226817
57.08565,8.9697,0.262425
57.08596,8.9658,0.222041
57.08622,8.9752,0.222041
57.08653,8.9734,0.219641
57.08684,8.9688,0.254937
57.08714,8.9631,0.221433
57.08746,8.9658,0.223545
57.08771,8.9715,0.223545
57.08802,8.9639,0.254745
57.08833,8.9744,0.219145
57.08864,8.9781,0.240289
57.08895,8.9611,0.244065
57.08926,8.9678,0.220641
57.08952,8.9744,0.220641
57.08982,8.9688,0.217745
57.09013,8.9688,0.223441
57.09044,8.9762,0.218137
57.09075,8.9781,0.250161
57.09106,8.9658,0.239585
57.09132,8.9771,0.239585
57.09163,8.9781,0.216953
57.09194,8.9697,0.256833
57.09225,8.9631,0.220745
57.09256,8.9695,0.221833
57.09287,8.9752,0.252057
57.09312,8.9668,0.252057
57.09343,8.9744,0.227817
57.09374,8.9715,0.220745
57.09405,8.9762,0.252161
57.09436,8.9648,0.218561
57.09461,8.9725,0.218561
57.09492,8.9688,0.219033
57.09523,8.9695,0.221041
57.09554,8.9705,0.220145
57.09585,8.9725,0.230113
57.09616,8.9734,0.253953
57.09641,8.9688,0.253953
57.09672,8.9715,0.218449
57.09703,8.9648,0.253241
57.09734,8.9725,0.221249
57.09765,8.9611,0.220041
57.09796,8.9648,0.239001
57.09822,8.9658,0.239001
57.09853,8.9668,0.250161
57.09884,8.9639,0.223041
57.09915,8.9678,0.258521
57.09946,8.9705,0.223937
57.09971,8.9658,0.223937
57.10002,8.9678,0.218561
57.10033,8.9715,0.240977
57.10064,8.9752,0.220041
57.10095,8.9781,0.218449
57.10126,8.9648,0.255833
57.10151,8.9744,0.255833
57.10182,8.9678,0.221937
57.10213,8.9744,0.251265
57.10244,8.9725,0.236889
57.10275,8.9762,0.221537
57.10306,8.9688,0.223729
57.10332,8.9602,0.223729
57.10362,8.9678,0.255937
57.10393,8.9865,0.220537
57.10424,8.9688,0.254641
57.10455,8.9621,0.227025
57.10486,8.9734,0.225025
57.10512,8.9725,0.225025
57.10543,8.9648,0.230721
57.10574,8.9725,0.223233
57.10605,8.9668,0.228025
57.10636,8.9715,0.262817
57.10661,8.9725,0.262817
57.10692,8.9734,0.229425
57.10723,8.9668,0.236993
57.10754,8.9668,0.256729
57.10785,8.9744,0.224937
57.10816,8.9715,0.225729
57.10841,8.9688,0.225729
57.10872,8.9791,0.260817
57.10903,8.9734,0.225521
57.10934,8.9762,0.244273
57.10965,8.9744,0.245857
57.10996,8.9771,0.221041
57.11021,8.9688,0.221041
57.11247,8.9781,0.206793
57.11423,8.9639,0.212361
57.11599,8.9668,0.201201
57.11775,8.9715,0.202097
57.11951,8.9752,0.204689
57.12127,8.9705,0.201497
57.12302,8.9818,0.200993
57.12478,8.9762,0.202681
57.12498,8.9695,0.204897
57.12523,8.9781,0.200993
57.12554,8.9791,0.206689
57.12585,8.9734,0.203689
57.12616,8.9688,0.204897
57.12641,8.9725,0.204897
57.12672,8.9762,0.205185
57.12703,8.9771,0.203497
57.12734,8.9678,0.204689
57.12765,8.9705,0.203105
57.12791,8.9734,0.203105
57.12822,8.9705,0.200913
57.12853,8.9715,0.199409
57.12883,8.9658,0.201097
57.12915,8.9744,0.201809
57.12946,8.9734,0.205289
57.12971,8.9838,0.205289
57.13002,8.9705,0.200305
57.13033,8.9715,0.202889
57.13064,8.9725,0.204897
57.13095,8.9744,0.204185
57.13126,8.9762,0.196113
57.13151,8.9762,0.196113
57.13182,8.9725,0.201497
57.13214,8.9771,0.201497
57.13245,8.9801,0.203185
57.13276,8.9705,0.204497
57.13301,8.9688,0.204497
57.13332,8.9771,0.205081
57.13363,8.9771,0.204001
57.13394,8.9734,0.204793
57.13425,8.9695,0.205977
57.13456,8.9668,0.199201
57.13481,8.9668,0.199201
57.13512,8.9744,0.203289
57.13543,8.9715,0.210961
57.13574,8.9697,0.201809
57.13605,8.9678,0.200705
57.13636,8.9752,0.203689
57.13661,8.9781,0.203689
57.13692,8.9611,0.203393
57.13723,8.9535,0.202601
57.13754,8.9752,0.203105
57.13785,8.9668,0.200201
57.13811,8.9734,0.200201
57.13841,8.9639,0.201201
57.13873,8.9744,0.203897
57.13904,8.9715,0.204185
57.13935,8.9801,0.200809
57.13965,8.9781,0.202601
57.13991,8.9781,0.202601
57.14022,8.9715,0.202393
57.14053,8.9705,0.202785
57.14084,8.9791,0.202201
57.14115,8.9809,0.202993
57.14146,8.9771,0.203105
57.14171,8.9752,0.203105
57.14202,8.9697,0.200097
57.14233,8.9744,0.201305
57.14264,8.9781,0.197617
57.14295,8.9771,0.199409
57.14326,8.9697,0.199705
57.14351,8.9715,0.199705
57.14383,8.9688,0.199993
57.14414,8.9754,0.200497
57.14445,8.9875,0.201889
57.14476,8.9801,0.200993
57.14501,8.9744,0.200993
57.14532,8.9688,0.202785
57.14563,8.9725,0.199017
57.14594,8.9725,0.197697
57.14625,8.9648,0.200201
57.14656,8.9781,0.200497
57.14681,8.9752,0.200497
57.14712,8.9668,0.201305
57.14743,8.9688,0.201601
57.14774,8.9752,0.201497
57.14805,8.9885,0.200889
57.14830,8.9771,0.200889
57.14861,8.9705,0.202889
57.14892,8.9705,0.202889
57.14923,8.9781,0.200409
57.14954,8.9762,0.196617
57.14985,8.9744,0.196513
57.15011,8.9752,0.196513
57.15042,8.9648,0.208089
57.15073,8.9697,0.202601
57.15104,8.9668,0.200809
57.15135,8.9688,0.198113
57.15166,8.9781,0.200305
57.15191,8.9668,0.200305
57.15222,8.9734,0.198801
57.15253,8.9744,0.242481
57.15284,8.9801,0.201393
57.15315,8.9744,0.202201
57.15346,8.9648,0.201393
57.15371,8.9801,0.201393
57.15402,8.9828,0.203289
57.15433,8.9762,0.205081
57.15464,8.9697,0.200409
57.15495,8.9725,0.202705
57.15520,8.9801,0.202705
57.15551,8.9648,0.202201
57.15583,8.9744,0.198305
57.15614,8.9688,0.201201
57.15645,8.9734,0.204393
57.15676,8.9762,0.198801
57.15701,8.9762,0.198801
57.15732,8.9734,0.198113
57.15763,8.9668,0.200809
57.15794,8.9791,0.200705
57.15825,8.9771,0.201993
57.15856,8.9848,0.198201
57.15881,8.9762,0.198201
57.15912,8.9762,0.199489
57.15943,8.9734,0.201201
57.15974,8.9744,0.200889
57.16005,8.9752,0.200097
57.16030,8.9715,0.200097
57.16061,8.9715,0.201393
57.16092,8.9791,0.201305
57.16123,8.9658,0.203185
57.16154,8.9715,0.201889
57.16186,8.9725,0.202393
57.16211,8.9771,0.202393
57.16242,8.9781,0.204793
57.16273,8.9865,0.204393
57.16304,8.9725,0.200097
57.16335,8.9705,0.201097
57.16360,8.9762,0.201097
57.16391,8.9848,0.202705
57.16422,8.9781,0.201201
57.16453,8.9762,0.199993
57.16484,8.9781,0.201393
57.16515,8.9734,0.203497
57.16540,8.9725,0.203497
57.16571,8.9771,0.202785
57.16602,8.9848,0.202289
57.16633,8.9725,0.201705
57.16664,8.9668,0.202201
57.16695,8.9668,0.202601
57.16721,8.9648,0.202601
57.16752,8.9631,0.200097
57.16783,8.9762,0.207585
57.16814,8.9762,0.205289
57.16845,8.9771,0.206481
57.16870,8.9752,0.206481
57.16901,8.9697,0.205081
57.16932,8.9725,0.205585
57.16963,8.9705,0.205393
57.16994,8.9744,0.203601
57.17025,8.9734,0.205289
57.17050,8.9715,0.205289
57.17081,8.9725,0.202889
57.17112,8.9744,0.204289
57.17143,8.9801,0.204001
57.17174,8.9725,0.203689
57.17205,8.9705,0.204081
57.17230,8.9752,0.204081
57.17261,8.9762,0.203897
57.17292,8.9752,0.203185
57.17323,8.9771,0.205585
57.17355,8.9697,0.204897
57.17380,8.9734,0.204897
57.17411,8.9754,0.204289
57.17442,8.9801,0.205977
57.17473,8.9715,0.209065
57.17504,8.9781,0.209273
57.17535,8.9658,0.210273
57.17560,8.9752,0.210273
57.17591,8.9648,0.204897
57.17622,8.9725,0.208881
57.17653,8.9705,0.212969
57.17684,8.9781,0.204977
57.17715,8.9678,0.212569
57.17740,8.9705,0.212569
57.17771,8.9697,0.209065
57.17802,8.9705,0.211673
57.17833,8.9668,0.211865
57.17864,8.9809,0.207481
57.17895,8.9648,0.206185
57.17920,8.9781,0.206185
57.17952,8.9631,0.211281
57.17983,8.9791,0.211865
57.18014,8.9744,0.208673
57.18045,8.9688,0.210857
57.18070,8.9781,0.210857
57.18101,8.9695,0.211361
57.18132,8.9734,0.209273
57.18163,8.9678,0.212657
57.18194,8.9781,0.212177
57.18225,8.9715,0.213257
57.18250,8.9725,0.213257
57.18281,8.9809,0.210169
57.18312,8.9658,0.208273
57.18343,8.9752,0.204793
57.18374,8.9668,0.204081
57.18405,8.9781,0.204585
57.18431,8.9705,0.204585
57.18461,8.9734,0.203105
57.18492,8.9762,0.206377
57.18523,8.9725,0.207089
57.18555,8.9725,0.204001
57.18580,8.9744,0.204001
57.18611,8.9695,0.204497
57.18642,8.9705,0.202993
57.18673,8.9725,0.206585
57.18704,8.9762,0.198905
57.18735,8.9725,0.202785
57.18760,8.9744,0.202785
57.18791,8.9752,0.203497
57.18822,8.9705,0.204289
57.18853,8.9762,0.204001
57.18884,8.9838,0.206289
57.18915,8.9771,0.206481
57.18940,8.9725,0.206481
57.18971,8.9725,0.209273
57.19002,8.9818,0.208089
57.19033,8.9752,0.208089
57.19064,8.9695,0.207377
57.19095,8.9621,0.205689
57.19121,8.9705,0.205689
57.19152,8.9828,0.202785
57.19183,8.9678,0.203689
57.19214,8.9715,0.204897
57.19245,8.9688,0.205585
57.19270,8.9762,0.205585
57.19301,8.9744,0.205185
57.19332,8.9752,0.204897
57.19363,8.9725,0.205289
57.19394,8.9725,0.205873
57.19425,8.9818,0.206081
57.19450,8.9734,0.206081
57.19481,8.9611,0.206873
57.19512,8.9781,0.208481
57.19543,8.9771,0.205873
57.19574,8.9791,0.215049
57.19605,8.9658,0.207985
57.19630,8.9762,0.207985
57.19661,8.9668,0.207881
57.19692,8.9695,0.208985
57.19723,8.9744,0.209273
57.19754,8.9809,0.209961
57.19780,8.9744,0.209961
57.19811,8.9658,0.207585
57.19842,8.9658,0.207273
57.19873,8.9734,0.207585
57.19904,8.9744,0.211777
57.19935,8.9715,0.207585
57.19960,8.9705,0.207585
57.19991,8.9725,0.208377
57.20022,8.9771,0.209985
57.20053,8.9744,0.209273
57.20084,8.9639,0.208985
57.20115,8.9762,0.209881
57.20140,8.9744,0.209881
57.20171,8.9744,0.210273
57.20202,8.9658,0.210777
57.20233,8.9658,0.209377
57.20264,8.9771,0.211673
57.20289,8.9725,0.211673
57.20321,8.9688,0.214657
57.20352,8.9715,0.210273
57.20383,8.9781,0.214465
57.20414,8.9734,0.213969
57.20445,8.9639,0.215449
57.20470,8.9697,0.215449
57.20501,8.9668,0.209273
57.20532,8.9725,0.213257
57.20563,8.9754,0.210857
57.20594,8.9771,0.213465
57.20625,8.9762,0.211865
57.20650,8.9781,0.211865
57.20681,8.9695,0.212673
57.20712,8.9754,0.211177
57.20743,8.9715,0.211569
57.20774,8.9762,0.212761
57.20800,8.9744,0.212761
57.20830,8.9688,0.210169
57.20861,8.9688,0.212257
57.20892,8.9725,0.213465
57.20923,8.9658,0.209481
57.20955,8.9809,0.211465
57.20980,8.9725,0.211465
57.21011,8.9752,0.216553
57.21042,8.9818,0.213865
57.21073,8.9648,0.221537
57.21104,8.9695,0.209065
57.21135,8.9705,0.205185
57.21160,8.9705,0.205185
57.21191,8.9725,0.206289
57.21222,8.9734,0.203185
57.21253,8.9725,0.206585
57.21284,8.9752,0.201809
57.21315,8.9688,0.202289
57.21340,8.9705,0.202289
57.21371,8.9658,0.204689
57.21402,8.9809,0.204289
57.21433,8.9688,0.206873
57.21464,8.9715,0.204289
57.21489,8.9744,0.204289
57.21520,8.9631,0.205393
57.21552,8.9668,0.204001
57.21583,8.9762,0.202993
57.21614,8.9752,0.202705
57.21645,8.9725,0.204585
57.21670,8.9697,0.204585
57.21701,8.9668,0.207377
57.21732,8.9705,0.208273
57.21763,8.9705,0.207089
57.21794,8.9781,0.207985
57.21825,8.9771,0.208481
57.21850,8.9688,0.208481
57.21881,8.9705,0.204081
57.21912,8.9781,0.197801
57.21943,8.9734,0.204689
57.21974,8.9744,0.204897
57.21999,8.9771,0.204897
57.22030,8.9705,0.204585
57.22061,8.9818,0.202889
57.22092,8.9762,0.205289
57.22123,8.9791,0.206377
57.22155,8.9838,0.206481
57.22180,8.9762,0.206481
57.22211,8.9705,0.204897
57.22242,8.9678,0.205185
57.22273,8.9688,0.205481
57.22304,8.9744,0.205585
57.22329,8.9801,0.205585
57.22360,8.9695,0.204977
57.22391,8.9639,0.209273
57.22422,8.9744,0.213569
57.22453,8.9791,0.210273
57.22484,8.9695,0.205873
57.22509,8.9762,0.205873
57.22540,8.9688,0.210673
57.22571,8.9641,0.208881
57.22602,8.9752,0.207585
57.22633,8.9734,0.207881
57.22664,8.9695,0.205481
57.22690,8.9695,0.205481
57.22720,8.9762,0.210777
57.22752,8.9752,0.207273
57.22783,8.9658,0.211569
57.22814,8.9668,0.207193
57.22839,8.9752,0.207193
57.22870,8.9695,0.210777
57.22901,8.9744,0.208673
57.22932,8.9639,0.209961
57.22963,8.9678,0.210465
57.22994,8.9668,0.211073
57.23020,8.9818,0.211073
57.23050,8.9668,0.208273
57.23081,8.9641,0.214153
57.23113,8.9734,0.214553
57.23144,8.9762,0.213657
57.23175,8.9781,0.215369
57.23200,8.9668,0.215369
57.23231,8.9818,0.214361
57.23262,8.9734,0.214465
57.23293,8.9791,0.211969
57.23324,8.9611,0.210569
57.23355,8.9715,0.211073
57.23380,8.9715,0.211073
57.23411,8.9688,0.213361
57.23442,8.9809,0.211777
57.23473,8.9734,0.213657
57.23504,8.9688,0.212761
57.23529,8.9688,0.212761
57.23560,8.9734,0.213153
57.23591,8.9725,0.207377
57.23622,8.9648,0.213657
57.23653,8.9801,0.212569
57.23684,8.9678,0.212673
57.23710,8.9857,0.212673
57.23741,8.9688,0.212673
57.23772,8.9688,0.216449
57.23803,8.9688,0.215553
57.23834,8.9725,0.216449
57.23864,8.9688,0.228529
57.23890,8.9688,0.228529
57.23921,8.9715,0.228713
57.23952,8.9725,0.207985
57.23983,8.9715,0.204081
57.24014,8.9801,0.204081
57.24039,8.9734,0.204081
57.24070,8.9725,0.203689
57.24101,8.9705,0.207481
57.24132,8.9744,0.203393
57.24163,8.9648,0.205081
57.24194,8.9754,0.205289
57.24220,8.9744,0.205289
57.24250,8.9695,0.202289
57.24281,8.9688,0.204585
57.24312,8.9752,0.204185
57.24343,8.9771,0.205185
57.24374,8.9678,0.205081
57.24400,8.9648,0.205081
57.24431,8.9771,0.205481
57.24462,8.9752,0.203689
57.24492,8.9725,0.205689
57.24524,8.9648,0.207985
57.24549,8.9668,0.207985
57.24580,8.9734,0.208481
57.24611,8.9744,0.207377
57.24642,8.9658,0.206977
57.24673,8.9705,0.206185
57.24704,8.9762,0.202785
57.24730,8.9781,0.202785
57.24760,8.9688,0.202705
57.24791,8.9678,0.204185
57.24822,8.9631,0.205081
57.24853,8.9695,0.206977
57.24884,8.9688,0.205393
57.24910,8.9725,0.205393
57.24941,8.9715,0.204793
57.24972,8.9715,0.205481
57.25003,8.9688,0.206081
57.25034,8.9725,0.205081
57.25065,8.9791,0.207881
57.25090,8.9648,0.207881
57.25121,8.9781,0.201705
57.25152,8.9715,0.205585
57.25183,8.9678,0.209777
57.25214,8.9744,0.208777
57.25240,8.9631,0.208777
57.25271,8.9725,0.211465
57.25302,8.9744,0.210777
57.25333,8.9734,0.210777
57.25364,8.9771,0.208273
57.25389,8.9715,0.208273
57.25420,8.9668,0.208273
57.25451,8.9688,0.206873
57.25482,8.9688,0.205585
57.25513,8.9875,0.211569
57.25544,8.9771,0.205977
57.25569,8.9744,0.205977
57.25600,8.9734,0.208585
57.25631,8.9734,0.208481
57.25662,8.9715,0.209673
57.25693,8.9705,0.208169
57.25724,8.9705,0.208377
57.25749,8.9734,0.208377
57.25781,8.9678,0.209377
57.25812,8.9697,0.211361
57.25843,8.9771,0.208481
57.25874,8.9725,0.212257
57.25899,8.9744,0.212257
57.25930,8.9705,0.212465
57.25961,8.9705,0.213657
57.25992,8.9725,0.212761
57.26023,8.9818,0.213465
57.26054,8.9734,0.210377
57.26079,8.9734,0.210377
57.26110,8.9725,0.209273
57.26141,8.9725,0.212569
57.26172,8.9715,0.209961
57.26203,8.9725,0.212465
57.26234,8.9734,0.210673
57.26259,8.9697,0.210673
57.26290,8.9678,0.212865
57.26321,8.9705,0.210569
57.26352,8.9715,0.212673
57.26384,8.9688,0.213761
57.26409,8.9621,0.213761
57.26440,8.9744,0.211865
57.26471,8.9658,0.212761
57.26502,8.9658,0.215265
57.26533,8.9734,0.214153
57.26564,8.9658,0.214049
57.26589,8.9744,0.214049
57.26620,8.9725,0.216057
57.26651,8.9752,0.216345
57.26682,8.9648,0.218241
57.26713,8.9705,0.223233
57.26744,8.9752,0.206481
57.26769,8.9688,0.206481
57.26800,8.9715,0.204497
57.26831,8.9602,0.202393
57.26862,8.9695,0.203793
57.26893,8.9781,0.204185
57.26924,8.9744,0.204393
57.26949,8.9688,0.204393
57.26980,8.9762,0.203601
57.27012,8.9678,0.204081
57.27043,8.9688,0.203793
57.27074,8.9688,0.202993
57.27099,8.9725,0.202993
57.27130,8.9688,0.203793
57.27161,8.9697,0.204001
57.27192,8.9818,0.202097
57.27223,8.9715,0.203393
57.27254,8.9781,0.205585
57.27279,8.9621,0.205585
57.27310,8.9801,0.206081
57.27341,8.9695,0.206689
57.27372,8.9744,0.206481
57.27403,8.9705,0.208985
57.27434,8.9801,0.207089
57.27459,8.9725,0.207089
57.27490,8.9734,0.203793
57.27521,8.9762,0.202393
57.27552,8.9725,0.204689
57.27583,8.9705,0.206289
57.27609,8.9705,0.206289
57.27640,8.9754,0.202497
57.27671,8.9688,0.204585
57.27702,8.9668,0.207585
57.27733,8.9715,0.206793
57.27764,8.9725,0.205585
57.27789,8.9895,0.205585
57.27820,8.9725,0.205289
57.27851,8.9715,0.206793
57.27882,8.9762,0.204185
57.27913,8.9725,0.207481
57.27944,8.9695,0.206289
57.27969,8.9658,0.206289
57.28000,8.9848,0.208985
57.28031,8.9715,0.211865
57.28062,8.9801,0.208881
57.28093,8.9752,0.207881
57.28124,8.9668,0.209377
57.28149,8.9621,0.209377
57.28181,8.9668,0.207377
57.28212,8.9658,0.207585
57.28243,8.9668,0.206185
57.28274,8.9752,0.208169
57.28299,8.9678,0.208169
57.28330,8.9762,0.210273
57.28361,8.9771,0.208985
57.28392,8.9781,0.209777
57.28423,8.9688,0.208777
57.28454,8.9678,0.210465
57.28479,8.9725,0.210465
57.28510,8.9791,0.206377
57.28541,8.9695,0.209481
57.28572,8.9705,0.210377
57.28603,8.9715,0.209961
57.28634,8.9828,0.209961
57.28659,8.9744,0.209961
57.28690,8.9734,0.211969
57.28721,8.9668,0.213569
57.28752,8.9754,0.214761
57.28784,8.9715,0.213761
57.28809,8.9695,0.213761
57.28840,8.9762,0.211361
57.28871,8.9791,0.212073
57.28902,8.9725,0.210857
57.28933,8.9744,0.212257
57.28964,8.9725,0.209961
57.28989,8.9734,0.209961
57.29020,8.9658,0.211361
57.29051,8.9734,0.211777
57.29082,8.9762,0.211073
57.29113,8.9641,0.210857
57.29138,8.9762,0.210857
57.29169,8.9678,0.212969
57.29200,8.9668,0.214465
57.29231,8.9658,0.210273
57.29262,8.9752,0.212761
57.29293,8.9762,0.211465
57.29318,8.9697,0.211465
57.29350,8.9695,0.212177
57.29381,8.9668,0.215161
57.29412,8.9744,0.216849
57.29443,8.9688,0.215761
57.29474,8.9791,0.217345
57.29499,8.9725,0.217345
57.29530,8.9695,0.214257
57.29561,8.9801,0.208777
57.29592,8.9725,0.205289
57.29623,8.9705,0.202889
57.29648,8.9725,0.202889
57.29679,8.9809,0.204289
57.29710,8.9762,0.204793
57.29741,8.9781,0.205689
57.29772,8.9734,0.204289
57.29803,8.9754,0.203793
57.29828,8.9695,0.203793
57.29859,8.9705,0.204497
57.29890,8.9801,0.203289
57.29921,8.9771,0.202993
57.29952,8.9725,0.204689
57.29984,8.9688,0.202889
57.30009,8.9688,0.202889
57.30040,8.9791,0.204689
57.30071,8.9725,0.207273
57.30102,8.9688,0.206481
57.30133,8.9695,0.206873
57.30164,8.9715,0.207585
57.30189,8.9648,0.207585
57.30220,8.9762,0.208169
57.30251,8.9688,0.208481
57.30282,8.9725,0.204289
57.30313,8.9705,0.208673
57.30338,8.9725,0.208673
57.30369,8.9762,0.205185
57.30400,8.9648,0.204393
57.30431,8.9725,0.206873
57.30462,8.9668,0.205689
57.30493,8.9791,0.204081
57.30518,8.9715,0.204081
57.30549,8.9781,0.205185
57.30581,8.9688,0.207089
57.30612,8.9725,0.208089
57.30643,8.9688,0.206585
57.30674,8.9734,0.204497
57.30699,8.9725,0.204497
57.30730,8.9715,0.207273
57.30761,8.9715,0.207089
57.30792,8.9725,0.213761
57.30823,8.9695,0.212073
57.30848,8.9744,0.212073
57.30879,8.9809,0.211177
57.30910,8.9781,0.209881
57.30941,8.9828,0.210569
57.30972,8.9688,0.207585
57.31003,8.9705,0.207481
57.31028,8.9668,0.207481
57.31059,8.9734,0.209569
57.31090,8.9771,0.208585
57.31121,8.9688,0.210673
57.31152,8.9705,0.210065
57.31184,8.9762,0.209569
57.31209,8.9688,0.209569
57.31240,8.9688,0.209065
57.31271,8.9678,0.207881
57.31302,8.9762,0.210065
57.31333,8.9744,0.210777
57.31358,8.9781,0.210777
57.31389,8.9705,0.209569
57.31420,8.9771,0.209481
57.31451,8.9648,0.208089
57.31482,8.9744,0.215553
57.31513,8.9771,0.211569
57.31538,8.9771,0.211569
57.31569,8.9762,0.214049
57.31600,8.9705,0.213569
57.31631,8.9705,0.217161
57.31662,8.9725,0.215449
57.31693,8.9705,0.212073
57.31719,8.9688,0.212073
57.31750,8.9762,0.212569
57.31781,8.9744,0.213657
57.31812,8.9715,0.210273
57.31843,8.9688,0.211865
57.31868,8.9602,0.211865
57.31899,8.9771,0.211177
57.31930,8.9678,0.213361
57.31961,8.9631,0.211865
57.31992,8.9762,0.210377
57.32023,8.9771,0.216345
57.32048,8.9678,0.216345
57.32079,8.9688,0.213761
57.32110,8.9781,0.212865
57.32141,8.9818,0.213465
57.32172,8.9734,0.215265
57.32203,8.9791,0.215865
57.32228,8.9734,0.215865
57.32259,8.9668,0.215049
57.32290,8.9648,0.225521
57.32321,8.9734,0.217345
57.32352,8.9715,0.227921
57.32383,8.9828,0.226233
57.32409,8.9725,0.226233
57.32440,8.9744,0.204977
57.32471,8.9695,0.204977
57.32502,8.9688,0.203689
57.32533,8.9705,0.205481
57.32558,8.9762,0.205481
57.32589,8.9725,0.204081
57.32620,8.9715,0.205585
57.32651,8.9725,0.203393
57.32682,8.9641,0.204185
57.32713,8.9705,0.205689
57.32738,8.9668,0.205689
57.32769,8.9781,0.205689
57.32800,8.9791,0.203897
57.32831,8.9705,0.205689
57.32862,8.9715,0.205977
57.32893,8.9725,0.204689
57.32918,8.9658,0.204689
57.32949,8.9621,0.207985
57.32981,8.9715,0.207089
57.33012,8.9752,0.207985
57.33043,8.9762,0.209673
57.33068,8.9762,0.209673
57.33099,8.9744,0.205689
57.33130,8.9752,0.203497
57.33161,8.9734,0.204793
57.33192,8.9688,0.204689
57.33223,8.9801,0.206481
57.33248,8.9754,0.206481
57.33279,8.9668,0.205481
57.33310,8.9658,0.203497
57.33341,8.9725,0.206793
57.33372,8.9762,0.205481
57.33403,8.9688,0.203601
57.33428,8.9688,0.203601
57.33459,8.9734,0.205081
57.33490,8.9648,0.206377
57.33521,8.9801,0.202601
57.33552,8.9715,0.205897
57.33578,8.9744,0.205897
57.33609,8.9734,0.203185
57.33640,8.9762,0.210777
57.33671,8.9818,0.209065
57.33702,8.9705,0.210273
57.33733,8.9648,0.211281
57.33758,8.9648,0.211281
57.33789,8.9762,0.209273
57.33820,8.9771,0.208673
57.33851,8.9695,0.208777
57.33882,8.9639,0.208585
57.33913,8.9668,0.207881
57.33938,8.9688,0.207881
57.33969,8.9648,0.211177
57.34000,8.9668,0.208985
57.34031,8.9762,0.208985
57.34062,8.9725,0.209961
57.34093,8.9695,0.207273
57.34118,8.9791,0.207273
57.34149,8.9639,0.208881
57.34181,8.9705,0.209777
57.34212,8.9781,0.209881
57.34243,8.9848,0.210569
57.34268,8.9744,0.210569
57.34299,8.9715,0.211673
57.34330,8.9697,0.213657
57.34361,8.9781,0.213569
57.34392,8.9658,0.208273
57.34423,8.9688,0.211777
57.34448,8.9678,0.211777
57.34479,8.9734,0.213657
57.34510,8.9668,0.209777
57.34541,8.9695,0.208377
57.34572,8.9697,0.210377
57.34603,8.9734,0.211777
57.34628,8.9715,0.211777
57.34659,8.9695,0.209881
57.34690,8.9725,0.212257
57.34721,8.9611,0.210961
57.34752,8.9631,0.210777
57.34783,8.9715,0.212761
57.34809,8.9781,0.212761
57.34839,8.9688,0.209881
57.34870,8.9752,0.210569
57.34901,8.9762,0.213969
57.34932,8.9744,0.213361
57.34958,8.9818,0.213361
57.34989,8.9809,0.213569
57.35019,8.9658,0.215369
57.35050,8.9631,0.215657
57.35082,8.9752,0.215449
57.35113,8.9744,0.215049
57.35138,8.9771,0.215049
57.35169,8.9725,0.216345
57.35200,8.9688,0.214553
57.35231,8.9754,0.204393
57.35262,8.9734,0.204793
57.35293,8.9592,0.206377
57.35318,8.9631,0.206377
57.35349,8.9744,0.203105
57.35381,8.9648,0.202289
57.35412,8.9744,0.205481
57.35442,8.9705,0.204689
57.35468,8.9648,0.204689
57.35499,8.9791,0.205585
57.35530,8.9668,0.204081
57.35561,8.9818,0.204081
57.35592,8.9715,0.205289
57.35623,8.9688,0.207089
57.35648,8.9791,0.207089
57.35679,8.9668,0.204793
57.35710,8.9744,0.207273
57.35741,8.9705,0.209777
57.35772,8.9715,0.207481
57.35803,8.9658,0.208273
57.35828,8.9705,0.208273
57.35859,8.9752,0.207585
57.35890,8.9734,0.206185
57.35921,8.9705,0.204393
57.35952,8.9678,0.205289
57.35977,8.9762,0.205289
57.36008,8.9762,0.202393
57.36039,8.9715,0.205289
57.36070,8.9678,0.205689
57.36101,8.9752,0.206289
57.36132,8.9744,0.205689
57.36157,8.9678,0.205689
57.36189,8.9695,0.205185
57.36220,8.9801,0.206585
57.36251,8.9791,0.204185
57.36281,8.9715,0.206289
57.36312,8.9668,0.202993
57.36338,8.9725,0.202993
57.36369,8.9658,0.207689
57.36400,8.9678,0.208377
57.36431,8.9762,0.208585
57.36462,8.9705,0.209377
57.36493,8.9582,0.211969
57.36518,8.9678,0.211969
57.36549,8.9725,0.211073
57.36580,8.9678,0.209673
57.36611,8.9791,0.206873
57.36642,8.9762,0.209065
57.36668,8.9658,0.209065
57.36699,8.9744,0.207089
57.36730,8.9688,0.208169
57.36761,8.9744,0.209777
57.36792,8.9705,0.207689
57.36823,8.9762,0.209569
57.36854,8.9725,0.209481
57.36879,8.9734,0.209481
57.36910,8.9688,0.209569
57.36941,8.9678,0.208881
57.36972,8.9725,0.209961
57.37003,8.9648,0.210465
57.37034,8.9631,0.210169
57.37059,8.9781,0.210169
57.37090,8.9639,0.211073
57.37121,8.9705,0.211865
57.37152,8.9734,0.213761
57.37183,8.9752,0.213657
57.37208,8.9688,0.213657
57.37240,8.9678,0.214553
57.37271,8.9752,0.210777
57.37301,8.9705,0.209881
57.37332,8.9678,0.214049
57.37363,8.9648,0.211361
57.37389,8.9734,0.211361
57.37420,8.9725,0.212569
57.37451,8.9744,0.210777
57.37482,8.9678,0.212969
57.37513,8.9781,0.210961
57.37543,8.9725,0.213073
57.37569,8.9791,0.213073
57.37600,8.9752,0.211969
57.37631,8.9695,0.212569
57.37662,8.9705,0.211569
57.37693,8.9744,0.212177
57.37724,8.9695,0.210673
57.37749,8.9631,0.210673
57.37780,8.9658,0.215049
57.37811,8.9725,0.217849
57.37843,8.9744,0.214945
57.37874,8.9781,0.215369
57.37899,8.9705,0.215369
57.37930,8.9781,0.214657
57.37961,8.9752,0.217241
57.37992,8.9564,0.223833
57.38023,8.9715,0.204897
57.38054,8.9725,0.205081
57.38079,8.9781,0.205081
57.38110,8.9725,0.205793
57.38141,8.9734,0.203897
57.38172,8.9734,0.204689
57.38203,8.9801,0.203497
57.38234,8.9582,0.204185
57.38259,8.9781,0.204185
57.38290,8.9668,0.206081
57.38321,8.9762,0.206081
57.38352,8.9725,0.205185
57.38383,8.9791,0.205689
57.38409,8.9695,0.205689
57.38440,8.9564,0.205873
57.38470,8.9668,0.209481
57.38502,8.9781,0.207089
57.38533,8.9688,0.208585
57.38564,8.9744,0.208585
57.38589,8.9725,0.208585
57.38620,8.9688,0.207481
57.38651,8.9705,0.209481
57.38682,8.9658,0.205393
57.38713,8.9781,0.207089
57.38744,8.9734,0.205081
57.38769,8.9658,0.205081
57.38800,8.9668,0.205481
57.38831,8.9752,0.205393
57.38862,8.9734,0.205689
57.38893,8.9791,0.206977
57.38918,8.9715,0.206977
57.38949,8.9771,0.208169
57.38981,8.9715,0.207881
57.39012,8.9648,0.205289
57.39043,8.9754,0.205393
57.39074,8.9592,0.209065
57.39099,8.9678,0.209065
57.39130,8.9809,0.210777
57.39161,8.9744,0.208273
57.39192,8.9725,0.209169
57.39223,8.9771,0.212865
57.39248,8.9744,0.212865
57.39279,8.9611,0.210857
57.39310,8.9695,0.209065
57.39341,8.9734,0.212177
57.39372,8.9678,0.208169
57.39403,8.9705,0.208377
57.39428,8.9752,0.208377
57.39459,8.9705,0.205873
57.39490,8.9744,0.208985
57.39521,8.9725,0.209777
57.39552,8.9688,0.206873
57.39583,8.9752,0.205481
57.39609,8.9744,0.205481
57.39640,8.9678,0.206977
57.39671,8.9715,0.210961
57.39702,8.9744,0.207689
57.39732,8.9658,0.209777
57.39764,8.9668,0.208273
57.39789,8.9744,0.208273
57.39820,8.9688,0.210673
57.39851,8.9744,0.208585
57.39882,8.9734,0.213257
57.39913,8.9688,0.213257
57.39938,8.9705,0.213257
57.39969,8.9791,0.214865
57.40000,8.9801,0.213361
57.40031,8.9631,0.213465
57.40062,8.9688,0.212177
57.40093,8.9734,0.210857
57.40118,8.9752,0.210857
57.40149,8.9697,0.210169
57.40180,8.9688,0.212969
57.40212,8.9678,0.210569
57.40242,8.9668,0.212465
57.40273,8.9771,0.212657
57.40299,8.9715,0.212657
57.40330,8.9668,0.212177
57.40360,8.9639,0.212361
57.40392,8.9695,0.206585
57.40423,8.9781,0.215049
57.40448,8.9734,0.215049
57.40479,8.9705,0.212257
57.40510,8.9668,0.212673
57.40541,8.9781,0.211569
57.40572,8.9705,0.217449
57.40603,8.9668,0.215265
57.40628,8.9695,0.215265
57.40659,8.9688,0.215049
57.40690,8.9688,0.218345
57.40721,8.9801,0.215553
57.40752,8.9631,0.218561
57.40783,8.9705,0.226233
57.40809,8.9744,0.226233
57.40840,8.9734,0.202993
57.40871,8.9688,0.205001
57.40902,8.9639,0.204289
57.40933,8.9658,0.204081
57.40958,8.9725,0.204081
57.40989,8.9744,0.204497
57.41020,8.9781,0.203689
57.41051,8.9801,0.200993
57.41264,8.9762,0.206185
57.41440,8.9725,0.202097
57.41616,8.9678,0.207089
57.41792,8.9734,0.205393
57.41968,8.9752,0.207777
57.42143,8.9725,0.209881
57.42319,8.9791,0.201201
57.42495,8.9754,0.209169
57.42520,8.9621,0.211569
57.42551,8.9762,0.209377
57.42582,8.9744,0.208169
57.42607,8.9828,0.208169
57.42638,8.9734,0.208585
57.42669,8.9744,0.209273
57.42700,8.9725,0.212257
57.42731,8.9744,0.212465
57.42762,8.9818,0.210065
57.42788,8.9734,0.210065
57.42819,8.9695,0.213361
57.42850,8.9762,0.215161
57.42881,8.9678,0.209569
57.42912,8.9734,0.208673
57.42943,8.9809,0.210465
57.42968,8.9705,0.210465
57.42999,8.9715,0.210777
57.43030,8.9705,0.210961
57.43061,8.9631,0.210961
57.43092,8.9725,0.210273
57.43123,8.9734,0.211569
57.43148,8.9734,0.211569
57.43179,8.9744,0.212177
57.43210,8.9715,0.212073
57.43241,8.9744,0.212673
57.43272,8.9744,0.213073
57.43303,8.9668,0.210169
57.43328,8.9688,0.210169
57.43359,8.9801,0.212257
57.43391,8.9744,0.214553
57.43422,8.9734,0.217745
57.43453,8.9791,0.215953
57.43478,8.9631,0.215953
57.43509,8.9668,0.216345
57.43540,8.9658,0.216849
57.43571,8.9668,0.212073
57.43602,8.9715,0.228217
57.43633,8.9658,0.205393
57.43658,8.9648,0.205393
57.43689,8.9744,0.205081
57.43720,8.9715,0.204585
57.43751,8.9648,0.203793
57.43782,8.9688,0.202393
57.43807,8.9705,0.202393
57.43838,8.9705,0.203105
57.43869,8.9725,0.206289
57.43900,8.9725,0.205689
57.43931,8.9744,0.203897
57.43962,8.9688,0.204497
57.43988,8.9818,0.204497
57.44019,8.9668,0.204897
57.44050,8.9744,0.206185
57.44081,8.9695,0.207881
57.44112,8.9705,0.208169
57.44137,8.9725,0.208169
57.44168,8.9762,0.208481
57.44199,8.9725,0.209673
57.44230,8.9678,0.207089
57.44261,8.9705,0.207881
57.44292,8.9715,0.202889
57.44318,8.9725,0.202889
57.44349,8.9705,0.205185
57.44380,8.9678,0.207273
57.44411,8.9715,0.204793
57.44441,8.9648,0.206289
57.44473,8.9791,0.202601
57.44498,8.9744,0.202601
57.44529,8.9695,0.205689
57.44560,8.9725,0.205873
57.44591,8.9828,0.204001
57.44622,8.9697,0.205793
57.44647,8.9658,0.205793
57.44678,8.9695,0.207777
57.44709,8.9705,0.206873
57.44740,8.9752,0.205289
57.44771,8.9781,0.209673
57.44802,8.9631,0.207777
57.44828,8.9744,0.207777
57.44859,8.9744,0.211073
57.44889,8.9734,0.209169
57.44920,8.9688,0.209273
57.44952,8.9658,0.210857
57.44983,8.9754,0.207377
57.45008,8.9725,0.207377
57.45039,8.9715,0.207881
57.45070,8.9695,0.206481
57.45101,8.9734,0.208273
57.45132,8.9688,0.207193
57.45163,8.9705,0.207481
57.45188,8.9801,0.207481
57.45220,8.9781,0.207985
57.45251,8.9611,0.211073
57.45282,8.9688,0.207481
57.45312,8.9801,0.208273
57.45338,8.9697,0.208273
57.45369,8.9838,0.209569
57.45400,8.9715,0.210377
57.45431,8.9648,0.210777
57.45462,8.9818,0.207273
57.45493,8.9611,0.212257
57.45518,8.9715,0.212257
57.45549,8.9697,0.213465
57.45580,8.9688,0.214049
57.45611,8.9688,0.212361
57.45642,8.9688,0.214657
57.45667,8.9715,0.214657
57.45698,8.9762,0.210569
57.45729,8.9771,0.210857
57.45760,8.9668,0.209569
57.45791,8.9744,0.210777
57.45822,8.9734,0.211673
57.45847,8.9725,0.211673
57.45879,8.9725,0.211177
57.45910,8.9688,0.211361
57.45941,8.9762,0.210673
57.45971,8.9715,0.211073
57.46003,8.9828,0.206481
57.46028,8.9781,0.206481
57.46059,8.9592,0.210961
57.46090,8.9688,0.212465
57.46121,8.9678,0.212569
57.46152,8.9688,0.214465
57.46183,8.9695,0.215657
57.46208,8.9658,0.215657
57.46239,8.9752,0.214257
57.46270,8.9648,0.215953
57.46301,8.9752,0.215553
57.46332,8.9725,0.214049
57.46357,8.9734,0.214049
57.46388,8.9668,0.215553
57.46419,8.9744,0.224625
57.46450,8.9875,0.205585
57.46481,8.9752,0.204689
57.46512,8.9725,0.206289
57.46538,8.9725,0.206289
57.46568,8.9771,0.205793
57.46599,8.9734,0.205585
57.46630,8.9752,0.205977
57.46661,8.9771,0.205289
57.46692,8.9734,0.206185
57.46718,8.9705,0.206185
57.46749,8.9771,0.205689
57.46780,8.9781,0.205001
57.46811,8.9725,0.204185
57.46842,8.9771,0.207273
57.46867,8.9725,0.207273
57.46898,8.9734,0.208273
57.46929,8.9734,0.209569
57.46960,8.9705,0.208169
57.46991,8.9734,0.209673
57.47022,8.9695,0.210273
57.47048,8.9744,0.210273
57.47079,8.9688,0.207985
57.47110,8.9715,0.204497
57.47141,8.9668,0.206977
57.47172,8.9734,0.205481
57.47197,8.9818,0.205481
57.47228,8.9762,0.207585
57.47259,8.9715,0.206481
57.47290,8.9715,0.206289
57.47321,8.9734,0.208777
57.47352,8.9725,0.205081
57.47377,8.9715,0.205081
57.47408,8.9791,0.207377
57.47439,8.9762,0.206585
57.47470,8.9781,0.204585
57.47501,8.9695,0.209569
57.47532,8.9752,0.208273
57.47557,8.9688,0.208273
57.47588,8.9688,0.208985
57.47619,8.9752,0.209377
57.47650,8.9688,0.210377
57.47681,8.9658,0.208985
57.47712,8.9678,0.210065
57.47737,8.9631,0.210065
57.47768,8.9838,0.210465
57.47799,8.9621,0.208881
57.47830,8.9678,0.208673
57.47861,8.9658,0.207689
57.47887,8.9705,0.207689
57.47918,8.9838,0.207481
57.47949,8.9752,0.210065
57.47980,8.9705,0.210169
57.48011,8.9734,0.208673
57.48042,8.9781,0.211281
57.48067,8.9781,0.211281
57.48098,8.9809,0.210377
57.48129,8.9791,0.208089
57.48160,8.9705,0.208273
57.48191,8.9791,0.209569
57.48222,8.9695,0.209169
57.48248,8.9695,0.209169
57.48279,8.9668,0.209481
57.48309,8.9771,0.213257
57.48340,8.9688,0.213465
57.48371,8.9688,0.214257
57.48397,8.9668,0.214257
57.48428,8.9752,0.213865
57.48459,8.9658,0.214553
57.48490,8.9715,0.211673
57.48521,8.9734,0.211281
57.48552,8.9705,0.211465
57.48577,8.9648,0.211465
57.48608,8.9734,0.213153
57.48639,8.9705,0.212657
57.48670,8.9734,0.212465
57.48701,8.9705,0.212073
57.48732,8.9762,0.211865
57.48757,8.9791,0.211865
57.48788,8.9705,0.211865
57.48819,8.9744,0.217849
57.48850,8.9695,0.213465
57.48881,8.9725,0.212761
57.48912,8.9754,0.214465
57.48937,8.9715,0.214465
57.48968,8.9715,0.213761
57.48999,8.9695,0.217241
57.49030,8.9762,0.216761
57.49061,8.9771,0.215449
57.49087,8.9648,0.215449
57.49118,8.9725,0.218137
57.49148,8.9838,0.216953
57.49179,8.9762,0.213865
57.49210,8.9754,0.211465
57.49241,8.9715,0.211465
57.49267,8.9752,0.211465
57.49298,8.9818,0.205689
57.49329,8.9791,0.204897
57.49360,8.9771,0.204185
57.49391,8.9744,0.205793
57.49422,8.9668,0.205793
57.49447,8.9838,0.205793
57.49478,8.9734,0.206289
57.49509,8.9762,0.204393
57.49540,8.9781,0.208273
57.49571,8.9734,0.204977
57.49596,8.9611,0.204977
57.49627,8.9762,0.204497
57.49658,8.9678,0.205585
57.49689,8.9705,0.209065
57.49720,8.9705,0.209089
57.49751,8.9725,0.208481
57.49777,8.9809,0.208481
57.49807,8.9734,0.209169
57.49839,8.9744,0.209961
57.49870,8.9781,0.204289
57.49901,8.9781,0.203393
57.49932,8.9715,0.204793
57.49957,8.9734,0.204793
57.49988,8.9725,0.205185
57.50019,8.9762,0.206585
57.50050,8.9695,0.205393
57.50081,8.9809,0.206185
57.50106,8.9762,0.206185
57.50137,8.9791,0.204689
57.50168,8.9734,0.206585
57.50199,8.9801,0.205585
57.50230,8.9697,0.205977
57.50261,8.9695,0.210673
57.50287,8.9771,0.210673
57.50318,8.9734,0.208089
57.50349,8.9734,0.204897
57.50380,8.9762,0.206977
57.50411,8.9725,0.207985
57.50442,8.9715,0.211865
57.50467,8.9762,0.211865
57.50498,8.9875,0.209089
57.50529,8.9781,0.210169
57.50560,8.9697,0.208481
57.50591,8.9688,0.209169
57.50616,8.9734,0.209169
57.50647,8.9725,0.208777
57.50678,8.9744,0.207377
57.50709,8.9734,0.208881
57.50740,8.9762,0.207881
57.50771,8.9725,0.207881
57.50797,8.9762,0.207881
57.50828,8.9744,0.207481
57.50859,8.9678,0.207881
57.50889,8.9752,0.209481
57.50920,8.9695,0.209481
57.50951,8.9715,0.208377
57.50977,8.9744,0.208377
57.51008,8.9668,0.208881
57.51039,8.9631,0.210065
57.51070,8.9592,0.212569
57.51101,8.9705,0.214257
57.51132,8.9715,0.211673
57.51157,8.9744,0.211673
57.51188,8.9648,0.213361
57.51219,8.9715,0.210857
57.51250,8.9631,0.213761
57.51281,8.9744,0.211073
57.51307,8.9715,0.211073
57.51338,8.9678,0.210673
57.51369,8.9695,0.210569
57.51400,8.9725,0.211073
57.51431,8.9648,0.211465
57.51462,8.9734,0.213657
57.51487,8.9715,0.213657
57.51518,8.9734,0.212257
57.51549,8.9734,0.212465
57.51580,8.9725,0.213257
57.51611,8.9705,0.213153
57.51642,8.9725,0.212569
57.51667,8.9715,0.212569
57.51698,8.9678,0.207481
57.51729,8.9715,0.214153
57.51760,8.9734,0.213465
57.51791,8.9705,0.216449
57.51816,8.9695,0.216449
57.51847,8.9725,0.215265
57.51878,8.9734,0.217657
57.51909,8.9762,0.215449
57.51940,8.9744,0.216161
57.51971,8.9688,0.214657
57.51997,8.9697,0.214657
57.52028,8.9715,0.212177
57.52059,8.9658,0.203793
57.52090,8.9688,0.205289
57.52121,8.9744,0.204001
57.52151,8.9715,0.205585
57.52177,8.9752,0.205585
57.52208,8.9771,0.204977
57.52239,8.9791,0.204001
57.52270,8.9715,0.204393
57.52301,8.9744,0.208377
57.52332,8.9762,0.205793
57.52357,8.9781,0.205793
57.52388,8.9715,0.203393
57.52419,8.9658,0.205481
57.52450,8.9688,0.206793
57.52481,8.9715,0.208481
57.52507,8.9715,0.208481
57.52538,8.9695,0.207689
57.52569,8.9688,0.206873
57.52599,8.9668,0.209273
57.52631,8.9705,0.206793
57.52662,8.9668,0.207985
57.52687,8.9715,0.207985
57.52718,8.9688,0.205289
57.52749,8.9762,0.204977
57.52780,8.9744,0.206481
57.52811,8.9762,0.204081
57.52842,8.9744,0.203897
57.52867,8.9771,0.203897
57.52898,8.9734,0.205873
57.52929,8.9744,0.203601
57.52960,8.9688,0.206185
57.52991,8.9678,0.206481
57.53017,8.9762,0.206481
57.53048,8.9791,0.204585
57.53078,8.9734,0.204897
57.53110,8.9762,0.205793
57.53141,8.9668,0.204497
57.53172,8.9688,0.209961
57.53197,8.9725,0.209961
57.53228,8.9771,0.208673
57.53259,8.9611,0.209777
57.53290,8.9725,0.210569
57.53321,8.9725,0.210169
57.53352,8.9695,0.208881
57.53377,8.9695,0.208881
57.53408,8.9734,0.207089
57.53439,8.9705,0.207481
57.53470,8.9801,0.209089
57.53501,8.9631,0.207089
57.53526,8.9725,0.207089
57.53557,8.9725,0.206977
57.53589,8.9668,0.207585
57.53620,8.9744,0.207777
57.53651,8.9658,0.208089
57.53681,8.9771,0.207689
57.53707,8.9574,0.207689
57.53738,8.9744,0.208169
57.53769,8.9734,0.209881
57.53800,8.9781,0.209273
57.53831,8.9791,0.208089
57.53856,8.9725,0.208089
57.53887,8.9695,0.208985
57.53918,8.9771,0.213073
57.53949,8.9752,0.213465
57.53980,8.9705,0.213073
57.54011,8.9631,0.213465
57.54036,8.9752,0.213465
57.54067,8.9801,0.212177
57.54098,8.9734,0.210169
57.54129,8.9631,0.210465
57.54160,8.9658,0.210377
57.54191,8.9639,0.210673
57.54217,8.9725,0.210673
57.54248,8.9734,0.210377
57.54279,8.9762,0.210465
57.54310,8.9744,0.211465
57.54340,8.9688,0.212073
57.54372,8.9658,0.209481
57.54397,8.9705,0.209481
57.54428,8.9631,0.212257
57.54459,8.9725,0.213153
57.54490,8.9781,0.209881
57.54521,8.9754,0.212761
57.54546,8.9611,0.212761
57.54577,8.9658,0.212257
57.54608,8.9678,0.215265
57.54639,8.9725,0.216553
57.54670,8.9668,0.214945
57.54701,8.9734,0.215553
57.54726,8.9648,0.215553
57.54757,8.9715,0.213257
57.54788,8.9658,0.215657
57.54819,8.9688,0.222225
57.54850,8.9695,0.205793
57.54881,8.9678,0.203689
57.54907,8.9762,0.203689
57.54938,8.9771,0.205977
57.54968,8.9668,0.205393
57.55000,8.9658,0.205289
57.55031,8.9734,0.200305
57.55056,8.9668,0.200305
57.55087,8.9762,0.205977
57.55118,8.9744,0.214657
57.55149,8.9801,0.205689
57.55180,8.9744,0.207777
57.55211,8.9715,0.205289
57.55236,8.9688,0.205289
57.55267,8.9734,0.204689
57.55298,8.9744,0.207585
57.55329,8.9648,0.208985
57.55360,8.9752,0.206793
57.55391,8.9668,0.207777
57.55416,8.9715,0.207777
57.55447,8.9818,0.208273
57.55478,8.9801,0.205977
57.55509,8.9688,0.206081
57.55540,8.9658,0.205185
57.55571,8.9754,0.205689
57.55597,8.9678,0.205689
57.55627,8.9818,0.206481
57.55659,8.9734,0.206377
57.55690,8.9697,0.203393
57.55721,8.9697,0.205873
57.55746,8.9857,0.205873
57.55777,8.9754,0.204793
57.55808,8.9744,0.206585
57.55839,8.9725,0.203689
57.55870,8.9715,0.205793
57.55901,8.9688,0.206873
57.55926,8.9705,0.206873
57.55957,8.9725,0.206873
57.55988,8.9734,0.206977
57.56019,8.9705,0.210065
57.56050,8.9725,0.210273
57.56081,8.9715,0.209273
57.56106,8.9809,0.209273
57.56137,8.9725,0.210857
57.56168,8.9695,0.208481
57.56199,8.9734,0.207689
57.56230,8.9762,0.207585
57.56256,8.9688,0.207585
57.56287,8.9648,0.208169
57.56318,8.9771,0.207585
57.56349,8.9875,0.209673
57.56380,8.9734,0.204393
57.56410,8.9734,0.206585
57.56436,8.9648,0.206585
57.56467,8.9668,0.207089
57.56498,8.9809,0.208673
57.56529,8.9762,0.207985
57.56560,8.9801,0.209569
57.56591,8.9734,0.209273
57.56616,8.9648,0.209273
57.56647,8.9744,0.209777
57.56678,8.9744,0.212569
57.56709,8.9744,0.210465
57.56740,8.9688,0.215265
57.56771,8.9705,0.212673
57.56796,8.9668,0.212673
57.56827,8.9744,0.213257
57.56858,8.9744,0.215553
57.56889,8.9715,0.209961
57.56920,8.9725,0.210569
57.56946,8.9771,0.210569
57.56977,8.9688,0.212569
57.57008,8.9668,0.212073
57.57038,8.9584,0.210673
57.57069,8.9781,0.212969
57.57100,8.9734,0.213465
57.57126,8.9752,0.213465
57.57157,8.9744,0.210377
57.57188,8.9744,0.206689
57.57219,8.9771,0.211073
57.57250,8.9678,0.212865
57.57281,8.9715,0.213073
57.57306,8.9715,0.213073
57.57337,8.9678,0.211281
57.57368,8.9771,0.215049
57.57399,8.9752,0.214257
57.57430,8.9678,0.215953
57.57461,8.9668,0.214865
57.57486,8.9744,0.214865
57.57517,8.9688,0.216449
57.57548,8.9752,0.217241
57.57579,8.9744,0.213465
57.57610,8.9668,0.209377
57.57641,8.9695,0.211865
57.57666,8.9688,0.211865
57.57697,8.9705,0.208673
57.57728,8.9688,0.214361
57.57759,8.9791,0.199913
57.57791,8.9838,0.198305
57.57816,8.9705,0.198305
57.57847,8.9695,0.199513
57.57878,8.9771,0.199097
57.57909,8.9688,0.199409
57.57940,8.9688,0.243569
57.57971,8.9695,0.199705
57.57996,8.9744,0.199705
57.58027,8.9688,0.200889
57.58058,8.9818,0.200889
57.58089,8.9734,0.202705
57.58120,8.9744,0.202097
57.58145,8.9781,0.202097
57.58176,8.9771,0.202097
57.58207,8.9715,0.201705
57.58238,8.9818,0.202993
57.58269,8.9715,0.200201
57.58300,8.9762,0.199913
57.58325,8.9752,0.199913
57.58357,8.9668,0.203897
57.58388,8.9781,0.200993
57.58419,8.9715,0.201097
57.58450,8.9658,0.202705
57.58475,8.9734,0.202705
57.58506,8.9771,0.213865
57.58537,8.9705,0.203585
57.58568,8.9744,0.197513
57.58599,8.9695,0.199601
57.58630,8.9781,0.201097
57.58655,8.9744,0.201097
57.58686,8.9688,0.200409
57.58717,8.9754,0.199705
57.58748,8.9715,0.201785
57.58779,8.9801,0.204289
57.58810,8.9744,0.203185
57.58836,8.9705,0.203185
57.58867,8.9715,0.201705
57.58898,8.9744,0.201889
57.58929,8.9688,0.203497
57.58960,8.9688,0.202201
57.58991,8.9705,0.197801
57.59016,8.9781,0.197801
57.59047,8.9734,0.198617
57.59078,8.9678,0.199513
57.59109,8.9574,0.200809
57.59140,8.9801,0.200705
57.59165,8.9688,0.200705
57.59196,8.9771,0.199305
57.59227,8.9705,0.198305
57.59258,8.9791,0.199993
57.59289,8.9725,0.198801
57.59320,8.9697,0.198801
57.59346,8.9648,0.198801
57.59377,8.9771,0.198801
57.59407,8.9828,0.200601
57.59439,8.9555,0.199409
57.59469,8.9705,0.201393
57.59500,8.9752,0.200993
57.59526,8.9715,0.200993
57.59557,8.9668,0.200305
57.59588,8.9688,0.201889
57.59619,8.9744,0.203105
57.59650,8.9715,0.202785
57.59676,8.9744,0.202785
57.59706,8.9734,0.197801
57.59737,8.9725,0.194713
57.59768,8.9801,0.196513
57.59799,8.9781,0.197305
57.59830,8.9809,0.200705
57.59856,8.9754,0.200705
57.59887,8.9725,0.199305
57.59918,8.9801,0.199305
57.59949,8.9744,0.200409
57.59980,8.9715,0.199097
57.60010,8.9771,0.199097
57.60036,8.9818,0.199097
57.60067,8.9725,0.200497
57.60098,8.9752,0.199809
57.60129,8.9781,0.199409
57.60160,8.9725,0.199513
57.60185,8.9744,0.199513
57.60216,8.9771,0.202497
57.60247,8.9752,0.204081
57.60278,8.9725,0.203689
57.60309,8.9752,0.201097
57.60340,8.9658,0.204585
57.60366,8.9705,0.204585
57.60397,8.9734,0.202497
57.60428,8.9838,0.201785
57.60459,8.9762,0.199513
57.60489,8.9744,0.199097
57.60520,8.9791,0.200017
57.60546,8.9705,0.200017
57.60577,8.9744,0.194713
57.60608,8.9678,0.202393
57.60639,8.9678,0.199913
57.60670,8.9781,0.200305
57.60701,8.9762,0.199913
57.60726,8.9705,0.199913
57.60757,8.9754,0.201497
57.60788,8.9715,0.202289
57.60819,8.9725,0.202705
57.60850,8.9781,0.199705
57.60875,8.9744,0.199705
57.60906,8.9734,0.199809
57.60937,8.9715,0.207585
57.60968,8.9781,0.198113
57.60999,8.9744,0.198305
57.61030,8.9688,0.199993
57.61055,8.9725,0.199993
57.61086,8.9781,0.198009
57.61117,8.9801,0.200305
57.61148,8.9801,0.243481
57.61179,8.9602,0.198905
57.61210,8.9688,0.202785
57.61236,8.9734,0.202785
57.61267,8.9762,0.199201
57.61298,8.9734,0.201305
57.61328,8.9648,0.200705
57.61360,8.9715,0.199705
57.61385,8.9762,0.199705
57.61416,8.9828,0.202393
57.61447,8.9688,0.200809
57.61478,8.9818,0.199809
57.61509,8.9771,0.200993
57.61540,8.9725,0.204897
57.61565,8.9771,0.204897
57.61596,8.9695,0.199305
57.61627,8.9771,0.200409
57.61658,8.9744,0.199097
57.61689,8.9754,0.202201
57.61720,8.9791,0.199017
57.61745,8.9791,0.199017
57.61776,8.9734,0.199705
57.61807,8.9762,0.202289
57.61838,8.9818,0.198305
57.61869,8.9695,0.196905
57.61900,8.9734,0.197617
57.61926,8.9688,0.197617
57.61957,8.9781,0.199409
57.61988,8.9678,0.198305
57.62019,8.9695,0.200705
57.62050,8.9705,0.202097
57.62075,8.9762,0.202097
57.62106,8.9695,0.195217
57.62137,8.9752,0.192025
57.62168,8.9744,0.194425
57.62199,8.9771,0.196321
57.62230,8.9688,0.195617
57.62255,8.9818,0.195617
57.62286,8.9801,0.195905
57.62317,8.9762,0.199017
57.62348,8.9791,0.195217
57.62379,8.9715,0.196217
57.62410,8.9705,0.195905
57.62435,8.9688,0.195905
57.62466,8.9621,0.195825
57.62497,8.9762,0.197217
57.62528,8.9734,0.195505
57.62559,8.9865,0.194113
57.62585,8.9658,0.194113
57.62616,8.9688,0.195113
57.62647,8.9631,0.194817
57.62678,8.9781,0.197305
57.62709,8.9781,0.195217
57.62740,8.9781,0.195905
57.62765,8.9705,0.195905
57.62796,8.9668,0.195425
57.62827,8.9695,0.200889
57.62858,8.9734,0.197721
57.62889,8.9744,0.195505
57.62920,8.9752,0.207377
57.62945,8.9705,0.207377
57.62976,8.9781,0.196113
57.63007,8.9752,0.197721
57.63038,8.9658,0.197217
57.63069,8.9744,0.197009
57.63100,8.9705,0.196113
57.63125,8.9771,0.196113
57.63156,8.9791,0.195321
57.63188,8.9678,0.197113
57.63219,8.9818,0.197305
57.63250,8.9688,0.195505
57.63275,8.9688,0.195505
57.63306,8.9744,0.194425
57.63337,8.9762,0.193025
57.63368,8.9715,0.195113
57.63399,8.9762,0.196409
57.63430,8.9734,0.194321
57.63455,8.9734,0.194321
57.63486,8.9697,0.196617
57.63517,8.9695,0.196617
57.63548,8.9762,0.196721
57.63579,8.9705,0.193633
57.63610,8.9715,0.196217
57.63635,8.9865,0.196217
57.63666,8.9705,0.194113
57.63697,8.9801,0.193529
57.63728,8.9762,0.196513
57.63759,8.9744,0.196113
57.63790,8.9688,0.196113
57.63816,8.9648,0.196113
57.63846,8.9818,0.196617
57.63877,8.9705,0.195617
57.63909,8.9631,0.197905
57.63940,8.9725,0.195113
57.63965,8.9781,0.195113
57.63996,8.9828,0.193633
57.64027,8.9752,0.194817
57.64058,8.9725,0.193129
57.64089,8.9791,0.197305
57.64120,8.9801,0.194921
57.64145,8.9951,0.194921
57.64176,8.9715,0.193425
57.64207,8.9734,0.194425
57.64238,8.9648,0.195617
57.64269,8.9725,0.194025
57.64300,8.9801,0.195617
57.64325,8.9744,0.195617
57.64356,8.9688,0.193425
57.64387,8.9678,0.196009
57.64418,8.9762,0.195721
57.64449,8.9705,0.195009
57.64475,8.9658,0.195009
57.64506,8.9678,0.196801
57.64537,8.9688,0.195113
57.64568,8.9715,0.193217
57.64599,8.9791,0.194321
57.64630,8.9668,0.191633
57.64655,8.9791,0.191633
57.64686,8.9754,0.196217
57.64717,8.9744,0.195321
57.64748,8.9771,0.196113
57.64779,8.9705,0.194529
57.64810,8.9725,0.195217
57.64835,8.9678,0.195217
57.64866,8.9744,0.194529
57.64897,8.9705,0.195321
57.64928,8.9754,0.196721
57.64959,8.9781,0.192921
57.64990,8.9828,0.194609
57.65015,8.9725,0.194609
57.65046,8.9705,0.207273
57.65077,8.9668,0.195905
57.65108,8.9668,0.197513
57.65139,8.9801,0.194025
57.65164,8.9771,0.194025
57.65195,8.9695,0.198009
57.65226,8.9818,0.196217
57.65257,8.9801,0.237601
57.65288,8.9631,0.195721
57.65319,8.9744,0.197721
57.65345,8.9725,0.197721
57.65376,8.9744,0.193921
57.65407,8.9734,0.197113
57.65438,8.9781,0.195113
57.65468,8.9725,0.194025
57.65500,8.9697,0.196721
57.65525,8.9611,0.196721
57.65556,8.9678,0.196409
57.65587,8.9754,0.196721
57.65618,8.9725,0.199409
57.65649,8.9715,0.196617
57.65675,8.9762,0.196617
57.65706,8.9639,0.193921
57.65737,8.9771,0.196801
57.65767,8.9705,0.194817
57.65799,8.9688,0.195905
57.65830,8.9781,0.197305
57.65855,8.9725,0.197305
57.65886,8.9725,0.195721
57.65917,8.9752,0.195425
57.65948,8.9762,0.194529
57.65979,8.9705,0.195905
57.66010,8.9848,0.197513
57.66035,8.9771,0.197513
57.66066,8.9754,0.194713
57.66097,8.9715,0.195825
57.66128,8.9734,0.195505
57.66159,8.9848,0.191737
57.66184,8.9752,0.191737
57.66215,8.9781,0.193817
57.66246,8.9762,0.195217
57.66277,8.9715,0.195721
57.66308,8.9781,0.193321
57.66339,8.9771,0.195425
57.66365,8.9771,0.195425
57.66395,8.9791,0.194713
57.66426,8.9695,0.190833
57.66458,8.9744,0.195321
57.66489,8.9791,0.195321
57.66520,8.9631,0.192233
57.66545,8.9744,0.192233
57.66576,8.9688,0.192425
57.66607,8.9695,0.190729
57.66638,8.9809,0.192713
57.66669,8.9752,0.192713
57.66700,8.9688,0.192321
57.66725,8.9771,0.192321
57.66756,8.9715,0.193025
57.66787,8.9752,0.194217
57.66818,8.9658,0.193817
57.66849,8.9725,0.192425
57.66874,8.9744,0.192425
57.66905,8.9658,0.195617
57.66936,8.9678,0.193609
57.66967,8.9631,0.146369
57.66998,8.9762,0.107969
57.67029,8.9904,0.106881
57.67055,8.9904,0.106881
57.67086,8.9895,0.105593
57.67117,8.9828,0.102481
57.67148,8.9914,0.099897
57.67179,8.9791,0.102401
57.67210,8.9801,0.081249
57.67235,8.9838,0.081249
57.67266,8.9865,0.081857
57.67297,8.9838,0.081857
57.67328,8.9951,0.080561
57.67359,8.9875,0.082249
57.67384,8.9998,0.082249
57.67415,8.9895,0.081641
57.67446,8.9838,0.081353
57.67477,8.9941,0.081961
57.67508,8.9941,0.084249
57.67539,8.9838,0.096705
57.67564,8.9818,0.096705
57.67595,8.9885,0.083249
57.67626,8.9895,0.083441
57.67657,8.9857,0.084545
57.67688,8.9809,0.084545
57.67719,8.9932,0.083649
57.67745,8.9922,0.083649
57.67775,8.9857,0.083249
57.67806,8.9809,0.082649
57.67837,8.9885,0.084145
57.67868,8.9895,0.082753
57.67899,8.9941,0.083441
57.67925,8.9941,0.083441
57.67956,8.9818,0.083249
57.67987,8.9865,0.084145
57.68018,8.9922,0.082249
57.68049,8.9922,0.083833
57.68075,8.9857,0.083833
57.68105,8.9828,0.083753
57.68136,8.9875,0.084337
57.68167,8.9885,0.082545
57.68198,8.9904,0.081641
57.68229,8.9865,0.083649
57.68255,8.9828,0.083649
57.68286,8.9932,0.082937
57.68317,8.9904,0.083441
57.68348,8.9857,0.083249
57.68379,8.9771,0.082937
57.68404,8.9865,0.082937
57.68435,8.9857,0.082753
57.68466,8.9914,0.084041
57.68497,8.9848,0.083545
57.68528,8.9932,0.082937
57.68559,8.9914,0.083041
57.68584,8.9857,0.083041
57.68615,8.9961,0.071673
57.68646,8.9932,0.061913
57.68677,8.9941,0.061513
57.68708,8.9875,0.063313
57.68739,8.9895,0.062097
57.68765,8.9951,0.062097
57.68796,8.9904,0.062601
57.68827,8.9998,0.062809
57.68858,8.9988,0.064001
57.68889,8.9932,0.061705
57.68919,8.9838,0.062521
57.68945,8.9914,0.062521
57.68976,9.0018,0.062417
57.69007,8.9914,0.062417
57.69038,8.9922,0.062017
57.69069,8.9875,0.061705
57.69094,8.9932,0.061705
57.69125,8.9818,0.063105
57.69156,8.9914,0.062705
57.69187,8.9979,0.062017
57.69218,8.9922,0.062209
57.69249,8.9922,0.060617
57.69274,8.9828,0.060617
57.69305,8.9922,0.062705
57.69336,8.9988,0.062097
57.69367,8.9895,0.062417
57.69398,8.9857,0.062417
57.69429,8.9857,0.063601
57.69455,8.9979,0.063601
57.69486,8.9885,0.062809
57.69517,8.9848,0.062417
57.69547,8.9865,0.062601
57.69578,8.9932,0.062913
57.69604,8.9922,0.062913
57.69635,8.9885,0.061017
57.69666,8.9875,0.061017
57.69697,8.9941,0.062913
57.69728,8.9951,0.063393
57.69759,8.9904,0.061513
57.69784,8.9951,0.061513
57.69815,8.9941,0.061409
57.69846,8.9875,0.062417
57.69877,8.9895,0.062097
57.69908,8.9895,0.063209
57.69939,8.9914,0.062017
57.69965,8.9865,0.062017
57.69995,8.9951,0.021825
57.70026,9.0121,0.002385
57.70057,9.0008,0.001985
57.70088,8.9998,0.002489
57.70114,9.0008,0.002489
57.70145,8.9988,0.001489
57.70176,9.0035,0.002385
57.70207,8.9971,0.002177
57.70238,9.0064,0.001881
57.70269,8.9998,0.002089
57.70294,8.9988,0.002089
57.70325,8.9941,0.001777
57.70356,8.9979,0.001385
57.70387,8.9932,0.001489
57.70418,9.0035,0.003281
57.70449,8.9932,0.001777
57.70474,8.9932,0.001777
57.70505,9.0008,0.001593
57.70536,8.9998,0.001777
57.70567,8.9988,0.002993
57.70598,8.9914,0.002385
57.70624,8.9941,0.002385
57.70655,8.9979,0.001881
57.70685,8.9998,0.002177
57.70717,8.9932,0.002385
57.70748,8.9951,0.001489
57.70779,8.9979,0.002489
57.70804,8.9988,0.002489
57.70835,9.0018,0.000881
57.70866,9.0008,0.001881
57.70897,8.9979,0.000881
57.70928,8.9988,0.001489
57.70959,9.0018,0.001777
57.70984,8.9998,0.001777
57.71015,8.9988,0.002489
57.71046,8.9998,0.002089
57.71266,9.0018,0.001089
57.71442,8.9971,0.001985
57.71618,9.0045,0.001593
57.71794,9.0035,0.001985
57.71969,8.9971,0.001281
57.72145,8.9979,0.001281
57.72321,8.9979,0.000593
57.72497,8.9988,0.002089
57.72516,9.0008,0.001881
57.72548,9.0008,0.001593
57.72578,8.9998,0.001673
57.72604,9.0018,0.001673
57.72635,9.0055,0.002089
57.72666,8.9941,0.001193
57.72697,9.0008,0.001881
57.72728,8.9961,0.002177
57.72759,9.0035,0.000881
57.72784,9.0018,0.000881
57.72815,8.9979,0.001281
57.72846,8.9941,0.001673
57.72877,9.0018,0.001489
57.72908,9.0102,0.002281
57.72939,8.9961,0.001593
57.72964,8.9941,0.001593
57.72996,8.9941,0.001881
57.73027,8.9979,0.002089
57.73058,9.0018,0.000777
57.73089,9.0027,0.001593
57.73114,8.9951,0.001593
57.73145,8.9941,0.000697
57.73176,8.9914,0.001881
57.73207,9.0008,0.001281
57.73238,8.9904,0.001489
57.73269,8.9971,0.001281
57.73294,9.0008,0.001281
57.73325,8.9979,0.003281
57.73356,8.9961,0.001281
57.73387,8.9914,0.002385
57.73418,8.9988,0.001385
57.73443,9.0008,0.001385
57.73474,8.9998,0.002385
57.73505,9.0008,0.001673
57.73536,9.0055,0.000881
57.73567,8.9961,0.001281
57.73599,8.9961,0.001673
57.73624,9.0018,0.001673
57.73655,9.0045,0.001593
57.73686,8.9971,0.001777
57.73717,9.0045,0.001985
57.73748,8.9998,0.001489
57.73779,9.0035,0.001385
57.73804,8.9998,0.001385
57.73835,8.9951,0.000385
57.73866,8.9979,0.002089
57.73897,8.9988,0.001985
57.73928,9.0027,0.001985
57.73959,9.0027,0.001385
57.73984,9.0035,0.001385
57.74015,8.9988,0.001985
57.74046,9.0045,0.002089
57.74077,9.0035,0.000697
57.74108,9.0018,0.001673
57.74133,8.9941,0.001673
57.74164,9.0018,0.001593
57.74195,8.9961,0.001593
57.74226,8.9988,0.000881
57.74257,8.9971,0.000985
57.74288,8.9988,0.001777
57.74314,9.0008,0.001777
57.74345,9.0102,0.001881
57.74375,9.0008,0.001281
57.74407,8.9932,0.001593
57.74438,8.9951,0.001089
57.74469,9.0027,0.001777
57.74494,9.0064,0.001777
57.74525,9.0055,-0.000111
57.74556,9.0027,0.001673
57.74587,8.9979,0.001881
57.74618,9.0035,0.002385
57.74649,8.9932,0.001193
57.74674,8.9961,0.001193
57.74705,9.0008,0.001385
57.74736,8.9951,0.002489
57.74767,8.9988,0.000985
57.74798,9.0027,0.001089
57.74823,9.0018,0.001089
57.74854,8.9941,0.000489
57.74885,8.9941,0.001193
57.74916,8.9998,0.001673
57.74947,8.9979,0.001985
57.74978,9.0018,0.000593
57.75004,8.9988,0.000593
57.75034,8.9979,0.001385
57.75066,9.0027,0.002089
57.75097,8.9998,0.001673
57.75127,8.9904,0.001489
57.75158,9.0008,0.000881
57.75184,8.9961,0.000881
57.75215,9.0035,0.001985
57.75246,8.9951,0.001881
57.75277,8.9961,0.001593
57.75308,8.9971,0.002489
57.75339,8.9932,0.002489
57.75364,8.9932,0.002489
57.75395,8.9941,0.000697
57.75427,9.0018,0.001385
57.75458,9.0027,0.001673
57.75489,8.9971,0.001593
57.75514,9.0027,0.001593
57.75545,8.9988,0.000881
57.75576,8.9979,0.002177
57.75607,8.9951,0.001385
57.75638,9.0027,0.001281
57.75663,8.9988,0.001281
57.75694,8.9988,0.001089
57.75725,8.9961,0.000881
57.75756,9.0008,0.001777
57.75787,9.0018,0.001089
57.75818,8.9941,0.000489
57.75843,8.9951,0.000489
57.75874,9.0008,0.000881
57.75905,8.9951,0.000881
57.75936,9.0064,0.001673
57.75967,8.9941,0.001281
57.75999,8.9961,0.000985
57.76024,8.9961,0.000985
57.76055,8.9932,0.001593
57.76086,9.0064,0.001193
57.76117,8.9971,0.001089
57.76148,8.9941,0.001089
57.76173,8.9979,0.001089
57.76204,9.0018,0.001385
57.76235,8.9922,0.000881
57.76266,8.9971,0.000489
57.76297,8.9971,0.001593
57.76328,8.9932,0.002177
57.76353,9.0008,0.002177
57.76384,8.9988,0.000801
57.76415,9.0008,0.001281
57.76446,8.9971,0.000881
57.76477,8.9932,0.000985
57.76508,9.0064,0.001089
57.76533,8.9988,0.001089
57.76565,9.0008,0.001281
57.76596,9.0035,0.001673
57.76627,9.0045,0.001281
57.76658,8.9998,0.001089
57.76683,9.0084,0.001089
57.76714,8.9971,0.001985
57.76745,8.9932,0.001489
57.76776,9.0018,0.001673
57.76807,9.0055,0.001489
57.76838,9.0027,0.001593
57.76863,8.9914,0.001593
57.76894,8.9988,0.001385
57.76925,9.0035,0.001385
57.76956,8.9979,0.001489
57.76987,9.0018,0.001193
57.77018,8.9971,0.001193
57.77043,8.9971,0.001193
57.77074,8.9961,0.001385
57.77105,8.9979,0.001281
57.77136,8.9932,0.001281
57.77167,8.9951,0.000593
57.77193,8.9961,0.000593
57.77224,8.9988,0.001881
57.77255,8.9971,0.001089
57.77286,8.9971,0.001193
57.77317,9.0018,0.001673
57.77348,8.9951,0.002281
57.77373,8.9988,0.002281
57.77404,8.9971,0.000985
57.77435,8.9922,0.000489
57.77466,8.9979,0.001673
57.77497,9.0008,0.001777
57.77528,8.9914,0.001985
57.77553,8.9971,0.001985
57.77584,8.9961,0.000881
57.77615,9.0064,0.001281
57.77646,8.9998,0.000697
57.77677,9.0084,0.000881
57.77703,8.9988,0.000881
57.77734,8.9988,0.001089
57.77765,9.0018,0.001281
57.77796,9.0018,0.000881
57.77827,8.9951,0.000985
57.77858,8.9961,0.000697
57.77883,8.9998,0.000697
57.77914,8.9988,0.001385
57.77945,8.9979,0.001985
57.77976,9.0035,0.000881
57.78007,8.9988,0.001193
57.78038,9.0008,0.002385
57.78063,8.9979,0.002385
57.78094,8.9951,0.000297
57.78125,8.9961,-0.000111
57.78156,8.9961,0.001593
57.78187,8.9998,0.001281
57.78218,9.0018,0.001489
57.78243,9.0018,0.001489
57.78274,8.9988,0.001281
57.78305,8.9988,0.001385
57.78336,9.0008,0.001281
57.78367,9.0045,0.001777
57.78393,9.0111,0.001777
57.78424,8.9971,0.001089
57.78455,9.0055,0.000985
57.78486,8.9979,0.002089
57.78517,9.0084,0.000985
57.78548,8.9971,0.000881
57.78573,9.0018,0.000881
57.78604,8.9979,0.000489
57.78635,8.9998,0.001489
57.78666,8.9979,0.000593
57.78697,8.9971,0.000297
57.78728,9.0027,0.001281
57.78753,8.9971,0.001281
57.78784,8.9951,0.001489
57.78815,8.9979,0.000697
57.78846,9.0027,0.001593
57.78877,9.0027,0.001673
57.78908,9.0045,0.002089
57.78933,9.0008,0.002089
57.78964,9.0035,0.001089
57.78996,9.0027,0.000985
57.79026,9.0008,0.001593
57.79057,8.9951,0.001281
57.79083,8.9988,0.001281
57.79114,8.9988,0.000297
57.79145,9.0018,0.000985
57.79176,8.9961,0.001593
57.79207,8.9932,0.000985
57.79237,9.0035,0.001777
57.79263,8.9979,0.001777
57.79294,8.9988,0.000777
57.79325,8.9971,0.001489
57.79356,8.9932,0.001281
57.79387,9.0008,0.001281
57.79418,9.0064,0.000777
57.79443,9.0008,0.000777
57.79474,9.0027,0.000985
57.79505,8.9979,0.001193
57.79536,8.9988,0.000385
57.79567,9.0008,0.000489
57.79598,8.9971,0.001777
57.79623,8.9971,0.001777
57.79654,9.0008,0.001089
57.79685,8.9998,0.001385
57.79716,8.9951,0.000777
57.79747,8.9951,0.001193
57.79772,9.0018,0.001193
57.79803,8.9979,0.000777
57.79834,8.9971,0.000985
57.79865,9.0008,0.000489
57.79896,8.9951,0.000881
57.79927,8.9998,0.001489
57.79953,9.0008,0.001489
57.79984,8.9941,0.001193
57.80015,8.9961,0.000697
57.80046,8.9988,0.001281
57.80076,8.9971,0.001777
57.80108,8.9998,0.000489
57.80133,9.0027,0.000489
57.80164,8.9971,0.000801
57.80195,8.9979,0.001673
57.80226,9.0008,0.000489
57.80257,9.0008,0.000881
57.80282,8.9971,0.000881
57.80313,9.0027,0.001089
57.80344,8.9971,0.001193
57.80375,8.9914,0.000881
57.80406,8.9998,0.000593
57.80437,9.0018,0.000697
57.80462,8.9971,0.000697
57.80493,8.9971,0.000985
57.80524,9.0018,0.001089
57.80555,9.0035,0.000881
57.80586,8.9932,0.000777
57.80617,9.0018,0.000489
57.80643,8.9865,0.000489
57.80674,8.9988,0.000489
57.80704,9.0092,0.000697
57.80735,9.0045,0.001089
57.80767,8.9961,0.000881
57.80798,8.9988,0.001193
57.80823,8.9951,0.001193
57.80854,8.9988,0.000297
57.80885,9.0008,0.001089
57.80916,8.9941,0.001385
57.80947,8.9932,0.001281
57.80972,8.9951,0.001281
57.81003,9.0008,0.001281
57.81034,8.9979,0.001281
57.81065,8.9988,0.002089
57.81096,9.0035,0.001881
57.81127,9.0045,0.000593
57.81152,8.9941,0.000593
57.81183,8.9979,0.000489
57.81214,8.9961,0.000985
57.81245,9.0111,0.000985
57.81276,9.0035,0.000697
57.81307,8.9988,0.000697
57.81332,8.9979,0.000697
57.81363,8.9979,0.000881
57.81395,9.0084,0.000593
57.81426,8.9988,0.000697
57.81457,8.9922,0.001193
57.81488,8.9979,0.002489
57.81513,9.0008,0.002489
57.81544,8.9951,0.001281
57.81575,9.0045,0.000297
57.81606,8.9971,0.000489
57.81637,8.9961,0.001281
57.81662,9.0035,0.001281
57.81693,8.9961,0.000193
57.81724,9.0008,0.000089
57.81755,8.9998,0.000881
57.81786,8.9941,0.001489
57.81817,8.9998,0.000777
57.81842,9.0008,0.000777
57.81873,9.0027,0.000697
57.81904,9.0018,0.001489
57.81935,9.0055,-0.000399
57.81966,9.0064,0.001089
57.81997,8.9941,0.001281
57.82023,9.0035,0.001281
57.82054,8.9932,0.000881
57.82085,8.9941,0.001881
57.82116,9.0027,-0.000295
57.82147,9.0045,0.000777
57.82178,9.0008,0.001489
57.82203,8.9951,0.001489
57.82234,8.9971,0.001193
57.82265,9.0064,0.001985
57.82296,9.0027,0.000489
57.82327,8.9951,0.001089
57.82352,8.9971,0.001089
57.82383,8.9998,0.000297
57.82414,9.0018,0.000297
57.82445,9.0018,0.000697
57.82476,8.9951,0.000489
57.82507,9.0027,0.001281
57.82532,9.0018,0.001281
57.82563,8.9988,0.000881
57.82594,9.0018,0.000777
57.82625,8.9875,0.000489
57.82656,8.9998,0.000881
57.82687,8.9998,0.001193
57.82713,9.0027,0.001193
57.82744,8.9932,0.001089
57.82775,8.9979,0.001777
57.82806,9.0035,0.000089
57.82837,8.9941,0.001489
57.82862,9.0102,0.001489
57.82893,9.0018,0.000297
57.82924,8.9941,0.000697
57.82955,9.0018,0.001281
57.82986,8.9998,0.000089
57.83017,8.9979,0.000489
57.83042,8.9922,0.000489
57.83073,8.9922,0.000697
57.83104,8.9951,0.001089
57.83135,9.0018,0.000777
57.83166,8.9988,0.001089
57.83198,8.9951,0.000881
57.83223,8.9971,0.000881
57.83254,9.0055,0.000985
57.83285,8.9979,0.000297
57.83316,9.0008,0.000985
57.83347,8.9988,0.001193
57.83372,9.0055,0.001193
57.83403,8.9988,0.001089
57.83434,8.9971,0.000881
57.83465,8.9979,0.000193
57.83496,8.9998,0.000697
57.83527,8.9951,0.000697
57.83552,9.0008,0.000697
57.83583,9.0027,0.000985
57.83614,9.0008,0.000985
57.83645,8.9998,0.001089
57.83676,9.0027,0.000801
57.83707,8.9988,0.001489
57.83732,8.9961,0.001489
57.83763,8.9885,0.001193
57.83794,9.0027,0.002281
57.83825,8.9941,0.000985
57.83856,9.0018,-0.000007
57.83887,8.9979,0.000297
57.83913,9.0074,0.000297
57.83944,8.9914,0.000777
57.83975,8.9988,0.000697
57.84006,8.9914,0.000985
57.84037,8.9941,0.000489
57.84062,8.9961,0.000489
57.84093,9.0008,0.000985
57.84124,8.9961,0.001881
57.84155,9.0008,0.000593
57.84186,8.9988,0.001777
57.84217,9.0045,0.002593
57.84242,8.9998,0.002593
57.84273,9.0045,0.000697
57.84304,8.9988,0.000489
57.84335,8.9951,0.000985
57.84366,8.9998,0.001593
57.84397,8.9922,0.001385
57.84422,9.0045,0.001385
57.84453,8.9951,0.001697
57.84484,9.0008,0.000593
57.84515,9.0064,0.001281
57.84546,8.9988,0.001881
57.84577,9.0035,0.000697
57.84602,8.9998,0.000697
57.84633,8.9971,0.000697
57.84664,8.9951,0.001193
57.84695,8.9971,0.001385
57.84726,9.0045,0.000697
57.84752,9.0064,0.000697
57.84783,8.9988,0.000985
57.84814,9.0008,0.000881
57.84845,8.9988,0.000697
57.84875,9.0008,0.000593
57.84907,8.9998,0.000297
57.84932,8.9961,0.000297
57.84963,8.9951,0.001281
57.84994,9.0064,0.000593
57.85025,8.9988,0.002089
57.85056,8.9988,0.001385
57.85087,8.9971,0.001881
57.85112,8.9961,0.001881
57.85143,8.9932,0.000593
57.85174,8.9941,0.000297
57.85205,9.0045,0.001089
57.85236,8.9941,0.000801
57.85262,8.9988,0.000801
57.85293,8.9988,0.002177
57.85324,8.9998,0.000297
57.85354,8.9961,0.000385
57.85385,9.0008,0.001281
57.85416,9.0074,0.001089
57.85442,8.9971,0.001089
57.85473,8.9961,0.000777
57.85504,8.9988,0.000697
57.85535,8.9951,0.000593
57.85566,8.9979,0.000881
57.85597,8.9941,0.000489
57.85622,8.9951,0.000489
57.85653,8.9971,0.000193
57.85684,8.9979,0.001089
57.85715,9.0018,0.001089
57.85746,9.0102,-0.000191
57.85777,8.9998,0.000385
57.85802,8.9998,0.000385
57.85833,9.0055,0.001089
57.85864,9.0055,0.000385
57.85895,8.9988,0.000193
57.85926,8.9979,0.000697
57.85952,8.9988,0.000697
57.85982,9.0027,0.000697
57.86013,8.9979,0.000777
57.86044,9.0008,0.000777
57.86075,8.9951,0.000593
57.86106,9.0035,0.002177
57.86132,9.0027,0.002177
57.86163,9.0092,0.000385
57.86194,9.0084,0.000697
57.86225,9.0027,0.001089
57.86256,9.0008,0.000593
57.86281,9.0027,0.000593
57.86313,9.0035,0.000089
57.86344,8.9951,0.000489
57.86375,8.9932,0.000697
57.86406,8.9951,0.000881
57.86436,8.9895,0.000489
57.86462,8.9979,0.000489
57.86493,8.9951,-0.000111
57.86524,9.0008,0.000881
57.86555,8.9988,0.001281
57.86586,8.9979,0.001673
57.86617,8.9971,0.000489
57.86642,9.0018,0.000489
57.86673,8.9971,0.000489
57.86704,8.9979,0.001385
57.86735,9.0064,0.001089
57.86766,8.9961,-0.000511
57.86797,8.9988,0.000297
57.86823,8.9922,0.000297
57.86853,8.9932,0.000881
57.86884,8.9998,0.000985
57.86915,8.9922,0.000489
57.86946,8.9951,0.000593
57.86977,9.0064,0.000881
57.87003,8.9998,0.000881
57.87034,9.0018,0.001193
57.87064,9.0027,-0.000295
57.87096,8.9961,0.001673
57.87127,8.9961,0.001593
57.87158,9.0018,-0.000295
57.87183,8.9951,-0.000295
57.87214,8.9998,-0.000399
57.87245,8.9988,0.001193
57.87276,8.9951,0.000489
57.87307,8.9979,0.001193
57.87338,8.9998,-0.000111
57.87363,8.9941,-0.000111
57.87394,8.9971,0.001089
57.87426,9.0035,0.000193
57.87457,9.0018,0.001489
57.87487,8.9914,0.000697
57.87513,9.0055,0.000697
57.87544,8.9979,0.000385
57.87575,9.0008,0.000697
57.87606,8.9971,0.000193
57.87637,8.9971,0.000297
57.87668,8.9951,0.000985
57.87693,8.9998,0.000985
57.87724,9.0035,0.000985
57.87755,8.9998,0.000985
57.87786,9.0027,0.000881
57.87817,8.9971,0.001673
57.87848,8.9971,0.000385
57.87873,8.9979,0.000385
57.87904,9.0027,-0.000007
57.87935,9.0008,0.000801
57.87966,8.9895,0.001089
57.87998,8.9904,0.000385
57.88023,8.9988,0.000385
57.88054,9.0074,0.000881
57.88085,8.9951,0.000489
57.88116,9.0008,0.000985
57.88147,8.9988,0.000385
57.88178,9.0027,0.000489
57.88203,9.0027,0.000489
57.88234,8.9979,-0.000295
57.88265,8.9979,0.001593
57.88296,8.9961,0.000985
57.88327,9.0027,0.000593
57.88358,8.9941,-0.000007
57.88383,8.9998,-0.000007
57.88414,8.9979,0.000385
57.88445,9.0084,0.000489
57.88476,9.0008,0.001281
57.88507,8.9988,0.000777
57.88532,8.9971,0.000777
57.88563,8.9961,0.001489
57.88594,9.0008,0.000489
57.88626,9.0035,-0.000111
57.88657,8.9998,0.000489
57.88688,8.9998,-0.000399
57.88713,9.0008,-0.000399
57.88744,9.0018,0.000801
57.88775,8.9988,0.000985
57.88806,8.9971,0.000593
57.88837,9.0102,0.000593
57.88868,8.9988,-0.000007
57.88893,9.0027,-0.000007
57.88924,8.9971,0.000193
57.88955,8.9998,0.000777
57.88986,9.0064,-0.000111
57.89017,9.0027,0.000297
57.89042,8.9895,0.000297
57.89073,9.0008,0.000697
57.89104,8.9971,0.000385
57.89135,8.9961,0.000385
57.89166,8.9988,0.000489
57.89198,9.0018,0.000697
57.89223,9.0045,0.000697
57.89254,8.9971,-0.000191
57.89285,8.9951,0.000593
57.89316,8.9998,0.000489
57.89347,9.0008,0.001193
57.89372,8.9971,0.001193
57.89403,8.9998,0.000777
57.89434,8.9971,-0.000111
57.89465,8.9971,0.000385
57.89496,8.9932,0.000089
57.89527,8.9979,0.000489
57.89552,8.9998,0.000489
57.89583,9.0008,0.000193
57.89614,9.0064,-0.000007
57.89645,8.9988,-0.000511
57.89676,8.9961,-0.000191
57.89707,9.0008,0.001281
57.89732,9.0027,0.001281
57.89763,8.9988,0.000489
57.89795,9.0045,0.000297
57.89826,8.9988,-0.000111
57.89857,8.9961,0.000697
57.89882,9.0045,0.000697
57.89913,8.9941,0.000297
57.89944,9.0064,0.000193
57.89975,8.9971,0.001193
57.90006,8.9941,0.000297
57.90037,9.0018,0.000593
57.90062,8.9961,0.000593
57.90093,9.0018,0.000801
57.90124,9.0008,0.000297
57.90155,8.9988,0.000881
57.90186,9.0018,0.000985
57.90217,8.9904,0.000193
57.90242,8.9961,0.000193
57.90273,8.9895,0.000881
57.90304,9.0045,0.000881
57.90335,8.9961,0.001089
57.90366,8.9998,0.000489
57.90397,8.9998,0.001673
57.90423,9.0008,0.001673
57.90454,9.0008,0.000697
57.90485,9.0018,0.000089
57.90516,9.0055,0.000089
57.90547,8.9932,0.001089
57.90572,8.9979,0.001089
57.90603,8.9922,0.001489
57.90634,8.9998,-0.000903
57.90665,8.9951,0.000089
57.90696,8.9951,0.000985
57.90727,9.0035,0.001489
57.90752,9.0027,0.001489
57.90783,8.9988,-0.000191
57.90814,8.9998,0.001089
57.90845,9.0027,0.000297
57.90876,9.0027,0.000089
57.90907,9.0027,0.000593
57.90932,8.9988,0.000593
57.90963,9.0055,0.001385
57.90995,8.9971,0.001673
57.91025,9.0045,0.000385
57.91056,8.9998,0.000697
57.91087,9.0008,0.000297
57.91113,8.9951,0.000297
57.91143,8.9951,0.000697
57.91175,9.0084,0.000593
57.91206,8.9904,0.000801
57.91237,9.0008,0.001193
57.91262,9.0055,0.001193
57.91293,9.0008,-0.000111
57.91324,9.0018,0.000697
57.91355,8.9988,-0.000007
57.91386,9.0141,0.000297
57.91417,8.9998,0.001281
57.91442,8.9951,0.001281
57.91473,8.9979,0.000881
57.91504,9.0018,-0.000111
57.91535,8.9971,0.000089
57.91566,8.9998,0.001281
57.91597,8.9998,0.000193
57.91622,9.0035,0.000193
57.91653,8.9941,-0.000007
57.91684,8.9988,0.000489
57.91715,8.9971,0.000089
57.91746,8.9932,0.000089
57.91772,8.9914,0.000089
57.91803,9.0035,-0.000511
57.91834,9.0027,0.000297
57.91865,8.9988,0.000881
57.91896,9.0045,-0.000399
57.91927,9.0027,0.000593
57.91952,8.9961,0.000593
57.91983,8.9971,0.000193
57.92014,8.9979,0.001281
57.92045,9.0008,0.000697
57.92076,9.0045,0.000297
57.92107,8.9988,0.000385
57.92132,8.9971,0.000385
57.92163,8.9971,0.001985
57.92194,9.0027,0.000777
57.92225,8.9988,0.000697
57.92256,8.9971,0.000385
57.92282,9.0018,0.000385
57.92313,8.9961,0.000801
57.92344,9.0027,-0.000111
57.92375,8.9988,0.000193
57.92406,9.0045,0.000777
57.92437,8.9998,0.000193
57.92462,9.0064,0.000193
57.92493,9.0008,0.000089
57.92524,8.9961,0.000385
57.92555,9.0074,0.000777
57.92586,8.9988,0.000985
57.92617,8.9998,0.000297
57.92642,9.0035,0.000297
57.92673,8.9979,0.000297
57.92704,8.9932,0.001089
57.92735,9.0035,-0.000295
57.92766,9.0035,-0.000111
57.92792,8.9961,-0.000111
57.92823,8.9988,0.000297
57.92854,8.9979,0.002089
57.92885,9.0008,0.000697
57.92916,8.9961,0.000593
57.92947,9.0035,0.000489
57.92972,8.9971,0.000489
57.93003,8.9971,-0.000007
57.93034,8.9971,0.000777
57.93065,8.9932,0.000697
57.93096,9.0027,0.000593
57.93127,8.9971,0.000593
57.93152,8.9988,0.000593
57.93183,9.0035,0.000801
57.93214,9.0045,-0.000399
57.93245,8.9979,0.001281
57.93276,8.9961,0.000985
57.93307,8.9951,0.000089
57.93332,8.9971,0.000089
57.93364,9.0018,-0.000007
57.93395,8.9875,0.000985
57.93426,9.0008,0.000881
57.93457,8.9998,0.000593
57.93482,9.0008,0.000593
57.93513,8.9979,0.000297
57.93544,8.9951,0.000297
57.93575,8.9971,0.000985
57.93606,8.9951,0.000489
57.93637,8.9941,-0.000007
57.93662,8.9961,-0.000007
57.93693,8.9941,0.000697
57.93724,8.9998,0.000593
57.93755,9.0027,-0.000007
57.93786,8.9988,0.000777
57.93817,8.9951,0.000697
57.93842,9.0008,0.000697
57.93873,8.9961,0.001489
57.93904,8.9998,0.000297
57.93935,8.9971,0.000089
57.93966,8.9971,-0.000615
57.93992,9.0008,-0.000615
57.94023,8.9932,0.001281
57.94054,9.0045,0.000089
57.94085,8.9979,0.000881
57.94116,8.9971,0.001193
57.94147,9.0018,0.001385
57.94172,8.9979,0.001385
57.94203,9.0064,0.000697
57.94234,8.9914,0.000881
57.94265,9.0008,0.000881
57.94296,8.9979,0.001089
57.94327,8.9961,0.000697
57.94352,9.0027,0.000697
57.94383,8.9998,0.000089
57.94414,8.9971,0.000193
57.94445,8.9979,0.000777
57.94476,9.0027,0.000697
57.94507,8.9998,0.001385
57.94532,8.9998,0.001385
57.94563,8.9961,0.000985
57.94595,8.9951,0.000593
57.94626,9.0008,-0.000111
57.94657,9.0008,0.000297
57.94682,9.0018,0.000297
57.94713,8.9998,-0.000111
57.94744,9.0074,0.000697
57.94775,9.0018,0.000801
57.94806,8.9998,0.000089
57.94837,8.9932,0.001385
57.94862,9.0008,0.001385
57.94893,8.9998,0.000985
57.94924,9.0018,0.000697
57.94955,9.0008,0.000385
57.94986,8.9998,0.000697
57.95017,9.0027,0.000777
57.95042,9.0055,0.000777
57.95073,9.0008,0.000489
57.95104,8.9971,0.000385
57.95135,8.9932,0.000801
57.95166,9.0064,0.000089
57.95192,8.9932,0.000089
57.95223,8.9979,0.000881
57.95254,8.9988,-0.000111
57.95285,8.9979,0.000881
57.95316,8.9895,0.000385
57.95341,8.9971,0.000385
57.95372,8.9951,0.000297
57.95403,8.9951,0.000697
57.95434,8.9979,0.000881
57.95465,9.0055,-0.000007
57.95496,9.0064,0.000297
57.95521,8.9961,0.000297
57.95552,8.9922,0.000697
57.95583,8.9998,0.000489
57.95614,9.0027,0.000593
57.95645,8.9951,-0.000111
57.95676,9.0018,-0.000295
57.95701,8.9998,-0.000295
57.95732,8.9988,0.000297
57.95764,8.9951,0.001489
57.95795,9.0045,0.000697
57.95826,8.9971,-0.000111
57.95851,8.9979,-0.000111
57.95882,9.0018,0.000089
57.95913,8.9979,0.000697
57.95944,9.0035,0.000881
57.95975,8.9971,0.001193
57.96006,9.0027,0.000881
57.96031,8.9979,0.000881
57.96062,9.0027,0.000193
57.96093,9.0055,-0.000111
57.96124,8.9961,0.000489
57.96155,8.9941,0.000881
57.96186,9.0045,0.000697
57.96211,9.0064,0.000697
57.96242,9.0055,0.000881
57.96273,9.0045,0.000593
57.96304,8.9988,0.001193
57.96335,8.9951,-0.000191
57.96367,8.9951,0.000697
57.96392,8.9998,0.000697
57.96423,8.9971,0.000881
57.96454,9.0035,-0.000591
57.96485,8.9979,0.000489
57.96516,8.9998,0.000297
57.96541,9.0018,0.000297
57.96572,8.9979,0.000801
57.96603,9.0008,0.000881
57.96634,9.0018,0.000593
57.96665,9.0018,0.000985
57.96696,8.9988,0.000489
57.96722,9.0045,0.000489
57.96752,9.0018,-0.000007
57.96783,8.9961,0.000385
57.96814,8.9979,0.000385
57.96845,8.9998,0.000297
57.96876,9.0055,0.001281
57.96902,8.9971,0.001281
57.96933,9.0027,0.000193
57.96964,9.0035,0.000777
57.96995,9.0008,-0.000191
57.97026,9.0045,0.001089
57.97051,8.9988,0.001089
57.97082,8.9988,0.000089
57.97113,8.9951,0.000593
57.97144,8.9865,0.000881
57.97175,8.9988,0.001489
57.97206,8.9988,0.000193
57.97231,9.0027,0.000193
57.97262,8.9998,0.000489
57.97293,8.9988,0.000881
57.97324,9.0008,-0.000111
57.97355,8.9971,0.000881
57.97386,8.9951,0.000089
57.97411,9.0027,0.000089
57.97442,8.9971,0.000593
57.97473,9.0045,0.000193
57.97504,9.0045,0.000193
57.97535,9.0027,0.000297
57.97567,9.0027,-0.000591
57.97592,8.9961,-0.000591
57.97623,8.9971,0.000593
57.97654,9.0074,0.000089
57.97685,9.0008,-0.000511
57.97716,9.0027,0.000777
57.97741,9.0084,0.000777
57.97772,9.0018,0.000385
57.97803,9.0018,-0.000591
57.97834,8.9988,0.000297
57.97865,8.9914,0.000697
57.97896,9.0018,0.000193
57.97922,9.0035,0.000193
57.97952,9.0018,0.000193
57.97983,8.9961,0.000089
57.98014,9.0018,0.000297
57.98045,9.0008,0.000881
57.98076,8.9988,0.000697
57.98102,9.0064,0.000697
57.98133,8.9932,-0.000591
57.98164,8.9951,0.001089
57.98195,8.9951,0.000297
57.98226,9.0035,-0.000511
57.98251,8.9988,-0.000511
57.98282,8.9951,0.000697
57.98313,9.0027,0.001881
57.98344,9.0008,0.000089
57.98375,8.9998,0.000193
57.98406,8.9941,0.000489
57.98431,8.9904,0.000489
57.98462,9.0018,0.000489
57.98493,9.0008,0.001385
57.98524,8.9979,-0.000007
57.98555,8.9914,0.000089
57.98586,8.9979,0.000777
57.98612,9.0045,0.000777
57.98643,9.0045,0.000881
57.98673,9.0008,0.000777
57.98704,9.0008,0.000385
57.98735,8.9932,0.000593
57.98766,8.9979,0.000881
57.98792,8.9895,0.000881
57.98823,9.0027,0.000881
57.98854,8.9988,0.000881
57.98885,9.0035,0.000777
57.98916,8.9979,0.000193
57.98941,8.9988,0.000193
57.98972,8.9932,-0.000111
57.99003,8.9998,0.001193
57.99034,8.9998,0.001593
57.99065,8.9979,0.001385
57.99096,8.9979,-0.000111
57.99121,8.9951,-0.000111
57.99152,9.0008,0.000089
57.99183,9.0008,0.000881
57.99214,8.9961,0.000985
57.99245,8.9979,0.000089
57.99276,8.9979,0.000297
57.99301,8.9988,0.000297
57.99332,8.9951,0.000881
57.99364,8.9988,0.001593
57.99395,8.9961,-0.000591
57.99426,8.9961,0.000193
57.99451,8.9961,0.000193
57.99482,8.9971,0.000385
57.99513,8.9971,0.000385
57.99544,8.9961,-0.000111
57.99575,9.0027,0.000593
57.99606,8.9961,0.000593
57.99631,9.0008,0.000593
57.99662,8.9941,0.000089
57.99693,8.9979,0.000089
57.99724,8.9971,0.000489
57.99755,8.9961,0.000593
57.99786,8.9971,-0.000695
57.99812,8.9941,-0.000695
57.99842,8.9914,-0.000399
57.99873,8.9922,-0.000295
57.99904,8.9914,0.000881
57.99935,8.9971,0.000385
57.99961,8.9932,0.000385
57.99992,9.0008,0.000777
