t_s,vbus_V,current_A
182.00012,0.0000,-0.000591
182.00043,0.0000,-0.000111
182.00073,0.0000,-0.000511
182.00104,0.0000,-0.000007
182.00130,0.0000,-0.000007
182.00161,0.0000,0.000089
182.00192,0.0000,-0.000111
182.00223,0.0000,0.000489
182.00254,0.0000,0.000777
182.00279,0.0000,0.000777
182.00310,0.0000,0.000297
182.00341,0.0000,-0.000007
182.00372,0.0000,-0.000111
182.00403,0.0000,0.000489
182.00434,0.0000,-0.000591
182.00459,0.0000,-0.000591
182.00490,0.0000,0.000593
182.00521,0.0000,0.000193
182.00552,0.0000,-0.000399
182.00583,0.0000,0.000193
182.00614,0.0000,0.000385
182.00639,0.0000,0.000385
182.00670,0.0000,0.000089
182.00701,0.0000,0.000777
182.00732,0.0000,0.000297
182.00763,0.0000,-0.000295
182.00794,0.0000,-0.000903
182.00820,0.0000,-0.000903
182.00851,0.0000,-0.000191
182.00882,0.0002,-0.000007
182.00913,0.0000,0.001089
182.00944,0.0000,0.000089
182.00969,0.0000,0.000089
182.01000,0.0000,-0.000295
182.01031,0.0000,0.000489
182.01062,0.0000,0.000985
182.01093,0.0000,0.000089
182.01124,0.0000,0.000089
182.01149,0.0000,0.000089
182.01180,0.0000,0.000385
182.01211,0.0000,-0.000591
182.01242,0.0000,-0.000111
182.01273,0.0000,-0.000399
182.01304,0.0000,0.000089
182.01330,0.0000,0.000089
182.01361,0.0000,-0.000111
182.01391,0.0000,-0.000007
182.01422,0.0000,-0.000295
182.01454,0.0000,0.000489
182.01479,0.0000,0.000489
182.01510,0.0000,0.000089
182.01541,0.0000,-0.000295
182.01572,0.0000,-0.000295
182.01603,0.0000,-0.000111
182.01634,0.0000,0.000297
182.01659,0.0000,0.000297
182.01690,0.0000,0.000089
182.01721,0.0000,-0.000295
182.01752,0.0000,0.000385
182.01783,0.0000,0.000489
182.01814,0.0000,-0.000511
182.01839,0.0000,-0.000511
182.01870,0.0000,-0.000295
182.01901,0.0000,-0.000399
182.01932,0.0000,-0.000007
182.01963,0.0000,-0.000191
182.01994,0.0000,-0.000511
182.02019,0.0000,-0.000511
182.02051,0.0000,0.000193
182.02082,0.0000,0.000593
182.02113,0.0000,-0.000295
182.02144,0.0000,-0.000695
182.02169,0.0000,-0.000695
182.02200,0.0000,-0.000591
182.02231,0.0000,0.000593
182.02262,0.0000,0.000193
182.02293,0.0000,-0.000295
182.02324,0.0000,0.000881
182.02349,0.0000,0.000881
182.02380,0.0000,-0.000007
182.02411,0.0000,0.000489
182.02442,0.0000,-0.000111
182.02473,0.0000,0.000297
182.02504,0.0000,0.000193
182.02529,0.0000,0.000193
182.02560,0.0000,0.000697
182.02591,0.0000,0.000193
182.02623,0.0000,-0.000191
182.02654,0.0000,0.000089
182.02679,0.0000,0.000089
182.02710,0.0000,-0.000191
182.02741,0.0000,-0.000399
182.02772,0.0000,0.000297
182.02803,0.0000,-0.000191
182.02834,0.0000,-0.000799
182.02859,0.0000,-0.000799
182.02890,0.0000,-0.000007
182.02921,0.0000,-0.000191
182.02952,0.0000,0.000089
182.02983,0.0000,-0.000007
182.03014,0.0000,-0.000111
182.03040,0.0000,-0.000111
182.03071,0.0000,0.000489
182.03102,0.0000,-0.000799
182.03132,0.0000,0.000297
182.03163,0.0000,-0.000399
182.03189,0.0000,-0.000399
182.03220,0.0002,-0.000295
182.03251,0.0000,0.000489
182.03282,0.0000,-0.000295
182.03313,0.0000,-0.000111
182.03344,0.0000,-0.000191
182.03369,0.0000,-0.000191
182.03400,0.0000,0.000193
182.03431,0.0000,0.000985
182.03462,0.0000,-0.000295
182.03493,0.0000,-0.000111
182.03524,0.0000,-0.000007
182.03550,0.0000,-0.000007
182.03580,0.0000,-0.000511
182.03611,0.0000,0.000297
182.03642,0.0000,0.000089
182.03673,0.0000,0.000593
182.03699,0.0000,0.000593
182.03730,0.0000,0.001089
182.03761,0.0000,-0.000295
182.03792,0.0000,-0.000295
182.03823,0.0000,0.000297
182.03854,0.0000,-0.000111
182.03879,0.0000,-0.000111
182.03911,0.0000,-0.000191
182.03942,0.0000,0.000881
182.03973,0.0000,-0.000007
182.04003,0.0000,-0.000295
182.04029,0.0000,-0.000295
182.04060,0.0000,0.000193
182.04091,0.0000,0.000193
182.04122,0.0000,-0.000295
182.04153,0.0000,-0.000111
182.04184,0.0000,-0.000007
182.04209,0.0000,-0.000007
182.04240,0.0000,-0.000799
182.04271,0.0000,0.000089
182.04302,0.0000,0.000385
182.04333,0.0000,-0.000111
182.04364,0.0000,-0.000007
182.04389,0.0000,-0.000007
182.04420,0.0000,-0.000511
182.04451,0.0000,-0.000191
182.04482,0.0000,-0.000191
182.04513,0.0000,-0.000007
182.04544,0.0000,-0.000111
182.04569,0.0000,-0.000111
182.04600,0.0000,0.000089
182.04631,0.0000,0.000193
182.04662,0.0000,-0.000111
182.04693,0.0000,0.000489
182.04718,0.0000,0.000489
182.04750,0.0000,0.000489
182.04781,0.0000,0.000193
182.04811,0.0000,-0.000111
182.04842,0.0000,-0.000191
182.04873,0.0000,-0.000191
182.04899,0.0000,-0.000191
182.04930,0.0000,0.000697
182.04961,0.0000,-0.000511
182.04992,0.0000,-0.000511
182.05023,0.0000,0.000489
182.05054,0.0000,0.000297
182.05079,0.0000,0.000297
182.05110,0.0000,-0.000111
182.05141,0.0000,-0.000191
182.05172,0.0000,0.000697
182.05203,0.0000,0.000881
182.05234,0.0000,-0.000111
182.05259,0.0000,-0.000111
182.05290,0.0000,0.000489
182.05321,0.0000,0.000297
182.05352,0.0000,0.000881
182.05383,0.0000,0.000297
182.05408,0.0000,0.000297
182.05439,0.0000,0.000489
182.05470,0.0000,-0.000191
182.05501,0.0000,-0.000007
182.05532,0.0000,0.000489
182.05563,0.0000,-0.000903
182.05589,0.0000,-0.000903
182.05620,0.0000,0.000297
182.05651,0.0000,-0.000111
182.05682,0.0000,-0.000007
182.05713,0.0000,0.000881
182.05739,0.0000,0.000881
182.05769,0.0000,-0.000295
182.05801,0.0000,0.000489
182.05832,0.0000,-0.000191
182.05862,0.0000,-0.000191
182.05893,0.0000,-0.000295
182.05919,0.0000,-0.000295
182.05950,0.0000,0.000489
182.05981,0.0000,0.000593
182.06012,0.0000,-0.000111
182.06043,0.0000,0.000193
182.06074,0.0000,-0.000695
182.06099,0.0000,-0.000695
182.06130,0.0000,0.000089
182.06161,0.0000,-0.000295
182.06192,0.0000,0.000089
182.06223,0.0000,-0.000007
182.06254,0.0000,0.000593
182.06279,0.0000,0.000593
182.06310,0.0000,-0.000615
182.06341,0.0002,-0.000007
182.06372,0.0000,0.000089
182.06403,0.0000,0.000777
182.06428,0.0000,0.000777
182.06459,0.0000,-0.000903
182.06490,0.0000,-0.000295
182.06521,0.0000,0.000089
182.06552,0.0000,-0.000615
182.06583,0.0000,-0.000007
182.06608,0.0000,-0.000007
182.06639,0.0000,0.000297
182.06670,0.0000,-0.000191
182.06701,0.0000,-0.000111
182.06732,0.0000,0.000385
182.06763,0.0000,-0.000591
182.06789,0.0000,-0.000591
182.06820,0.0000,0.000489
182.06851,0.0000,0.000593
182.06882,0.0000,-0.000695
182.06913,0.0000,0.000385
182.06938,0.0000,0.000385
182.06969,0.0000,0.000297
182.07000,0.0000,0.000385
182.07031,0.0000,-0.000191
182.07062,0.0000,0.000489
182.07093,0.0000,-0.000399
182.07118,0.0000,-0.000399
182.07149,0.0000,0.000297
182.07180,0.0000,0.000089
182.07211,0.0000,-0.000007
182.07242,0.0000,0.000089
182.07273,0.0000,0.000297
182.07299,0.0000,0.000297
182.07329,0.0000,0.000193
182.07360,0.0000,-0.000007
182.07391,0.0000,-0.000295
182.07423,0.0000,0.000089
182.07454,0.0000,-0.000295
182.07479,0.0000,-0.000295
182.07510,0.0000,-0.000695
182.07541,0.0000,-0.000111
182.07572,0.0000,-0.000615
182.07603,0.0000,0.000089
182.07634,0.0000,0.000193
182.07659,0.0000,0.000193
182.07690,0.0000,-0.000191
182.07721,0.0000,0.000089
182.07752,0.0000,0.000593
182.07783,0.0000,-0.000295
182.07808,0.0000,-0.000295
182.07839,0.0000,-0.000399
182.07870,0.0000,-0.000111
182.07901,0.0000,-0.000111
182.07932,0.0000,0.000089
182.07963,0.0000,0.000489
182.07988,0.0000,0.000489
182.08019,0.0000,0.000697
182.08050,0.0000,0.000881
182.08082,0.0000,0.000089
182.08113,0.0000,-0.000111
182.08144,0.0000,-0.000295
182.08169,0.0000,-0.000295
182.08200,0.0000,-0.000695
182.08231,0.0000,0.000089
182.08262,0.0000,-0.000111
182.08293,0.0000,-0.000191
182.08318,0.0000,-0.000191
182.08349,0.0000,0.000489
182.08380,0.0000,0.000193
182.08411,0.0000,0.000193
182.08442,0.0000,-0.000007
182.08473,0.0000,0.000193
182.08498,0.0000,0.000193
182.08529,0.0000,0.000385
182.08560,0.0000,0.000489
182.08591,0.0000,0.000089
182.08622,0.0000,0.000089
182.08653,0.0000,-0.000191
182.08679,0.0000,-0.000191
182.08710,0.0000,-0.000511
182.08741,0.0000,-0.000399
182.08772,0.0000,-0.000511
182.08803,0.0000,-0.000007
182.08833,0.0000,-0.000295
182.08859,0.0000,-0.000295
182.08890,0.0000,-0.000191
182.08921,0.0000,-0.000615
182.08952,0.0000,-0.000399
182.08983,0.0000,0.000089
182.09008,0.0000,0.000089
182.09039,0.0000,-0.000295
182.09070,0.0000,0.000385
182.09101,0.0000,0.000193
182.09132,0.0000,0.000489
182.09163,0.0000,0.000385
182.09188,0.0000,0.000385
182.09219,0.0000,0.000297
182.09250,0.0000,0.000593
182.09281,0.0000,-0.000111
182.09313,0.0000,0.000297
182.09344,0.0000,-0.000111
182.09369,0.0000,-0.000111
182.09400,0.0000,-0.000511
182.09431,0.0000,0.000385
182.09462,0.0000,-0.000191
182.09493,0.0000,-0.000191
182.09518,0.0000,-0.000191
182.09549,0.0049,0.002593
182.09580,0.0492,0.017049
182.09611,0.0842,0.028497
182.09642,0.1785,0.035593
182.09673,0.2248,0.041761
182.09698,0.3078,0.041761
182.09729,0.4051,0.045665
182.09760,0.4928,0.060017
182.09791,0.6061,0.068689
182.09822,0.7250,0.074281
182.09853,0.8674,0.078849
182.09878,1.0213,0.078849
182.09909,1.1619,0.089129
182.09940,1.3459,0.105281
182.09971,1.5338,0.112657
182.10002,1.7281,0.117545
182.10033,1.9414,0.121337
182.10059,2.1596,0.121337
182.10090,2.4049,0.128913
182.10120,2.6531,0.135393
182.10152,2.9088,0.139169
182.10182,3.1910,0.140273
182.10208,3.4873,0.140273
182.10239,3.8055,0.142465
182.10270,4.1215,0.169497
182.10301,4.4104,0.250161
182.10332,4.7236,0.254641
182.10363,5.0416,0.206793
182.10388,5.4201,0.206793
182.10419,5.8240,0.165305
182.10450,6.2355,0.153833
182.10481,6.6688,0.153649
182.10512,7.1189,0.148953
182.10543,7.5889,0.142865
182.10568,8.0684,0.142865
182.10599,8.5723,0.140273
182.10631,9.0461,0.040681
182.10662,9.1197,0.019425
182.10693,9.0951,0.019633
182.10718,9.0818,0.019633
182.10749,9.0771,0.019529
182.10780,9.0461,0.019137
182.10811,9.0480,0.020241
182.10842,9.0328,0.019529
182.10873,9.0158,0.019137
182.10898,9.0102,0.019137
182.10929,8.9914,0.019529
182.10960,8.9932,0.019425
182.10991,8.9762,0.022825
182.11022,8.9762,0.022537
182.11053,8.9818,0.023225
182.11078,8.9848,0.023225
182.11109,8.9838,0.021825
182.11140,8.9922,0.022217
182.11171,8.9904,0.021929
182.11202,8.9875,0.021929
182.11233,8.9932,0.022033
182.11259,8.9865,0.022033
182.11289,8.9932,0.020825
182.11320,8.9914,0.022217
182.11351,8.9951,0.022033
182.11382,8.9932,0.021321
182.11408,8.9998,0.021321
182.11439,8.9971,0.022617
182.11470,8.9941,0.043769
182.11501,8.9932,0.026201
182.11532,8.9971,0.024017
182.11562,8.9922,0.023913
182.11588,8.9895,0.023913
182.11619,8.9904,0.023721
182.11650,8.9932,0.023913
182.11681,8.9971,0.022825
182.11712,8.9988,0.024121
182.11743,8.9951,0.024513
182.11768,8.9988,0.024513
182.11799,8.9971,0.023721
182.11830,8.9895,0.023121
182.11861,8.9961,0.022721
182.11892,8.9922,0.022721
182.11918,8.9988,0.022721
182.11949,9.0045,0.024225
182.11979,8.9951,0.023721
182.12010,8.9951,0.024017
182.12041,8.9979,0.024409
182.12072,8.9932,0.023721
182.12098,8.9951,0.023721
182.12129,8.9988,0.023513
182.12160,8.9904,0.023121
182.12190,9.0018,0.024617
182.12222,8.9961,0.024121
182.12253,8.9914,0.023721
182.12278,8.9971,0.023721
182.12309,8.9895,0.023009
182.12340,8.9895,0.024329
182.12371,8.9895,0.024513
182.12402,8.9904,0.022617
182.12427,8.9971,0.022617
182.12458,8.9857,0.023721
182.12489,8.9951,0.022929
182.12520,8.9941,0.023617
182.12551,8.9998,0.022033
182.12582,8.9904,0.022537
182.12608,8.9951,0.022537
182.12639,8.9971,0.022929
182.12669,8.9932,0.024225
182.12700,8.9932,0.023513
182.12731,8.9951,0.025809
182.12762,8.9828,0.023721
182.12788,8.9941,0.023721
182.12819,9.0027,0.023825
182.12850,8.9941,0.023721
182.12881,8.9865,0.023825
182.12912,8.9961,0.023513
182.12937,8.9895,0.023513
182.12968,8.9961,0.022721
182.12999,8.9971,0.023433
182.13030,8.9961,0.023513
182.13061,8.9961,0.024513
182.13092,8.9875,0.023009
182.13117,8.9914,0.023009
182.13148,8.9951,0.022425
182.13180,8.9895,0.022929
182.13211,8.9941,0.025721
182.13242,8.9998,0.026017
182.13272,8.9932,0.027105
182.13298,8.9932,0.027105
182.13329,8.9961,0.027209
182.13360,8.9988,0.027313
182.13391,8.9914,0.026017
182.13422,8.9941,0.026201
182.13453,8.9961,0.025305
182.13478,8.9941,0.025305
182.13509,8.9904,0.025809
182.13540,8.9904,0.025913
182.13571,8.9988,0.025513
182.13602,9.0008,0.026017
182.13627,9.0045,0.026017
182.13658,8.9848,0.026409
182.13689,8.9951,0.024913
182.13720,8.9922,0.025121
182.13751,8.9941,0.024825
182.13782,8.9961,0.026625
182.13807,9.0027,0.026625
182.13838,8.9922,0.026521
182.13869,8.9809,0.052841
182.13900,8.9857,0.055721
182.13931,8.9828,0.057929
182.13962,8.9914,0.050737
182.13988,8.9979,0.050737
182.14018,8.9781,0.064497
182.14050,8.9932,0.065793
182.14081,8.9914,0.063497
182.14112,8.9857,0.063497
182.14143,8.9979,0.064897
182.14168,8.9895,0.064897
182.14199,8.9838,0.065209
182.14230,8.9857,0.064601
182.14261,8.9875,0.063705
182.14292,8.9932,0.063497
182.14323,8.9875,0.064793
182.14348,8.9801,0.064793
182.14379,8.9885,0.065609
182.14410,8.9904,0.064497
182.14441,8.9875,0.063601
182.14472,8.9838,0.064393
182.14497,8.9885,0.064393
182.14528,8.9875,0.065001
182.14559,8.9885,0.064289
182.14590,8.9932,0.063809
182.14621,8.9932,0.063897
182.14652,8.9914,0.064497
182.14678,8.9895,0.064497
182.14709,8.9838,0.063393
182.14740,8.9809,0.064393
182.14771,8.9848,0.064601
182.14802,8.9875,0.066401
182.14833,8.9904,0.063313
182.14858,8.9941,0.063313
182.14889,8.9848,0.063105
182.14920,8.9857,0.063601
182.14951,8.9904,0.064497
182.14982,8.9895,0.063497
182.15007,8.9895,0.063497
182.15038,8.9838,0.064497
182.15069,8.9848,0.064209
182.15100,8.9838,0.063897
182.15131,8.9904,0.062913
182.15162,8.9838,0.062313
182.15187,8.9865,0.062313
182.15218,8.9848,0.063705
182.15250,8.9932,0.064289
182.15281,8.9988,0.064793
182.15312,8.9951,0.063417
182.15343,8.9875,0.065105
182.15368,8.9941,0.065105
182.15399,8.9922,0.063601
182.15430,8.9838,0.063313
182.15461,8.9848,0.063393
182.15492,8.9857,0.064601
182.15517,8.9895,0.064601
182.15548,8.9932,0.065105
182.15579,8.9971,0.062705
182.15610,8.9914,0.062497
182.15641,8.9838,0.062913
182.15672,8.9961,0.063417
182.15697,8.9762,0.063417
182.15728,8.9932,0.063209
182.15759,8.9875,0.064105
182.15790,8.9818,0.065689
182.15821,8.9951,0.064209
182.15853,8.9895,0.063705
182.15878,8.9791,0.063705
182.15909,8.9951,0.063209
182.15940,8.9904,0.063705
182.15971,8.9951,0.064001
182.16002,8.9857,0.065393
182.16027,8.9904,0.065393
182.16058,8.9922,0.063313
182.16089,8.9979,0.065001
182.16120,8.9961,0.063105
182.16151,8.9865,0.063497
182.16182,8.9895,0.063105
182.16207,8.9904,0.063105
182.16238,8.9932,0.064001
182.16269,8.9885,0.064209
182.16300,8.9971,0.064105
182.16331,8.9895,0.063209
182.16362,8.9848,0.064001
182.16387,8.9941,0.064001
182.16419,8.9885,0.063105
182.16450,8.9961,0.064601
182.16481,8.9801,0.064001
182.16512,8.9818,0.063809
182.16537,8.9904,0.063809
182.16568,8.9961,0.064289
182.16599,8.9857,0.064393
182.16630,8.9895,0.064793
182.16661,8.9941,0.063705
182.16692,8.9932,0.064705
182.16717,8.9865,0.064705
182.16748,8.9725,0.063601
182.16779,8.9951,0.064105
182.16810,8.9828,0.063705
182.16841,8.9932,0.063313
182.16872,8.9828,0.062809
182.16897,8.9875,0.062809
182.16928,8.9865,0.063705
182.16959,8.9865,0.065289
182.16990,8.9857,0.063105
182.17022,8.9791,0.063601
182.17047,8.9809,0.063601
182.17078,8.9885,0.063209
182.17109,8.9932,0.063105
182.17140,8.9875,0.061601
182.17171,8.9818,0.062497
182.17202,8.9857,0.062497
182.17227,8.9875,0.062497
182.17258,8.9951,0.062809
182.17289,8.9875,0.060305
182.17320,8.9932,0.063209
182.17351,8.9857,0.062097
182.17382,8.9914,0.061601
182.17407,8.9865,0.061601
182.17438,8.9932,0.062809
182.17469,8.9848,0.062601
182.17500,8.9914,0.062417
182.17531,8.9932,0.063417
182.17562,8.9971,0.062913
182.17588,8.9838,0.062913
182.17619,8.9801,0.062601
182.17650,8.9818,0.064393
182.17681,8.9828,0.061121
182.17712,8.9979,0.060705
182.17737,8.9809,0.060705
182.17768,8.9791,0.061121
182.17799,8.9875,0.063105
182.17830,8.9875,0.062417
182.17861,8.9932,0.061601
182.17892,8.9801,0.062601
182.17917,8.9941,0.062601
182.17948,8.9875,0.062209
182.17979,8.9914,0.062809
182.18010,8.9971,0.062809
182.18041,8.9875,0.062809
182.18072,8.9857,0.063705
182.18097,8.9848,0.063705
182.18128,8.9895,0.062809
182.18159,8.9979,0.061121
182.18190,8.9865,0.061513
182.18221,8.9857,0.063105
182.18247,8.9951,0.063105
182.18278,8.9941,0.064289
182.18309,8.9838,0.061513
182.18340,8.9885,0.062017
182.18371,8.9922,0.063393
182.18402,8.9979,0.063313
182.18427,8.9941,0.063313
182.18458,8.9857,0.061409
182.18489,8.9914,0.062209
182.18520,8.9895,0.063497
182.18551,8.9941,0.062601
182.18582,8.9857,0.061513
182.18607,8.9961,0.061513
182.18638,8.9961,0.062017
182.18669,8.9875,0.062313
182.18700,9.0027,0.061913
182.18731,9.0018,0.062417
182.18762,8.9809,0.062809
182.18787,8.9885,0.062809
182.18818,8.9865,0.063105
182.18850,8.9885,0.062097
182.18881,8.9865,0.062809
182.18912,8.9875,0.061201
182.18937,8.9932,0.061201
182.18968,8.9865,0.063417
182.18999,8.9951,0.062497
182.19030,8.9941,0.062417
182.19061,8.9838,0.062209
182.19092,8.9865,0.063209
182.19117,8.9875,0.063209
182.19148,8.9895,0.062313
182.19179,8.9922,0.062209
182.19210,8.9904,0.061513
182.19241,8.9865,0.062497
182.19272,8.9914,0.063105
182.19297,8.9914,0.063105
182.19328,8.9838,0.061305
182.19359,8.9932,0.061601
182.19390,8.9875,0.062601
182.19421,8.9941,0.063105
182.19447,8.9875,0.063105
182.19478,8.9885,0.061809
182.19509,8.9895,0.063105
182.19540,8.9979,0.062313
182.19571,8.9857,0.062017
182.19602,8.9988,0.061705
182.19627,8.9895,0.061705
182.19658,8.9875,0.062313
182.19689,8.9961,0.061913
182.19720,8.9922,0.062313
182.19751,8.9951,0.060705
182.19782,8.9932,0.061409
182.19807,8.9932,0.061409
182.19838,8.9801,0.063705
182.19869,8.9865,0.061513
182.19900,8.9895,0.062601
182.19931,9.0064,0.063105
182.19962,8.9865,0.063313
182.19987,8.9904,0.063313
182.20018,8.9961,0.061705
182.20049,8.9932,0.062313
182.20080,8.9809,0.062913
182.20111,8.9828,0.063809
182.20137,8.9951,0.063809
182.20168,8.9895,0.062497
182.20199,8.9865,0.063001
182.20230,8.9914,0.062601
182.20260,8.9951,0.060913
182.20292,8.9828,0.062209
182.20317,8.9914,0.062209
182.20348,8.9848,0.062497
182.20379,8.9848,0.063497
182.20410,8.9895,0.062497
182.20441,8.9932,0.062913
182.20472,8.9865,0.061601
182.20497,8.9857,0.061601
182.20528,8.9857,0.062097
182.20559,8.9979,0.062417
182.20590,8.9932,0.061705
182.20621,8.9941,0.061913
182.20647,8.9895,0.061913
182.20678,8.9781,0.061513
182.20709,8.9818,0.062417
182.20740,8.9922,0.061121
182.20771,8.9838,0.062705
182.20802,8.9904,0.062601
182.20827,8.9914,0.062601
182.20858,8.9914,0.064601
182.20889,8.9875,0.061409
182.20920,8.9857,0.061993
182.20951,8.9838,0.062601
182.20982,8.9801,0.062705
182.21007,8.9904,0.062705
182.21038,8.9904,0.062209
182.21069,8.9875,0.063393
182.21100,8.9914,0.063497
182.21131,8.9895,0.062705
182.21162,8.9971,0.062809
182.21187,8.9875,0.062809
182.21218,8.9895,0.063393
182.21250,8.9904,0.062497
182.21280,8.9904,0.062601
182.21311,8.9857,0.061305
182.21337,8.9875,0.061305
182.21368,8.9875,0.062809
182.21399,8.9979,0.063705
182.21430,8.9895,0.061705
182.21461,8.9865,0.061513
182.21492,8.9961,0.062705
182.21517,8.9932,0.062705
182.21548,8.9895,0.061305
182.21579,8.9848,0.063705
182.21610,8.9865,0.062097
182.21641,8.9828,0.063313
182.21672,8.9971,0.062097
182.21697,8.9951,0.062097
182.21728,8.9951,0.062913
182.21759,8.9895,0.062417
182.21790,8.9932,0.063809
182.21821,8.9904,0.063105
182.21846,8.9895,0.063105
182.21878,8.9914,0.062601
182.21909,8.9988,0.061913
182.21940,8.9904,0.062313
182.21970,8.9895,0.062705
182.22002,8.9971,0.061809
182.22027,8.9838,0.061809
182.22058,8.9922,0.062809
182.22089,8.9932,0.061913
182.22120,8.9904,0.062913
182.22151,8.9838,0.063601
182.22182,8.9875,0.061705
182.22207,8.9885,0.061705
182.22238,8.9971,0.062913
182.22269,8.9951,0.062601
182.22300,8.9988,0.062705
182.22331,8.9885,0.062313
182.22362,8.9875,0.062497
182.22387,8.9857,0.062497
182.22418,8.9885,0.062209
182.22449,8.9895,0.062521
182.22480,8.9838,0.061809
182.22511,8.9875,0.062313
182.22537,8.9801,0.062313
182.22568,8.9932,0.062913
182.22599,8.9914,0.063001
182.22630,8.9904,0.062601
182.22661,8.9941,0.064105
182.22692,8.9885,0.063313
182.22717,8.9979,0.063313
182.22748,8.9809,0.062417
182.22779,8.9922,0.061601
182.22810,8.9895,0.062601
182.22841,8.9922,0.063313
182.22872,8.9771,0.061913
182.22897,8.9961,0.061913
182.22928,8.9875,0.062097
182.22959,8.9771,0.061913
182.22990,8.9988,0.063313
182.23021,8.9895,0.060513
182.23046,8.9932,0.060513
182.23077,8.9865,0.060913
182.23108,8.9818,0.062497
182.23140,8.9904,0.062705
182.23171,8.9848,0.063105
182.23202,8.9941,0.061993
182.23227,8.9922,0.061993
182.23258,8.9838,0.062313
182.23289,8.9875,0.062313
182.23320,8.9885,0.061913
182.23351,8.9961,0.062209
182.23382,8.9904,0.064705
182.23407,8.9961,0.064705
182.23438,8.9885,0.063601
182.23469,8.9998,0.062097
182.23500,8.9932,0.061809
182.23531,8.9865,0.061705
182.23556,8.9865,0.061705
182.23587,8.9951,0.062809
182.23618,8.9818,0.063705
182.23649,8.9932,0.062313
182.23680,8.9848,0.062417
182.23711,8.9865,0.063809
182.23736,8.9895,0.063809
182.23768,8.9865,0.058913
182.23798,8.9941,0.062913
182.23829,8.9857,0.062601
182.23860,8.9904,0.063105
182.23891,8.9922,0.063601
182.23917,8.9951,0.063601
182.23948,8.9895,0.062417
182.23979,8.9885,0.062097
182.24010,8.9895,0.061513
182.24041,8.9914,0.061705
182.24071,8.9828,0.062097
182.24097,8.9904,0.062097
182.24128,8.9895,0.061601
182.24159,8.9857,0.063001
182.24190,8.9922,0.061809
182.24221,8.9914,0.061513
182.24246,8.9885,0.061513
182.24465,8.9885,0.061705
182.24642,8.9875,0.061705
182.24817,8.9818,0.061913
182.24993,8.9895,0.062313
182.25169,8.9932,0.063705
182.25345,8.9951,0.062497
182.25521,8.9932,0.062097
182.25696,8.9951,0.062601
182.25716,8.9885,0.062601
182.25747,8.9904,0.063897
182.25778,8.9922,0.061705
182.25809,8.9857,0.062209
182.25840,8.9818,0.062913
182.25871,8.9875,0.062417
182.25896,8.9818,0.062417
182.25927,8.9875,0.062209
182.25958,8.9914,0.062913
182.25989,8.9904,0.062601
182.26020,8.9961,0.062601
182.26051,8.9865,0.060913
182.26076,8.9848,0.060913
182.26107,8.9914,0.062097
182.26138,8.9818,0.063313
182.26169,8.9979,0.063897
182.26200,8.9857,0.061809
182.26231,8.9875,0.061913
182.26257,8.9838,0.061913
182.26288,8.9828,0.062097
182.26319,8.9951,0.062209
182.26350,8.9828,0.061705
182.26381,8.9895,0.062913
182.26406,8.9857,0.062913
182.26437,8.9904,0.063809
182.26468,8.9865,0.062097
182.26499,8.9875,0.062497
182.26530,8.9914,0.062313
182.26561,8.9895,0.061913
182.26586,8.9895,0.061913
182.26617,8.9979,0.063601
182.26648,8.9865,0.062017
182.26679,8.9951,0.062913
182.26710,8.9885,0.062313
182.26741,8.9885,0.063897
182.26766,8.9961,0.063897
182.26797,8.9922,0.062097
182.26828,8.9865,0.062417
182.26860,8.9791,0.062097
182.26891,8.9865,0.061913
182.26916,8.9904,0.061913
182.26947,8.9941,0.061201
182.26978,8.9848,0.062497
182.27009,8.9904,0.062313
182.27040,8.9914,0.062209
182.27071,8.9932,0.061809
182.27096,8.9809,0.061809
182.27127,8.9791,0.061705
182.27158,8.9848,0.064289
182.27189,8.9922,0.062913
182.27220,8.9885,0.062209
182.27251,8.9838,0.061513
182.27276,8.9885,0.061513
182.27307,8.9885,0.061601
182.27338,8.9914,0.062601
182.27369,8.9979,0.061705
182.27400,8.9914,0.062417
182.27426,8.9838,0.062417
182.27457,8.9914,0.063313
182.27488,8.9941,0.062417
182.27519,8.9838,0.061305
182.27550,8.9885,0.061809
182.27581,8.9838,0.062913
182.27606,8.9838,0.062913
182.27637,8.9895,0.061601
182.27668,8.9922,0.062209
182.27699,8.9744,0.061913
182.27730,8.9875,0.062097
182.27761,8.9875,0.062705
182.27786,8.9932,0.062705
182.27817,8.9857,0.062209
182.27848,8.9781,0.061809
182.27879,8.9904,0.062209
182.27910,8.9865,0.061809
182.27941,8.9838,0.061705
182.27966,8.9857,0.061705
182.27997,8.9914,0.062705
182.28028,8.9865,0.063897
182.28060,8.9998,0.061809
182.28091,8.9885,0.062497
182.28116,8.9875,0.062497
182.28147,8.9875,0.062097
182.28178,8.9875,0.063001
182.28209,8.9922,0.061513
182.28240,8.9818,0.062601
182.28271,8.9979,0.063393
182.28296,8.9734,0.063393
182.28327,8.9895,0.062705
182.28358,8.9988,0.061409
182.28389,8.9904,0.061305
182.28420,8.9875,0.062809
182.28451,8.9914,0.063313
182.28476,8.9922,0.063313
182.28507,8.9988,0.063601
182.28538,8.9961,0.062497
182.28569,8.9838,0.062913
182.28600,8.9865,0.062913
182.28625,8.9857,0.062913
182.28657,8.9961,0.062913
182.28688,8.9865,0.062417
182.28719,8.9857,0.062601
182.28750,8.9922,0.063497
182.28781,8.9932,0.061993
182.28806,8.9865,0.061993
182.28837,8.9922,0.063001
182.28868,8.9875,0.062705
182.28899,8.9914,0.062913
182.28930,8.9895,0.061913
182.28961,9.0018,0.062097
182.28986,8.9857,0.062097
182.29017,8.9818,0.062809
182.29048,8.9865,0.062809
182.29079,8.9895,0.062705
182.29110,8.9941,0.061705
182.29135,8.9857,0.061705
182.29166,8.9848,0.062097
182.29197,8.9914,0.061913
182.29228,8.9857,0.062913
182.29260,8.9828,0.061601
182.29291,8.9809,0.062705
182.29316,8.9865,0.062705
182.29347,8.9895,0.062601
182.29378,8.9875,0.062705
182.29409,8.9895,0.062097
182.29440,8.9932,0.062497
182.29471,8.9941,0.062601
182.29496,8.9848,0.062601
182.29527,8.9875,0.061913
182.29558,8.9875,0.062705
182.29589,8.9848,0.062097
182.29620,8.9875,0.064393
182.29645,8.9875,0.064393
182.29676,8.9791,0.061409
182.29707,8.9951,0.062017
182.29738,8.9998,0.061601
182.29769,8.9914,0.061913
182.29800,8.9801,0.062209
182.29826,8.9895,0.062209
182.29857,8.9895,0.063393
182.29888,8.9979,0.062601
182.29919,8.9914,0.062705
182.29950,8.9941,0.062097
182.29975,8.9875,0.062097
182.30006,8.9857,0.061513
182.30037,8.9941,0.062705
182.30068,8.9932,0.063417
182.30099,8.9951,0.062497
182.30130,8.9781,0.062017
182.30155,8.9904,0.062017
182.30186,8.9951,0.063313
182.30217,8.9865,0.061305
182.30248,8.9914,0.062017
182.30279,8.9781,0.062097
182.30310,8.9865,0.062209
182.30335,8.9971,0.062209
182.30366,8.9914,0.063105
182.30397,8.9857,0.062809
182.30429,8.9904,0.062417
182.30460,8.9904,0.063001
182.30491,8.9922,0.061913
182.30516,8.9961,0.061913
182.30547,8.9932,0.063417
182.30578,8.9838,0.063105
182.30609,8.9875,0.062601
182.30640,8.9979,0.062017
182.30665,8.9838,0.062017
182.30696,8.9895,0.061601
182.30727,9.0008,0.061913
182.30758,9.0008,0.062705
182.30789,8.9914,0.062705
182.30820,8.9904,0.062209
182.30845,8.9818,0.062209
182.30876,8.9875,0.062209
182.30907,8.9914,0.062209
182.30938,8.9914,0.062313
182.30969,8.9895,0.062497
182.31000,8.9857,0.062913
182.31025,8.9885,0.062913
182.31057,8.9932,0.063601
182.31088,9.0008,0.062601
182.31119,8.9838,0.061993
182.31150,8.9865,0.062097
182.31181,8.9828,0.061913
182.31206,9.0055,0.061913
182.31237,8.9932,0.062017
182.31268,8.9865,0.063313
182.31299,8.9818,0.064209
182.31330,8.9951,0.063209
182.31355,8.9838,0.063209
182.31386,8.9922,0.062417
182.31417,8.9961,0.061305
182.31448,8.9895,0.062313
182.31479,8.9988,0.062209
182.31510,8.9914,0.063313
182.31535,8.9988,0.063313
182.31566,8.9922,0.062417
182.31597,8.9857,0.061601
182.31628,8.9988,0.061121
182.31659,8.9848,0.061201
182.31690,8.9914,0.062097
182.31716,8.9951,0.062097
182.31747,8.9895,0.063393
182.31777,8.9875,0.062913
182.31808,8.9932,0.062313
182.31839,8.9838,0.063105
182.31870,8.9875,0.062601
182.31896,8.9971,0.062601
182.31927,8.9914,0.062417
182.31958,8.9922,0.062017
182.31989,8.9922,0.062313
182.32020,8.9895,0.062705
182.32045,8.9951,0.062705
182.32076,8.9885,0.062313
182.32107,8.9904,0.063601
182.32138,8.9875,0.061513
182.32169,8.9895,0.063001
182.32200,8.9885,0.063601
182.32225,8.9875,0.063601
182.32256,8.9914,0.062705
182.32288,8.9904,0.062497
182.32319,8.9838,0.062913
182.32350,8.9838,0.062209
182.32375,8.9971,0.062209
182.32406,8.9932,0.060913
182.32437,8.9781,0.061809
182.32468,8.9848,0.063105
182.32499,8.9914,0.063809
182.32530,8.9922,0.062097
182.32555,8.9961,0.062097
182.32586,8.9781,0.063497
182.32617,8.9885,0.062913
182.32648,8.9951,0.062313
182.32679,8.9971,0.060705
182.32710,8.9857,0.061705
182.32735,8.9895,0.061705
182.32766,8.9941,0.062809
182.32797,8.9838,0.062313
182.32828,8.9801,0.062705
182.32859,8.9809,0.061305
182.32885,8.9914,0.061305
182.32916,8.9961,0.063705
182.32947,8.9951,0.062209
182.32978,8.9922,0.062313
182.33009,8.9914,0.061809
182.33040,8.9828,0.063601
182.33065,8.9865,0.063601
182.33096,8.9932,0.061809
182.33127,8.9914,0.062809
182.33158,8.9914,0.062913
182.33189,8.9865,0.063809
182.33220,8.9914,0.062809
182.33245,8.9951,0.062809
182.33276,8.9781,0.061097
182.33307,8.9914,0.061601
182.33338,8.9885,0.064105
182.33369,8.9951,0.062313
182.33400,8.9904,0.062209
182.33425,8.9914,0.062209
182.33457,8.9922,0.062497
182.33488,8.9838,0.061017
182.33518,8.9932,0.063313
182.33550,8.9904,0.062497
182.33575,8.9848,0.062497
182.33606,8.9914,0.062417
182.33637,8.9941,0.062417
182.33668,8.9914,0.061305
182.33699,8.9838,0.061305
182.33730,8.9914,0.062313
182.33755,8.9875,0.062313
182.33786,8.9922,0.063313
182.33817,8.9922,0.063105
182.33848,8.9961,0.062313
182.33879,8.9932,0.062417
182.33910,8.9941,0.062913
182.33935,8.9904,0.062913
182.33966,8.9875,0.061913
182.33997,8.9932,0.062417
182.34028,8.9857,0.060913
182.34060,8.9904,0.064601
182.34085,8.9865,0.064601
182.34116,8.9932,0.062705
182.34147,8.9885,0.061705
182.34178,8.9941,0.063393
182.34209,8.9971,0.061913
182.34240,8.9914,0.062209
182.34265,8.9781,0.062209
182.34296,8.9848,0.061409
182.34327,8.9904,0.063497
182.34358,8.9857,0.062017
182.34389,8.9885,0.062705
182.34420,8.9885,0.063105
182.34445,8.9971,0.063105
182.34476,8.9951,0.062017
182.34507,8.9914,0.061705
182.34538,8.9932,0.061513
182.34569,8.9895,0.062705
182.34600,8.9885,0.062913
182.34625,8.9838,0.062913
182.34657,8.9781,0.062601
182.34688,8.9988,0.062313
182.34719,8.9875,0.063105
182.34749,8.9961,0.062497
182.34775,8.9885,0.062497
182.34806,8.9885,0.064001
182.34837,8.9951,0.063001
182.34868,8.9865,0.062497
182.34899,8.9914,0.062417
182.34930,8.9914,0.062497
182.34955,8.9875,0.062497
182.34986,8.9865,0.062809
182.35017,8.9865,0.062313
182.35048,8.9922,0.063105
182.35079,8.9932,0.062313
182.35110,8.9875,0.062417
182.35141,8.9885,0.062313
182.35166,8.9857,0.062313
182.35197,8.9932,0.063105
182.35228,8.9941,0.062313
182.35260,8.9922,0.062209
182.35291,8.9914,0.061913
182.35316,8.9914,0.061913
182.35347,8.9809,0.062097
182.35378,8.9914,0.061913
182.35409,8.9904,0.061913
182.35440,8.9875,0.062809
182.35471,8.9754,0.061993
182.35496,8.9801,0.061993
182.35527,8.9875,0.061705
182.35558,8.9895,0.060705
182.35589,8.9941,0.063313
182.35620,8.9828,0.062209
182.35651,8.9904,0.064601
182.35676,8.9941,0.064601
182.35707,8.9875,0.062809
182.35738,8.9895,0.062209
182.35769,8.9979,0.062497
182.35800,8.9922,0.062097
182.35825,8.9951,0.062097
182.35856,8.9818,0.062601
182.35887,8.9781,0.062209
182.35919,8.9848,0.062809
182.35950,8.9781,0.062705
182.35981,8.9914,0.062809
182.36006,8.9904,0.062809
182.36037,8.9865,0.063209
182.36068,8.9914,0.063705
182.36099,8.9961,0.062705
182.36130,8.9885,0.062913
182.36161,8.9904,0.062497
182.36186,8.9951,0.062497
182.36217,8.9848,0.061913
182.36248,8.9875,0.062913
182.36279,8.9932,0.061705
182.36310,8.9865,0.062601
182.36341,8.9971,0.062705
182.36366,8.9857,0.062705
182.36397,8.9941,0.063497
182.36428,8.9979,0.061409
182.36459,8.9979,0.062705
182.36490,8.9932,0.063601
182.36516,8.9875,0.063601
182.36547,8.9857,0.062017
182.36578,8.9914,0.061705
182.36609,8.9838,0.063105
182.36640,8.9865,0.063209
182.36671,8.9848,0.062209
182.36696,8.9857,0.062209
182.36727,8.9809,0.062097
182.36758,8.9904,0.061513
182.36789,8.9914,0.062097
182.36820,8.9998,0.062097
182.36851,8.9904,0.061913
182.36876,8.9818,0.061913
182.36907,8.9904,0.062313
182.36938,8.9914,0.062809
182.36969,8.9998,0.062017
182.37000,8.9951,0.061305
182.37025,8.9895,0.061305
182.37057,8.9865,0.062809
182.37088,8.9857,0.062601
182.37118,8.9818,0.062417
182.37150,8.9951,0.061513
182.37181,8.9875,0.062017
182.37206,8.9904,0.062017
182.37237,8.9922,0.063209
182.37268,8.9941,0.062497
182.37299,8.9875,0.061513
182.37330,8.9838,0.063209
182.37361,8.9904,0.060913
182.37386,8.9875,0.060913
182.37417,8.9885,0.061409
182.37448,8.9865,0.061705
182.37479,8.9838,0.061513
182.37510,8.9848,0.063497
182.37535,8.9932,0.063497
182.37566,8.9848,0.062705
182.37597,8.9875,0.062913
182.37628,8.9885,0.061409
182.37659,8.9951,0.063209
182.37690,8.9705,0.063809
182.37716,8.9941,0.063809
182.37747,8.9971,0.063209
182.37777,8.9922,0.062705
182.37808,8.9961,0.062209
182.37839,8.9857,0.062497
182.37870,8.9941,0.062417
182.37896,8.9865,0.062417
182.37927,8.9895,0.062913
182.37958,8.9904,0.061513
182.37989,8.9961,0.062705
182.38020,8.9848,0.061705
182.38051,8.9961,0.062313
182.38076,8.9875,0.062313
182.38107,8.9971,0.062705
182.38138,9.0018,0.061913
182.38169,8.9895,0.062097
182.38200,8.9865,0.062497
182.38231,8.9951,0.063105
182.38256,8.9971,0.063105
182.38287,8.9875,0.062809
182.38318,8.9838,0.062313
182.38349,8.9885,0.061513
182.38380,8.9885,0.062705
182.38406,8.9961,0.062705
182.38436,8.9932,0.061409
182.38468,8.9885,0.062417
182.38499,8.9951,0.062809
182.38530,8.9895,0.062809
182.38560,8.9865,0.061121
182.38586,8.9838,0.061121
182.38617,8.9951,0.062017
182.38648,8.9961,0.062705
182.38679,8.9875,0.062209
182.38710,8.9951,0.061121
182.38741,8.9848,0.061305
182.38766,8.9895,0.061305
182.38797,8.9895,0.062497
182.38828,8.9895,0.062497
182.38860,8.9914,0.061305
182.38885,8.9848,0.061305
182.38916,8.9885,0.061705
182.38947,8.9857,0.062097
182.38978,8.9941,0.061513
182.39009,8.9895,0.061601
182.39040,8.9895,0.061913
182.39065,8.9922,0.061913
182.39096,8.9914,0.063393
182.39127,8.9922,0.061017
182.39158,8.9904,0.061201
182.39189,8.9857,0.062417
182.39220,8.9941,0.062809
182.39245,8.9904,0.062809
182.39276,8.9979,0.062705
182.39307,8.9857,0.061809
182.39338,8.9875,0.063105
182.39369,8.9885,0.062809
182.39400,9.0102,0.062601
182.39426,8.9865,0.062601
182.39457,8.9951,0.061913
182.39488,8.9857,0.062017
182.39519,8.9971,0.061601
182.39550,8.9857,0.063705
182.39575,8.9961,0.063705
182.39606,8.9979,0.062017
182.39637,8.9875,0.062497
182.39668,8.9951,0.062809
182.39699,8.9818,0.062097
182.39730,8.9914,0.061305
182.39755,8.9885,0.061305
182.39786,8.9865,0.063705
182.39817,9.0018,0.063417
182.39848,8.9801,0.061305
182.39879,8.9941,0.062313
182.39910,8.9932,0.061809
182.39935,8.9895,0.061809
182.39966,8.9904,0.064001
182.39997,8.9857,0.061513
182.40029,8.9922,0.062705
182.40060,8.9951,0.063497
182.40085,8.9875,0.063497
182.40116,8.9838,0.062705
182.40147,8.9904,0.062913
182.40178,8.9848,0.062209
182.40209,8.9971,0.062209
182.40240,8.9828,0.062601
182.40265,8.9904,0.062601
182.40296,8.9914,0.063897
182.40327,8.9885,0.062601
182.40358,8.9904,0.062209
182.40389,8.9914,0.061201
182.40420,8.9865,0.062313
182.40445,8.9857,0.062313
182.40476,8.9818,0.061913
182.40507,8.9904,0.063393
182.40538,8.9932,0.063001
182.40569,8.9848,0.062209
182.40600,8.9875,0.062417
182.40625,8.9848,0.062417
182.40656,8.9865,0.062313
182.40687,8.9838,0.062913
182.40718,8.9875,0.060913
182.40749,8.9791,0.062017
182.40775,8.9914,0.062017
182.40806,8.9932,0.063705
182.40837,8.9857,0.063001
182.40868,8.9961,0.063001
182.40899,8.9904,0.061913
182.40930,8.9875,0.062417
182.40955,8.9904,0.062417
182.40986,8.9904,0.061809
182.41017,8.9932,0.062497
182.41048,8.9818,0.061017
182.41079,8.9838,0.063393
182.41110,8.9828,0.060705
182.41135,8.9932,0.060705
182.41166,8.9857,0.062417
182.41197,8.9838,0.062601
182.41228,8.9895,0.063497
182.41259,8.9895,0.063809
182.41285,8.9914,0.063809
182.41316,8.9941,0.061601
182.41347,8.9971,0.062913
182.41378,8.9865,0.063497
182.41409,8.9818,0.061913
182.41440,8.9875,0.062705
182.41465,8.9951,0.062705
182.41496,8.9875,0.062209
182.41527,8.9971,0.062097
182.41558,8.9875,0.063001
182.41589,8.9895,0.059121
182.41620,8.9848,0.061121
182.41645,8.9818,0.061121
182.41676,8.9914,0.062209
182.41707,8.9961,0.062705
182.41738,8.9988,0.063001
182.41769,8.9941,0.061513
182.41800,8.9961,0.063001
182.41825,8.9932,0.063001
182.41856,8.9914,0.063209
182.41888,8.9857,0.062913
182.41919,8.9961,0.061601
182.41950,8.9932,0.063105
182.41975,8.9932,0.063105
182.42006,8.9865,0.062097
182.42037,8.9838,0.063209
182.42068,8.9828,0.061705
182.42099,8.9904,0.062209
182.42130,8.9988,0.062097
182.42155,8.9895,0.062097
182.42186,8.9885,0.061017
182.42217,8.9922,0.062497
182.42248,8.9857,0.062809
182.42279,8.9838,0.063497
182.42310,8.9941,0.062809
182.42335,8.9885,0.062809
182.42366,8.9895,0.062417
182.42397,8.9922,0.062097
182.42428,8.9904,0.062705
182.42459,8.9932,0.062497
182.42485,8.9904,0.062497
182.42515,8.9857,0.060409
182.42546,8.9971,0.063209
182.42577,8.9914,0.062601
182.42608,8.9961,0.062809
182.42639,8.9809,0.063209
182.42665,8.9922,0.063209
182.42695,8.9914,0.062097
182.42727,8.9932,0.060705
182.42758,8.9951,0.062313
182.42789,8.9941,0.062913
182.42819,8.9838,0.062809
182.42845,8.9865,0.062809
182.42876,8.9875,0.062809
182.42907,8.9885,0.061913
182.42938,8.9875,0.062313
182.42969,8.9809,0.060705
182.43000,8.9932,0.062209
182.43025,8.9979,0.062209
182.43056,8.9848,0.061809
182.43087,8.9865,0.063209
182.43118,8.9875,0.061305
182.43149,8.9885,0.062313
182.43175,8.9865,0.062313
182.43206,8.9895,0.061913
182.43237,8.9865,0.062497
182.43268,8.9941,0.063313
182.43299,8.9971,0.063313
182.43330,8.9857,0.062417
182.43355,8.9865,0.062417
182.43386,8.9904,0.062497
182.43417,8.9914,0.061809
182.43448,8.9895,0.061705
182.43479,8.9885,0.062209
182.43510,8.9771,0.062313
182.43535,8.9838,0.062313
182.43566,8.9941,0.064001
182.43597,9.0008,0.061809
182.43628,8.9885,0.062313
182.43659,8.9838,0.062313
182.43685,8.9914,0.062313
182.43716,8.9914,0.062313
182.43747,8.9971,0.062417
182.43778,8.9922,0.060809
182.43809,8.9904,0.063209
182.43840,8.9875,0.062705
182.43865,8.9904,0.062705
182.43896,8.9904,0.062601
182.43927,8.9865,0.061017
182.43958,8.9895,0.062913
182.43989,8.9885,0.062913
182.44020,8.9895,0.062417
182.44045,8.9865,0.062417
182.44076,8.9914,0.062601
182.44107,8.9932,0.063897
182.44138,8.9914,0.061305
182.44169,8.9951,0.061913
182.44194,8.9885,0.061913
182.44225,8.9988,0.062097
182.44257,8.9932,0.061913
182.44288,8.9904,0.063001
182.44319,8.9838,0.061705
182.44349,8.9971,0.063105
182.44375,8.9875,0.063105
182.44406,8.9895,0.061705
182.44437,8.9914,0.062017
182.44468,8.9848,0.062313
182.44499,8.9857,0.062417
182.44530,8.9875,0.064001
182.44555,8.9857,0.064001
182.44586,8.9848,0.061513
182.44617,9.0018,0.060225
182.44648,8.9904,0.061305
182.44679,8.9865,0.063105
182.44710,8.9885,0.062809
182.44735,8.9971,0.062809
182.44766,8.9904,0.062601
182.44797,8.9914,0.062209
182.44828,8.9828,0.062209
182.44859,8.9914,0.061993
182.44885,8.9922,0.061993
182.44916,8.9857,0.060305
182.44947,8.9895,0.062209
182.44978,8.9914,0.063001
182.45009,8.9951,0.063209
182.45040,8.9895,0.062313
182.45065,8.9941,0.062313
182.45096,8.9922,0.062097
182.45127,8.9914,0.061513
182.45158,8.9932,0.062705
182.45189,8.9914,0.062017
182.45220,8.9828,0.061913
182.45245,8.9914,0.061913
182.45276,8.9848,0.063313
182.45307,8.9951,0.062497
182.45338,8.9857,0.062809
182.45369,8.9998,0.062313
182.45394,9.0008,0.062313
182.45425,8.9941,0.063209
182.45457,8.9932,0.062017
182.45488,8.9904,0.062497
182.45519,8.9885,0.062601
182.45550,8.9922,0.064289
182.45575,8.9914,0.064289
182.45606,8.9875,0.061121
182.45637,8.9971,0.063105
182.45668,8.9971,0.063209
182.45699,8.9857,0.063601
182.45724,8.9904,0.063601
182.45755,8.9838,0.063497
182.45786,8.9857,0.062913
182.45817,8.9848,0.062417
182.45848,8.9895,0.062601
182.45879,8.9875,0.062913
182.45904,8.9865,0.062913
182.45935,8.9961,0.062417
182.45966,8.9922,0.062313
182.45997,8.9979,0.063497
182.46028,8.9875,0.063601
182.46059,8.9988,0.063313
182.46085,8.9914,0.063313
182.46116,8.9895,0.061409
182.46147,8.9941,0.062097
182.46178,8.9865,0.062209
182.46209,8.9875,0.062313
182.46240,8.9875,0.062497
182.46265,8.9875,0.062497
182.46296,8.9988,0.063897
182.46327,8.9875,0.062313
182.46358,8.9857,0.062097
182.46389,8.9857,0.061913
182.46414,8.9904,0.061913
182.46445,8.9875,0.063209
182.46476,8.9885,0.062601
182.46507,8.9838,0.062313
182.46538,8.9865,0.062497
182.46569,8.9904,0.062913
182.46594,8.9885,0.062913
182.46625,8.9818,0.062705
182.46657,8.9895,0.062417
182.46688,8.9875,0.063313
182.46719,8.9895,0.061201
182.46744,8.9828,0.061201
182.46775,8.9828,0.062913
182.46806,8.9971,0.062913
182.46837,8.9914,0.063497
182.46868,8.9885,0.061705
182.46899,8.9951,0.062705
182.46924,8.9885,0.062705
182.46955,8.9932,0.062313
182.46986,8.9865,0.062601
182.47017,9.0018,0.063497
182.47048,8.9971,0.062209
182.47079,8.9885,0.063001
182.47104,8.9865,0.063001
182.47135,8.9932,0.062209
182.47166,8.9885,0.062209
182.47197,8.9951,0.061409
182.47228,8.9914,0.062809
182.47260,8.9914,0.061809
182.47285,8.9895,0.061809
182.47316,8.9857,0.063497
182.47347,8.9865,0.062705
182.47378,8.9914,0.063001
182.47409,8.9914,0.062017
182.47434,8.9914,0.062017
182.47465,8.9979,0.061305
182.47496,8.9895,0.062417
182.47527,8.9885,0.063601
182.47558,8.9922,0.062601
182.47589,8.9875,0.061913
182.47614,8.9875,0.061913
182.47645,8.9865,0.062209
182.47676,8.9857,0.061913
182.47707,8.9875,0.063497
182.47738,8.9914,0.061201
182.47769,8.9895,0.062097
182.47794,8.9865,0.062097
182.47825,8.9838,0.063105
182.47857,8.9895,0.063105
182.47888,8.9961,0.062809
182.47919,8.9961,0.062017
182.47944,8.9904,0.062017
182.47975,8.9848,0.062017
182.48006,8.9895,0.062913
182.48037,8.9865,0.062705
182.48068,8.9857,0.062017
182.48099,8.9857,0.063209
182.48124,8.9809,0.063209
182.48155,8.9885,0.062209
182.48186,8.9941,0.061601
182.48217,8.9988,0.061705
182.48248,8.9781,0.062017
182.48279,8.9895,0.064601
182.48304,8.9875,0.064601
182.48335,8.9979,0.062913
182.48366,8.9875,0.063105
182.48397,8.9875,0.061097
182.48428,8.9848,0.062809
182.48454,8.9875,0.062809
182.48485,8.9914,0.062313
182.48516,8.9838,0.061705
182.48547,8.9885,0.062209
182.48578,8.9914,0.063497
182.48609,8.9998,0.061913
182.48634,8.9914,0.061913
182.48665,8.9818,0.061121
182.48696,8.9838,0.062209
182.48727,8.9875,0.062913
182.48758,8.9922,0.062417
182.48789,8.9865,0.061513
182.48814,8.9922,0.061513
182.48845,8.9885,0.061809
182.48876,8.9914,0.062313
182.48907,8.9979,0.061513
182.48938,8.9875,0.062705
182.48969,8.9838,0.063313
182.48994,8.9914,0.063313
182.49026,8.9857,0.063001
182.49057,8.9875,0.062209
182.49088,8.9895,0.063705
182.49119,8.9857,0.062417
182.49144,8.9809,0.062417
182.49175,8.9875,0.063809
182.49206,8.9951,0.061913
182.49237,8.9857,0.061809
182.49268,8.9848,0.061017
182.49299,8.9904,0.062913
182.49324,8.9998,0.062913
182.49355,8.9904,0.063393
182.49386,8.9801,0.062313
182.49417,8.9838,0.062417
182.49448,8.9988,0.063105
182.49479,8.9971,0.062705
182.49504,8.9961,0.062705
182.49535,9.0008,0.062417
182.49566,8.9838,0.063897
182.49597,8.9904,0.063313
182.49628,8.9885,0.061913
182.49654,8.9885,0.061913
182.49685,8.9941,0.062313
182.49716,8.9828,0.060913
182.49747,8.9951,0.060913
182.49778,8.9885,0.062097
182.49809,8.9895,0.062097
182.49834,8.9904,0.062097
182.49865,8.9875,0.063393
182.49896,8.9791,0.061705
182.49927,8.9961,0.061601
182.49958,8.9941,0.061305
182.49989,8.9857,0.061705
182.50014,8.9848,0.061705
182.50045,8.9914,0.062601
182.50076,8.9932,0.062417
182.50107,8.9885,0.062705
182.50138,8.9865,0.061913
182.50169,8.9791,0.061993
182.50194,8.9922,0.061993
182.50226,8.9875,0.061913
182.50257,8.9971,0.062497
182.50288,8.9951,0.063209
182.50319,8.9875,0.063393
182.50344,8.9951,0.063393
182.50375,8.9875,0.062209
182.50406,8.9809,0.062313
182.50437,8.9885,0.063209
182.50468,8.9922,0.062097
182.50493,8.9895,0.062097
182.50524,8.9838,0.061913
182.50555,8.9885,0.063393
182.50586,8.9875,0.063601
182.50617,8.9971,0.062497
182.50648,8.9875,0.062705
182.50673,8.9857,0.062705
182.50704,8.9818,0.062097
182.50735,8.9932,0.061409
182.50766,8.9904,0.061809
182.50797,8.9885,0.062209
182.50828,8.9828,0.062017
182.50854,8.9848,0.062017
182.50885,8.9914,0.063313
182.50916,8.9914,0.061913
182.50947,8.9895,0.062097
182.50978,8.9875,0.062209
182.51003,8.9848,0.062209
182.51034,8.9857,0.063705
182.51065,8.9922,0.063001
182.51096,8.9857,0.062313
182.51127,8.9865,0.063105
182.51158,8.9914,0.064289
182.51183,8.9979,0.064289
182.51214,8.9875,0.062705
182.51245,8.9922,0.061513
182.51276,8.9895,0.062497
182.51307,8.9885,0.063417
182.51338,8.9875,0.061705
182.51364,8.9914,0.061705
182.51394,8.9875,0.063313
182.51426,8.9914,0.062913
182.51457,8.9971,0.062417
182.51488,9.0035,0.062313
182.51519,8.9848,0.062097
182.51544,8.9895,0.062097
182.51575,8.9951,0.062809
182.51606,8.9885,0.062417
182.51637,8.9895,0.060913
182.51668,8.9857,0.060617
182.51693,8.9744,0.060617
182.51724,8.9914,0.062497
182.51755,8.9895,0.064105
182.51786,8.9904,0.062017
182.51817,8.9988,0.062601
182.51848,8.9865,0.063393
182.51873,8.9875,0.063393
182.51904,8.9961,0.062313
182.51935,8.9961,0.061305
182.51966,8.9848,0.061809
182.51997,8.9895,0.062809
182.52028,8.9895,0.062313
182.52054,8.9988,0.062313
182.52085,9.0035,0.062809
182.52116,8.9914,0.061809
182.52147,8.9848,0.061305
182.52178,8.9818,0.063209
182.52209,8.9875,0.061513
182.52234,8.9895,0.061513
182.52265,8.9865,0.062913
182.52296,8.9895,0.061809
182.52327,8.9932,0.062209
182.52358,8.9895,0.061017
182.52389,8.9932,0.061097
182.52414,8.9857,0.061097
182.52445,8.9951,0.062497
182.52476,8.9922,0.062209
182.52507,8.9895,0.062809
182.52538,9.0018,0.062497
182.52563,8.9865,0.062497
182.52594,8.9875,0.062497
182.52625,8.9781,0.060809
182.52657,8.9875,0.062097
182.52688,8.9828,0.062097
182.52719,8.9865,0.062705
182.52744,8.9914,0.062705
182.52775,8.9904,0.063313
182.52806,8.9848,0.062913
182.52837,8.9857,0.062017
182.52868,8.9971,0.062209
182.52893,8.9895,0.062209
182.52924,8.9885,0.062097
182.52955,8.9838,0.061809
182.52986,8.9941,0.062705
182.53017,8.9875,0.063105
182.53048,8.9932,0.063209
182.53073,8.9865,0.063209
182.53104,8.9865,0.060809
182.53135,8.9885,0.061513
182.53166,8.9818,0.063001
182.53197,8.9809,0.063393
182.53228,8.9951,0.062497
182.53254,8.9914,0.062497
182.53285,8.9885,0.062497
182.53316,8.9895,0.062601
182.53346,8.9838,0.061017
182.53378,8.9904,0.062313
182.53409,8.9885,0.061913
182.53434,8.9875,0.061913
182.53465,8.9895,0.062017
182.53496,8.9951,0.062497
182.53527,8.9904,0.061913
182.53558,8.9857,0.061809
182.53583,8.9922,0.061809
182.53614,8.9895,0.061601
182.53645,8.9988,0.061913
182.53676,8.9895,0.062017
182.53707,8.9885,0.062913
182.53738,8.9895,0.062705
182.53763,8.9904,0.062705
182.53794,8.9979,0.062209
182.53825,8.9922,0.062313
182.53856,8.9914,0.062313
182.53887,8.9922,0.061513
182.53918,8.9895,0.061201
182.53944,8.9904,0.061201
182.53974,8.9904,0.062097
182.54005,8.9904,0.062705
182.54036,8.9865,0.062705
182.54067,8.9988,0.061513
182.54098,8.9941,0.061993
182.54124,8.9848,0.061993
182.54155,8.9865,0.062601
182.54186,8.9932,0.063497
182.54217,8.9895,0.061993
182.54248,8.9922,0.063105
182.54467,8.9791,0.062097
182.54643,8.9979,0.063809
182.54819,8.9895,0.062313
182.54995,8.9895,0.062497
182.55171,8.9838,0.062209
182.55347,8.9914,0.062017
182.55522,8.9941,0.063497
182.55698,8.9941,0.063209
182.55718,8.9932,0.060809
182.55743,8.9895,0.060809
182.55774,8.9875,0.063705
182.55805,8.9857,0.061705
182.55836,8.9914,0.062313
182.55867,8.9895,0.061601
182.55898,8.9922,0.062809
182.55923,8.9818,0.062809
182.55954,8.9932,0.061913
182.55985,8.9875,0.062097
182.56016,8.9838,0.062313
182.56047,8.9904,0.062209
182.56078,8.9922,0.062497
182.56103,8.9922,0.062497
182.56134,8.9914,0.061201
182.56165,8.9895,0.062313
182.56196,8.9848,0.061305
182.56227,8.9932,0.064105
182.56253,8.9932,0.064105
182.56284,8.9914,0.062497
182.56315,8.9791,0.062313
182.56345,8.9971,0.062313
182.56377,8.9961,0.061705
182.56408,8.9885,0.061305
182.56433,8.9885,0.061305
182.56464,8.9941,0.062497
182.56495,8.9941,0.063417
182.56526,8.9941,0.061913
182.56557,8.9865,0.062913
182.56588,8.9828,0.062601
182.56613,8.9895,0.062601
182.56644,8.9914,0.062313
182.56675,8.9875,0.061409
182.56706,8.9904,0.062601
182.56737,8.9875,0.063705
182.56763,8.9885,0.063705
182.56793,8.9809,0.062601
182.56824,8.9875,0.061809
182.56855,8.9809,0.061913
182.56886,8.9818,0.062601
182.56917,9.0008,0.063001
182.56943,8.9979,0.063001
182.56974,8.9904,0.063497
182.57004,8.9865,0.063705
182.57036,8.9895,0.062209
182.57067,8.9904,0.061913
182.57098,8.9895,0.062313
182.57123,8.9914,0.062313
182.57154,8.9781,0.061993
182.57185,8.9791,0.063497
182.57216,8.9932,0.062705
182.57247,8.9865,0.062209
182.57272,8.9885,0.062209
182.57303,8.9922,0.063105
182.57334,8.9895,0.062521
182.57365,8.9971,0.062809
182.57396,8.9801,0.060913
182.57427,8.9895,0.061913
182.57453,8.9875,0.061913
182.57483,8.9914,0.062601
182.57515,8.9941,0.061913
182.57546,8.9885,0.061913
182.57577,8.9914,0.061601
182.57607,8.9922,0.062705
182.57633,8.9875,0.062705
182.57664,8.9752,0.062705
182.57695,8.9885,0.063705
182.57726,8.9922,0.062417
182.57757,8.9809,0.063705
182.57782,8.9848,0.063705
182.57813,8.9885,0.062417
182.57844,8.9857,0.062809
182.57875,8.9895,0.063313
182.57906,8.9848,0.062209
182.57937,8.9922,0.062497
182.57963,8.9951,0.062497
182.57994,8.9904,0.061705
182.58025,8.9904,0.062313
182.58056,8.9895,0.062097
182.58086,8.9848,0.063105
182.58117,8.9922,0.062417
182.58143,8.9961,0.062417
182.58174,8.9951,0.062097
182.58205,8.9979,0.062417
182.58236,8.9971,0.062417
182.58267,8.9922,0.061809
182.58292,8.9848,0.061809
182.58323,8.9922,0.061121
182.58354,8.9865,0.062097
182.58385,8.9998,0.062209
182.58416,8.9914,0.062417
182.58447,8.9848,0.062417
182.58472,8.9914,0.062417
182.58503,8.9895,0.062809
182.58534,8.9932,0.062417
182.58565,8.9875,0.061705
182.58596,8.9941,0.061121
182.58627,8.9922,0.062313
182.58653,8.9857,0.062313
182.58684,8.9857,0.061993
182.58714,8.9838,0.062209
182.58746,8.9941,0.062313
182.58776,8.9848,0.062209
182.58807,8.9914,0.062097
182.58833,8.9914,0.062097
182.58864,8.9941,0.061409
182.58895,8.9875,0.062913
182.58926,8.9904,0.062417
182.58957,8.9922,0.062913
182.58982,8.9904,0.062913
182.59013,8.9895,0.062209
182.59044,8.9914,0.061017
182.59075,8.9922,0.062497
182.59106,8.9914,0.062417
182.59137,8.9885,0.062497
182.59162,8.9951,0.062497
182.59193,8.9857,0.062313
182.59224,8.9922,0.061809
182.59255,8.9941,0.061809
182.59286,8.9865,0.062017
182.59317,8.9875,0.062017
182.59342,8.9838,0.062017
182.59373,8.9904,0.063313
182.59404,8.9932,0.060705
182.59435,8.9961,0.062209
182.59467,8.9895,0.063001
182.59498,8.9875,0.061913
182.59523,8.9951,0.061913
182.59554,8.9818,0.062209
182.59585,8.9828,0.062313
182.59616,8.9922,0.062313
182.59647,8.9971,0.060617
182.59672,8.9914,0.060617
182.59703,8.9971,0.063105
182.59734,8.9922,0.063497
182.59765,8.9914,0.062705
182.59796,8.9941,0.062017
182.59827,8.9875,0.061913
182.59852,8.9914,0.061913
182.59883,8.9904,0.062497
182.59914,8.9895,0.062809
182.59945,8.9922,0.063809
182.59976,8.9979,0.061513
182.60007,8.9895,0.062097
182.60032,8.9848,0.062097
182.60064,8.9961,0.062313
182.60095,8.9979,0.061913
182.60126,8.9922,0.061121
182.60157,8.9971,0.062313
182.60188,8.9885,0.062497
182.60213,8.9875,0.062497
182.60244,8.9875,0.063705
182.60275,9.0008,0.061913
182.60306,8.9951,0.062417
182.60337,8.9865,0.061913
182.60362,8.9904,0.061913
182.60393,8.9988,0.062497
182.60424,8.9998,0.062705
182.60455,8.9922,0.063809
182.60486,8.9895,0.063001
182.60517,8.9875,0.062417
182.60542,8.9895,0.062417
182.60573,8.9865,0.062417
182.60604,8.9875,0.061705
182.60635,8.9848,0.062913
182.60666,8.9875,0.063209
182.60697,8.9971,0.061913
182.60723,8.9885,0.061913
182.60754,8.9885,0.062705
182.60784,8.9865,0.064001
182.60815,8.9932,0.061809
182.60846,8.9914,0.062097
182.60877,8.9914,0.062705
182.60903,8.9875,0.062705
182.60934,8.9828,0.062913
182.60965,8.9932,0.062705
182.60996,8.9895,0.061601
182.61027,8.9941,0.061809
182.61058,8.9904,0.062017
182.61083,8.9885,0.062017
182.61114,8.9971,0.061913
182.61145,8.9914,0.062601
182.61176,8.9818,0.062313
182.61207,8.9865,0.063209
182.61232,8.9895,0.063209
182.61263,8.9922,0.062209
182.61294,8.9875,0.062809
182.61325,8.9875,0.059913
182.61356,8.9895,0.062705
182.61387,8.9895,0.062417
182.61413,8.9857,0.062417
182.61443,8.9875,0.061913
182.61474,8.9914,0.062097
182.61505,8.9961,0.062417
182.61536,8.9895,0.061809
182.61567,8.9932,0.061409
182.61593,8.9895,0.061409
182.61624,8.9932,0.061809
182.61655,8.9895,0.063705
182.61686,8.9914,0.062313
182.61717,8.9971,0.061305
182.61742,8.9979,0.061305
182.61773,8.9848,0.062097
182.61804,8.9885,0.061305
182.61835,8.9904,0.061705
182.61866,8.9951,0.063105
182.61892,8.9914,0.063105
182.61923,8.9838,0.061705
182.61954,8.9857,0.064393
182.61985,8.9857,0.061705
182.62016,8.9922,0.061913
182.62047,8.9914,0.062417
182.62072,8.9875,0.062417
182.62103,8.9914,0.062705
182.62134,8.9904,0.062313
182.62165,8.9914,0.062313
182.62196,8.9875,0.062097
182.62227,8.9932,0.063105
182.62252,8.9885,0.063105
182.62283,8.9904,0.062417
182.62314,8.9875,0.062097
182.62345,8.9932,0.062705
182.62376,8.9932,0.062809
182.62407,8.9904,0.062601
182.62432,8.9904,0.062601
182.62464,8.9857,0.061121
182.62495,8.9857,0.062313
182.62526,8.9895,0.063209
182.62557,8.9932,0.062913
182.62582,8.9951,0.062913
182.62613,8.9922,0.062209
182.62644,8.9885,0.062097
182.62675,8.9885,0.061809
182.62706,8.9914,0.062705
182.62737,8.9875,0.061993
182.62762,8.9904,0.061993
182.62793,8.9857,0.062097
182.62824,8.9848,0.062809
182.62855,8.9941,0.062705
182.62886,8.9979,0.062313
182.62917,8.9818,0.061513
182.62942,8.9895,0.061513
182.62973,8.9838,0.062809
182.63004,8.9885,0.062209
182.63035,8.9895,0.063001
182.63067,8.9885,0.063209
182.63092,8.9828,0.063209
182.63123,8.9848,0.063497
182.63154,8.9885,0.061201
182.63185,8.9875,0.062417
182.63216,8.9971,0.062097
182.63247,8.9838,0.063313
182.63272,8.9914,0.063313
182.63303,8.9971,0.062913
182.63334,8.9865,0.063497
182.63365,8.9875,0.063209
182.63396,8.9875,0.062097
182.63427,8.9932,0.062209
182.63452,8.9809,0.062209
182.63483,8.9875,0.062497
182.63514,8.9857,0.063897
182.63545,8.9885,0.061913
182.63576,8.9971,0.062497
182.63607,8.9865,0.061705
182.63632,8.9865,0.061705
182.63664,8.9857,0.061513
182.63695,8.9838,0.062601
182.63726,8.9895,0.062209
182.63757,8.9904,0.062913
182.63782,8.9838,0.062913
182.63813,8.9914,0.062097
182.63844,8.9988,0.062809
182.63875,8.9875,0.061201
182.63906,8.9922,0.062417
182.63937,8.9971,0.063105
182.63962,8.9781,0.063105
182.63993,8.9914,0.062913
182.64024,8.9885,0.115353
182.64055,8.9838,0.076761
182.64086,8.9838,0.087633
182.64117,8.9914,0.094017
182.64142,8.9828,0.094017
182.64173,8.9895,0.098105
182.64204,8.9914,0.103793
182.64235,8.9838,0.093513
182.64266,8.9818,0.077161
182.64292,8.9838,0.077161
182.64323,8.9885,0.079353
182.64354,8.9875,0.078665
182.64385,8.9914,0.079353
182.64416,8.9857,0.078161
182.64447,8.9922,0.141465
182.64472,8.9648,0.141465
182.64503,8.9441,0.461529
182.64534,8.8412,0.484665
182.64565,9.0414,0.360729
182.64596,8.9187,0.372305
182.64627,8.9432,0.318153
182.64652,8.9555,0.318153
182.64683,8.9471,0.256537
182.64714,8.9535,0.241769
182.64745,8.9602,0.231217
182.64776,8.9574,0.232617
182.64807,8.9658,0.224025
182.64832,8.9744,0.224025
182.64863,8.9705,0.217449
182.64894,8.9678,0.194921
182.64925,8.9668,0.195721
182.64956,8.9725,0.196409
182.64982,8.9744,0.196409
182.65013,8.9801,0.161825
182.65044,8.9725,0.158633
182.65075,8.9668,0.159929
182.65106,8.9705,0.161009
182.65137,8.9744,0.160929
182.65162,8.9818,0.160929
182.65193,8.9715,0.162513
182.65224,8.9838,0.161825
182.65255,8.9781,0.163113
182.65286,8.9762,0.162217
182.65317,8.9791,0.164809
182.65342,8.9697,0.164809
182.65373,8.9725,0.167497
182.65404,8.9771,0.168105
182.65435,8.9809,0.166497
182.65466,8.9771,0.166993
182.65492,8.9752,0.166993
182.65523,8.9715,0.168209
182.65554,8.9875,0.165201
182.65585,8.9734,0.163801
182.65616,8.9818,0.166601
182.65647,8.9715,0.165201
182.65672,8.9715,0.165201
182.65703,8.9781,0.170793
182.65734,8.9857,0.452961
182.65765,8.8762,0.223937
182.65796,8.9668,0.171585
182.65827,8.9828,0.163617
182.65852,8.9895,0.163617
182.65883,8.9762,0.168793
182.65914,8.9695,0.215657
182.65945,8.9695,0.209169
182.65976,8.9621,0.251265
182.66007,8.9658,0.227817
182.66032,8.9744,0.227817
182.66064,8.9688,0.238793
182.66095,8.9688,0.239977
182.66126,8.9668,0.241081
182.66157,8.9744,0.239393
182.66182,8.9639,0.239393
182.66213,8.9602,0.242081
182.66244,8.9668,0.238105
182.66275,8.9752,0.238897
182.66306,8.9688,0.236097
182.66337,8.9631,0.238497
182.66362,8.9631,0.238497
182.66393,8.9611,0.238393
182.66424,8.9621,0.227321
182.66455,8.9695,0.217849
182.66486,8.9705,0.221249
182.66517,8.9668,0.218561
182.66542,8.9725,0.218561
182.66573,8.9744,0.217745
182.66604,8.9648,0.221745
182.66635,8.9725,0.219849
182.66666,8.9668,0.219457
182.66692,8.9744,0.219457
182.66723,8.9744,0.223833
182.66754,8.9648,0.222833
182.66785,8.9584,0.223545
182.66816,8.9582,0.222649
182.66847,8.9725,0.221537
182.66872,8.9688,0.221537
182.66903,8.9611,0.217345
182.66934,8.9715,0.218241
182.66965,8.9658,0.218241
182.66996,8.9648,0.214657
182.67027,8.9658,0.217161
182.67052,8.9818,0.217161
182.67083,8.9715,0.216761
182.67114,8.9688,0.218057
182.67145,8.9678,0.217057
182.67176,8.9734,0.218561
182.67201,8.9631,0.218561
182.67232,8.9621,0.218641
182.67263,8.9688,0.218953
182.67295,8.9801,0.220745
182.67326,8.9668,0.217657
182.67357,8.9648,0.217849
182.67382,8.9705,0.217849
182.67413,8.9592,0.219249
182.67444,8.9688,0.222145
182.67475,8.9725,0.222041
182.67506,8.9725,0.223833
182.67537,8.9688,0.222649
182.67562,8.9648,0.222649
182.67593,8.9715,0.221537
182.67624,8.9668,0.217953
182.67655,8.9631,0.220041
182.67686,8.9668,0.222537
182.67711,8.9715,0.222537
182.67742,8.9639,0.221641
182.67773,8.9705,0.218745
182.67804,8.9648,0.221145
182.67835,8.9744,0.217657
182.67866,8.9752,0.219353
182.67892,8.9705,0.219353
182.67923,8.9715,0.217057
182.67954,8.9715,0.217849
182.67985,8.9791,0.213865
182.68016,8.9734,0.214049
182.68047,8.9688,0.213761
182.68072,8.9688,0.213761
182.68103,8.9648,0.216657
182.68134,8.9715,0.223545
182.68165,8.9725,0.222329
182.68196,8.9725,0.221145
182.68221,8.9715,0.221145
182.68252,8.9705,0.216761
182.68283,8.9688,0.222729
182.68314,8.9762,0.219537
182.68345,8.9648,0.213865
182.68376,8.9705,0.211569
182.68401,8.9695,0.211569
182.68432,8.9771,0.215657
182.68463,8.9621,0.215865
182.68494,8.9688,0.213073
182.68526,8.9752,0.212969
182.68557,8.9695,0.214865
182.68582,8.9705,0.214865
182.68613,8.9658,0.211177
182.68644,8.9639,0.215265
182.68675,8.9705,0.214257
182.68706,8.9754,0.220041
182.68731,8.9715,0.220041
182.68762,8.9791,0.215865
182.68793,8.9752,0.216449
182.68824,8.9688,0.217057
182.68855,8.9641,0.215369
182.68886,8.9688,0.220433
182.68911,8.9762,0.220433
182.68942,8.9631,0.215761
182.68973,8.9715,0.216657
182.69004,8.9734,0.212569
182.69035,8.9762,0.217849
182.69066,8.9688,0.213969
182.69092,8.9582,0.213969
182.69123,8.9695,0.213865
182.69154,8.9715,0.214049
182.69185,8.9744,0.211569
182.69216,8.9744,0.210857
182.69241,8.9639,0.210857
182.69272,8.9678,0.211073
182.69303,8.9801,0.216057
182.69334,8.9648,0.217657
182.69365,8.9705,0.220849
182.69396,8.9705,0.218449
182.69421,8.9734,0.218449
182.69452,8.9744,0.216849
182.69483,8.9705,0.214657
182.69514,8.9688,0.219145
182.69545,8.9658,0.219537
182.69576,8.9668,0.220145
182.69601,8.9688,0.220145
182.69632,8.9648,0.216849
182.69664,8.9639,0.222041
182.69695,8.9658,0.215161
182.69726,8.9725,0.209481
182.69751,8.9744,0.209481
182.69782,8.9695,0.211969
182.69813,8.9725,0.212257
182.69844,8.9705,0.211673
182.69875,8.9705,0.215553
182.69906,8.9744,0.214969
182.69931,8.9801,0.214969
182.69962,8.9641,0.215161
182.69993,8.9678,0.213073
182.70024,8.9688,0.208585
182.70055,8.9715,0.210465
182.70086,8.9602,0.209273
182.70111,8.9771,0.209273
182.70142,8.9734,0.207881
182.70173,8.9734,0.207881
182.70204,8.9697,0.213969
182.70235,8.9695,0.211465
182.70267,8.9688,0.212257
182.70292,8.9611,0.212257
182.70323,8.9611,0.209961
182.70354,8.9705,0.204081
182.70385,8.9697,0.206873
182.70416,8.9705,0.208881
182.70441,8.9715,0.208881
182.70472,8.9695,0.210465
182.70503,8.9715,0.208273
182.70534,8.9725,0.210065
182.70565,8.9705,0.210777
182.70596,8.9725,0.209377
182.70621,8.9648,0.209377
182.70652,8.9648,0.217161
182.70683,8.9734,0.210273
182.70714,8.9771,0.209169
182.70745,8.9754,0.213257
182.70776,8.9658,0.209569
182.70801,8.9648,0.209569
182.70832,8.9695,0.212465
182.70863,8.9744,0.212569
182.70895,8.9631,0.209881
182.70926,8.9621,0.206081
182.70951,8.9631,0.206081
182.70982,8.9695,0.213657
182.71013,8.9658,0.212865
182.71044,8.9744,0.216265
182.71075,8.9715,0.212073
182.71106,8.9668,0.211673
182.71131,8.9688,0.211673
182.71162,8.9734,0.211361
182.71193,8.9715,0.210777
182.71224,8.9668,0.213569
182.71255,8.9715,0.215449
182.71286,8.9705,0.213257
182.71311,8.9762,0.213257
182.71342,8.9734,0.209377
182.71373,8.9705,0.210377
182.71404,8.9725,0.211281
182.71435,8.9752,0.210273
182.71461,8.9695,0.210273
182.71492,8.9762,0.212657
182.71523,8.9641,0.219033
182.71554,8.9688,0.222145
182.71585,8.9705,0.220937
182.71616,8.9725,0.224833
182.71641,8.9838,0.224833
182.71672,8.9715,0.225417
182.71703,8.9668,0.226521
182.71734,8.9658,0.228025
182.71765,8.9734,0.223145
182.71796,8.9781,0.225129
182.71821,8.9705,0.225129
182.71852,8.9705,0.224129
182.71883,8.9639,0.219745
182.71914,8.9744,0.219641
182.71945,8.9668,0.221745
182.71976,8.9631,0.223625
182.72001,8.9678,0.223625
182.72033,8.9678,0.216449
182.72064,8.9762,0.214761
182.72095,8.9695,0.214257
182.72126,8.9678,0.216057
182.72151,8.9639,0.216057
182.72182,8.9705,0.216849
182.72213,8.9648,0.216657
182.72244,8.9715,0.219849
182.72275,8.9648,0.214945
182.72301,8.9734,0.214945
182.72332,8.9754,0.220249
182.72363,8.9621,0.219353
182.72393,8.9688,0.223833
182.72424,8.9725,0.224337
182.72455,8.9695,0.219745
182.72481,8.9678,0.219745
182.72512,8.9668,0.221041
182.72543,8.9631,0.219249
182.72573,8.9621,0.222225
182.72604,8.9715,0.218449
182.72636,8.9744,0.216057
182.72661,8.9725,0.216057
182.72692,8.9734,0.217241
182.72724,8.9705,0.214465
182.72755,8.9715,0.216657
182.72786,8.9648,0.218953
182.72811,8.9725,0.218953
182.72842,8.9668,0.215657
182.72873,8.9715,0.221329
182.72904,8.9744,0.220249
182.72935,8.9668,0.221249
182.72966,8.9771,0.221329
182.72991,8.9668,0.221329
182.73022,8.9668,0.224625
182.73053,8.9705,0.221249
182.73084,8.9818,0.216265
182.73115,8.9715,0.223729
182.73146,8.9697,0.223337
182.73171,8.9725,0.223337
182.73202,8.9695,0.220249
182.73233,8.9688,0.223729
182.73264,8.9705,0.224833
182.73295,8.9744,0.222729
182.73320,8.9668,0.222729
182.73351,8.9725,0.222537
182.73382,8.9725,0.224441
182.73413,8.9715,0.218641
182.73444,8.9752,0.218745
182.73475,8.9801,0.219849
182.73500,8.9668,0.219849
182.73531,8.9688,0.215369
182.73562,8.9678,0.225521
182.73593,8.9648,0.227425
182.73624,8.9648,0.224337
182.73655,8.9744,0.219457
182.73681,8.9725,0.219457
182.73711,8.9678,0.223833
182.73743,8.9688,0.221641
182.73774,8.9688,0.220249
182.73805,8.9621,0.220833
182.73836,8.9725,0.215553
182.73861,8.9725,0.215553
182.73893,8.9668,0.214257
182.73924,8.9771,0.209481
182.73954,8.9668,0.211361
182.73986,8.9658,0.212177
182.74011,8.9715,0.212177
182.74042,8.9791,0.212361
182.74073,8.9678,0.211073
182.74104,8.9705,0.205793
182.74135,8.9648,0.211073
182.74166,8.9688,0.214257
182.74191,8.9688,0.214257
182.74222,8.9734,0.213761
182.74253,8.9754,0.219849
182.74284,8.9611,0.220353
182.74315,8.9688,0.221745
182.74346,8.9725,0.207881
182.74371,8.9695,0.207881
182.74402,8.9705,0.205481
182.74433,8.9715,0.211177
182.74464,8.9801,0.219745
182.74495,8.9668,0.224521
182.74520,8.9781,0.224521
182.74551,8.9631,0.223625
182.74582,8.9688,0.226025
182.74613,8.9752,0.221641
182.74644,8.9658,0.223729
182.74675,8.9705,0.218561
182.74701,8.9715,0.218561
182.74732,8.9752,0.222145
182.74762,8.9705,0.221249
182.74794,8.9658,0.221041
182.74825,8.9678,0.222537
182.74855,8.9744,0.222041
182.74881,8.9705,0.222041
182.74912,8.9725,0.222433
182.74943,8.9705,0.221641
182.74974,8.9658,0.222833
182.75005,8.9602,0.221833
182.75036,8.9744,0.221641
182.75061,8.9688,0.221641
182.75092,8.9762,0.218745
182.75123,8.9752,0.219353
182.75154,8.9621,0.221833
182.75185,8.9752,0.232905
182.75210,8.9734,0.232905
182.75241,8.9725,0.225025
182.75272,8.9631,0.223233
182.75303,8.9688,0.222433
182.75334,8.9688,0.218641
182.75365,8.9715,0.213361
182.75391,8.9695,0.213361
182.75421,8.9705,0.212257
182.75452,8.9705,0.216057
182.75483,8.9705,0.214257
182.75514,8.9715,0.214969
182.75545,8.9658,0.215657
182.75571,8.9744,0.215657
182.75601,8.9725,0.212257
182.75633,8.9715,0.223129
182.75664,8.9744,0.216657
182.75695,8.9639,0.218449
182.75720,8.9668,0.218449
182.75751,8.9639,0.217745
182.75782,8.9725,0.215161
182.75813,8.9648,0.221537
182.75844,8.9668,0.220353
182.75875,8.9658,0.213361
182.75900,8.9688,0.213361
182.75931,8.9754,0.217449
182.75962,8.9639,0.217241
182.75993,8.9641,0.217057
182.76024,8.9705,0.214257
182.76055,8.9725,0.215761
182.76080,8.9734,0.215761
182.76111,8.9705,0.213073
182.76142,8.9621,0.220849
182.76173,8.9688,0.219145
182.76204,8.9688,0.217553
182.76235,8.9639,0.216761
182.76261,8.9688,0.216761
182.76292,8.9639,0.216449
182.76323,8.9771,0.217241
182.76354,8.9771,0.219057
182.76385,8.9744,0.218745
182.76410,8.9678,0.218745
182.76441,8.9611,0.223129
182.76472,8.9725,0.219145
182.76503,8.9734,0.219537
182.76534,8.9697,0.221329
182.76565,8.9648,0.223833
182.76590,8.9648,0.223833
182.76621,8.9734,0.225521
182.76652,8.9688,0.217849
182.76683,8.9705,0.219249
182.76714,8.9631,0.220641
182.76745,8.9744,0.223625
182.76770,8.9678,0.223625
182.76801,8.9752,0.217657
182.76832,8.9678,0.218449
182.76864,8.9725,0.217449
182.76895,8.9744,0.219537
182.76920,8.9688,0.219537
182.76951,8.9725,0.218745
182.76982,8.9781,0.216553
182.77013,8.9715,0.216849
182.77044,8.9695,0.216761
182.77075,8.9658,0.215657
182.77100,8.9668,0.215657
182.77131,8.9678,0.217449
182.77162,8.9621,0.220849
182.77193,8.9658,0.218449
182.77224,8.9705,0.218745
182.77255,8.9752,0.222041
182.77280,8.9744,0.222041
182.77311,8.9668,0.225337
182.77342,8.9715,0.214465
182.77373,8.9705,0.214865
182.77404,8.9725,0.216657
182.77435,8.9715,0.212569
182.77461,8.9725,0.212569
182.77492,8.9771,0.211865
182.77523,8.9715,0.214073
182.77554,8.9725,0.212569
182.77585,8.9744,0.212257
182.77610,8.9705,0.212257
182.77641,8.9754,0.212673
182.77672,8.9762,0.211177
182.77703,8.9771,0.215449
182.77734,8.9771,0.207273
182.77765,8.9715,0.211777
182.77790,8.9695,0.211777
182.77821,8.9725,0.223441
182.77852,8.9688,0.218953
182.77883,8.9621,0.227529
182.77914,8.9744,0.228321
182.77945,8.9705,0.221145
182.77970,8.9631,0.221145
182.78002,8.9695,0.225417
182.78033,8.9781,0.221329
182.78064,8.9631,0.240585
182.78095,8.9688,0.239289
182.78121,8.9631,0.239289
182.78151,8.9688,0.226025
182.78182,8.9678,0.219457
182.78213,8.9754,0.224833
182.78244,8.9752,0.233097
182.78270,8.9611,0.233097
182.78301,8.9639,0.236889
182.78332,8.9695,0.236705
182.78363,8.9678,0.219457
182.78394,8.9725,0.218241
182.78425,8.9697,0.219033
182.78450,8.9725,0.219033
182.78481,8.9668,0.222937
182.78512,8.9715,0.222937
182.78543,8.9744,0.218745
182.78574,8.9611,0.219249
182.78605,8.9688,0.224337
182.78630,8.9744,0.224337
182.78661,8.9611,0.222649
182.78692,8.9641,0.221537
182.78723,8.9744,0.231721
182.78754,8.9668,0.210169
182.78785,8.9762,0.210169
182.78810,8.9678,0.210169
182.78841,8.9639,0.204081
182.78872,8.9762,0.222833
182.78903,8.9668,0.207689
182.78934,8.9695,0.204393
182.78960,8.9715,0.204393
182.78991,8.9744,0.207689
182.79021,8.9725,0.208089
182.79052,8.9744,0.209377
182.79084,8.9744,0.226737
182.79115,8.9688,0.224521
182.79140,8.9631,0.224521
182.79171,8.9744,0.223937
182.79202,8.9697,0.234201
182.79233,8.9715,0.236601
182.79264,8.9705,0.231321
182.79295,8.9639,0.226633
182.79320,8.9715,0.226633
182.79351,8.9648,0.235809
182.79382,8.9695,0.223729
182.79413,8.9725,0.222225
182.79444,8.9688,0.220145
182.79470,8.9658,0.220145
182.79500,8.9734,0.225233
182.79531,8.9734,0.220849
182.79562,8.9648,0.223625
182.79593,8.9592,0.222225
182.79624,8.9668,0.223625
182.79650,8.9658,0.223625
182.79680,8.9648,0.224625
182.79712,8.9668,0.225337
182.79743,8.9688,0.226025
182.79774,8.9658,0.225921
182.79805,8.9621,0.228113
182.79830,8.9771,0.228113
182.79861,8.9695,0.226233
182.79892,8.9658,0.225521
182.79923,8.9582,0.223625
182.79954,8.9715,0.223337
182.79980,8.9752,0.223337
182.80011,8.9641,0.225233
182.80042,8.9535,0.268009
182.80073,8.9725,0.226817
182.80103,8.9734,0.226817
182.80134,8.9688,0.227025
182.80160,8.9668,0.227025
182.80191,8.9592,0.228425
182.80222,8.9688,0.227321
182.80253,8.9734,0.228025
182.80284,8.9744,0.230217
182.80315,8.9744,0.226633
182.80340,8.9762,0.226633
182.80371,8.9744,0.226129
182.80402,8.9648,0.224729
182.80433,8.9621,0.225833
182.80464,8.9678,0.227425
182.80489,8.9762,0.227425
182.80520,8.9668,0.228529
182.80551,8.9715,0.226737
182.80582,8.9621,0.271993
182.80613,8.9668,0.229425
182.80644,8.9762,0.226313
182.80670,8.9695,0.226313
182.80701,8.9695,0.225233
182.80732,8.9725,0.229025
182.80762,8.9668,0.231217
182.80794,8.9658,0.231617
182.80825,8.9668,0.231009
182.80850,8.9688,0.231009
182.80881,8.9639,0.230113
182.80912,8.9639,0.224129
182.80943,8.9771,0.221745
182.80974,8.9744,0.223729
182.81005,8.9705,0.223937
182.81030,8.9639,0.223937
182.81062,8.9658,0.224729
182.81093,8.9715,0.229113
182.81124,8.9631,0.224937
182.81155,8.9705,0.227025
182.81180,8.9695,0.227025
182.81211,8.9648,0.225625
182.81242,8.9695,0.226633
182.81273,8.9705,0.228217
182.81304,8.9602,0.227425
182.81335,8.9668,0.228921
182.81360,8.9695,0.228921
182.81391,8.9688,0.227129
182.81422,8.9641,0.230217
182.81453,8.9621,0.227025
182.81484,8.9658,0.230617
182.81515,8.9697,0.230009
182.81540,8.9695,0.230009
182.81571,8.9744,0.229609
182.81602,8.9705,0.227921
182.81633,8.9875,0.228321
182.81664,8.9648,0.229321
182.81689,8.9725,0.229321
182.81720,8.9648,0.226633
182.81751,8.9715,0.227129
182.81782,8.9678,0.229113
182.81813,8.9725,0.227713
182.81844,8.9725,0.227633
182.81869,8.9592,0.227633
182.81901,8.9641,0.228113
182.81932,8.9744,0.226417
182.81963,8.9688,0.227321
182.81993,8.9688,0.226025
182.82024,8.9668,0.270393
182.82050,8.9639,0.270393
182.82081,8.9621,0.244169
182.82112,8.9688,0.231009
182.82143,8.9668,0.230217
182.82174,8.9725,0.230321
182.82205,8.9688,0.232009
182.82230,8.9658,0.232009
182.82261,8.9734,0.229321
182.82292,8.9648,0.230505
182.82323,8.9602,0.270393
182.82354,8.9648,0.230505
182.82379,8.9639,0.230505
182.82410,8.9744,0.227529
182.82441,8.9688,0.228321
182.82472,8.9688,0.227921
182.82503,8.9658,0.228713
182.82534,8.9658,0.229425
182.82559,8.9725,0.229425
182.82590,8.9725,0.228609
182.82621,8.9668,0.227817
182.82652,8.9725,0.230113
182.82683,8.9734,0.230217
182.82714,8.9715,0.227817
182.82740,8.9648,0.227817
182.82770,8.9715,0.228129
182.82802,8.9734,0.229113
182.82833,8.9697,0.230617
182.82864,8.9725,0.232113
182.82889,8.9611,0.232113
182.82920,8.9678,0.231409
182.82951,8.9771,0.233201
182.82982,8.9688,0.230009
182.83013,8.9668,0.227713
182.83044,8.9688,0.225729
182.83069,8.9688,0.225729
182.83100,8.9771,0.228713
182.83131,8.9688,0.228529
182.83162,8.9648,0.230505
182.83193,8.9688,0.228425
182.83224,8.9688,0.227025
182.83250,8.9715,0.227025
182.83281,8.9688,0.227817
182.83311,8.9658,0.228817
182.83342,8.9631,0.227817
182.83373,8.9631,0.229713
182.83404,8.9734,0.227921
182.83430,8.9658,0.227921
182.83461,8.9658,0.251241
182.83493,8.9574,0.263321
182.83524,8.9744,0.233409
182.83554,8.9678,0.232113
182.83580,8.9668,0.232113
182.83611,8.9715,0.230721
182.83642,8.9734,0.231305
182.83673,8.9725,0.230505
182.83704,8.9715,0.229025
182.83735,8.9631,0.225625
182.83760,8.9621,0.225625
182.83791,8.9658,0.268697
182.83822,8.9639,0.225817
182.83853,8.9725,0.228817
182.83884,8.9658,0.229425
182.83909,8.9648,0.229425
182.83940,8.9611,0.226737
182.83971,8.9762,0.228425
182.84002,8.9668,0.228321
182.84033,8.9688,0.227233
182.84064,8.9584,0.228425
182.84089,8.9688,0.228425
182.84120,8.9734,0.228425
182.84151,8.9771,0.228217
182.84182,8.9648,0.228217
182.84213,8.9734,0.230217
182.84244,8.9695,0.231513
182.84270,8.9668,0.231513
182.84482,8.9705,0.228529
182.84658,8.9678,0.226921
182.84834,8.9715,0.229025
182.85009,8.9725,0.232009
182.85185,8.9695,0.227817
182.85361,8.9648,0.229817
182.85537,8.9658,0.227217
182.85713,8.9762,0.229921
182.85744,8.9678,0.231009
182.85775,8.9658,0.231217
182.85800,8.9705,0.231217
182.85831,8.9762,0.228609
182.85862,8.9705,0.228609
182.85893,8.9668,0.225025
182.85924,8.9715,0.229217
182.85955,8.9725,0.227817
182.85980,8.9705,0.227817
182.86011,8.9762,0.226313
182.86042,8.9648,0.227025
182.86073,8.9688,0.228425
182.86104,8.9752,0.228921
182.86135,8.9734,0.226921
182.86161,8.9705,0.226921
182.86191,8.9631,0.228217
182.86222,8.9678,0.231617
182.86253,8.9678,0.227425
182.86284,8.9715,0.223129
182.86310,8.9678,0.223129
182.86341,8.9678,0.232513
182.86372,8.9582,0.228425
182.86403,8.9648,0.230217
182.86434,8.9695,0.232201
182.86465,8.9678,0.231321
182.86490,8.9668,0.231321
182.86521,8.9734,0.230721
182.86552,8.9725,0.228921
182.86583,8.9668,0.229217
182.86614,8.9705,0.227633
182.86645,8.9744,0.227025
182.86670,8.9611,0.227025
182.86701,8.9688,0.270889
182.86732,8.9715,0.229425
182.86763,8.9715,0.229113
182.86794,8.9752,0.228217
182.86825,8.9744,0.229321
182.86850,8.9668,0.229321
182.86881,8.9752,0.226817
182.86912,8.9658,0.228713
182.86943,8.9668,0.228529
182.86974,8.9688,0.228113
182.87000,8.9648,0.228113
182.87030,8.9688,0.228817
182.87062,8.9678,0.232113
182.87093,8.9715,0.227633
182.87124,8.9631,0.231305
182.87154,8.9771,0.228529
182.87180,8.9678,0.228529
182.87211,8.9688,0.231409
182.87242,8.9705,0.226921
182.87273,8.9688,0.228217
182.87304,8.9668,0.226921
182.87335,8.9752,0.227817
182.87360,8.9592,0.227817
182.87391,8.9838,0.228817
182.87422,8.9668,0.225025
182.87453,8.9744,0.225817
182.87484,8.9744,0.224625
182.87510,8.9705,0.224625
182.87541,8.9668,0.228609
182.87572,8.9762,0.226129
182.87603,8.9705,0.226313
182.87633,8.9705,0.225729
182.87664,8.9705,0.228425
182.87690,8.9668,0.228425
182.87721,8.9715,0.224729
182.87752,8.9715,0.228817
182.87783,8.9639,0.229713
182.87814,8.9611,0.274689
182.87845,8.9621,0.237785
182.87870,8.9752,0.237785
182.87901,8.9744,0.230217
182.87933,8.9648,0.227025
182.87964,8.9734,0.227321
182.87994,8.9639,0.226025
182.88020,8.9678,0.226025
182.88051,8.9705,0.227025
182.88082,8.9668,0.227217
182.88113,8.9639,0.269993
182.88144,8.9688,0.226633
182.88175,8.9705,0.227633
182.88200,8.9734,0.227633
182.88231,8.9715,0.226417
182.88262,8.9744,0.225025
182.88293,8.9621,0.226417
182.88324,8.9734,0.228609
182.88355,8.9752,0.225833
182.88380,8.9725,0.225833
182.88411,8.9705,0.227529
182.88442,8.9771,0.228817
182.88474,8.9688,0.227321
182.88504,8.9744,0.228817
182.88530,8.9648,0.228817
182.88561,8.9705,0.230505
182.88592,8.9678,0.230217
182.88623,8.9658,0.227321
182.88654,8.9678,0.228425
182.88685,8.9688,0.228609
182.88710,8.9658,0.228609
182.88741,8.9725,0.227713
182.88772,8.9695,0.227817
182.88803,8.9695,0.227217
182.88834,8.9771,0.226521
182.88865,8.9754,0.227217
182.88890,8.9648,0.227217
182.88921,8.9715,0.225417
182.88952,8.9725,0.227425
182.88983,8.9658,0.226921
182.89014,8.9781,0.229025
182.89039,8.9744,0.229025
182.89071,8.9734,0.227713
182.89102,8.9678,0.229425
182.89133,8.9744,0.231801
182.89163,8.9688,0.231617
182.89195,8.9688,0.229025
182.89220,8.9705,0.229025
182.89251,8.9592,0.229505
182.89282,8.9621,0.261817
182.89313,8.9688,0.226817
182.89344,8.9648,0.226129
182.89375,8.9668,0.224233
182.89400,8.9678,0.224233
182.89431,8.9705,0.224833
182.89462,8.9715,0.227713
182.89493,8.9725,0.227425
182.89524,8.9678,0.227129
182.89555,8.9697,0.268097
182.89580,8.9668,0.268097
182.89611,8.9688,0.245065
182.89642,8.9705,0.228321
182.89674,8.9697,0.228609
182.89705,8.9734,0.226633
182.89730,8.9592,0.226633
182.89761,8.9678,0.227817
182.89792,8.9621,0.223233
182.89823,8.9734,0.228713
182.89854,8.9715,0.222537
182.89879,8.9678,0.222537
182.89910,8.9725,0.225521
182.89941,8.9678,0.228425
182.89972,8.9705,0.230505
182.90003,8.9744,0.227713
182.90034,8.9725,0.226025
182.90059,8.9762,0.226025
182.90090,8.9639,0.226921
182.90121,8.9705,0.225625
182.90152,8.9715,0.226633
182.90183,8.9715,0.227921
182.90214,8.9648,0.225025
182.90240,8.9715,0.225025
182.90271,8.9658,0.223729
182.90302,8.9771,0.223833
182.90333,8.9658,0.221833
182.90364,8.9582,0.222225
182.90389,8.9705,0.222225
182.90420,8.9791,0.223233
182.90451,8.9762,0.226417
182.90482,8.9641,0.223233
182.90513,8.9648,0.226817
182.90544,8.9781,0.226921
182.90569,8.9668,0.226921
182.90600,8.9695,0.226313
182.90631,8.9705,0.232513
182.90662,8.9611,0.225625
182.90693,8.9695,0.232513
182.90724,8.9648,0.265505
182.90749,8.9725,0.265505
182.90780,8.9648,0.222225
182.90811,8.9725,0.226921
182.90843,8.9697,0.223729
182.90874,8.9838,0.222649
182.90899,8.9752,0.222649
182.90930,8.9705,0.220537
182.90961,8.9725,0.223441
182.90992,8.9688,0.244169
182.91023,8.9648,0.264505
182.91054,8.9725,0.224729
182.91079,8.9631,0.224729
182.91110,8.9621,0.223625
182.91141,8.9688,0.222729
182.91172,8.9648,0.222833
182.91203,8.9611,0.226313
182.91234,8.9744,0.228113
182.91260,8.9688,0.228113
182.91290,8.9648,0.228713
182.91321,8.9725,0.227217
182.91352,8.9725,0.226313
182.91383,8.9688,0.227633
182.91414,8.9744,0.224025
182.91440,8.9688,0.224025
182.91471,8.9678,0.222537
182.91503,8.9648,0.224833
182.91533,8.9762,0.222537
182.91564,8.9678,0.223233
182.91590,8.9695,0.223233
182.91621,8.9715,0.224233
182.91652,8.9734,0.221641
182.91683,8.9715,0.221641
182.91714,8.9762,0.220641
182.91745,8.9744,0.219249
182.91770,8.9801,0.219249
182.91801,8.9725,0.223441
182.91832,8.9705,0.222145
182.91863,8.9648,0.221833
182.91894,8.9715,0.221641
182.91919,8.9838,0.221641
182.91950,8.9678,0.225833
182.91981,8.9648,0.224521
182.92012,8.9668,0.225025
182.92043,8.9639,0.225417
182.92075,8.9678,0.224625
182.92100,8.9725,0.224625
182.92131,8.9705,0.223441
182.92162,8.9678,0.265905
182.92193,8.9648,0.221537
182.92224,8.9668,0.222433
182.92249,8.9695,0.222433
182.92280,8.9734,0.220745
182.92311,8.9809,0.221833
182.92342,8.9705,0.222145
182.92373,8.9639,0.223625
182.92404,8.9678,0.222649
182.92429,8.9752,0.222649
182.92460,8.9744,0.223337
182.92491,8.9668,0.219457
182.92522,8.9678,0.223041
182.92553,8.9688,0.223041
182.92584,8.9678,0.220937
182.92609,8.9705,0.220937
182.92640,8.9725,0.237681
182.92672,8.9688,0.224729
182.92703,8.9725,0.224937
182.92734,8.9631,0.222537
182.92759,8.9725,0.222537
182.92790,8.9695,0.225337
182.92821,8.9688,0.223337
182.92852,8.9695,0.223441
182.92883,8.9639,0.221537
182.92914,8.9695,0.220537
182.92939,8.9725,0.220537
182.92970,8.9678,0.222225
182.93001,8.9725,0.222729
182.93032,8.9801,0.221937
182.93063,8.9705,0.222649
182.93094,8.9668,0.223129
182.93119,8.9715,0.223129
182.93150,8.9688,0.220849
182.93181,8.9771,0.221641
182.93212,8.9688,0.221745
182.93244,8.9648,0.221937
182.93269,8.9715,0.221937
182.93300,8.9695,0.221937
182.93331,8.9678,0.223625
182.93362,8.9744,0.226417
182.93393,8.9658,0.223937
182.93424,8.9668,0.226025
182.93449,8.9762,0.226025
182.93480,8.9705,0.224129
182.93511,8.9688,0.221937
182.93542,8.9734,0.222225
182.93573,8.9715,0.221745
182.93604,8.9734,0.264713
182.93629,8.9641,0.264713
182.93660,8.9574,0.228425
182.93691,8.9705,0.221041
182.93722,8.9725,0.223337
182.93753,8.9668,0.222729
182.93784,8.9705,0.222729
182.93809,8.9678,0.222729
182.93840,8.9715,0.222041
182.93872,8.9801,0.223625
182.93903,8.9762,0.265721
182.93934,8.9648,0.223545
182.93959,8.9695,0.223545
182.93990,8.9744,0.223233
182.94021,8.9678,0.224921
182.94052,8.9695,0.223041
182.94083,8.9688,0.225025
182.94114,8.9734,0.225625
182.94139,8.9734,0.225625
182.94170,8.9715,0.225233
182.94201,8.9809,0.223545
182.94232,8.9574,0.221041
182.94263,8.9658,0.222145
182.94294,8.9734,0.223833
182.94319,8.9744,0.223833
182.94350,8.9725,0.220745
182.94381,8.9688,0.221641
182.94412,8.9621,0.222649
182.94443,8.9688,0.222329
182.94469,8.9715,0.222329
182.94500,8.9688,0.221833
182.94531,8.9734,0.218641
182.94562,8.9648,0.221937
182.94593,8.9744,0.222833
182.94624,8.9648,0.220145
182.94649,8.9744,0.220145
182.94680,8.9639,0.221833
182.94711,8.9725,0.226417
182.94742,8.9678,0.224625
182.94773,8.9668,0.225625
182.94804,8.9688,0.223833
182.94829,8.9678,0.223833
182.94860,8.9648,0.223729
182.94891,8.9705,0.225729
182.94922,8.9695,0.222041
182.94953,8.9734,0.224521
182.94979,8.9734,0.224521
182.95009,8.9781,0.225233
182.95041,8.9725,0.220249
182.95072,8.9658,0.251345
182.95103,8.9631,0.222433
182.95134,8.9725,0.223937
182.95159,8.9734,0.223937
182.95190,8.9648,0.223545
182.95221,8.9762,0.222937
182.95252,8.9658,0.221641
182.95283,8.9705,0.224441
182.95314,8.9725,0.222649
182.95339,8.9744,0.222649
182.95370,8.9602,0.263713
182.95401,8.9781,0.222833
182.95432,8.9668,0.224625
182.95463,8.9658,0.224729
182.95494,8.9639,0.224833
182.95519,8.9771,0.224833
182.95550,8.9734,0.225833
182.95581,8.9734,0.226633
182.95612,8.9809,0.220937
182.95643,8.9648,0.223625
182.95669,8.9668,0.223625
182.95700,8.9658,0.220937
182.95731,8.9734,0.222729
182.95762,8.9752,0.224625
182.95793,8.9631,0.221745
182.95824,8.9648,0.223041
182.95849,8.9668,0.223041
182.95880,8.9658,0.223545
182.95911,8.9621,0.220745
182.95942,8.9715,0.222649
182.95973,8.9582,0.222145
182.96004,8.9705,0.224625
182.96029,8.9781,0.224625
182.96060,8.9688,0.221329
182.96091,8.9621,0.222433
182.96122,8.9715,0.225233
182.96153,8.9678,0.224337
182.96178,8.9744,0.224337
182.96209,8.9705,0.226921
182.96240,8.9705,0.223833
182.96272,8.9715,0.224729
182.96303,8.9744,0.223337
182.96333,8.9725,0.223041
182.96359,8.9725,0.223041
182.96390,8.9678,0.221641
182.96421,8.9725,0.221641
182.96452,8.9762,0.222433
182.96483,8.9725,0.231513
182.96514,8.9668,0.265801
182.96539,8.9705,0.265801
182.96570,8.9734,0.222041
182.96601,8.9705,0.222729
182.96632,8.9752,0.221329
182.96663,8.9771,0.223441
182.96694,8.9715,0.221729
182.96719,8.9658,0.221729
182.96750,8.9705,0.224441
182.96781,8.9697,0.244881
182.96812,8.9705,0.259729
182.96843,8.9705,0.224521
182.96869,8.9771,0.224521
182.96900,8.9752,0.227129
182.96931,8.9715,0.222833
182.96961,8.9734,0.227817
182.96993,8.9658,0.234201
182.97024,8.9678,0.224729
182.97049,8.9695,0.224729
182.97080,8.9725,0.230905
182.97111,8.9705,0.226025
182.97142,8.9688,0.226817
182.97173,8.9639,0.228321
182.97204,8.9734,0.226737
182.97229,8.9771,0.226737
182.97260,8.9754,0.232801
182.97291,8.9744,0.215865
182.97322,8.9639,0.214361
182.97353,8.9791,0.214657
182.97384,8.9668,0.221745
182.97409,8.9648,0.221745
182.97440,8.9725,0.214657
182.97471,8.9848,0.217745
182.97502,8.9762,0.215553
182.97533,8.9678,0.217953
182.97559,8.9705,0.217953
182.97589,8.9791,0.219145
182.97620,8.9801,0.215657
182.97651,8.9744,0.216953
182.97682,8.9715,0.216953
182.97713,8.9791,0.212673
182.97739,8.9705,0.212673
182.97770,8.9744,0.214361
182.97801,8.9678,0.213865
182.97832,8.9705,0.215953
182.97863,8.9752,0.214761
182.97894,8.9695,0.215865
182.97919,8.9715,0.215865
182.97950,8.9688,0.214657
182.97981,8.9678,0.215657
182.98012,8.9725,0.214361
182.98043,8.9592,0.215449
182.98068,8.9771,0.215449
182.98099,8.9791,0.215449
182.98130,8.9658,0.214865
182.98161,8.9725,0.216953
182.98192,8.9771,0.214657
182.98223,8.9688,0.221833
182.98248,8.9611,0.221833
182.98279,8.9678,0.260817
182.98311,8.9695,0.218345
182.98342,8.9705,0.218561
182.98373,8.9668,0.216057
182.98403,8.9715,0.216057
182.98429,8.9658,0.216057
182.98460,8.9715,0.214257
182.98491,8.9762,0.214945
182.98522,8.9752,0.212673
182.98553,8.9668,0.215865
182.98584,8.9648,0.215049
182.98609,8.9688,0.215049
182.98640,8.9705,0.214657
182.98671,8.9771,0.214657
182.98702,8.9678,0.216345
182.98733,8.9781,0.217745
182.98759,8.9705,0.217745
182.98790,8.9818,0.220145
182.98821,8.9762,0.215049
182.98852,8.9658,0.213657
182.98882,8.9639,0.214153
182.98914,8.9791,0.217161
182.98939,8.9762,0.217161
182.98970,8.9725,0.216161
182.99001,8.9574,0.215657
182.99032,8.9752,0.218057
182.99063,8.9695,0.217345
182.99094,8.9705,0.218745
182.99119,8.9744,0.218745
182.99150,8.9658,0.213865
182.99181,8.9641,0.214865
182.99212,8.9762,0.214465
182.99243,8.9668,0.215049
182.99269,8.9648,0.215049
182.99300,8.9678,0.213761
182.99331,8.9744,0.216057
182.99362,8.9781,0.223833
182.99393,8.9631,0.258337
182.99418,8.9668,0.258337
182.99449,8.9648,0.217345
182.99480,8.9791,0.217161
182.99511,8.9828,0.214761
182.99542,8.9715,0.215049
182.99573,8.9715,0.217161
182.99598,8.9715,0.217161
182.99629,8.9734,0.217657
182.99660,8.9818,0.217241
182.99691,8.9631,0.259921
182.99722,8.9621,0.217057
182.99753,8.9668,0.218561
182.99778,8.9668,0.218561
182.99809,8.9734,0.218241
182.99840,8.9715,0.216657
182.99872,8.9705,0.215369
182.99903,8.9705,0.213465
182.99928,8.9818,0.213465
182.99959,8.9818,0.213761
182.99990,8.9715,0.218641
183.00021,8.9715,0.214865
183.00052,8.9734,0.214865
183.00083,8.9715,0.213865
183.00108,8.9697,0.213865
183.00139,8.9809,0.214865
183.00170,8.9771,0.215865
183.00201,8.9752,0.214257
183.00232,8.9754,0.213569
183.00263,8.9668,0.214257
183.00288,8.9705,0.214257
183.00319,8.9781,0.214865
183.00350,8.9809,0.215657
183.00381,8.9705,0.217657
183.00412,8.9695,0.216849
183.00443,8.9668,0.216657
183.00469,8.9705,0.216657
183.00500,8.9678,0.218953
183.00531,8.9695,0.214865
183.00562,8.9688,0.213657
183.00593,8.9725,0.213761
183.00618,8.9658,0.213761
183.00649,8.9725,0.215369
183.00680,8.9668,0.214945
183.00711,8.9658,0.216449
183.00742,8.9697,0.217241
183.00773,8.9668,0.216057
183.00798,8.9838,0.216057
183.00829,8.9658,0.213257
183.00860,8.9648,0.238577
183.00891,8.9762,0.216265
183.00922,8.9752,0.215049
183.00953,8.9762,0.214657
183.00978,8.9648,0.214657
183.01009,8.9648,0.214257
183.01040,8.9678,0.218745
183.01072,8.9725,0.218953
183.01103,8.9705,0.218745
183.01128,8.9658,0.218745
183.01159,8.9668,0.262321
183.01190,8.9688,0.219033
183.01221,8.9621,0.216553
183.01252,8.9678,0.216449
183.01283,8.9771,0.217057
183.01308,8.9631,0.217057
183.01339,8.9705,0.217057
183.01370,8.9744,0.216449
183.01401,8.9695,0.216745
183.01432,8.9678,0.217657
183.01463,8.9725,0.225337
183.01488,8.9771,0.225337
183.01519,8.9734,0.215953
183.01550,8.9754,0.218449
183.01581,8.9762,0.215953
183.01612,8.9744,0.215449
183.01638,8.9715,0.215449
183.01669,8.9688,0.214361
183.01700,8.9688,0.214361
183.01731,8.9545,0.217745
183.01762,8.9639,0.218241
183.01793,8.9781,0.218161
183.01818,8.9734,0.218161
183.01849,8.9688,0.218745
183.01880,8.9631,0.217849
183.01911,8.9781,0.214361
183.01942,8.9715,0.214153
183.01973,8.9688,0.215657
183.01998,8.9762,0.215657
183.02029,8.9715,0.211073
183.02060,8.9762,0.215449
183.02091,8.9715,0.213865
183.02122,8.9658,0.215049
183.02153,8.9611,0.213761
183.02178,8.9734,0.213761
183.02209,8.9705,0.214865
183.02241,8.9801,0.212761
183.02272,8.9791,0.232801
183.02303,8.9631,0.258041
183.02328,8.9688,0.258041
183.02359,8.9781,0.216057
183.02390,8.9725,0.214865
183.02421,8.9744,0.218953
183.02452,8.9688,0.217849
183.02483,8.9744,0.217553
183.02508,8.9705,0.217553
183.02539,8.9771,0.219249
183.02570,8.9695,0.244777
183.02601,8.9658,0.246761
183.02632,8.9848,0.215369
183.02663,8.9697,0.215553
183.02688,8.9744,0.215553
183.02719,8.9668,0.213657
183.02750,8.9695,0.218137
183.02781,8.9688,0.212073
183.02812,8.9809,0.216161
183.02837,8.9695,0.216161
183.02869,8.9648,0.215657
183.02900,8.9658,0.216265
183.02931,8.9668,0.216761
183.02962,8.9611,0.216953
183.02993,8.9744,0.216345
183.03018,8.9695,0.216345
183.03049,8.9705,0.214945
183.03080,8.9705,0.215865
183.03111,8.9678,0.216345
183.03142,8.9752,0.217657
183.03173,8.9648,0.219249
183.03198,8.9697,0.219249
183.03229,8.9688,0.220937
183.03260,8.9648,0.217161
183.03291,8.9648,0.218641
183.03322,8.9695,0.217057
183.03353,8.9668,0.216849
183.03378,8.9648,0.216849
183.03409,8.9668,0.215265
183.03440,8.9705,0.217241
183.03472,8.9725,0.216265
183.03503,8.9762,0.216057
183.03528,8.9771,0.216057
183.03559,8.9695,0.211281
183.03590,8.9695,0.216849
183.03621,8.9762,0.216953
183.03652,8.9715,0.218849
183.03683,8.9688,0.216657
183.03708,8.9715,0.216657
183.03739,8.9678,0.218641
183.03770,8.9621,0.217345
183.03801,8.9809,0.219849
183.03832,8.9791,0.221249
183.03857,8.9762,0.221249
183.03888,8.9697,0.221833
183.03919,8.9688,0.220745
183.03950,8.9752,0.222329
183.03981,8.9734,0.220641
183.04012,8.9648,0.226417
183.04038,8.9639,0.226417
183.04069,8.9725,0.264817
183.04100,8.9771,0.216345
183.04131,8.9725,0.215161
183.04162,8.9705,0.216761
183.04187,8.9762,0.216761
183.04218,8.9791,0.216449
183.04249,8.9781,0.215953
183.04280,8.9725,0.215865
183.04311,8.9715,0.217345
183.04342,8.9752,0.216345
183.04367,8.9695,0.216345
183.04399,8.9762,0.213569
183.04430,8.9762,0.215553
183.04460,8.9752,0.214865
183.04491,8.9744,0.213465
183.04522,8.9688,0.219537
183.04548,8.9648,0.219537
183.04579,8.9688,0.227321
183.04610,8.9705,0.255833
183.04641,8.9705,0.240585
183.04672,8.9668,0.246761
183.04697,8.9574,0.246761
183.04728,8.9715,0.244777
183.04759,8.9602,0.236785
183.04790,8.9678,0.242081
183.04821,8.9695,0.245961
183.04852,8.9705,0.251265
183.04877,8.9695,0.251265
183.04908,8.9705,0.234593
183.04939,8.9658,0.234913
183.04970,8.9688,0.229113
183.05001,8.9715,0.231009
183.05032,8.9688,0.230825
183.05058,8.9744,0.230825
183.05089,8.9631,0.237393
183.05120,8.9658,0.273289
183.05150,8.9668,0.264609
183.05182,8.9705,0.294625
183.05212,8.9592,0.234809
183.05238,8.9705,0.234809
183.05269,8.9668,0.232697
183.05300,8.9688,0.218561
183.05331,8.9697,0.216953
183.05362,8.9752,0.220249
183.05387,8.9762,0.220249
183.05418,8.9725,0.221729
183.05449,8.9734,0.219249
183.05480,8.9668,0.275977
183.05511,8.9631,0.246281
183.05542,8.9705,0.232201
183.05568,8.9648,0.232201
183.05598,8.9592,0.231721
183.05629,8.9725,0.231217
183.05660,8.9752,0.229817
183.05691,8.9648,0.232009
183.05722,8.9744,0.232113
183.05748,8.9715,0.232113
183.05778,8.9705,0.231305
183.05810,8.9744,0.227529
183.05841,8.9801,0.232905
183.05872,8.9754,0.231009
183.05897,8.9668,0.231009
183.05928,8.9668,0.232409
183.05959,8.9781,0.233201
183.05990,8.9715,0.232801
183.06021,8.9695,0.234009
183.06052,8.9668,0.234705
183.06077,8.9648,0.234705
183.06109,8.9678,0.234305
183.06139,8.9695,0.231801
183.06170,8.9611,0.234809
183.06201,8.9658,0.230009
183.06232,8.9639,0.232905
183.06258,8.9744,0.232905
183.06289,8.9574,0.232305
183.06320,8.9631,0.233593
183.06351,8.9697,0.232905
183.06382,8.9697,0.232009
183.06413,8.9592,0.232009
183.06438,8.9725,0.232009
183.06469,8.9639,0.231801
183.06500,8.9648,0.232305
183.06531,8.9658,0.232409
183.06562,8.9734,0.231409
183.06587,8.9705,0.231409
183.06618,8.9602,0.225921
183.06649,8.9611,0.253345
183.06680,8.9648,0.235809
183.06711,8.9695,0.239185
183.06742,8.9734,0.236097
183.06768,8.9678,0.236097
183.06798,8.9668,0.234489
183.06829,8.9715,0.232409
183.06860,8.9648,0.231513
183.06891,8.9611,0.232409
183.06922,8.9611,0.276769
183.06948,8.9725,0.276769
183.06979,8.9668,0.236393
183.07010,8.9688,0.231009
183.07041,8.9791,0.232409
183.07072,8.9688,0.232305
183.07097,8.9762,0.232305
183.07128,8.9752,0.229817
183.07159,8.9725,0.232617
183.07190,8.9678,0.231009
183.07221,8.9734,0.234009
183.07252,8.9744,0.231905
183.07277,8.9771,0.231905
183.07308,8.9688,0.228129
183.07339,8.9658,0.234593
183.07370,8.9715,0.234009
183.07401,8.9809,0.233305
183.07432,8.9752,0.231721
183.07457,8.9668,0.231721
183.07488,8.9668,0.231217
183.07519,8.9705,0.230217
183.07550,8.9705,0.227529
183.07581,8.9744,0.228129
183.07612,8.9705,0.230721
183.07638,8.9744,0.230721
183.07669,8.9688,0.228217
183.07700,8.9744,0.229217
183.07731,8.9725,0.249553
183.07762,8.9648,0.266513
183.07787,8.9574,0.266513
183.07818,8.9658,0.263113
183.07849,8.9592,0.224937
183.07880,8.9715,0.220937
183.07911,8.9611,0.226921
183.07942,8.9688,0.219033
183.07967,8.9725,0.219033
183.07998,8.9678,0.225025
183.08029,8.9725,0.223625
183.08060,8.9801,0.241977
183.08091,8.9611,0.263025
183.08122,8.9688,0.235097
183.08147,8.9715,0.235097
183.08179,8.9715,0.214657
183.08210,8.9688,0.209961
183.08241,8.9734,0.214465
183.08272,8.9848,0.213465
183.08297,8.9668,0.213465
183.08328,8.9695,0.213865
183.08359,8.9725,0.246569
183.08390,8.9688,0.237785
183.08421,8.9762,0.216657
183.08452,8.9715,0.221249
183.08478,8.9695,0.221249
183.08508,8.9697,0.230905
183.08539,8.9621,0.235393
183.08570,8.9705,0.228321
183.08601,8.9762,0.240377
183.08632,8.9697,0.232409
183.08658,8.9668,0.232409
183.08689,8.9705,0.228425
183.08720,8.9734,0.229713
183.08750,8.9555,0.232009
183.08782,8.9658,0.253745
183.08807,8.9658,0.253745
183.08838,8.9668,0.235097
183.08869,8.9678,0.234593
183.08900,8.9705,0.248153
183.08931,8.9648,0.241977
183.08962,8.9668,0.238185
183.08987,8.9705,0.238185
183.09018,8.9781,0.231409
183.09049,8.9658,0.231217
183.09080,8.9648,0.232201
183.09111,8.9801,0.236993
183.09142,8.9752,0.239793
183.09168,8.9705,0.239793
183.09198,8.9705,0.231721
183.09229,8.9639,0.244673
183.09260,8.9658,0.249449
183.09291,8.9715,0.237393
183.09317,8.9658,0.237393
183.09348,8.9725,0.244065
183.09379,8.9715,0.240977
183.09410,8.9678,0.238289
183.09441,8.9648,0.246673
183.09472,8.9744,0.243169
183.09497,8.9752,0.243169
183.09528,8.9658,0.243065
183.09559,8.9705,0.244377
183.09590,8.9752,0.238793
183.09621,8.9762,0.241977
183.09652,8.9725,0.249945
183.09677,8.9762,0.249945
183.09708,8.9695,0.249049
183.09739,8.9688,0.242673
183.09770,8.9715,0.251849
183.09801,8.9658,0.268801
183.09832,8.9582,0.299009
183.09857,8.9715,0.299009
183.09888,8.9658,0.263025
183.09919,8.9668,0.257433
183.09950,8.9695,0.256729
183.09981,8.9668,0.256145
183.10012,8.9658,0.242881
183.10038,8.9715,0.242881
183.10069,8.9688,0.241977
183.10100,8.9658,0.252553
183.10131,8.9688,0.246361
183.10162,8.9658,0.250953
183.10187,8.9592,0.250953
183.10218,8.9688,0.253745
183.10249,8.9752,0.247257
183.10280,8.9611,0.244481
183.10311,8.9678,0.242585
183.10342,8.9668,0.241081
183.10367,8.9648,0.241081
183.10398,8.9688,0.247761
183.10429,8.9668,0.244465
183.10460,8.9688,0.243089
183.10491,8.9631,0.240793
183.10517,8.9688,0.240793
183.10548,8.9688,0.242585
183.10579,8.9725,0.241873
183.10610,8.9725,0.243169
183.10641,8.9621,0.240185
183.10672,8.9658,0.243881
183.10697,8.9688,0.243881
183.10728,8.9688,0.241377
183.10759,8.9705,0.243777
183.10790,8.9631,0.244569
183.10821,8.9688,0.244377
183.10852,8.9705,0.245857
183.10877,8.9725,0.245857
183.10908,8.9781,0.245169
183.10939,8.9744,0.244961
183.10970,8.9705,0.300009
183.11001,8.9639,0.253241
183.11027,8.9688,0.253241
183.11058,8.9678,0.254433
183.11088,8.9658,0.260817
183.11119,8.9744,0.250553
183.11150,8.9688,0.249761
183.11181,8.9584,0.249449
183.11207,8.9744,0.249449
183.11238,8.9658,0.251057
183.11269,8.9725,0.286345
183.11300,8.9744,0.234705
183.11331,8.9658,0.236201
183.11357,8.9688,0.236201
183.11388,8.9648,0.273897
183.11419,8.9668,0.272577
183.11450,8.9697,0.260233
183.11481,8.9688,0.242481
183.11512,8.9668,0.237289
183.11537,8.9621,0.237289
183.11568,8.9668,0.231801
183.11599,8.9725,0.238793
183.11630,8.9688,0.235097
183.11661,8.9678,0.238793
183.11692,8.9828,0.221433
183.11717,8.9734,0.221433
183.11748,8.9744,0.220433
183.11779,8.9809,0.221329
183.11810,8.9641,0.222329
183.11841,8.9639,0.225417
183.11866,8.9668,0.225417
183.11898,8.9734,0.237785
183.11929,8.9668,0.244881
183.11960,8.9648,0.247361
183.11991,8.9695,0.232697
183.12022,8.9752,0.234201
183.12047,8.9715,0.234201
183.12078,8.9688,0.235889
183.12109,8.9688,0.232697
183.12140,8.9688,0.235305
183.12171,8.9584,0.233009
183.12202,8.9762,0.234305
183.12227,8.9582,0.234305
183.12258,8.9695,0.236601
183.12289,8.9705,0.236393
183.12320,8.9678,0.237289
183.12351,8.9658,0.237185
183.12382,8.9678,0.236993
183.12407,8.9695,0.236993
183.12438,8.9715,0.276873
183.12469,8.9688,0.233801
183.12500,8.9648,0.270785
183.12531,8.9555,0.273185
183.12557,8.9668,0.273185
183.12588,8.9631,0.270393
183.12619,8.9744,0.237185
183.12650,8.9678,0.242273
183.12681,8.9705,0.239897
183.12712,8.9611,0.268489
183.12737,8.9639,0.268489
183.12768,8.9688,0.226233
183.12799,8.9668,0.219457
183.12830,8.9678,0.229713
183.12861,8.9697,0.231217
183.12892,8.9668,0.239185
183.12917,8.9648,0.239185
183.12948,8.9639,0.247569
183.12979,8.9611,0.263505
183.13010,8.9658,0.251345
183.13041,8.9688,0.248465
183.13066,8.9658,0.248465
183.13097,8.9734,0.248049
183.13128,8.9734,0.248969
183.13159,8.9705,0.248969
183.13190,8.9688,0.273081
183.13221,8.9592,0.246761
183.13247,8.9781,0.246761
183.13277,8.9715,0.239393
183.13308,8.9781,0.270497
183.13339,8.9658,0.236993
183.13370,8.9621,0.235705
183.13401,8.9631,0.271785
183.13427,8.9725,0.271785
183.13458,8.9658,0.241585
183.13489,8.9688,0.248761
183.13520,8.9525,0.288745
183.13551,8.9648,0.248153
183.13582,8.9688,0.247569
183.13607,8.9631,0.247569
183.13638,8.9574,0.270497
183.13669,8.9688,0.236601
183.13700,8.9828,0.257729
183.13731,8.9648,0.262529
183.13756,8.9771,0.262529
183.13787,8.9752,0.237993
183.13818,8.9602,0.276081
183.13849,8.9734,0.263817
183.13880,8.9658,0.267905
183.13911,8.9602,0.261417
183.13936,8.9611,0.261417
183.13967,8.9688,0.258441
183.13998,8.9678,0.239977
183.14029,8.9668,0.273289
183.14060,8.9695,0.238689
183.14091,8.9574,0.238393
183.14117,8.9648,0.238393
183.14147,8.9648,0.271681
183.14179,8.9734,0.255833
183.14210,8.9725,0.239001
183.14241,8.9648,0.270097
183.14266,8.9631,0.270097
183.14486,8.9771,0.239585
183.14662,8.9639,0.265113
183.14838,8.9688,0.257145
183.15014,8.9705,0.235993
183.15190,8.9725,0.274977
183.15366,8.9658,0.242585
183.15541,8.9678,0.239081
183.15717,8.9641,0.240377
183.15737,8.9762,0.240377
183.15768,8.9744,0.239185
183.15799,8.9592,0.268097
183.15830,8.9688,0.239081
183.15861,8.9705,0.240377
183.15886,8.9641,0.240377
183.15917,8.9648,0.271497
183.15948,8.9697,0.236705
183.15979,8.9631,0.258937
183.16010,8.9678,0.255641
183.16041,8.9668,0.237785
183.16066,8.9648,0.237785
183.16097,8.9574,0.234097
183.16128,8.9621,0.269809
183.16159,8.9648,0.235497
183.16190,8.9668,0.267697
183.16221,8.9639,0.250449
183.16246,8.9688,0.250449
183.16277,8.9705,0.234201
183.16308,8.9631,0.268009
183.16339,8.9678,0.235201
183.16370,8.9668,0.234097
183.16401,8.9725,0.270393
183.16426,8.9648,0.270393
183.16457,8.9762,0.245465
183.16488,8.9668,0.244569
183.16519,8.9639,0.272993
183.16550,8.9641,0.239585
183.16581,8.9658,0.238793
183.16607,8.9715,0.238793
183.16638,8.9582,0.268009
183.16669,8.9705,0.234809
183.16700,8.9734,0.248073
183.16730,8.9574,0.268489
183.16756,8.9668,0.268489
183.16787,8.9705,0.278961
183.16818,8.9592,0.234097
183.16849,8.9611,0.239289
183.16880,8.9688,0.234705
183.16911,8.9752,0.256329
183.16936,8.9695,0.256329
183.16967,8.9648,0.259521
183.16998,8.9621,0.237497
183.17029,8.9631,0.272681
183.17060,8.9611,0.279273
183.17086,8.9611,0.279273
183.17117,8.9648,0.235601
183.17148,8.9678,0.268097
183.17178,8.9621,0.238577
183.17209,8.9715,0.241081
183.17241,8.9705,0.276585
183.17266,8.9621,0.276585
183.17297,8.9781,0.237993
183.17328,8.9752,0.228217
183.17359,8.9678,0.226233
183.17390,8.9688,0.224921
183.17421,8.9639,0.224337
183.17446,8.9668,0.224337
183.17477,8.9715,0.233697
183.17509,8.9695,0.235201
183.17540,8.9688,0.237497
183.17571,8.9648,0.231801
183.17596,8.9668,0.231801
183.17627,8.9715,0.244673
183.17658,8.9631,0.246361
183.17689,8.9668,0.232801
183.17720,8.9744,0.231721
183.17751,8.9725,0.232617
183.17776,8.9648,0.232617
183.17807,8.9762,0.234593
183.17838,8.9639,0.238577
183.17869,8.9668,0.238497
183.17900,8.9631,0.238289
183.17931,8.9818,0.238289
183.17956,8.9688,0.238289
183.17987,8.9631,0.242377
183.18018,8.9688,0.241185
183.18049,8.9734,0.238497
183.18080,8.9641,0.238793
183.18106,8.9715,0.238793
183.18137,8.9611,0.270993
183.18168,8.9668,0.275873
183.18199,8.9582,0.318153
183.18230,8.9648,0.243881
183.18261,8.9725,0.248153
183.18286,8.9648,0.248153
183.18317,8.9697,0.245465
183.18348,8.9818,0.231113
183.18379,8.9688,0.228425
183.18410,8.9621,0.230321
183.18441,8.9695,0.229921
183.18466,8.9725,0.229921
183.18497,8.9705,0.227633
183.18528,8.9555,0.235889
183.18559,8.9715,0.237601
183.18590,8.9688,0.257537
183.18621,8.9725,0.252241
183.18646,8.9688,0.252241
183.18678,8.9648,0.252449
183.18709,8.9688,0.250953
183.18740,8.9705,0.237393
183.18771,8.9771,0.240585
183.18796,8.9631,0.240585
183.18827,8.9658,0.238793
183.18858,8.9668,0.238897
183.18889,8.9639,0.237993
183.18920,8.9725,0.236393
183.18951,8.9688,0.235497
183.18976,8.9668,0.235497
183.19007,8.9631,0.238497
183.19038,8.9688,0.237889
183.19069,8.9688,0.237601
183.19100,8.9695,0.236785
183.19131,8.9688,0.237681
183.19156,8.9658,0.237681
183.19187,8.9818,0.237785
183.19218,8.9734,0.240081
183.19249,8.9725,0.239393
183.19281,8.9705,0.239689
183.19306,8.9744,0.239689
183.19337,8.9771,0.240793
183.19368,8.9658,0.251057
183.19399,8.9688,0.246257
183.19430,8.9631,0.239393
183.19461,8.9705,0.241977
183.19486,8.9688,0.241977
183.19517,8.9631,0.236201
183.19548,8.9695,0.240689
183.19579,8.9631,0.239689
183.19610,8.9695,0.239585
183.19641,8.9631,0.271201
183.19666,8.9621,0.271201
183.19697,8.9688,0.261625
183.19728,8.9668,0.238897
183.19759,8.9668,0.237785
183.19790,8.9734,0.246065
183.19815,8.9678,0.246065
183.19846,8.9648,0.237681
183.19878,8.9639,0.237993
183.19909,8.9688,0.239289
183.19940,8.9705,0.283553
183.19965,8.9582,0.283553
183.19996,8.9658,0.254433
183.20027,8.9705,0.241377
183.20058,8.9744,0.240081
183.20089,8.9631,0.240481
183.20120,8.9688,0.238577
183.20145,8.9668,0.238577
183.20177,8.9725,0.238289
183.20208,8.9602,0.247073
183.20239,8.9631,0.248465
183.20269,8.9668,0.249761
183.20300,8.9611,0.247361
183.20326,8.9697,0.247361
183.20357,8.9705,0.248865
183.20388,8.9697,0.248361
183.20419,8.9668,0.246065
183.20450,8.9658,0.253641
183.20475,8.9668,0.253641
183.20507,8.9678,0.250761
183.20538,8.9621,0.240793
183.20568,8.9695,0.242273
183.20600,8.9771,0.244465
183.20630,8.9639,0.244569
183.20656,8.9621,0.244569
183.20687,8.9611,0.245169
183.20718,8.9715,0.246361
183.20749,8.9781,0.260921
183.20780,8.9791,0.255937
183.20811,8.9688,0.265113
183.20836,8.9678,0.265113
183.20867,8.9648,0.250265
183.20898,8.9725,0.255537
183.20929,8.9631,0.293833
183.20960,8.9574,0.296921
183.20991,8.9602,0.288345
183.21016,8.9725,0.288345
183.21047,8.9818,0.258937
183.21078,8.9734,0.257937
183.21109,8.9621,0.278673
183.21140,8.9648,0.243881
183.21165,8.9734,0.243881
183.21196,8.9695,0.245777
183.21227,8.9688,0.248969
183.21258,8.9695,0.230617
183.21289,8.9648,0.238689
183.21320,8.9639,0.234705
183.21346,8.9648,0.234705
183.21377,8.9688,0.239977
183.21408,8.9611,0.275873
183.21439,8.9631,0.250161
183.21470,8.9705,0.263425
183.21501,8.9688,0.264505
183.21526,8.9678,0.264505
183.21557,8.9678,0.249945
183.21588,8.9668,0.250553
183.21619,8.9648,0.252641
183.21650,8.9715,0.247761
183.21675,8.9535,0.247761
183.21706,8.9555,0.256145
183.21737,8.9621,0.253953
183.21768,8.9602,0.250657
183.21799,8.9584,0.246177
183.21830,8.9705,0.262025
183.21856,8.9668,0.262025
183.21887,8.9621,0.254249
183.21918,8.9545,0.251657
183.21949,8.9678,0.275377
183.21979,8.9602,0.294625
183.22011,8.9592,0.302993
183.22036,8.9631,0.302993
183.22067,8.9621,0.292625
183.22098,8.9648,0.263321
183.22129,8.9688,0.265217
183.22160,8.9584,0.257145
183.22191,8.9574,0.264905
183.22216,8.9668,0.264905
183.22247,8.9715,0.253849
183.22278,8.9678,0.247361
183.22309,8.9678,0.285849
183.22340,8.9688,0.293337
183.22366,8.9574,0.293337
183.22396,8.9564,0.297425
183.22427,8.9621,0.312481
183.22458,8.9688,0.300401
183.22489,8.9555,0.290537
183.22520,8.9648,0.256041
183.22546,8.9611,0.256041
183.22577,8.9584,0.300297
183.22608,8.9658,0.283465
183.22638,8.9697,0.288849
183.22670,8.9574,0.289641
183.22701,8.9705,0.291833
183.22726,8.9668,0.291833
183.22757,8.9668,0.296313
183.22788,8.9592,0.293017
183.22819,8.9688,0.298113
183.22850,8.9527,0.310585
183.22875,8.9631,0.310585
183.22906,8.9725,0.257937
183.22937,8.9791,0.238393
183.22968,8.9564,0.257729
183.22999,8.9555,0.258121
183.23030,8.9641,0.270497
183.23055,8.9688,0.270497
183.23086,8.9688,0.274081
183.23117,8.9715,0.268993
183.23148,8.9582,0.270889
183.23179,8.9582,0.271393
183.23210,8.9688,0.271097
183.23236,8.9678,0.271097
183.23266,8.9631,0.269705
183.23297,8.9639,0.272889
183.23328,8.9639,0.271097
183.23359,8.9631,0.267801
183.23390,8.9678,0.268905
183.23416,8.9611,0.268905
183.23447,8.9668,0.273793
183.23478,8.9688,0.273497
183.23509,8.9631,0.273681
183.23540,8.9574,0.274585
183.23565,8.9545,0.274585
183.23596,8.9621,0.277481
183.23627,8.9602,0.269889
183.23658,8.9574,0.269489
183.23689,8.9639,0.271497
183.23720,8.9602,0.270305
183.23745,8.9602,0.270305
183.23776,8.9688,0.270305
183.23807,8.9582,0.271601
183.23838,8.9611,0.271889
183.23869,8.9695,0.272393
183.23900,8.9631,0.270305
183.23925,8.9602,0.270305
183.23956,8.9611,0.271601
183.23987,8.9611,0.313065
183.24018,8.9592,0.273289
183.24050,8.9631,0.270393
183.24075,8.9639,0.270393
183.24106,8.9678,0.272393
183.24137,8.9688,0.273681
183.24168,8.9658,0.269809
183.24199,8.9648,0.274873
183.24230,8.9611,0.272497
183.24256,8.9648,0.272497
183.24286,8.9697,0.273977
183.24317,8.9621,0.272393
183.24348,8.9582,0.270785
183.24379,8.9648,0.270705
183.24405,8.9621,0.270705
183.24436,8.9611,0.270601
183.24467,8.9631,0.267409
183.24498,8.9611,0.271681
183.24529,8.9621,0.268409
183.24560,8.9648,0.265905
183.24585,8.9668,0.265905
183.24616,8.9592,0.263505
183.24647,8.9631,0.264113
183.24678,8.9705,0.298609
183.24709,8.9602,0.310689
183.24740,8.9611,0.303889
183.24765,8.9555,0.303889
183.24796,8.9592,0.308977
183.24827,8.9611,0.263321
183.24858,8.9668,0.270705
183.24889,8.9648,0.272993
183.24920,8.9688,0.267305
183.24945,8.9678,0.267305
183.24976,8.9555,0.269305
183.25007,8.9678,0.249361
183.25038,8.9639,0.250553
183.25069,8.9574,0.252241
183.25095,8.9545,0.252241
183.25126,8.9648,0.250161
183.25157,8.9725,0.266905
183.25187,8.9668,0.266513
183.25219,8.9611,0.270097
183.25250,8.9668,0.280961
183.25275,8.9611,0.280961
183.25306,8.9631,0.277481
183.25337,8.9639,0.268409
183.25368,8.9705,0.268409
183.25399,8.9648,0.270497
183.25430,8.9582,0.309793
183.25455,8.9592,0.309793
183.25486,8.9641,0.292225
183.25517,8.9631,0.273681
183.25548,8.9705,0.273681
183.25579,8.9715,0.272577
183.25605,8.9641,0.272577
183.25635,8.9668,0.272993
183.25666,8.9688,0.271201
183.25697,8.9658,0.308897
183.25728,8.9564,0.351065
183.25759,8.9508,0.316649
183.25785,8.9564,0.316649
183.25816,8.9688,0.308897
183.25847,8.9631,0.276273
183.25878,8.9582,0.273393
183.25909,8.9592,0.260521
183.25940,8.9668,0.261025
183.25965,8.9725,0.261025
183.25996,8.9678,0.259833
183.26027,8.9631,0.274185
183.26058,8.9621,0.278065
183.26089,8.9639,0.272393
183.26120,8.9658,0.278169
183.26145,8.9592,0.278169
183.26176,8.9602,0.289137
183.26207,8.9688,0.273977
183.26238,8.9564,0.269889
183.26269,8.9621,0.267697
183.26300,8.9678,0.275481
183.26325,8.9564,0.275481
183.26356,8.9641,0.271601
183.26387,8.9688,0.272289
183.26418,8.9641,0.282657
183.26449,8.9639,0.281865
183.26475,8.9611,0.281865
183.26506,8.9525,0.283553
183.26537,8.9658,0.283049
183.26568,8.9678,0.281257
183.26599,8.9555,0.276081
183.26630,8.9725,0.279777
183.26655,8.9518,0.279777
183.26686,8.9658,0.279961
183.26717,8.9602,0.270601
183.26748,8.9631,0.274185
183.26779,8.9602,0.274977
183.26810,8.9725,0.269809
183.26835,8.9621,0.269809
183.26866,8.9564,0.272289
183.26897,8.9574,0.312561
183.26928,8.9592,0.276273
183.26959,8.9631,0.284761
183.26984,8.9648,0.284761
183.27015,8.9584,0.276665
183.27046,8.9648,0.280361
183.27078,8.9611,0.279273
183.27109,8.9602,0.278481
183.27140,8.9611,0.278065
183.27165,8.9621,0.278065
183.27196,8.9545,0.315257
183.27227,8.9668,0.279169
183.27258,8.9648,0.277665
183.27289,8.9564,0.278273
183.27320,8.9658,0.274977
183.27345,8.9611,0.274977
183.27376,8.9631,0.280569
183.27407,8.9658,0.278569
183.27438,8.9592,0.277273
183.27469,8.9611,0.277561
183.27494,8.9602,0.277561
183.27525,8.9639,0.278673
183.27556,8.9695,0.277561
183.27587,8.9639,0.279673
183.27618,8.9648,0.281969
183.27649,8.9725,0.279857
183.27675,8.9631,0.279857
183.27706,8.9639,0.281753
183.27737,8.9668,0.281065
183.27768,8.9639,0.289137
183.27799,8.9602,0.278881
183.27830,8.9668,0.278377
183.27855,8.9564,0.278377
183.27886,8.9658,0.283049
183.27917,8.9592,0.279065
183.27948,8.9621,0.272889
183.27979,8.9602,0.275769
183.28010,8.9725,0.272681
183.28035,8.9584,0.272681
183.28066,8.9592,0.276873
183.28097,8.9678,0.276081
183.28128,8.9678,0.278673
183.28159,8.9658,0.279569
183.28184,8.9602,0.279569
183.28215,8.9658,0.277881
183.28247,8.9658,0.281865
183.28278,8.9678,0.278673
183.28309,8.9621,0.279857
183.28334,8.9611,0.279857
183.28365,8.9592,0.322953
183.28396,8.9639,0.282257
183.28427,8.9639,0.315169
183.28458,8.9518,0.315361
183.28489,8.9621,0.316153
183.28514,8.9658,0.316153
183.28545,8.9695,0.278481
183.28576,8.9641,0.272097
183.28607,8.9611,0.277777
183.28638,8.9658,0.310977
183.28669,8.9688,0.277777
183.28694,8.9631,0.277777
183.28725,8.9592,0.260921
183.28756,8.9688,0.258729
183.28787,8.9668,0.261625
183.28818,8.9744,0.262609
183.28850,8.9688,0.261817
183.28875,8.9678,0.261817
183.28906,8.9678,0.275793
183.28937,8.9631,0.291041
183.28968,8.9631,0.278673
183.28999,8.9582,0.275689
183.29024,8.9648,0.275689
183.29055,8.9631,0.278065
183.29086,8.9668,0.280673
183.29117,8.9641,0.277585
183.29148,8.9592,0.277585
183.29179,8.9535,0.279169
183.29204,8.9668,0.279169
183.29235,8.9602,0.279065
183.29266,8.9678,0.280465
183.29297,8.9631,0.275481
183.29328,8.9715,0.276585
183.29359,8.9631,0.289537
183.29384,8.9621,0.289537
183.29415,8.9555,0.316257
183.29447,8.9545,0.314569
183.29478,8.9518,0.271785
183.29509,8.9639,0.284257
183.29534,8.9574,0.284257
183.29565,8.9631,0.282465
183.29596,8.9658,0.281753
183.29627,8.9658,0.264609
183.29658,8.9668,0.265505
183.29689,8.9611,0.265217
183.29714,8.9639,0.265217
183.29745,8.9678,0.271889
183.29776,8.9574,0.331817
183.29807,8.9668,0.299009
183.29838,8.9621,0.300713
183.29869,8.9639,0.305889
183.29894,8.9658,0.305889
183.29925,8.9611,0.280273
183.29956,8.9648,0.280961
183.29987,8.9611,0.275481
183.30018,8.9535,0.277273
183.30050,8.9545,0.277273
183.30075,8.9518,0.277273
183.30106,8.9611,0.276185
183.30137,8.9725,0.272289
183.30168,8.9535,0.277169
183.30199,8.9582,0.277377
183.30225,8.9688,0.277377
183.30256,8.9648,0.277561
183.30287,8.9639,0.275481
183.30318,8.9631,0.274977
183.30348,8.9648,0.271201
183.30380,8.9631,0.276081
183.30405,8.9705,0.276081
183.30436,8.9631,0.279465
183.30467,8.9611,0.283553
183.30498,8.9574,0.279065
183.30529,8.9688,0.282361
183.30554,8.9602,0.282361
183.30585,8.9658,0.279673
183.30616,8.9564,0.286849
183.30647,8.9715,0.277481
183.30678,8.9705,0.279673
183.30709,8.9668,0.279465
183.30734,8.9678,0.279465
183.30765,8.9668,0.277081
183.30796,8.9631,0.276185
183.30827,8.9621,0.277081
183.30858,8.9555,0.279465
183.30889,8.9621,0.274289
183.30914,8.9641,0.274289
183.30945,8.9648,0.285737
183.30976,8.9631,0.278777
183.31007,8.9602,0.278169
183.31038,8.9592,0.278273
183.31069,8.9611,0.278065
183.31095,8.9631,0.278065
183.31125,8.9688,0.275185
183.31156,8.9631,0.283657
183.31187,8.9621,0.280753
183.31218,8.9611,0.318657
183.31244,8.9498,0.318657
183.31275,8.9678,0.293017
183.31306,8.9695,0.276977
183.31337,8.9688,0.268489
183.31368,8.9631,0.273185
183.31399,8.9715,0.272993
183.31424,8.9658,0.272993
183.31455,8.9602,0.275289
183.31486,8.9648,0.275689
183.31517,8.9648,0.318257
183.31548,8.9592,0.274793
183.31579,8.9621,0.274977
183.31605,8.9631,0.274977
183.31635,8.9611,0.276481
183.31667,8.9582,0.281361
183.31697,8.9592,0.280361
183.31728,8.9564,0.281649
183.31754,8.9611,0.281649
183.31785,8.9555,0.281865
183.31816,8.9648,0.280961
183.31847,8.9641,0.280465
183.31878,8.9564,0.281865
183.31909,8.9582,0.282969
183.31934,8.9574,0.282969
183.31965,8.9631,0.280961
183.31996,8.9555,0.281753
183.32027,8.9705,0.278065
183.32058,8.9658,0.279065
183.32089,8.9535,0.313777
183.32114,8.9508,0.313777
183.32146,8.9545,0.325537
183.32177,8.9592,0.312377
183.32208,8.9592,0.277881
183.32238,8.9668,0.277881
183.32264,8.9678,0.277881
183.32295,8.9705,0.270201
183.32326,8.9621,0.274481
183.32357,8.9621,0.273289
183.32388,8.9734,0.280961
183.32419,8.9678,0.260129
183.32444,8.9602,0.260129
183.32476,8.9518,0.262025
183.32507,8.9574,0.267305
183.32537,8.9611,0.262529
183.32569,8.9658,0.263217
183.32594,8.9611,0.263217
183.32625,8.9584,0.276273
183.32656,8.9705,0.286953
183.32687,8.9574,0.314169
183.32718,8.9592,0.271889
183.32749,8.9648,0.276481
183.32774,8.9688,0.276481
183.32805,8.9631,0.269993
183.32836,8.9668,0.276665
183.32867,8.9621,0.284049
183.32898,8.9631,0.278569
183.32929,8.9621,0.269097
183.32954,8.9648,0.269097
183.32985,8.9639,0.311081
183.33016,8.9688,0.270497
183.33047,8.9621,0.273393
183.33079,8.9648,0.291145
183.33104,8.9639,0.291145
183.33135,8.9527,0.318449
183.33166,8.9564,0.314465
183.33197,8.9592,0.278881
183.33228,8.9678,0.297025
183.33259,8.9688,0.293729
183.33284,8.9678,0.293729
183.33315,8.9602,0.282865
183.33346,8.9641,0.280273
183.33377,8.9648,0.280569
183.33408,8.9695,0.278673
183.33439,8.9648,0.275585
183.33464,8.9648,0.275585
183.33495,8.9621,0.277169
183.33526,8.9592,0.273977
183.33557,8.9648,0.289937
183.33588,8.9564,0.288033
183.33619,8.9592,0.290249
183.33644,8.9592,0.290249
183.33676,8.9648,0.284049
183.33707,8.9725,0.286849
183.33738,8.9705,0.284945
183.33769,8.9592,0.283049
183.33794,8.9611,0.283049
183.33825,8.9658,0.279273
183.33856,8.9688,0.280673
183.33887,8.9555,0.316465
183.33918,8.9602,0.284257
183.33949,8.9648,0.286953
183.33974,8.9668,0.286953
183.34005,8.9611,0.329233
183.34036,8.9641,0.286057
183.34067,8.9574,0.292225
183.34098,8.9602,0.328729
183.34129,8.9518,0.328625
183.34154,8.9582,0.328625
183.34185,8.9668,0.284841
183.34216,8.9545,0.298009
183.34247,8.9725,0.289137
183.34279,8.9631,0.306097
183.34304,8.9574,0.306097
183.34335,8.9688,0.320153
183.34366,8.9602,0.297609
183.34397,8.9555,0.352945
183.34428,8.9545,0.339697
183.34459,8.9621,0.291833
183.34484,8.9602,0.291833
183.34515,8.9535,0.313881
183.34546,8.9498,0.297817
183.34577,8.9658,0.297817
183.34608,8.9555,0.333113
183.34633,8.9658,0.333113
183.34664,8.9602,0.295817
183.34695,8.9518,0.301617
183.34726,8.9668,0.310769
183.34757,8.9564,0.309977
183.34788,8.9545,0.302097
183.34814,8.9602,0.302097
183.34845,8.9564,0.322849
183.34876,8.9668,0.291145
183.34907,8.9678,0.318761
183.34938,8.9564,0.300905
183.34969,8.9668,0.289745
183.34994,8.9592,0.289745
183.35025,8.9555,0.291225
183.35056,8.9648,0.321449
183.35087,8.9631,0.300009
183.35118,8.9592,0.335609
183.35149,8.9574,0.307577
183.35174,8.9611,0.307577
183.35205,8.9564,0.302009
183.35236,8.9611,0.311377
183.35267,8.9555,0.302513
183.35298,8.9639,0.301409
183.35329,8.9574,0.338593
183.35354,8.9564,0.338593
183.35385,8.9498,0.304097
183.35416,8.9602,0.305393
183.35447,8.9527,0.332209
183.35479,8.9668,0.304697
183.35510,8.9555,0.303489
183.35535,8.9574,0.303489
183.35566,8.9518,0.337905
183.35597,8.9695,0.289249
183.35628,8.9592,0.321345
183.35659,8.9564,0.325833
183.35690,8.9582,0.310689
183.35715,8.9631,0.310689
183.35746,8.9668,0.301409
183.35777,8.9621,0.302097
183.35808,8.9602,0.301617
183.35839,8.9574,0.334713
183.35864,8.9574,0.334713
183.35895,8.9545,0.360937
183.35926,8.9648,0.301193
183.35957,8.9518,0.342081
183.35988,8.9592,0.300217
183.36019,8.9592,0.304489
183.36045,8.9639,0.304489
183.36076,8.9648,0.337097
183.36107,8.9582,0.286657
183.36138,8.9678,0.297529
183.36169,8.9611,0.332921
183.36194,8.9564,0.332921
183.36225,8.9584,0.304201
183.36256,8.9535,0.302993
183.36287,8.9631,0.300609
183.36318,8.9688,0.304697
183.36349,8.9658,0.309873
183.36374,8.9592,0.309873
183.36405,8.9621,0.334609
183.36436,8.9658,0.303801
183.36467,8.9574,0.334713
183.36498,8.9574,0.303489
183.36529,8.9611,0.302305
183.36554,8.9574,0.302305
183.36585,8.9582,0.321345
183.36616,8.9555,0.300713
183.36648,8.9621,0.288345
183.36679,8.9555,0.337489
183.36704,8.9611,0.337489
183.36735,8.9695,0.301801
183.36766,8.9574,0.312961
183.36797,8.9574,0.302905
183.36828,8.9648,0.291729
183.36859,8.9648,0.293441
183.36884,8.9574,0.293441
183.36915,8.9574,0.325833
183.36946,8.9658,0.280673
183.36977,8.9678,0.319945
183.37008,8.9574,0.344873
183.37039,8.9488,0.303993
183.37064,8.9564,0.303993
183.37096,8.9582,0.298817
183.37127,8.9631,0.298425
183.37158,8.9641,0.289745
183.37188,8.9574,0.331209
183.37219,8.9469,0.300217
183.37245,8.9688,0.300217
183.37277,8.9631,0.306185
183.37308,8.9582,0.372097
183.37339,8.9621,0.295921
183.37370,8.9592,0.287553
183.37395,8.9518,0.287553
183.37426,8.9525,0.332505
183.37457,8.9688,0.300801
183.37488,8.9631,0.317945
183.37519,8.9555,0.330417
183.37544,8.9555,0.330417
183.37575,8.9508,0.302697
183.37606,8.9611,0.290833
183.37637,8.9545,0.301617
183.37668,8.9725,0.286745
183.37699,8.9695,0.310185
183.37724,8.9668,0.310185
183.37755,8.9582,0.316153
183.37786,8.9602,0.287953
183.37817,8.9582,0.323241
183.37848,8.9564,0.286953
183.37879,8.9582,0.286161
183.37905,8.9518,0.286161
183.37936,8.9348,0.319153
183.37967,8.9631,0.284841
183.37998,8.9621,0.287745
183.38029,8.9602,0.286241
183.38054,8.9668,0.286241
183.38085,8.9592,0.292329
183.38116,8.9611,0.288929
183.38147,8.9602,0.285345
183.38178,8.9639,0.303097
183.38209,8.9641,0.305097
183.38234,8.9602,0.305097
183.38265,8.9602,0.299817
183.38296,8.9648,0.312561
183.38327,8.9658,0.304201
183.38358,8.9592,0.304305
183.38389,8.9545,0.302513
183.38414,8.9545,0.302513
183.38445,8.9621,0.282761
183.38477,8.9592,0.320449
183.38508,8.9582,0.300801
183.38539,8.9631,0.300113
183.38564,8.9678,0.300113
183.38595,8.9705,0.314169
183.38626,8.9555,0.301009
183.38657,8.9688,0.300297
183.38688,8.9631,0.302905
183.38719,8.9639,0.317465
183.38744,8.9555,0.317465
183.38775,8.9404,0.381769
183.38806,8.9555,0.344977
183.38837,8.9555,0.299905
183.38868,8.9574,0.313273
183.38899,8.9535,0.307681
183.38924,8.9518,0.307681
183.38955,8.9621,0.299713
183.38986,8.9592,0.284553
183.39017,8.9611,0.284361
183.39048,8.9688,0.291433
183.39079,8.9574,0.308289
183.39105,8.9555,0.308289
183.39136,8.9602,0.310689
183.39167,8.9611,0.321057
183.39198,8.9525,0.324137
183.39228,8.9555,0.313273
183.39254,8.9658,0.313273
183.39285,8.9648,0.300505
183.39316,8.9631,0.302697
183.39347,8.9592,0.302409
183.39378,8.9658,0.304889
183.39409,8.9555,0.302993
183.39434,8.9668,0.302993
183.39465,8.9631,0.296625
183.39496,8.9555,0.302305
183.39527,8.9678,0.302513
183.39558,8.9631,0.301409
183.39589,8.9564,0.291041
183.39614,8.9602,0.291041
183.39645,8.9611,0.280361
183.39676,8.9555,0.279857
183.39707,8.9611,0.285737
183.39738,8.9535,0.287537
183.39769,8.9678,0.292329
183.39795,8.9631,0.292329
183.39826,8.9611,0.289137
183.39856,8.9658,0.289641
183.39888,8.9631,0.302593
183.39919,8.9545,0.326937
183.39944,8.9611,0.326937
183.39975,8.9582,0.299217
183.40006,8.9621,0.295729
183.40037,8.9631,0.299009
183.40068,8.9639,0.300217
183.40099,8.9564,0.299713
183.40124,8.9611,0.299713
183.40155,8.9582,0.297025
183.40186,8.9592,0.296313
183.40217,8.9498,0.334609
183.40248,8.9631,0.299905
183.40279,8.9535,0.301113
183.40304,8.9564,0.301113
183.40335,8.9584,0.288745
183.40366,8.9574,0.293729
183.40397,8.9602,0.302201
183.40428,8.9668,0.293625
183.40454,8.9602,0.293625
183.40485,8.9631,0.302009
183.40515,8.9592,0.297425
183.40547,8.9621,0.300713
183.40578,8.9631,0.299609
183.40609,8.9545,0.296625
183.40634,8.9725,0.296625
183.40665,8.9668,0.295817
183.40696,8.9592,0.303593
183.40727,8.9658,0.299009
183.40758,8.9658,0.304385
183.40789,8.9621,0.294025
183.40814,8.9639,0.294025
183.40845,8.9582,0.288137
183.40876,8.9668,0.298425
183.40907,8.9658,0.298505
183.40938,8.9688,0.286849
183.40969,8.9715,0.291537
183.40994,8.9564,0.291537
183.41025,8.9668,0.291833
183.41056,8.9621,0.292041
183.41087,8.9611,0.304305
183.41118,8.9564,0.298609
183.41143,8.9584,0.298609
183.41175,8.9621,0.292537
183.41205,8.9668,0.300113
183.41236,8.9621,0.287241
183.41267,8.9639,0.298217
183.41298,8.9621,0.291329
183.41324,8.9611,0.291329
183.41355,8.9545,0.291833
183.41386,8.9535,0.338697
183.41417,8.9641,0.291225
183.41448,8.9631,0.333113
183.41479,8.9592,0.336193
183.41504,8.9668,0.336193
183.41535,8.9414,0.332025
183.41566,8.9621,0.296313
183.41597,8.9658,0.294521
183.41628,8.9592,0.296521
183.41653,8.9582,0.296521
183.41684,8.9639,0.335009
183.41715,8.9621,0.301113
183.41746,8.9705,0.296817
183.41777,8.9648,0.270097
183.41808,8.9592,0.268305
183.41834,8.9611,0.268305
183.41864,8.9695,0.266801
183.41895,8.9648,0.277081
183.41926,8.9621,0.285553
183.41957,8.9555,0.296521
183.41988,8.9564,0.309689
183.42014,8.9555,0.309689
183.42045,8.9525,0.310081
183.42076,8.9639,0.300009
183.42107,8.9592,0.296209
183.42138,8.9574,0.293521
183.42163,8.9611,0.293521
183.42194,8.9695,0.314961
183.42225,8.9621,0.297105
183.42256,8.9631,0.299713
183.42287,8.9574,0.295713
183.42318,8.9648,0.296417
183.42344,8.9611,0.296417
183.42375,8.9602,0.297609
183.42405,8.9631,0.290729
183.42437,8.9611,0.321641
183.42467,8.9584,0.340281
183.42498,8.9574,0.328337
183.42524,8.9555,0.328337
183.42555,8.9535,0.333505
183.42586,8.9658,0.291433
183.42617,8.9611,0.287345
183.42648,8.9582,0.287745
183.42679,8.9621,0.278169
183.42704,8.9658,0.278169
183.42735,8.9648,0.280753
183.42766,8.9639,0.275585
183.42797,8.9678,0.317969
183.42828,8.9564,0.294025
183.42853,8.9592,0.294025
183.42884,8.9555,0.286449
183.42915,8.9648,0.304489
183.42946,8.9705,0.289833
183.42977,8.9621,0.274793
183.43008,8.9592,0.289433
183.43034,8.9668,0.289433
183.43064,8.9639,0.288641
183.43095,8.9611,0.330713
183.43126,8.9658,0.286641
183.43157,8.9621,0.293729
183.43188,8.9611,0.290641
183.43214,8.9639,0.290641
183.43245,8.9631,0.283865
183.43276,8.9611,0.290433
183.43307,8.9574,0.282257
183.43338,8.9564,0.289249
183.43369,8.9639,0.282257
183.43394,8.9611,0.282257
183.43425,8.9678,0.285657
183.43456,8.9555,0.297105
183.43487,8.9592,0.286953
183.43518,8.9688,0.291225
183.43543,8.9518,0.291225
183.43574,8.9631,0.287641
183.43605,8.9639,0.287953
183.43636,8.9508,0.288449
183.43667,8.9631,0.288137
183.43698,8.9592,0.290249
183.43723,8.9631,0.290249
183.43754,8.9715,0.287449
183.43785,8.9592,0.290249
183.43816,8.9705,0.287953
183.43848,8.9621,0.289249
183.43879,8.9658,0.285345
183.43904,8.9695,0.285345
183.43935,8.9688,0.287345
183.43966,8.9631,0.287745
183.43997,8.9715,0.280465
183.44028,8.9631,0.282361
183.44053,8.9631,0.282361
183.44084,8.9621,0.289137
183.44115,8.9611,0.288033
183.44146,8.9564,0.289137
183.44177,8.9639,0.288641
183.44208,8.9592,0.287849
183.44234,8.9555,0.287849
183.44264,8.9582,0.325145
183.44490,8.9611,0.295233
183.44666,8.9621,0.287057
183.44842,8.9535,0.288929
183.45018,8.9582,0.285049
183.45194,8.9555,0.326121
183.45369,8.9725,0.271993
183.45545,8.9564,0.269705
183.45721,8.9582,0.332609
183.45740,8.9582,0.301801
183.45766,8.9631,0.291225
183.45797,8.9658,0.286953
183.45828,8.9648,0.288537
183.45853,8.9631,0.288537
183.45884,8.9508,0.290937
183.45915,8.9564,0.290729
183.45946,8.9668,0.292225
183.45977,8.9582,0.323641
183.46008,8.9518,0.310585
183.46033,8.9648,0.310585
183.46064,8.9621,0.287057
183.46095,8.9648,0.288137
183.46126,8.9648,0.284945
183.46157,8.9668,0.320737
183.46188,8.9545,0.323345
183.46213,8.9518,0.323345
183.46244,8.9621,0.325329
183.46275,8.9611,0.292937
183.46306,8.9602,0.290833
183.46337,8.9592,0.298425
183.46368,8.9668,0.277169
183.46394,8.9658,0.277169
183.46424,8.9668,0.277481
183.46456,8.9582,0.277777
183.46487,8.9631,0.290729
183.46518,8.9658,0.284257
183.46543,8.9658,0.284257
183.46574,8.9611,0.299817
183.46605,8.9535,0.307785
183.46636,8.9592,0.302513
183.46667,8.9518,0.296209
183.46698,8.9479,0.287953
183.46723,8.9582,0.287953
183.46754,8.9678,0.288929
183.46785,8.9639,0.290145
183.46816,8.9584,0.286657
183.46847,8.9639,0.285345
183.46878,8.9611,0.285265
183.46903,8.9545,0.285265
183.46934,8.9584,0.281649
183.46965,8.9668,0.287345
183.46996,8.9648,0.283257
183.47027,8.9678,0.286953
183.47053,8.9535,0.286953
183.47084,8.9592,0.284049
183.47115,8.9555,0.287449
183.47146,8.9479,0.329313
183.47177,8.9592,0.284361
183.47208,8.9705,0.292625
183.47233,8.9688,0.292625
183.47264,8.9631,0.289433
183.47295,8.9688,0.288745
183.47326,8.9582,0.291729
183.47357,8.9639,0.292041
183.47388,8.9479,0.290041
183.47413,8.9592,0.290041
183.47444,8.9611,0.300609
183.47475,8.9498,0.284257
183.47506,8.9631,0.287241
183.47537,8.9688,0.283049
183.47568,8.9631,0.288537
183.47593,8.9592,0.288537
183.47624,8.9678,0.288849
183.47656,8.9631,0.286241
183.47687,8.9592,0.288137
183.47718,8.9631,0.284945
183.47743,8.9508,0.284945
183.47774,8.9527,0.285849
183.47805,8.9621,0.287953
183.47836,8.9564,0.287345
183.47867,8.9611,0.292225
183.47898,8.9574,0.290041
183.47923,8.9582,0.290041
183.47954,8.9611,0.292537
183.47985,8.9592,0.286345
183.48016,8.9641,0.283553
183.48047,8.9535,0.283945
183.48078,8.9705,0.291433
183.48103,8.9668,0.291433
183.48134,8.9639,0.288929
183.48165,8.9658,0.291329
183.48196,8.9639,0.285345
183.48227,8.9668,0.288449
183.48253,8.9678,0.288449
183.48284,8.9602,0.286553
183.48315,8.9592,0.281465
183.48346,8.9582,0.283257
183.48377,8.9639,0.286849
183.48408,8.9688,0.277273
183.48433,8.9602,0.277273
183.48464,8.9611,0.276769
183.48495,8.9639,0.278881
183.48526,8.9734,0.276377
183.48557,8.9639,0.277377
183.48588,8.9574,0.320737
183.48613,8.9545,0.320737
183.48644,8.9602,0.282865
183.48675,8.9762,0.281257
183.48706,8.9668,0.279673
183.48737,8.9678,0.281569
183.48768,8.9611,0.281169
183.48793,8.9602,0.281169
183.48824,8.9592,0.282073
183.48855,8.9648,0.286057
183.48887,8.9461,0.357137
183.48918,8.9584,0.317153
183.48943,8.9564,0.317153
183.48974,8.9535,0.307289
183.49005,8.9535,0.260817
183.49036,8.9582,0.264817
183.49067,8.9631,0.257225
183.49098,8.9658,0.255833
183.49123,8.9639,0.255833
183.49154,8.9648,0.267593
183.49185,8.9631,0.249049
183.49216,8.9744,0.246569
183.49247,8.9678,0.250553
183.49278,8.9725,0.252553
183.49303,8.9631,0.252553
183.49334,8.9621,0.254937
183.49365,8.9744,0.280673
183.49396,8.9658,0.280857
183.49427,8.9668,0.269201
183.49453,8.9621,0.269201
183.49484,8.9648,0.267201
183.49515,8.9658,0.264217
183.49546,8.9688,0.263505
183.49577,8.9695,0.264009
183.49608,8.9582,0.267009
183.49633,8.9688,0.267009
183.49664,8.9705,0.258121
183.49695,8.9688,0.258625
183.49726,8.9611,0.261713
183.49757,8.9621,0.264217
183.49782,8.9668,0.264217
183.49813,8.9697,0.264505
183.49844,8.9545,0.293225
183.49875,8.9611,0.300009
183.49906,8.9574,0.298921
183.49937,8.9592,0.261521
183.49962,8.9611,0.261521
183.49993,8.9697,0.271097
183.50024,8.9639,0.265505
183.50056,8.9639,0.271201
183.50087,8.9734,0.257041
183.50118,8.9725,0.258121
183.50143,8.9668,0.258121
183.50174,8.9648,0.266801
183.50205,8.9639,0.272681
183.50236,8.9658,0.271289
183.50267,8.9631,0.286161
183.50292,8.9611,0.286161
183.50323,8.9592,0.276481
183.50354,8.9555,0.316065
183.50385,8.9611,0.263713
183.50416,8.9705,0.262713
183.50447,8.9668,0.263217
183.50472,8.9668,0.263217
183.50503,8.9705,0.269489
183.50534,8.9648,0.280465
183.50565,8.9602,0.279857
183.50596,8.9631,0.278377
183.50627,8.9592,0.281169
183.50653,8.9715,0.281169
183.50684,8.9621,0.283049
183.50715,8.9488,0.282865
183.50746,8.9668,0.281169
183.50777,8.9688,0.283049
183.50802,8.9688,0.283049
183.50833,8.9602,0.283257
183.50864,8.9602,0.283465
183.50895,8.9574,0.282361
183.50926,8.9508,0.279169
183.50957,8.9555,0.282361
183.50983,8.9639,0.282361
183.51013,8.9639,0.288241
183.51044,8.9648,0.280465
183.51075,8.9658,0.280065
183.51106,8.9641,0.280361
183.51137,8.9602,0.278065
183.51163,8.9695,0.278065
183.51194,8.9592,0.284945
183.51225,8.9648,0.282257
183.51256,8.9668,0.276769
183.51287,8.9574,0.276377
183.51312,8.9592,0.276377
183.51343,8.9611,0.275377
183.51374,8.9592,0.286345
183.51405,8.9648,0.281361
183.51436,8.9658,0.281649
183.51467,8.9611,0.312481
183.51492,8.9611,0.312481
183.51523,8.9725,0.312273
183.51554,8.9602,0.281753
183.51585,8.9631,0.283761
183.51616,8.9564,0.279377
183.51647,8.9621,0.278065
183.51673,8.9658,0.278065
183.51704,8.9611,0.278273
183.51735,8.9631,0.281465
183.51766,8.9621,0.321449
183.51797,8.9451,0.298025
183.51827,8.9744,0.278169
183.51853,8.9715,0.278169
183.51884,8.9688,0.279465
183.51915,8.9631,0.277777
183.51946,8.9611,0.278961
183.51977,8.9602,0.279569
183.52002,8.9564,0.279569
183.52033,8.9648,0.265609
183.52064,8.9574,0.266617
183.52095,8.9639,0.265801
183.52126,8.9535,0.270993
183.52157,8.9611,0.268489
183.52183,8.9668,0.268489
183.52214,8.9611,0.270305
183.52245,8.9648,0.267009
183.52275,8.9611,0.268697
183.52306,8.9639,0.264905
183.52337,8.9678,0.265609
183.52363,8.9688,0.265609
183.52394,8.9771,0.270097
183.52425,8.9695,0.265721
183.52456,8.9705,0.266217
183.52487,8.9611,0.267113
183.52512,8.9688,0.267113
183.52543,8.9621,0.271601
183.52574,8.9602,0.303201
183.52605,8.9508,0.307977
183.52636,8.9574,0.267201
183.52667,8.9668,0.266009
183.52692,8.9688,0.266009
183.52723,8.9611,0.266217
183.52754,8.9725,0.263713
183.52785,8.9658,0.262425
183.52816,8.9639,0.260729
183.52847,8.9648,0.259833
183.52872,8.9688,0.259833
183.52903,8.9658,0.252241
183.52934,8.9631,0.295817
183.52965,8.9715,0.250345
183.52996,8.9648,0.250761
183.53027,8.9658,0.260233
183.53053,8.9695,0.260233
183.53084,8.9688,0.260817
183.53115,8.9648,0.280673
183.53146,8.9678,0.266217
183.53177,8.9648,0.265505
183.53202,8.9611,0.265505
183.53233,8.9582,0.287745
183.53264,8.9648,0.266305
183.53295,8.9688,0.267009
183.53326,8.9611,0.266697
183.53357,8.9518,0.264905
183.53382,8.9574,0.264905
183.53413,8.9688,0.267801
183.53444,8.9705,0.265217
183.53475,8.9725,0.280961
183.53506,8.9631,0.282073
183.53537,8.9574,0.320953
183.53562,8.9582,0.320953
183.53594,8.9592,0.325041
183.53624,8.9527,0.320345
183.53656,8.9602,0.284153
183.53687,8.9621,0.292329
183.53712,8.9695,0.292329
183.53743,8.9582,0.283465
183.53774,8.9592,0.268905
183.53805,8.9648,0.271097
183.53836,8.9705,0.266905
183.53867,8.9658,0.274289
183.53892,8.9668,0.274289
183.53923,8.9582,0.280961
183.53954,8.9648,0.298321
183.53985,8.9592,0.300505
183.54016,8.9639,0.292041
183.54047,8.9639,0.283465
183.54072,8.9574,0.283465
183.54103,8.9678,0.274689
183.54134,8.9688,0.275481
183.54165,8.9648,0.276873
183.54196,8.9631,0.277169
183.54227,8.9631,0.304993
183.54253,8.9582,0.304993
183.54284,8.9678,0.279673
183.54315,8.9631,0.278777
183.54346,8.9574,0.308793
183.54377,8.9611,0.322537
183.54402,8.9564,0.322537
183.54433,8.9648,0.279673
183.54464,8.9678,0.299817
183.54495,8.9611,0.278673
183.54526,8.9592,0.289537
183.54557,8.9574,0.317865
183.54583,8.9621,0.317865
183.54614,8.9584,0.286057
183.54644,8.9582,0.312665
183.54676,8.9498,0.325729
183.54707,8.9564,0.282361
183.54732,8.9555,0.282361
183.54763,8.9564,0.298905
183.54794,8.9508,0.319657
183.54825,8.9584,0.274185
183.54856,8.9668,0.309289
183.54887,8.9574,0.289249
183.54912,8.9658,0.289249
183.54943,8.9545,0.286345
183.54974,8.9688,0.320657
183.55005,8.9631,0.288345
183.55036,8.9582,0.283465
183.55067,8.9451,0.326041
183.55092,8.9592,0.326041
183.55123,8.9715,0.298905
183.55154,8.9678,0.305785
183.55185,8.9582,0.306097
183.55216,8.9545,0.284657
183.55247,8.9639,0.282569
183.55272,8.9621,0.282569
183.55303,8.9641,0.318945
183.55334,8.9555,0.280857
183.55365,8.9678,0.323137
183.55396,8.9564,0.311169
183.55427,8.9508,0.296417
183.55453,8.9611,0.296417
183.55484,8.9508,0.325249
183.55515,8.9555,0.289641
183.55546,8.9641,0.284761
183.55577,8.9725,0.313673
183.55602,8.9592,0.313673
183.55633,8.9631,0.295521
183.55664,8.9678,0.295025
183.55695,8.9648,0.323241
183.55726,8.9582,0.288449
183.55757,8.9592,0.289033
183.55782,8.9582,0.289033
183.55813,8.9545,0.329417
183.55844,8.9564,0.287449
183.55875,8.9582,0.299505
183.55906,8.9545,0.316361
183.55931,8.9611,0.316361
183.55963,8.9611,0.285953
183.55994,8.9631,0.292433
183.56025,8.9602,0.297609
183.56056,8.9592,0.297713
183.56087,8.9582,0.323033
183.56112,8.9488,0.323033
183.56143,8.9631,0.368217
183.56174,8.9611,0.299401
183.56205,8.9584,0.329233
183.56236,8.9582,0.292041
183.56267,8.9592,0.297321
183.56292,8.9545,0.297321
183.56323,8.9535,0.316361
183.56354,8.9648,0.303593
183.56385,8.9555,0.290833
183.56416,8.9574,0.333817
183.56441,8.9564,0.333817
183.56472,8.9602,0.293017
183.56503,8.9564,0.299217
183.56534,8.9611,0.309977
183.56565,8.9631,0.296417
183.56596,8.9621,0.291433
183.56622,8.9518,0.291433
183.56653,8.9525,0.327433
183.56684,8.9611,0.286449
183.56715,8.9631,0.321449
183.56746,8.9621,0.291225
183.56777,8.9508,0.293521
183.56802,8.9621,0.293521
183.56833,8.9611,0.306785
183.56864,8.9555,0.285553
183.56895,8.9631,0.286345
183.56926,8.9545,0.319553
183.56957,8.9631,0.288033
183.56982,8.9695,0.288033
183.57013,8.9631,0.298713
183.57044,8.9498,0.340601
183.57075,8.9555,0.319945
183.57106,8.9621,0.311273
183.57131,8.9555,0.311273
183.57162,8.9545,0.336905
183.57193,8.9574,0.297817
183.57224,8.9574,0.319657
183.57256,8.9555,0.353449
183.57287,8.9602,0.328017
183.57312,8.9555,0.328017
183.57343,8.9545,0.311665
183.57374,8.9564,0.299009
183.57405,8.9602,0.309289
183.57436,8.9631,0.326433
183.57461,8.9574,0.326433
183.57492,8.9658,0.311377
183.57523,8.9631,0.295313
183.57554,8.9611,0.371985
183.57585,8.9461,0.307681
183.57616,8.9688,0.284841
183.57642,8.9725,0.284841
183.57672,8.9621,0.317361
183.57704,8.9582,0.284257
183.57735,8.9621,0.292433
183.57766,8.9574,0.327041
183.57796,8.9602,0.303801
183.57822,8.9574,0.303801
183.57853,8.9525,0.290145
183.57884,8.9535,0.294625
183.57915,8.9555,0.329025
183.57946,8.9611,0.315361
183.57971,8.9545,0.315361
183.58002,8.9535,0.325041
183.58033,8.9582,0.318257
183.58064,8.9582,0.322641
183.58095,8.9518,0.294817
183.58126,8.9631,0.293729
183.58151,8.9639,0.293729
183.58182,8.9518,0.312273
183.58213,8.9535,0.290041
183.58244,8.9574,0.312065
183.58275,8.9611,0.323929
183.58306,8.9592,0.276185
183.58332,8.9574,0.276185
183.58363,8.9602,0.271681
183.58394,8.9705,0.272889
183.58425,8.9668,0.277169
183.58456,8.9678,0.274289
183.58487,8.9631,0.285449
183.58512,8.9611,0.285449
183.58543,8.9639,0.281361
183.58574,8.9611,0.293121
183.58605,8.9564,0.289033
183.58636,8.9592,0.291833
183.58661,8.9584,0.291833
183.58692,8.9574,0.293921
183.58723,8.9525,0.307785
183.58754,8.9611,0.308289
183.58785,8.9611,0.294417
183.58816,8.9602,0.321953
183.58841,8.9582,0.321953
183.58872,8.9611,0.305201
183.58903,8.9631,0.296129
183.58934,8.9668,0.293729
183.58965,8.9564,0.298609
183.58996,8.9574,0.321953
183.59021,8.9602,0.321953
183.59053,8.9639,0.328625
183.59084,8.9564,0.327521
183.59115,8.9574,0.337489
183.59146,8.9582,0.329129
183.59171,8.9555,0.329129
183.59202,8.9648,0.327729
183.59233,8.9602,0.278273
183.59264,8.9678,0.284657
183.59295,8.9631,0.283465
183.59326,8.9641,0.279961
183.59351,8.9648,0.279961
183.59382,8.9621,0.290729
183.59413,8.9574,0.298609
183.59444,8.9592,0.319153
183.59475,8.9641,0.309585
183.59506,8.9564,0.295921
183.59531,8.9525,0.295921
183.59562,8.9508,0.317257
183.59593,8.9574,0.303801
183.59624,8.9574,0.290329
183.59656,8.9535,0.300609
183.59681,8.9592,0.300609
183.59712,8.9621,0.291145
183.59743,8.9621,0.289433
183.59774,8.9602,0.291433
183.59805,8.9648,0.291145
183.59836,8.9648,0.297817
183.59861,8.9648,0.297817
183.59892,8.9602,0.333321
183.59923,8.9564,0.302409
183.59954,8.9602,0.327625
183.59985,8.9602,0.309689
183.60016,8.9668,0.297025
183.60041,8.9678,0.297025
183.60072,8.9602,0.294729
183.60103,8.9648,0.294625
183.60134,8.9602,0.303489
183.60165,8.9555,0.353657
183.60196,8.9555,0.288345
183.60222,8.9621,0.288345
183.60253,8.9602,0.293017
183.60284,8.9621,0.290641
183.60315,8.9631,0.291641
183.60346,8.9639,0.301617
183.60371,8.9488,0.301617
183.60402,8.9611,0.296625
183.60433,8.9678,0.294625
183.60464,8.9555,0.327521
183.60495,8.9535,0.284841
183.60526,8.9611,0.286849
183.60552,8.9611,0.286849
183.60583,8.9639,0.291937
183.60613,8.9631,0.293225
183.60644,8.9582,0.294337
183.60676,8.9508,0.293225
183.60707,8.9574,0.294521
183.60732,8.9648,0.294521
183.60763,8.9574,0.328625
183.60794,8.9621,0.285953
183.60825,8.9639,0.285849
183.60856,8.9668,0.286345
183.60881,8.9631,0.286345
183.60912,8.9621,0.285553
183.60943,8.9611,0.286057
183.60974,8.9535,0.293441
183.61005,8.9631,0.291041
183.61036,8.9668,0.290641
183.61061,8.9479,0.290641
183.61092,8.9668,0.292625
183.61123,8.9631,0.304809
183.61154,8.9592,0.299217
183.61185,8.9648,0.294129
183.61216,8.9621,0.289433
183.61242,8.9564,0.289433
183.61272,8.9584,0.288345
183.61304,8.9631,0.289833
183.61335,8.9725,0.283361
183.61366,8.9648,0.298609
183.61397,8.9582,0.289537
183.61422,8.9658,0.289537
183.61453,8.9639,0.292625
183.61484,8.9535,0.292625
183.61515,8.9525,0.293225
183.61546,8.9574,0.314961
183.61571,8.9574,0.314961
183.61602,8.9545,0.286953
183.61633,8.9592,0.288137
183.61664,8.9564,0.284841
183.61695,8.9545,0.287553
183.61726,8.9688,0.287137
183.61751,8.9631,0.287137
183.61782,8.9611,0.286657
183.61813,8.9592,0.330025
183.61844,8.9525,0.333321
183.61875,8.9602,0.332313
183.61906,8.9525,0.353657
183.61931,8.9621,0.353657
183.61962,8.9518,0.279857
183.61993,8.9668,0.267905
183.62024,8.9639,0.286745
183.62056,8.9592,0.276481
183.62081,8.9668,0.276481
183.62112,8.9744,0.274977
183.62143,8.9641,0.275289
183.62174,8.9631,0.295025
183.62205,8.9715,0.288449
183.62236,8.9631,0.272681
183.62261,8.9621,0.272681
183.62292,8.9688,0.272601
183.62323,8.9678,0.281065
183.62354,8.9564,0.295233
183.62385,8.9641,0.298009
183.62416,8.9648,0.291041
183.62441,8.9555,0.291041
183.62472,8.9631,0.289033
183.62503,8.9678,0.289937
183.62534,8.9602,0.289137
183.62565,8.9574,0.290537
183.62596,8.9631,0.310977
183.62622,8.9621,0.310977
183.62653,8.9592,0.289249
183.62684,8.9574,0.286345
183.62715,8.9678,0.290729
183.62746,8.9602,0.289353
183.62771,8.9592,0.289353
183.62802,8.9555,0.292433
183.62833,8.9535,0.326937
183.62864,8.9574,0.328729
183.62895,8.9592,0.328337
183.62926,8.9574,0.276185
183.62952,8.9678,0.276185
183.62982,8.9545,0.287057
183.63013,8.9535,0.280673
183.63044,8.9592,0.343873
183.63075,8.9574,0.297817
183.63101,8.9611,0.297817
183.63132,8.9688,0.276585
183.63163,8.9611,0.278777
183.63194,8.9648,0.289353
183.63225,8.9631,0.293833
183.63256,8.9564,0.302513
183.63281,8.9535,0.302513
183.63312,8.9621,0.305097
183.63343,8.9631,0.335505
183.63374,8.9574,0.297713
183.63405,8.9564,0.292625
183.63436,8.9648,0.295817
183.63461,8.9621,0.295817
183.63492,8.9611,0.325329
183.63523,8.9658,0.299505
183.63554,8.9592,0.301193
183.63585,8.9621,0.303697
183.63611,8.9592,0.303697
183.63641,8.9639,0.302409
183.63672,8.9564,0.294729
183.63703,8.9469,0.304385
183.63734,8.9658,0.287849
183.63765,8.9621,0.287057
183.63791,8.9592,0.287057
183.63822,8.9469,0.294025
183.63853,8.9525,0.296417
183.63884,8.9631,0.301617
183.63915,8.9592,0.299401
183.63946,8.9469,0.304697
183.63971,8.9621,0.304697
183.64002,8.9641,0.301905
183.64033,8.9518,0.317257
183.64064,8.9582,0.319153
183.64095,8.9574,0.303993
183.64126,8.9592,0.295921
183.64151,8.9611,0.295921
183.64182,8.9678,0.304993
183.64213,8.9639,0.298217
183.64244,8.9602,0.299009
183.64275,8.9525,0.303409
183.64300,8.9574,0.303409
183.64331,8.9621,0.298713
183.64362,8.9621,0.299401
183.64393,8.9641,0.298609
183.64424,8.9592,0.304593
183.64455,8.9555,0.315257
183.64481,8.9611,0.315257
183.64512,8.9525,0.313569
183.64543,8.9631,0.291041
183.64574,8.9592,0.295817
183.64605,8.9582,0.288345
183.64636,8.9668,0.288033
183.64661,8.9518,0.288033
183.64692,8.9678,0.291537
183.64723,8.9535,0.296817
183.64754,8.9602,0.297425
183.64785,8.9602,0.334401
183.64816,8.9602,0.322929
183.64841,8.9564,0.322929
183.64872,8.9668,0.317969
183.64903,8.9705,0.290729
183.64934,8.9658,0.291225
183.64965,8.9535,0.290833
183.64990,8.9527,0.290833
183.65021,8.9631,0.289537
183.65053,8.9648,0.290329
183.65084,8.9639,0.295417
183.65115,8.9574,0.296025
183.65146,8.9582,0.295817
183.65171,8.9525,0.295817
183.65202,8.9631,0.299817
183.65233,8.9611,0.328121
183.65264,8.9621,0.298009
183.65295,8.9639,0.289641
183.65326,8.9631,0.290041
183.65351,8.9592,0.290041
183.65382,8.9592,0.291641
183.65413,8.9621,0.295233
183.65444,8.9648,0.294817
183.65475,8.9668,0.298905
183.65500,8.9678,0.298905
183.65531,8.9535,0.301193
183.65562,8.9574,0.337593
183.65593,8.9564,0.334713
183.65624,8.9488,0.319345
183.65655,8.9525,0.302593
183.65681,8.9611,0.302593
183.65712,8.9611,0.291537
183.65743,8.9631,0.289745
183.65774,8.9658,0.285049
183.65805,8.9592,0.284257
183.65836,8.9639,0.290041
183.65861,8.9688,0.290041
183.65892,8.9715,0.273497
183.65923,8.9641,0.273793
183.65954,8.9602,0.318361
183.65985,8.9555,0.284361
183.66010,8.9668,0.284361
183.66041,8.9639,0.284841
183.66072,8.9611,0.295625
183.66103,8.9668,0.295921
183.66134,8.9695,0.299609
183.66165,8.9592,0.299113
183.66190,8.9648,0.299113
183.66221,8.9545,0.320953
183.66252,8.9498,0.339593
183.66284,8.9564,0.303409
183.66315,8.9592,0.296417
183.66346,8.9525,0.293121
183.66371,8.9564,0.293121
183.66402,8.9631,0.296417
183.66433,8.9555,0.295313
183.66464,8.9564,0.296417
183.66495,8.9695,0.295129
183.66526,8.9574,0.323345
183.66551,8.9592,0.323345
183.66582,8.9555,0.336409
183.66613,8.9574,0.347561
183.66644,8.9582,0.293729
183.66675,8.9611,0.294521
183.66700,8.9574,0.294521
183.66731,8.9631,0.294129
183.66762,8.9574,0.297529
183.66793,8.9621,0.294129
183.66824,8.9574,0.296417
183.66855,8.9611,0.297609
183.66881,8.9592,0.297609
183.66912,8.9621,0.299905
183.66943,8.9498,0.312665
183.66974,8.9574,0.318553
183.67005,8.9545,0.323033
183.67030,8.9582,0.323033
183.67061,8.9621,0.310769
183.67092,8.9639,0.303097
183.67123,8.9564,0.302993
183.67154,8.9525,0.298425
183.67185,8.9508,0.295817
183.67210,8.9592,0.295817
183.67241,8.9631,0.295729
183.67272,8.9602,0.299321
183.67303,8.9574,0.298217
183.67334,8.9545,0.294521
183.67365,8.9602,0.287953
183.67390,8.9525,0.287953
183.67421,8.9602,0.336193
183.67452,8.9535,0.332001
183.67484,8.9611,0.297025
183.67515,8.9582,0.299401
183.67546,8.9602,0.297321
183.67571,8.9688,0.297321
183.67602,8.9564,0.297321
183.67633,8.9592,0.298505
183.67664,8.9574,0.337905
183.67695,8.9422,0.343473
183.67720,8.9668,0.343473
183.67751,8.9678,0.286849
183.67782,8.9582,0.290937
183.67813,8.9678,0.291329
183.67844,8.9678,0.288849
183.67875,8.9602,0.297209
183.67900,8.9631,0.297209
183.67931,8.9734,0.295729
183.67962,8.9678,0.293625
183.67993,8.9592,0.294817
183.68024,8.9545,0.300505
183.68055,8.9574,0.308977
183.68081,8.9639,0.308977
183.68112,8.9602,0.283361
183.68143,8.9592,0.302697
183.68174,8.9611,0.294233
183.68205,8.9648,0.293121
183.68235,8.9582,0.295313
183.68261,8.9602,0.295313
183.68292,8.9602,0.300009
183.68323,8.9555,0.299401
183.68354,8.9574,0.299113
183.68385,8.9592,0.299817
183.68410,8.9555,0.299817
183.68441,8.9518,0.297921
183.68472,8.9631,0.329233
183.68503,8.9658,0.290329
183.68534,8.9602,0.296417
183.68565,8.9535,0.291641
183.68590,8.9668,0.291641
183.68621,8.9545,0.301193
183.68652,8.9611,0.297209
183.68683,8.9555,0.299009
183.68715,8.9602,0.298609
183.68746,8.9582,0.296025
183.68771,8.9564,0.296025
183.68802,8.9535,0.297609
183.68833,8.9574,0.373889
183.68864,8.9479,0.311481
183.68895,8.9574,0.293337
183.68920,8.9564,0.293337
183.68951,8.9631,0.295521
183.68982,8.9631,0.297025
183.69013,8.9564,0.296025
183.69044,8.9602,0.299713
183.69075,8.9648,0.305601
183.69100,8.9582,0.305601
183.69131,8.9592,0.299713
183.69162,8.9574,0.302513
183.69193,8.9582,0.297713
183.69224,8.9555,0.301409
183.69255,8.9488,0.347065
183.69281,8.9555,0.347065
183.69312,8.9582,0.328921
183.69343,8.9574,0.325833
183.69374,8.9582,0.294521
183.69405,8.9602,0.285449
183.69430,8.9602,0.285449
183.69461,8.9621,0.284657
183.69492,8.9705,0.284945
183.69523,8.9574,0.291433
183.69554,8.9678,0.285953
183.69585,8.9621,0.283465
183.69610,8.9631,0.283465
183.69641,8.9639,0.281865
183.69672,8.9602,0.283049
183.69703,8.9602,0.319761
183.69734,8.9545,0.297609
183.69765,8.9602,0.300609
183.69790,8.9582,0.300609
183.69821,8.9582,0.299113
183.69852,8.9602,0.297609
183.69884,8.9592,0.298609
183.69915,8.9631,0.300009
183.69940,8.9668,0.300009
183.69971,8.9611,0.302801
183.70002,8.9582,0.330417
183.70033,8.9584,0.299113
183.70064,8.9611,0.299113
183.70095,8.9584,0.297921
183.70120,8.9545,0.297921
183.70151,8.9631,0.298425
183.70182,8.9621,0.331521
183.70213,8.9535,0.312881
183.70244,8.9574,0.335401
183.70275,8.9621,0.365129
183.70300,8.9412,0.365129
183.70331,8.9574,0.367105
183.70362,8.9639,0.294521
183.70393,8.9611,0.291937
183.70424,8.9574,0.298009
183.70455,8.9574,0.292433
183.70481,8.9602,0.292433
183.70512,8.9574,0.296817
183.70543,8.9611,0.289137
183.70574,8.9582,0.326833
183.70605,8.9631,0.312561
183.70630,8.9695,0.312561
183.70661,8.9582,0.297025
183.70692,8.9574,0.307889
183.70723,8.9611,0.303993
183.70754,8.9555,0.299009
183.70785,8.9555,0.295521
183.70810,8.9582,0.295521
183.70841,8.9641,0.293441
183.70872,8.9574,0.300297
183.70903,8.9564,0.317073
183.70934,8.9564,0.293625
183.70965,8.9688,0.294337
183.70990,8.9631,0.294337
183.71021,8.9658,0.295521
183.71052,8.9592,0.296713
183.71084,8.9639,0.299009
183.71115,8.9574,0.318361
183.71140,8.9564,0.318361
183.71171,8.9639,0.296025
183.71202,8.9639,0.295129
183.71233,8.9582,0.290249
183.71264,8.9564,0.296521
183.71295,8.9611,0.297609
183.71320,8.9584,0.297609
183.71351,8.9582,0.297209
183.71382,8.9648,0.297209
183.71413,8.9602,0.293729
183.71444,8.9592,0.328521
183.71475,8.9648,0.294729
183.71500,8.9611,0.294729
183.71531,8.9592,0.290833
183.71562,8.9658,0.293833
183.71593,8.9668,0.292329
183.71624,8.9611,0.289937
183.71655,8.9611,0.292225
183.71681,8.9582,0.292225
183.71712,8.9555,0.294625
183.71743,8.9469,0.341393
183.71774,8.9611,0.306393
183.71805,8.9621,0.299401
183.71830,8.9498,0.299401
183.71861,8.9555,0.338097
183.71892,8.9498,0.343081
183.71923,8.9508,0.337097
183.71954,8.9582,0.339201
183.71985,8.9631,0.337489
183.72010,8.9611,0.337489
183.72041,8.9469,0.367713
183.72072,8.9479,0.342185
183.72103,8.9574,0.336905
183.72134,8.9564,0.305201
183.72165,8.9621,0.302993
183.72190,8.9564,0.302993
183.72221,8.9555,0.305201
183.72252,8.9555,0.343785
183.72283,8.9574,0.319153
183.72314,8.9555,0.333505
183.72340,8.9564,0.333505
183.72371,8.9535,0.335297
183.72402,8.9535,0.335401
183.72433,8.9525,0.338697
183.72464,8.9479,0.341785
183.72495,8.9592,0.333713
183.72520,8.9668,0.333713
183.72551,8.9582,0.308977
183.72582,8.9545,0.337697
183.72613,8.9525,0.345585
183.72644,8.9582,0.381961
183.72675,8.9545,0.348857
183.72700,8.9545,0.348857
183.72731,8.9639,0.340497
183.72762,8.9498,0.345873
183.72793,8.9564,0.341889
183.72824,8.9621,0.297425
183.72849,8.9584,0.297425
183.72881,8.9611,0.300505
183.72912,8.9574,0.306601
183.72943,8.9668,0.338489
183.72974,8.9584,0.339697
183.73005,8.9555,0.337201
183.73030,8.9564,0.337201
183.73061,8.9535,0.335905
183.73092,8.9555,0.284361
183.73123,8.9592,0.288449
183.73154,8.9555,0.283465
183.73179,8.9535,0.283465
183.73210,8.9688,0.335697
183.73241,8.9621,0.290329
183.73272,8.9545,0.277481
183.73303,8.9639,0.274393
183.73334,8.9631,0.273081
183.73359,8.9754,0.273081
183.73390,8.9631,0.276665
183.73421,8.9658,0.273497
183.73452,8.9611,0.276665
183.73484,8.9535,0.324641
183.73515,8.9602,0.286657
183.73540,8.9602,0.286657
183.73571,8.9668,0.293337
183.73602,8.9564,0.299505
183.73633,8.9621,0.303097
183.73664,8.9705,0.303889
183.73695,8.9744,0.333505
183.73720,8.9574,0.333505
183.73751,8.9658,0.305601
183.73782,8.9508,0.334713
183.73813,8.9574,0.344769
183.73844,8.9564,0.338801
183.73869,8.9479,0.338801
183.73900,8.9545,0.342977
183.73931,8.9518,0.344289
183.73962,8.9602,0.342081
183.73993,8.9525,0.315569
183.74024,8.9518,0.343785
183.74049,8.9555,0.343785
183.74081,8.9498,0.330921
183.74112,8.9508,0.353553
183.74143,8.9592,0.351753
183.74174,8.9508,0.353945
183.74205,8.9535,0.353449
183.74230,8.9469,0.353449
183.74261,8.9518,0.388945
183.74292,8.9545,0.355241
183.74506,8.9602,0.312769
183.74682,8.9508,0.306393
183.74858,8.9592,0.327121
183.75033,8.9582,0.294625
183.75209,8.9545,0.301193
183.75385,8.9582,0.298113
183.75561,8.9621,0.301409
183.75737,8.9639,0.290745
183.75762,8.9584,0.295817
183.75793,8.9658,0.296025
183.75824,8.9639,0.296209
183.75849,8.9611,0.296209
183.75880,8.9639,0.295521
183.75911,8.9639,0.305097
183.75942,8.9602,0.307393
183.75973,8.9574,0.303697
183.76004,8.9668,0.303993
183.76029,8.9641,0.303993
183.76060,8.9574,0.342185
183.76092,8.9668,0.298321
183.76123,8.9621,0.297105
183.76154,8.9545,0.294729
183.76179,8.9592,0.294729
183.76210,8.9611,0.297025
183.76241,8.9535,0.294521
183.76272,8.9602,0.301113
183.76303,8.9555,0.303993
183.76334,8.9621,0.304889
183.76359,8.9771,0.304889
183.76390,8.9602,0.301617
183.76421,8.9678,0.307497
183.76452,8.9545,0.320657
183.76483,8.9535,0.306601
183.76514,8.9564,0.311769
183.76539,8.9678,0.311769
183.76570,8.9631,0.298113
183.76601,8.9639,0.288641
183.76632,8.9658,0.283049
183.76663,8.9648,0.279777
183.76694,8.9688,0.278777
183.76719,8.9688,0.278777
183.76751,8.9621,0.280857
183.76782,8.9592,0.279273
183.76813,8.9695,0.276377
183.76843,8.9678,0.306185
183.76869,8.9639,0.306185
183.76900,8.9631,0.271889
183.76931,8.9639,0.269809
183.76962,8.9688,0.271681
183.76993,8.9678,0.269201
183.77024,8.9668,0.269593
183.77049,8.9688,0.269593
183.77080,8.9631,0.269305
183.77111,8.9678,0.275081
183.77142,8.9678,0.276081
183.77173,8.9611,0.273897
183.77204,8.9668,0.275081
183.77229,8.9715,0.275081
183.77260,8.9602,0.307185
183.77291,8.9648,0.270785
183.77322,8.9668,0.272889
183.77353,8.9621,0.275769
183.77384,8.9734,0.272681
183.77410,8.9648,0.272681
183.77441,8.9695,0.272889
183.77472,8.9648,0.276977
183.77502,8.9695,0.275377
183.77533,8.9611,0.276769
183.77559,8.9734,0.276769
183.77590,8.9592,0.277481
183.77621,8.9631,0.275689
183.77652,8.9688,0.278569
183.77683,8.9668,0.271097
183.77714,8.9602,0.269993
183.77739,8.9641,0.269993
183.77770,8.9697,0.268201
183.77801,8.9584,0.270785
183.77832,8.9688,0.267009
183.77863,8.9695,0.273977
183.77894,8.9648,0.275689
183.77919,8.9658,0.275689
183.77950,8.9725,0.278569
183.77981,8.9734,0.276273
183.78012,8.9697,0.275481
183.78043,8.9658,0.305497
183.78074,8.9697,0.272497
183.78099,8.9611,0.272497
183.78130,8.9668,0.266905
183.78161,8.9705,0.271097
183.78192,8.9631,0.269993
183.78223,8.9631,0.267305
183.78249,8.9574,0.267305
183.78280,8.9725,0.264321
183.78310,8.9631,0.271785
183.78342,8.9592,0.276977
183.78373,8.9678,0.271289
183.78404,8.9621,0.271601
183.78429,8.9762,0.271601
183.78460,8.9574,0.306993
183.78491,8.9688,0.271497
183.78522,8.9592,0.271497
183.78553,8.9668,0.283945
183.78584,8.9648,0.265721
183.78609,8.9658,0.265721
183.78640,8.9602,0.264009
183.78671,8.9658,0.263817
183.78702,8.9668,0.272289
183.78733,8.9621,0.271497
183.78764,8.9564,0.274977
183.78789,8.9564,0.274977
183.78820,8.9611,0.272289
183.78851,8.9631,0.289033
183.78882,8.9697,0.268409
183.78913,8.9648,0.263817
183.78939,8.9602,0.263817
183.78969,8.9611,0.264217
183.79001,8.9697,0.263113
183.79032,8.9678,0.264905
183.79063,8.9631,0.266409
183.79094,8.9648,0.270785
183.79119,8.9658,0.270785
183.79150,8.9668,0.268097
183.79181,8.9658,0.268409
183.79212,8.9639,0.270889
183.79243,8.9668,0.289249
183.79269,8.9621,0.289249
183.79300,8.9602,0.263921
183.79331,8.9688,0.262217
183.79362,8.9535,0.271097
183.79392,8.9639,0.263921
183.79424,8.9611,0.266801
183.79449,8.9668,0.266801
183.79480,8.9611,0.267513
183.79511,8.9611,0.272681
183.79542,8.9695,0.273681
183.79573,8.9725,0.270601
183.79604,8.9611,0.271393
183.79629,8.9658,0.271393
183.79660,8.9639,0.300801
183.79691,8.9688,0.264817
183.79722,8.9715,0.262921
183.79753,8.9695,0.261521
183.79784,8.9688,0.262217
183.79809,8.9611,0.262217
183.79840,8.9705,0.262817
183.79871,8.9648,0.268489
183.79902,8.9658,0.266905
183.79933,8.9658,0.268409
183.79958,8.9668,0.268409
183.79989,8.9639,0.268097
183.80020,8.9648,0.268305
183.80051,8.9582,0.268409
183.80082,8.9631,0.262025
183.80113,8.9688,0.264321
183.80139,8.9715,0.264321
183.80169,8.9631,0.262713
183.80200,8.9602,0.264817
183.80231,8.9688,0.265721
183.80263,8.9631,0.269409
183.80294,8.9668,0.270993
183.80319,8.9639,0.270993
183.80350,8.9658,0.267905
183.80381,8.9611,0.269705
183.80412,8.9611,0.269201
183.80443,8.9592,0.291225
183.80468,8.9525,0.291225
183.80499,8.9658,0.264009
183.80530,8.9658,0.263609
183.80561,8.9639,0.262129
183.80592,8.9584,0.262321
183.80623,8.9725,0.262921
183.80649,8.9611,0.262921
183.80679,8.9648,0.256145
183.80711,8.9535,0.270201
183.80742,8.9781,0.267513
183.80773,8.9631,0.268305
183.80803,8.9584,0.271681
183.80829,8.9574,0.271681
183.80860,8.9582,0.313961
183.80891,8.9668,0.267617
183.80922,8.9648,0.267409
183.80953,8.9611,0.268409
183.80978,8.9611,0.268409
183.81009,8.9639,0.266217
183.81040,8.9648,0.263217
183.81071,8.9695,0.267201
183.81102,8.9582,0.270393
183.81133,8.9582,0.268201
183.81158,8.9678,0.268201
183.81190,8.9602,0.270889
183.81221,8.9498,0.281361
183.81251,8.9518,0.275081
183.81282,8.9621,0.263817
183.81313,8.9648,0.265801
183.81339,8.9592,0.265801
183.81370,8.9705,0.263817
183.81401,8.9602,0.266697
183.81432,8.9668,0.263713
183.81463,8.9621,0.267113
183.81488,8.9582,0.267113
183.81519,8.9582,0.268801
183.81550,8.9611,0.271681
183.81581,8.9518,0.279961
183.81612,8.9631,0.272289
183.81643,8.9611,0.297105
183.81669,8.9611,0.297105
183.81700,8.9631,0.268009
183.81731,8.9678,0.265009
183.81761,8.9668,0.264321
183.81793,8.9648,0.262817
183.81824,8.9592,0.263713
183.81849,8.9678,0.263713
183.81880,8.9639,0.263425
183.81911,8.9555,0.268201
183.81942,8.9688,0.269385
183.81973,8.9611,0.271993
183.82004,8.9688,0.270497
183.82029,8.9582,0.270497
183.82060,8.9582,0.300609
183.82091,8.9678,0.264321
183.82122,8.9564,0.264425
183.82153,8.9695,0.263113
183.82179,8.9668,0.263113
183.82209,8.9695,0.264713
183.82240,8.9602,0.269593
183.82272,8.9658,0.271289
183.82303,8.9648,0.270705
183.82334,8.9488,0.272993
183.82359,8.9658,0.272993
183.82390,8.9658,0.272785
183.82421,8.9715,0.283465
183.82452,8.9518,0.269593
183.82483,8.9592,0.267905
183.82514,8.9639,0.262713
183.82539,8.9621,0.262713
183.82570,8.9771,0.262025
183.82601,8.9678,0.259337
183.82632,8.9611,0.261921
183.82663,8.9564,0.271097
183.82688,8.9611,0.271097
183.82720,8.9584,0.266113
183.82751,8.9592,0.265505
183.82782,8.9658,0.266801
183.82812,8.9695,0.267513
183.82843,8.9574,0.294817
183.82869,8.9535,0.294817
183.82900,8.9658,0.263921
183.82931,8.9574,0.264425
183.82962,8.9621,0.265113
183.82993,8.9658,0.263713
183.83024,8.9668,0.263217
183.83049,8.9688,0.263217
183.83080,8.9584,0.262129
183.83111,8.9574,0.266113
183.83142,8.9705,0.266217
183.83173,8.9705,0.265321
183.83198,8.9631,0.265321
183.83229,8.9592,0.264905
183.83260,8.9611,0.263713
183.83291,8.9678,0.260625
183.83322,8.9705,0.262529
183.83353,8.9668,0.259625
183.83379,8.9648,0.259625
183.83410,8.9688,0.260817
183.83441,8.9715,0.260417
183.83472,8.9631,0.264713
183.83503,8.9602,0.266305
183.83534,8.9668,0.265609
183.83559,8.9582,0.265609
183.83590,8.9688,0.267905
183.83621,8.9621,0.281065
183.83652,8.9611,0.283449
183.83683,8.9592,0.262425
183.83708,8.9744,0.262425
183.83739,8.9725,0.263713
183.83770,8.9621,0.262817
183.83801,8.9602,0.264321
183.83832,8.9648,0.260025
183.83863,8.9734,0.265009
183.83888,8.9658,0.265009
183.83919,8.9555,0.263217
183.83950,8.9668,0.265401
183.83981,8.9631,0.266305
183.84012,8.9695,0.265905
183.84043,8.9631,0.286849
183.84069,8.9639,0.286849
183.84100,8.9648,0.272681
183.84131,8.9705,0.256225
183.84162,8.9725,0.255833
183.84193,8.9725,0.254137
183.84218,8.9695,0.254137
183.84249,8.9631,0.255937
183.84280,8.9592,0.255249
183.84311,8.9574,0.295521
183.84342,8.9695,0.264905
183.84373,8.9631,0.265721
183.84398,8.9648,0.265721
183.84429,8.9611,0.266801
183.84460,8.9658,0.269489
183.84491,8.9535,0.259129
183.84522,8.9611,0.260521
183.84553,8.9668,0.263217
183.84578,8.9641,0.263217
183.84610,8.9648,0.258521
183.84640,8.9611,0.258441
183.84671,8.9631,0.267113
183.84702,8.9658,0.275769
183.84733,8.9688,0.263609
183.84759,8.9695,0.263609
183.84790,8.9648,0.264217
183.84821,8.9648,0.275289
183.84852,8.9574,0.267009
183.84883,8.9688,0.258121
183.84908,8.9668,0.258121
183.84939,8.9592,0.299505
183.84970,8.9725,0.277777
183.85001,8.9648,0.258121
183.85032,8.9631,0.261313
183.85063,8.9658,0.265113
183.85094,8.9574,0.267201
183.85119,8.9725,0.267201
183.85150,8.9658,0.267905
183.85181,8.9639,0.267201
183.85212,8.9525,0.264713
183.85243,8.9535,0.283865
183.85274,8.9592,0.260921
183.85299,8.9584,0.260921
183.85330,8.9631,0.262529
183.85361,8.9678,0.259833
183.85392,8.9648,0.259337
183.85423,8.9611,0.259625
183.85454,8.9715,0.259129
183.85480,8.9678,0.259129
183.85511,8.9658,0.263113
183.85541,8.9631,0.261921
183.85572,8.9574,0.265009
183.85604,8.9771,0.261921
183.85629,8.9621,0.261921
183.85660,8.9631,0.304305
183.85691,8.9678,0.260025
183.85722,8.9639,0.262633
183.85753,8.9725,0.261625
183.85784,8.9621,0.260921
183.85809,8.9658,0.260921
183.85840,8.9648,0.261713
183.85871,8.9725,0.270601
183.85902,8.9697,0.265905
183.85933,8.9602,0.265401
183.85964,8.9574,0.266305
183.85989,8.9668,0.266305
183.86020,8.9621,0.266305
183.86051,8.9648,0.278673
183.86082,8.9668,0.258121
183.86113,8.9678,0.261313
183.86144,8.9611,0.260521
183.86169,8.9611,0.260521
183.86200,8.9574,0.259833
183.86231,8.9611,0.258833
183.86262,8.9631,0.264321
183.86293,8.9648,0.263505
183.86319,8.9688,0.263505
183.86350,8.9639,0.264505
183.86380,8.9678,0.265217
183.86412,8.9678,0.268305
183.86443,8.9545,0.286953
183.86474,8.9668,0.253537
183.86499,8.9631,0.253537
183.86530,8.9705,0.262025
183.86561,8.9715,0.261713
183.86592,8.9744,0.260817
183.86623,8.9668,0.259233
183.86654,8.9725,0.257225
183.86679,8.9535,0.257225
183.86710,8.9641,0.271601
183.86741,8.9658,0.266513
183.86772,8.9688,0.274689
183.86803,8.9715,0.262529
183.86834,8.9648,0.293833
183.86859,8.9535,0.293833
183.86890,8.9715,0.264905
183.86921,8.9688,0.257041
183.86952,8.9611,0.257041
183.86983,8.9648,0.282657
183.87009,8.9564,0.282657
183.87039,8.9705,0.290433
183.87070,8.9631,0.256145
183.87101,8.9688,0.259025
183.87132,8.9648,0.264009
183.87163,8.9639,0.268993
183.87189,8.9668,0.268993
183.87220,8.9639,0.265217
183.87251,8.9592,0.268305
183.87282,8.9621,0.259441
183.87313,8.9678,0.256937
183.87343,8.9695,0.255329
183.87369,8.9535,0.255329
183.87400,8.9668,0.262817
183.87431,8.9648,0.255937
183.87462,8.9725,0.259337
183.87493,8.9678,0.261817
183.87519,8.9715,0.261817
183.87550,8.9611,0.264609
183.87581,8.9611,0.262025
183.87612,8.9697,0.262129
183.87642,8.9564,0.283049
183.87674,8.9771,0.256433
183.87699,8.9611,0.256433
183.87730,8.9668,0.252953
183.87761,8.9705,0.257729
183.87792,8.9705,0.255833
183.87823,8.9639,0.258625
183.87854,8.9688,0.260625
183.87879,8.9705,0.260625
183.87910,8.9648,0.266513
183.87941,8.9678,0.265609
183.87972,8.9648,0.265321
183.88003,8.9545,0.264817
183.88034,8.9705,0.303305
183.88059,8.9648,0.303305
183.88090,8.9695,0.261817
183.88121,8.9648,0.256433
183.88152,8.9518,0.256729
183.88183,8.9695,0.257329
183.88208,8.9688,0.257329
183.88239,8.9611,0.255937
183.88270,8.9668,0.255537
183.88301,8.9678,0.263425
183.88332,8.9705,0.262025
183.88363,8.9734,0.263113
183.88389,8.9725,0.263113
183.88420,8.9668,0.262025
183.88450,8.9535,0.272289
183.88481,8.9715,0.257225
183.88512,8.9715,0.267513
183.88543,8.9688,0.262529
183.88569,8.9602,0.262529
183.88600,8.9725,0.265009
183.88631,8.9781,0.259337
183.88662,8.9582,0.269889
183.88693,8.9611,0.267905
183.88718,8.9582,0.267905
183.88749,8.9695,0.264505
183.88780,8.9697,0.264321
183.88811,8.9641,0.265113
183.88842,8.9621,0.289033
183.88873,8.9611,0.259921
183.88898,8.9639,0.259921
183.88929,8.9658,0.257937
183.88960,8.9639,0.258121
183.88991,8.9648,0.259417
183.89022,8.9611,0.259441
183.89053,8.9639,0.259025
183.89079,8.9631,0.259025
183.89109,8.9602,0.263529
183.89140,8.9639,0.265113
183.89171,8.9631,0.265609
183.89202,8.9658,0.263425
183.89233,8.9668,0.299817
183.89259,8.9545,0.299817
183.89290,8.9678,0.260521
183.89321,8.9648,0.261817
183.89352,8.9631,0.261025
183.89383,8.9705,0.261129
183.89409,8.9641,0.261129
183.89440,8.9584,0.256833
183.89471,8.9688,0.264905
183.89502,8.9754,0.261713
183.89532,8.9611,0.263921
183.89564,8.9668,0.264817
183.89589,8.9744,0.264817
183.89620,8.9744,0.263505
183.89651,8.9715,0.265217
183.89682,8.9688,0.256833
183.89713,8.9658,0.258233
183.89744,8.9744,0.251345
183.89769,8.9678,0.251345
183.89800,8.9678,0.259337
183.89831,8.9752,0.257625
183.89862,8.9648,0.262713
183.89893,8.9621,0.263425
183.89919,8.9621,0.263425
183.89950,8.9658,0.266409
183.89981,8.9648,0.270497
183.90011,8.9668,0.268097
183.90043,8.9574,0.289537
183.90074,8.9658,0.262609
183.90099,8.9648,0.262609
183.90130,8.9668,0.260729
183.90161,8.9668,0.259129
183.90192,8.9678,0.256937
183.90223,8.9744,0.256433
183.90254,8.9621,0.260025
183.90279,8.9658,0.260025
183.90310,8.9631,0.263921
183.90341,8.9574,0.265609
183.90372,8.9602,0.266009
183.90403,8.9592,0.262633
183.90428,8.9621,0.262633
183.90459,8.9611,0.304305
183.90491,8.9648,0.258521
183.90522,8.9715,0.258337
183.90553,8.9631,0.257145
183.90578,8.9611,0.257145
183.90609,8.9695,0.259025
183.90640,8.9678,0.260625
183.90671,8.9631,0.265321
183.90702,8.9564,0.264505
183.90733,8.9688,0.266513
183.90758,8.9639,0.266513
183.90789,8.9688,0.266697
183.90820,8.9639,0.262529
183.90851,8.9621,0.279169
183.90882,8.9658,0.265217
183.90913,8.9648,0.255433
183.90938,8.9611,0.255433
183.90969,8.9668,0.255745
183.91000,8.9648,0.255433
183.91031,8.9639,0.256433
183.91062,8.9658,0.260025
183.91094,8.9688,0.304809
183.91119,8.9582,0.304809
183.91150,8.9535,0.273977
183.91181,8.9611,0.262321
183.91212,8.9744,0.261713
183.91243,8.9574,0.282761
183.91268,8.9668,0.282761
183.91299,8.9678,0.256329
183.91330,8.9744,0.256729
183.91361,8.9744,0.257833
183.91392,8.9678,0.259129
183.91423,8.9658,0.257833
183.91448,8.9648,0.257833
183.91479,8.9641,0.260313
183.91510,8.9648,0.260025
183.91541,8.9631,0.261521
183.91572,8.9592,0.262921
183.91603,8.9678,0.263113
183.91628,8.9678,0.263113
183.91659,8.9574,0.294521
183.91690,8.9621,0.256041
183.91721,8.9658,0.255433
183.91752,8.9639,0.257041
183.91783,8.9621,0.264009
183.91809,8.9725,0.264009
183.91840,8.9648,0.255249
183.91871,8.9592,0.261313
183.91901,8.9648,0.261313
183.91933,8.9621,0.262025
183.91958,8.9648,0.262025
183.91989,8.9621,0.262529
183.92020,8.9611,0.261521
183.92051,8.9631,0.268993
183.92082,8.9688,0.260129
183.92113,8.9725,0.259337
183.92138,8.9705,0.259337
183.92169,8.9658,0.258337
183.92200,8.9752,0.260625
183.92231,8.9648,0.255249
183.92262,8.9725,0.263025
183.92293,8.9715,0.265905
183.92319,8.9678,0.265905
183.92350,8.9658,0.266305
183.92380,8.9688,0.262921
183.92412,8.9631,0.263321
183.92443,8.9535,0.295313
183.92468,8.9621,0.295313
183.92499,8.9658,0.258625
183.92530,8.9725,0.256729
183.92561,8.9648,0.259233
183.92592,8.9631,0.259337
183.92623,8.9602,0.257329
183.92648,8.9648,0.257329
183.92679,8.9631,0.258441
183.92710,8.9631,0.262321
183.92741,8.9648,0.267697
183.92772,8.9641,0.266513
183.92803,8.9631,0.264905
183.92828,8.9564,0.264905
183.92859,8.9658,0.305281
183.92890,8.9668,0.263113
183.92921,8.9658,0.258729
183.92952,8.9668,0.257729
183.92978,8.9648,0.257729
183.93009,8.9648,0.257329
183.93040,8.9648,0.257225
183.93071,8.9631,0.262713
183.93102,8.9752,0.262025
183.93133,8.9631,0.263505
183.93158,8.9658,0.263505
183.93189,8.9592,0.262425
183.93220,8.9688,0.263505
183.93251,8.9639,0.271289
183.93282,8.9688,0.256329
183.93313,8.9658,0.270601
183.93338,8.9611,0.270601
183.93369,8.9668,0.257329
183.93400,8.9648,0.258545
183.93431,8.9695,0.259129
183.93462,8.9705,0.263921
183.93487,8.9668,0.263921
183.93519,8.9611,0.266113
183.93550,8.9668,0.268305
183.93581,8.9658,0.267409
183.93612,8.9602,0.263609
183.93643,8.9592,0.285737
183.93668,8.9715,0.285737
183.93699,8.9639,0.256729
183.93730,8.9621,0.255937
183.93761,8.9705,0.259337
183.93792,8.9584,0.259625
183.93823,8.9678,0.255745
183.93848,8.9648,0.255745
183.93879,8.9648,0.257145
183.93910,8.9688,0.263425
183.93941,8.9705,0.264009
183.93972,8.9705,0.262025
183.94003,8.9621,0.265609
183.94028,8.9658,0.265609
183.94059,8.9592,0.297921
183.94091,8.9744,0.257937
183.94122,8.9631,0.262425
183.94153,8.9688,0.259625
183.94178,8.9631,0.259625
183.94209,8.9697,0.262025
183.94240,8.9734,0.261417
183.94271,8.9658,0.266697
183.94302,8.9648,0.264817
183.94333,8.9668,0.266217
183.94358,8.9688,0.266217
183.94389,8.9648,0.265609
183.94420,8.9678,0.278673
183.94451,8.9631,0.265801
183.94482,8.9705,0.258041
183.94513,8.9688,0.257433
183.94538,8.9688,0.257433
183.94569,8.9697,0.257225
183.94600,8.9668,0.257145
183.94631,8.9695,0.253345
183.94662,8.9725,0.261313
183.94688,8.9574,0.261313
183.94719,8.9611,0.260817
183.94750,8.9658,0.263505
183.94781,8.9688,0.262025
183.94812,8.9648,0.266009
183.94843,8.9631,0.290249
183.94868,8.9574,0.290249
183.94899,8.9621,0.259337
183.94930,8.9791,0.258041
183.94961,8.9705,0.266305
183.94992,8.9668,0.259625
183.95023,8.9621,0.255353
183.95048,8.9752,0.255353
183.95079,8.9611,0.256145
183.95110,8.9631,0.260817
183.95141,8.9658,0.260921
183.95172,8.9648,0.261233
183.95203,8.9592,0.304889
183.95228,8.9648,0.304889
183.95259,8.9602,0.298425
183.95291,8.9611,0.254537
183.95322,8.9725,0.256041
183.95353,8.9678,0.258121
183.95378,8.9668,0.258121
183.95409,8.9631,0.257937
183.95440,8.9648,0.255833
183.95471,8.9648,0.260729
183.95502,8.9648,0.264217
183.95533,8.9688,0.264609
183.95558,8.9678,0.264609
183.95589,8.9621,0.267409
183.95620,8.9668,0.276273
183.95651,8.9715,0.271201
183.95682,8.9715,0.259233
183.95713,8.9668,0.259233
183.95738,8.9668,0.259233
183.95769,8.9668,0.256145
183.95800,8.9705,0.256329
183.95831,8.9668,0.257433
183.95862,8.9678,0.260337
183.95888,8.9715,0.260337
183.95919,8.9621,0.260337
183.95950,8.9668,0.260729
183.95981,8.9639,0.259833
183.96012,8.9678,0.262129
183.96043,8.9602,0.282761
183.96068,8.9611,0.282761
183.96099,8.9678,0.252137
183.96130,8.9631,0.255641
183.96161,8.9602,0.255329
183.96192,8.9658,0.256145
183.96223,8.9668,0.258441
183.96248,8.9658,0.258441
183.96279,8.9639,0.258441
183.96310,8.9658,0.266513
183.96341,8.9648,0.269705
183.96372,8.9688,0.266193
183.96397,8.9668,0.266193
183.96428,8.9584,0.265321
183.96459,8.9611,0.263113
183.96491,8.9648,0.258337
183.96522,8.9574,0.257145
183.96553,8.9705,0.257145
183.96578,8.9621,0.257145
183.96609,8.9668,0.259337
183.96640,8.9592,0.257041
183.96671,8.9574,0.263425
183.96702,8.9631,0.262321
183.96727,8.9621,0.262321
183.96758,8.9668,0.263713
183.96789,8.9678,0.264505
183.96820,8.9734,0.279065
183.96851,8.9648,0.265009
183.96882,8.9621,0.265009
183.96907,8.9602,0.265009
183.96938,8.9611,0.260817
183.96969,8.9648,0.263113
183.97000,8.9697,0.260025
183.97031,8.9695,0.261313
183.97062,8.9688,0.265801
183.97088,8.9678,0.265801
183.97119,8.9611,0.265113
183.97150,8.9668,0.265905
183.97181,8.9678,0.267305
183.97212,8.9658,0.266513
183.97243,8.9744,0.289833
183.97268,8.9705,0.289833
183.97299,8.9668,0.259129
183.97330,8.9688,0.258937
183.97361,8.9631,0.260233
183.97392,8.9725,0.258441
183.97417,8.9658,0.258441
183.97448,8.9621,0.261233
183.97479,8.9658,0.258441
183.97510,8.9705,0.262921
183.97541,8.9658,0.263609
183.97572,8.9658,0.262025
183.97597,8.9631,0.262025
183.97628,8.9668,0.266009
183.97659,8.9641,0.266905
183.97691,8.9705,0.261921
183.97722,8.9658,0.260337
183.97747,8.9678,0.260337
183.97778,8.9631,0.262217
183.97809,8.9668,0.262321
183.97840,8.9715,0.257937
183.97871,8.9648,0.264113
183.97902,8.9564,0.265009
183.97927,8.9688,0.265009
183.97958,8.9668,0.265505
183.97989,8.9688,0.264505
183.98020,8.9592,0.275481
183.98051,8.9621,0.273793
183.98082,8.9631,0.259337
183.98107,8.9695,0.259337
183.98138,8.9668,0.255641
183.98169,8.9658,0.259233
183.98200,8.9678,0.258625
183.98231,8.9705,0.258121
183.98262,8.9744,0.260417
183.98288,8.9668,0.260417
183.98319,8.9602,0.268409
183.98350,8.9574,0.265721
183.98381,8.9658,0.266409
183.98412,8.9631,0.267305
183.98437,8.9602,0.267305
183.98468,8.9611,0.289537
183.98499,8.9668,0.259921
183.98530,8.9688,0.258833
183.98561,8.9695,0.262217
183.98592,8.9602,0.258041
183.98618,8.9705,0.258041
183.98648,8.9695,0.256433
183.98679,8.9688,0.262529
183.98710,8.9705,0.262713
183.98741,8.9725,0.261625
183.98772,8.9592,0.261625
183.98798,8.9602,0.261625
183.98829,8.9688,0.263217
183.98860,8.9688,0.262129
183.98891,8.9695,0.256249
183.98922,8.9621,0.257329
183.98947,8.9668,0.257329
183.98978,8.9658,0.255745
183.99009,8.9658,0.259129
183.99040,8.9584,0.260129
183.99071,8.9715,0.278273
183.99102,8.9668,0.267593
183.99127,8.9584,0.267593
183.99158,8.9621,0.265401
183.99189,8.9648,0.265217
183.99220,8.9734,0.270601
183.99251,8.9725,0.267113
183.99282,8.9678,0.277777
183.99307,8.9602,0.277777
183.99338,8.9658,0.294025
183.99369,8.9695,0.266617
183.99400,8.9641,0.256329
183.99431,8.9648,0.256641
183.99457,8.9641,0.256641
183.99488,8.9695,0.261025
183.99519,8.9715,0.263217
183.99551,8.9725,0.262817
183.99581,8.9668,0.262025
183.99612,8.9602,0.262921
183.99638,8.9564,0.262921
183.99669,8.9668,0.289745
183.99700,8.9688,0.256041
183.99731,8.9564,0.258833
183.99762,8.9668,0.275689
183.99787,8.9688,0.275689
183.99818,8.9762,0.260025
183.99849,8.9631,0.259337
183.99880,8.9668,0.264905
183.99911,8.9658,0.262609
183.99942,8.9771,0.261417
183.99967,8.9705,0.261417
183.99998,8.9639,0.261713
184.00029,8.9678,0.262025
184.00060,8.9648,0.263113
184.00091,8.9725,0.254249
184.00117,8.9688,0.254249
184.00148,8.9754,0.255353
184.00179,8.9648,0.257225
184.00210,8.9668,0.257433
184.00241,8.9631,0.255833
184.00272,8.9725,0.261313
184.00297,8.9648,0.261313
184.00328,8.9621,0.261817
184.00359,8.9688,0.263921
184.00390,8.9688,0.264609
184.00421,8.9705,0.276769
184.00452,8.9602,0.275377
184.00477,8.9639,0.275377
184.00508,8.9658,0.260337
184.00539,8.9678,0.262609
184.00570,8.9705,0.261521
184.00601,8.9631,0.262025
184.00632,8.9639,0.258833
184.00657,8.9678,0.258833
184.00688,8.9631,0.263217
184.00720,8.9688,0.263217
184.00751,8.9621,0.264425
184.00781,8.9621,0.266113
184.00807,8.9648,0.266113
184.00838,8.9564,0.266513
184.00869,8.9688,0.290249
184.00900,8.9705,0.254353
184.00931,8.9611,0.258729
184.00962,8.9725,0.258233
184.00987,8.9582,0.258233
184.01018,8.9771,0.258833
184.01049,8.9744,0.258337
184.01080,8.9688,0.265505
184.01111,8.9611,0.267305
184.01142,8.9639,0.266009
184.01167,8.9582,0.266009
184.01198,8.9668,0.266905
184.01229,8.9584,0.298217
184.01260,8.9631,0.268697
184.01292,8.9668,0.262817
184.01317,8.9611,0.262817
184.01348,8.9639,0.258441
184.01379,8.9611,0.259233
184.01410,8.9705,0.258233
184.01441,8.9678,0.257729
184.01472,8.9658,0.264009
184.01497,8.9688,0.264009
184.01528,8.9668,0.263817
184.01559,8.9611,0.265721
184.01590,8.9668,0.265505
184.01621,8.9602,0.276977
184.01652,8.9678,0.268009
184.01677,8.9639,0.268009
184.01708,8.9648,0.256537
184.01739,8.9648,0.259337
184.01770,8.9801,0.258937
184.01801,8.9705,0.262025
184.01832,8.9688,0.262529
184.01857,8.9648,0.262529
184.01888,8.9695,0.263921
184.01919,8.9611,0.267201
184.01950,8.9611,0.266905
184.01981,8.9678,0.274793
184.02007,8.9639,0.274793
184.02037,8.9648,0.263713
184.02068,8.9602,0.294417
184.02099,8.9592,0.257833
184.02130,8.9631,0.258041
184.02161,8.9582,0.261417
184.02187,8.9648,0.261417
184.02218,8.9611,0.257729
184.02248,8.9734,0.260729
184.02280,8.9725,0.264505
184.02311,8.9639,0.266113
184.02342,8.9658,0.264113
184.02367,8.9564,0.264113
184.02398,8.9648,0.267409
184.02429,8.9639,0.305601
184.02460,8.9611,0.271393
184.02491,8.9658,0.259521
184.02517,8.9631,0.259521
184.02547,8.9658,0.259337
184.02578,8.9668,0.262713
184.02609,8.9621,0.260521
184.02640,8.9668,0.261313
184.02671,8.9639,0.268009
184.02697,8.9641,0.268009
184.02727,8.9592,0.265505
184.02759,8.9525,0.263817
184.02790,8.9631,0.262921
184.02821,8.9631,0.271785
184.02851,8.9611,0.285265
184.02877,8.9725,0.285265
184.02908,8.9641,0.255641
184.02939,8.9621,0.259025
184.02970,8.9631,0.256433
184.03001,8.9695,0.256937
184.03032,8.9697,0.255833
184.03057,8.9611,0.255833
184.03088,8.9639,0.259337
184.03119,8.9678,0.261817
184.03150,8.9668,0.264321
184.03181,8.9705,0.273081
184.03206,8.9621,0.273081
184.03237,8.9564,0.265321
184.03268,8.9574,0.294625
184.03299,8.9725,0.258729
184.03330,8.9621,0.259833
184.03361,8.9678,0.261817
184.03386,8.9621,0.261817
184.03417,8.9602,0.304993
184.03448,8.9705,0.268305
184.03479,8.9668,0.264009
184.03510,8.9564,0.263921
184.03541,8.9631,0.263425
184.03567,8.9648,0.263425
184.03598,8.9631,0.264113
184.03629,8.9648,0.271201
184.03660,8.9611,0.271289
184.03691,8.9602,0.286953
184.03722,8.9631,0.256729
184.03747,8.9535,0.256729
184.03778,8.9611,0.255937
184.03809,8.9631,0.257329
184.03840,8.9688,0.256641
184.03871,8.9705,0.263505
184.03896,8.9668,0.263505
184.03927,8.9611,0.264009
184.03958,8.9695,0.264505
184.03989,8.9715,0.266617
184.04020,8.9695,0.243089
184.04051,8.9715,0.243777
184.04076,8.9545,0.243777
184.04107,8.9762,0.243569
184.04138,8.9668,0.235497
184.04169,8.9668,0.226233
184.04200,8.9725,0.226633
184.04231,8.9695,0.226025
184.04257,8.9631,0.226025
184.04288,8.9715,0.229713
184.04508,8.9648,0.248153
184.04684,8.9695,0.256641
184.04860,8.9688,0.266409
184.05035,8.7951,0.552081
184.05211,8.7281,1.918153
184.05387,8.6279,2.848529
184.05563,8.6195,2.841353
184.05739,8.6496,2.667857
184.05758,8.7318,2.667857
184.05789,8.7402,2.039297
184.05820,8.7412,1.920449
184.05851,8.7545,1.908473
184.05876,8.7602,1.908473
184.05907,8.7695,1.816849
184.05938,8.7479,1.903489
184.05969,8.7375,2.103705
184.06000,8.7242,2.136521
184.06031,8.7186,1.999713
184.06056,8.7328,1.999713
184.06087,8.7053,2.131721
184.06118,8.6979,2.397953
184.06149,8.6885,2.140401
184.06180,8.7225,2.123753
184.06211,8.7875,1.815161
184.06236,8.7498,1.815161
184.06268,8.7289,2.010385
184.06299,8.7139,2.163345
184.06330,8.7279,1.562897
184.06361,8.7838,1.751641
184.06386,8.7611,1.751641
184.06417,8.7619,1.868305
184.06448,8.7771,1.559817
184.06479,8.7771,1.796009
184.06510,8.7619,1.864009
184.06541,8.7545,1.495905
184.06566,8.8168,1.495905
184.06597,8.7969,1.527297
184.06628,8.7799,1.396681
184.06659,8.8082,1.585633
184.06690,8.7855,1.825337
184.06721,8.7865,1.385521
184.06747,8.8082,1.385521
184.06777,8.7895,1.532089
184.06808,8.8195,1.460593
184.06839,8.8045,1.571977
184.06871,8.8102,1.231073
184.06896,8.8289,1.231073
184.06927,8.7865,1.481641
184.06958,8.8232,1.446345
184.06989,8.7912,1.586425
184.07020,8.8346,1.154705
184.07051,8.8385,1.416433
184.07076,8.8016,1.416433
184.07107,8.8346,1.310249
184.07138,8.7875,1.580361
184.07169,8.8545,1.206537
184.07200,8.8385,1.088793
184.07231,8.8535,0.857377
184.07256,8.8705,0.857377
184.07287,8.8535,1.097369
184.07318,8.8441,0.833849
184.07349,8.8781,1.065457
184.07380,8.8328,1.239057
184.07411,8.8271,1.214217
184.07436,8.8791,1.214217
184.07467,8.8582,1.059681
184.07499,8.8205,0.972137
184.07530,8.8969,0.738817
184.07561,8.8998,0.773217
184.07586,8.8961,0.773217
184.07617,8.8988,0.765641
184.07648,8.8951,0.793465
184.07679,8.8988,0.802329
184.07710,8.8998,0.799537
184.07741,8.9055,0.801937
184.07766,8.9008,0.801937
184.07797,8.8912,0.831449
184.07828,8.8932,0.842425
184.07859,8.8941,0.839337
184.07890,8.8988,0.844217
184.07921,8.8895,0.840817
184.07946,8.8941,0.840817
184.07977,8.8922,0.844609
184.08008,8.8912,0.855273
184.08039,8.8855,0.877817
184.08070,8.8818,0.888873
184.08096,8.8875,0.888873
184.08127,8.8799,0.881513
184.08158,8.8895,0.912505
184.08189,8.8791,0.908913
184.08220,8.8904,0.919489
184.08251,8.8695,0.915505
184.08276,8.8791,0.915505
184.08307,8.8791,0.913009
184.08338,8.8951,0.925169
184.08369,8.8791,0.918697
184.08400,8.8809,0.946209
184.08431,8.8799,0.943417
184.08456,8.8979,0.943417
184.08487,8.8941,0.818393
184.08518,8.8875,0.818793
184.08549,8.8922,0.810217
184.08580,8.8904,0.817993
184.08611,8.9102,0.828465
184.08637,8.8941,0.828465
184.08668,8.8895,0.826465
184.08699,8.8961,0.841817
184.08730,8.9102,0.706617
184.08761,8.9064,0.703425
184.08786,8.9045,0.703425
184.08817,8.9102,0.703529
184.08848,8.9102,0.707617
184.08879,8.9072,0.700833
184.08910,8.9018,0.701025
184.08941,8.9121,0.711497
184.08966,8.9121,0.711497
184.08997,8.9074,0.715393
184.09028,8.9148,0.729849
184.09059,8.9025,0.727161
184.09090,8.9121,0.725057
184.09116,8.9074,0.725057
184.09146,8.9008,0.735625
184.09177,8.9025,0.726265
184.09208,8.9008,0.725449
184.09239,8.9045,0.730641
184.09271,8.9121,0.745705
184.09296,8.9148,0.745705
184.09327,8.9055,0.729537
184.09358,8.9025,0.721865
184.09389,8.9018,0.725265
184.09420,8.9092,0.714793
184.09451,8.9121,0.710601
184.09476,8.9045,0.710601
184.09507,8.9055,0.731433
184.09538,8.9102,0.667817
184.09569,8.9055,0.666921
184.09600,8.9225,0.668737
184.09625,8.9178,0.668737
184.09656,8.9234,0.644393
184.09687,8.9178,0.623057
184.09718,8.9215,0.623849
184.09749,8.9178,0.624953
184.09780,8.9338,0.619177
184.09806,8.9262,0.619177
184.09837,8.9121,0.623665
184.09868,8.9158,0.636033
184.09899,8.9148,0.635033
184.09930,8.9139,0.626753
184.09961,8.9195,0.627441
184.09986,8.9082,0.627441
184.10017,8.9271,0.611193
184.10048,8.9187,0.607313
184.10079,8.9225,0.611105
184.10110,8.9225,0.605121
184.10135,8.9234,0.605121
184.10166,8.9205,0.602321
184.10197,8.9262,0.609289
184.10228,8.9225,0.626249
184.10259,8.9178,0.619265
184.10290,8.9205,0.620473
184.10316,8.9215,0.620473
184.10346,8.9187,0.623265
184.10377,8.9148,0.623457
184.10408,8.9244,0.616985
184.10439,8.9158,0.611193
184.10471,8.9215,0.618785
184.10496,8.9205,0.618785
184.10527,8.9262,0.615985
184.10558,8.9195,0.617569
184.10589,8.9262,0.616385
184.10620,8.9234,0.622161
184.10645,8.9178,0.622161
184.10676,8.9205,0.617281
184.10707,8.9148,0.618569
184.10738,8.9195,0.620865
184.10769,8.9244,0.612193
184.10800,8.9187,0.620657
184.10825,8.9158,0.620657
184.10856,8.9215,0.624561
184.10887,8.9271,0.622553
184.10918,8.9215,0.626145
184.10949,8.9168,0.623265
184.10980,8.9139,0.621865
184.11006,8.9195,0.621865
184.11037,8.9148,0.625057
184.11068,8.9187,0.623849
184.11099,8.9187,0.619369
184.11130,8.9139,0.623769
184.11155,8.9225,0.623769
184.11186,8.9186,0.627545
184.11217,8.9244,0.610393
184.11248,8.9131,0.621473
184.11279,8.9158,0.612897
184.11310,8.9205,0.619265
184.11335,8.9252,0.619265
184.11366,8.9187,0.622873
184.11397,8.9158,0.618361
184.11428,8.9168,0.620161
184.11459,8.9215,0.612297
184.11490,8.9262,0.619761
184.11515,8.9178,0.619761
184.11546,8.9187,0.619577
184.11577,8.9215,0.620865
184.11608,8.9271,0.619177
184.11639,8.9158,0.627753
184.11671,8.9186,0.619969
184.11696,8.9234,0.619969
184.11727,8.9271,0.626249
184.11758,8.9195,0.627041
184.11789,8.9178,0.627145
184.11820,8.9187,0.616569
184.11845,8.9178,0.616569
184.11876,8.9215,0.618681
184.11907,8.9215,0.612401
184.11938,8.9262,0.614585
184.11969,8.9252,0.609289
184.12000,8.9215,0.603617
184.12026,8.9187,0.603617
184.12057,8.9131,0.620177
184.12088,8.9131,0.613193
184.12118,8.9338,0.616489
184.12149,8.9234,0.603329
184.12180,8.9195,0.627937
184.12206,8.9195,0.627937
184.12237,8.9186,0.608393
184.12268,8.9205,0.632233
184.12299,8.8922,0.863361
184.12330,8.8799,0.756969
184.12355,8.9158,0.756969
184.12386,8.9148,0.643209
184.12417,8.9129,0.641097
184.12448,8.9055,0.629337
184.12479,8.9158,0.631129
184.12510,8.9195,0.620265
184.12535,8.9121,0.620265
184.12566,8.9195,0.622553
184.12597,8.9252,0.624057
184.12628,8.9168,0.628545
184.12659,8.9111,0.619681
184.12690,8.9168,0.631049
184.12715,8.9309,0.631049
184.12746,8.9205,0.585177
184.12777,8.9271,0.586761
184.12808,8.9271,0.585761
184.12839,8.9291,0.580881
184.12871,8.9271,0.588161
184.12896,8.9281,0.588161
184.12927,8.9299,0.586369
184.12958,8.9252,0.592457
184.12989,8.9252,0.585761
184.13020,8.9205,0.594833
184.13045,8.9225,0.594833
184.13076,8.9195,0.610689
184.13107,8.9205,0.611897
184.13138,8.9187,0.606705
184.13169,8.9215,0.633233
184.13200,8.9195,1.557417
184.13225,8.7092,1.557417
184.13256,8.7129,2.175793
184.13287,8.7299,2.085457
184.13318,8.7328,2.035105
184.13349,8.7336,2.068313
184.13380,8.7441,1.948569
184.13406,8.7449,1.948569
184.13437,8.7562,1.899817
184.13468,8.7611,2.006409
184.13499,8.7225,2.176297
184.13530,8.7232,2.138809
184.13555,8.7166,2.138809
184.13586,8.7186,2.148785
184.13617,8.7092,2.179881
184.13648,8.7309,1.648857
184.13679,8.7836,1.910185
184.13710,8.7479,2.012873
184.13736,8.7082,2.012873
184.13766,8.7176,2.205913
184.13797,8.7215,2.170617
184.13828,8.7158,2.147489
184.13859,8.7725,1.619737
184.13890,8.8168,1.070545
184.13916,8.8555,1.070545
184.13947,8.8555,1.169457
184.13978,8.8432,1.299673
184.14009,8.8195,1.312329
184.14039,8.8242,1.154289
184.14071,8.8941,0.978705
184.14096,8.8602,0.978705
184.14127,8.7215,2.109489
184.14158,8.7289,2.171305
184.14189,8.7092,2.133929
184.14220,8.7176,2.239721
184.14245,8.7205,2.239721
184.14276,8.7732,1.652633
184.14307,8.7668,2.093553
184.14338,8.7336,2.138705
184.14369,8.7102,2.144297
184.14400,8.7168,2.092233
184.14425,8.6922,2.092233
184.14456,8.7535,2.264145
184.14487,8.7479,1.935009
184.14518,8.7365,2.198529
184.14549,8.7006,2.296937
184.14580,8.7102,2.270033
184.14606,8.7176,2.270033
184.14636,8.6949,2.326057
184.14668,8.7799,1.898113
184.14699,8.7479,2.006089
184.14730,8.7139,2.274809
184.14755,8.7129,2.274809
184.14786,8.7129,2.255761
184.14817,8.6988,2.238409
184.14848,8.7176,1.707881
184.14879,8.7648,1.938489
184.14910,8.7441,1.976081
184.14935,8.7318,1.976081
184.14966,8.7252,2.099033
184.14997,8.7279,2.146881
184.15028,8.7281,2.103601
184.15059,8.7922,1.640761
184.15090,8.7771,1.788937
184.15115,8.7498,1.788937
184.15146,8.7459,1.901009
184.15177,8.7488,1.929817
184.15208,8.7545,1.922449
184.15239,8.7488,1.715849
184.15265,8.8045,1.715849
184.15296,8.7686,1.655033
184.15327,8.7602,1.865505
184.15358,8.7545,1.926329
184.15389,8.7432,1.903201
184.15420,8.7648,1.889537
184.15446,8.7676,1.889537
184.15477,8.8025,1.284505
184.15507,8.7902,1.723425
184.15538,8.7619,1.800993
184.15569,8.7555,1.865721
184.15600,8.7592,1.844465
184.15626,8.7572,1.844465
184.15657,8.8309,1.803897
184.15688,8.8178,1.584449
184.15719,8.7781,1.701505
184.15749,8.7742,1.826313
184.15775,8.7705,1.826313
184.15806,8.7592,1.823337
184.15837,8.7555,1.810969
184.15868,8.8225,1.487913
184.15899,8.7998,1.614249
184.15930,8.7865,1.738297
184.15955,8.7715,1.738297
184.15986,8.7488,1.829025
184.16017,8.7516,1.866009
184.16048,8.7818,1.369065
184.16079,8.8111,1.552721
184.16110,8.7855,1.650545
184.16135,8.7818,1.650545
184.16166,8.7789,1.784145
184.16197,8.7668,1.822545
184.16228,8.7592,1.836601
184.16259,8.8309,1.405257
184.16290,8.8111,1.583449
184.16316,8.7855,1.583449
184.16346,8.7875,1.659017
184.16377,8.7705,1.740569
184.16408,8.7676,1.844961
184.16439,8.7668,1.559313
184.16465,8.8178,1.559313
184.16496,8.7885,1.491313
184.16527,8.7789,1.736185
184.16558,8.7752,1.747449
184.16589,8.7676,1.784745
184.16620,8.7602,1.869913
184.16645,8.7725,1.869913
184.16676,8.7639,1.301177
184.16707,8.7525,1.933009
184.16738,8.7555,1.874977
184.16769,8.7705,1.851161
184.16795,8.7459,1.851161
184.16825,8.7572,1.962017
184.16856,8.7469,1.929817
184.16887,8.7432,2.029929
184.16918,8.7441,1.966921
184.16949,8.7525,1.917361
184.16975,8.7459,1.917361
184.17006,8.7479,1.994537
184.17036,8.7449,1.955449
184.17068,8.7402,2.080473
184.17099,8.7488,2.045785
184.17130,8.7385,2.046081
184.17155,8.7318,2.046081
184.17186,8.7459,2.020257
184.17217,8.7629,1.546545
184.17248,8.8035,1.542961
184.17279,8.7941,1.576169
184.17305,8.7912,1.576169
184.17335,8.8016,1.522017
184.17366,8.8082,1.517929
184.17397,8.8121,1.449825
184.17428,8.8158,1.420313
184.17459,8.8129,1.402065
184.17485,8.8148,1.402065
184.17516,8.8205,1.455025
184.17547,8.8205,1.420313
184.17578,8.8195,1.411953
184.17609,8.8121,1.381041
184.17640,8.8299,1.395681
184.17665,8.8299,1.395681
184.17697,8.8215,1.345433
184.17728,8.8232,1.349521
184.17759,8.8232,1.368273
184.17790,8.8262,1.357009
184.17815,8.8299,1.357009
184.17846,8.8375,1.333961
184.17877,8.8289,1.291305
184.17908,8.8205,1.317217
184.17939,8.8281,1.358489
184.17970,8.8195,1.350729
184.17995,8.8299,1.350729
184.18026,8.8234,1.352609
184.18057,8.8195,1.315625
184.18088,8.8271,1.313337
184.18119,8.8252,1.323993
184.18150,8.8271,1.315921
184.18175,8.8215,1.315921
184.18206,8.8215,1.317633
184.18237,8.8271,1.336569
184.18268,8.8441,1.068649
184.18299,8.8678,1.007329
184.18325,8.8742,1.007329
184.18356,8.8535,1.055089
184.18387,8.8535,1.104937
184.18418,8.8525,1.111321
184.18449,8.8602,1.085105
184.18480,8.8572,1.097081
184.18505,8.8658,1.097081
184.18536,8.8648,1.050505
184.18567,8.8922,0.883097
184.18598,8.8781,0.882801
184.18629,8.8809,0.898049
184.18660,8.8838,0.918097
184.18685,8.8895,0.918097
184.18716,8.9008,0.905937
184.18747,8.8865,0.880193
184.18778,8.8809,0.884593
184.18809,8.8828,0.894065
184.18840,8.8865,0.914217
184.18865,8.8875,0.914217
184.18897,8.8725,0.934553
184.18928,8.8781,0.907017
184.18959,8.8771,0.943729
184.18989,8.8875,0.925585
184.19015,8.8791,0.925585
184.19046,8.8742,0.921081
184.19077,8.8734,0.933657
184.19108,8.8771,0.990681
184.19139,8.8799,0.946209
184.19170,8.8752,0.958473
184.19195,8.8715,0.958473
184.19226,8.8771,0.959473
184.19257,8.8742,0.973929
184.19288,8.8742,0.976017
184.19319,8.8742,0.952097
184.19350,8.8742,0.993265
184.19375,8.8725,0.993265
184.19406,8.8648,1.001841
184.19437,8.8799,0.982105
184.19468,8.8592,0.983505
184.19499,8.8629,0.992185
184.19524,8.8705,0.992185
184.19555,8.8695,1.017001
184.19586,8.8752,0.716585
184.19617,8.9102,0.722569
184.19648,8.9035,0.725473
184.19679,8.9045,0.730937
184.19705,8.9064,0.730937
184.19736,8.9131,0.713209
184.19767,8.9102,0.725449
184.19798,8.8998,0.749393
184.19828,8.9102,0.753169
184.19860,8.9008,0.488457
184.19885,8.9395,0.488457
184.19916,8.9309,0.464225
184.19947,8.9498,0.436609
184.19978,8.9479,0.432913
184.20009,8.9479,0.477089
184.20040,8.9385,0.491841
184.20065,8.9414,0.491841
184.20096,8.9395,0.486665
184.20127,8.9318,0.481577
184.20158,8.9385,0.487961
184.20189,8.9404,0.475089
184.20214,8.9385,0.475089
184.20245,8.9404,0.468209
184.20276,8.9375,0.473401
184.20307,8.9318,0.474985
184.20338,8.9348,0.472105
184.20369,8.9461,0.307889
184.20394,8.9611,0.307889
184.20425,8.9639,0.305993
184.20456,8.9639,0.323433
184.20487,8.9564,0.316969
184.20518,8.9602,0.316969
184.20549,8.9564,0.324433
184.20575,8.9555,0.324433
184.20606,8.9545,0.354449
184.20637,8.9592,0.344369
184.20668,8.9518,0.337593
184.20699,8.9564,0.337801
184.20724,8.9555,0.337801
184.20755,8.9527,0.341289
184.20786,8.9498,0.339281
184.20817,8.9535,0.338097
184.20848,8.9592,0.340281
184.20879,8.9518,0.340601
184.20904,8.9525,0.340601
184.20935,8.9621,0.337593
184.20966,8.9535,0.337201
184.20997,8.9574,0.336697
184.21028,8.9574,0.338697
184.21059,8.9508,0.338201
184.21085,8.9602,0.338201
184.21115,8.9545,0.336193
184.21147,8.9574,0.338697
184.21178,8.9479,0.342681
184.21209,8.9611,0.348961
184.21240,8.9555,0.346377
184.21265,8.9582,0.346377
184.21296,8.9525,0.342977
184.21327,8.9508,0.339201
184.21358,8.9545,0.339489
184.21389,8.9678,0.338697
184.21415,8.9545,0.338697
184.21446,8.9525,0.341497
184.21477,8.9498,0.342577
184.21508,8.9488,0.382273
184.21538,8.9498,0.339697
184.21570,8.9564,0.342289
184.21595,8.9574,0.342289
184.21626,8.9488,0.343185
184.21657,8.9535,0.344081
184.21688,8.9678,0.334401
184.21719,8.9564,0.337097
184.21744,8.9555,0.337097
184.21775,8.9545,0.335697
184.21806,8.9621,0.337801
184.21837,8.9621,0.334609
184.21868,8.9592,0.339489
184.21899,8.9584,0.340993
184.21925,8.9451,0.340993
184.21956,8.9611,0.340497
184.21987,8.9611,0.327521
184.22017,8.9631,0.312377
184.22049,8.9611,0.313961
184.22080,8.9574,0.310873
184.22105,8.9611,0.310873
184.22136,8.9697,0.314465
184.22167,8.9592,0.312665
184.22198,8.9564,0.310689
184.22229,8.9574,0.306993
184.22254,8.9705,0.306993
184.22285,8.9648,0.309689
184.22316,8.9555,0.309377
184.22347,8.9545,0.333425
184.22378,8.9611,0.344185
184.22409,8.9535,0.343289
184.22434,8.9527,0.343289
184.22465,8.9611,0.333113
184.22496,8.9535,0.343185
184.22527,8.9668,0.341185
184.22558,8.9631,0.338993
184.22589,8.9518,0.339889
184.22615,8.9488,0.339889
184.22645,8.9527,0.334401
184.22676,8.9648,0.338593
184.22708,8.9582,0.334609
184.22739,8.9564,0.333905
184.22764,8.9535,0.333905
184.22795,8.9479,0.337097
184.22826,8.9574,0.340681
184.22857,8.9479,0.343473
184.22888,8.9488,0.343081
184.22919,8.9584,0.342393
184.22944,8.9545,0.342393
184.22975,8.9574,0.341097
184.23006,8.9555,0.290537
184.23037,8.9602,0.291537
184.23068,8.9611,0.285449
184.23099,8.9621,0.281969
184.23124,8.9555,0.281969
184.23155,8.9648,0.285345
184.23186,8.9631,0.284945
184.23217,8.9574,0.320153
184.23248,8.9631,0.316969
184.23279,8.9564,0.320553
184.23304,8.9592,0.320553
184.23335,8.9479,0.323849
184.23366,8.9564,0.337097
184.23397,8.9611,0.335297
184.23428,8.9508,0.335009
184.23459,8.9518,0.336089
184.23484,8.9621,0.336089
184.23516,8.9582,0.337201
184.23547,8.9574,0.341497
184.23578,8.9518,0.342185
184.23608,8.9535,0.340497
184.23634,8.9574,0.340497
184.23665,8.9498,0.343785
184.23696,8.9564,0.343289
184.23727,8.9555,0.339097
184.23758,8.9525,0.337905
184.23789,8.9592,0.338697
184.23814,8.9555,0.338697
184.23845,8.9592,0.337593
184.23876,8.9574,0.302513
184.23907,8.9582,0.305993
184.23938,8.9621,0.303889
184.23969,8.9592,0.298425
184.23995,8.9631,0.298425
184.24025,8.9658,0.300713
184.24056,8.9592,0.301905
184.24087,8.9574,0.303097
184.24118,8.9582,0.302993
184.24144,8.9574,0.302993
184.24175,8.9555,0.302097
184.24206,8.9668,0.304097
184.24237,8.9564,0.305993
184.24268,8.9697,0.305281
184.24299,8.9574,0.304385
184.24324,8.9621,0.304385
184.24355,8.9555,0.305393
184.24386,8.9631,0.303593
184.24417,8.9592,0.303201
184.24448,8.9648,0.273577
184.24479,8.9592,0.300505
184.24504,8.9611,0.300505
184.24535,8.9555,0.299609
184.24566,8.9582,0.303593
184.24597,8.9648,0.301801
184.24628,8.9592,0.305393
184.24654,8.9574,0.305393
184.24685,8.9695,0.309793
184.24716,8.9479,0.305785
184.24746,8.9564,0.301009
184.24778,8.9631,0.300113
184.24809,8.9668,0.302201
184.24834,8.9582,0.302201
184.24865,8.9592,0.300713
184.24896,8.9508,0.348169
184.24927,8.9592,0.305785
184.24958,8.9668,0.306601
184.24984,8.9555,0.306601
184.25014,8.9535,0.302305
184.25045,8.9611,0.302801
184.25076,8.9488,0.304697
184.25107,8.9592,0.304489
184.25138,8.9574,0.300505
184.25164,8.9639,0.300505
184.25194,8.9658,0.295025
184.25226,8.9564,0.300609
184.25257,8.9611,0.303201
184.25288,8.9582,0.306785
184.25319,8.9545,0.307681
184.25344,8.9641,0.307681
184.25375,8.9602,0.317761
184.25406,8.9535,0.318657
184.25437,8.9508,0.313777
184.25468,8.9574,0.305393
184.25499,8.9602,0.298217
184.25524,8.9602,0.298217
184.25555,8.9668,0.302697
184.25586,8.9631,0.303489
184.25617,8.9602,0.305497
184.25648,8.9602,0.310873
184.25673,8.9518,0.310873
184.25704,8.9744,0.345977
184.25735,8.9582,0.300609
184.25766,8.9584,0.303801
184.25797,8.9525,0.302113
184.25828,8.9602,0.302305
184.25854,8.9648,0.302305
184.25885,8.9648,0.303993
184.25916,8.9602,0.300609
184.25947,8.9584,0.295129
184.25977,8.9621,0.297921
184.26008,8.9658,0.301009
184.26034,8.9564,0.301009
184.26065,8.9631,0.297713
184.26096,8.9584,0.305281
184.26127,8.9592,0.301297
184.26158,8.9648,0.301801
184.26183,8.9631,0.301801
184.26214,8.9648,0.298817
184.26245,8.9621,0.295129
184.26276,8.9611,0.298113
184.26307,8.9639,0.304201
184.26338,8.9639,0.293441
184.26364,8.9592,0.293441
184.26394,8.9535,0.301905
184.26425,8.9688,0.301113
184.26456,8.9592,0.301801
184.26487,8.9602,0.300113
184.26518,8.9508,0.298321
184.26544,8.9592,0.298321
184.26575,8.9602,0.300217
184.26606,8.9535,0.299401
184.26636,8.9631,0.298713
184.26668,8.9508,0.298817
184.26699,8.9592,0.301009
184.26724,8.9658,0.301009
184.26755,8.9574,0.303409
184.26786,8.9602,0.300113
184.26817,8.9592,0.300505
184.26848,8.9545,0.296209
184.26873,8.9648,0.296209
184.26904,8.9545,0.299713
184.26935,8.9602,0.300609
184.26966,8.9658,0.299905
184.26997,8.9555,0.299217
184.27028,8.9621,0.300401
184.27053,8.9592,0.300401
184.27084,8.9555,0.303801
184.27115,8.9611,0.302593
184.27146,8.9639,0.303593
184.27177,8.9611,0.309793
184.27208,8.9592,0.297105
184.27234,8.9574,0.297105
184.27265,8.9658,0.293921
184.27296,8.9688,0.293337
184.27327,8.9592,0.294417
184.27358,8.9584,0.295129
184.27389,8.9621,0.295129
184.27414,8.9592,0.295129
184.27445,8.9631,0.295521
184.27476,8.9668,0.299713
184.27507,8.9564,0.295129
184.27538,8.9641,0.304697
184.27563,8.9602,0.304697
184.27594,8.9602,0.298713
184.27625,8.9592,0.295233
184.27656,8.9648,0.297209
184.27687,8.9641,0.296521
184.27718,8.9648,0.300113
184.27743,8.9592,0.300113
184.27774,8.9555,0.299401
184.27805,8.9592,0.298321
184.27836,8.9648,0.299113
184.27868,8.9602,0.296817
184.27899,8.9668,0.300609
184.27924,8.9525,0.300609
184.27955,8.9545,0.298609
184.27986,8.9658,0.296625
184.28017,8.9639,0.295817
184.28048,8.9582,0.293225
184.28073,8.9697,0.293225
184.28104,8.9574,0.295521
184.28135,8.9592,0.297321
184.28166,8.9697,0.296313
184.28197,8.9602,0.291329
184.28228,8.9611,0.297321
184.28253,8.9658,0.297321
184.28284,8.9611,0.298009
184.28315,8.9574,0.294521
184.28346,8.9648,0.295025
184.28377,8.9535,0.296313
184.28408,8.9592,0.300217
184.28434,8.9611,0.300217
184.28465,8.9611,0.298505
184.28496,8.9648,0.299713
184.28527,8.9592,0.299321
184.28558,8.9611,0.301297
184.28583,8.9582,0.301297
184.28614,8.9611,0.297921
184.28645,8.9545,0.293441
184.28676,8.9668,0.296521
184.28707,8.9555,0.295521
184.28738,8.9648,0.293337
184.28763,8.9668,0.293337
184.28794,8.9602,0.295625
184.28825,8.9648,0.297025
184.28856,8.9611,0.298321
184.28887,8.9639,0.296921
184.28918,8.9555,0.297609
184.28943,8.9631,0.297609
184.28974,8.9611,0.296817
184.29005,8.9658,0.295521
184.29036,8.9631,0.296417
184.29067,8.9582,0.291433
184.29099,8.9658,0.297321
184.29124,8.9592,0.297321
184.29155,8.9621,0.298425
184.29186,8.9602,0.296817
184.29217,8.9592,0.301009
184.29248,8.9611,0.298609
184.29273,8.9639,0.298609
184.29304,8.9631,0.300217
184.29335,8.9658,0.296521
184.29366,8.9639,0.305393
184.29397,8.9668,0.296921
184.29428,8.9668,0.269809
184.29453,8.9592,0.269809
184.29484,8.9678,0.302697
184.29515,8.9658,0.295817
184.29546,8.9555,0.293017
184.29577,8.9564,0.296209
184.29608,8.9621,0.296209
184.29634,8.9668,0.296209
184.29665,8.9555,0.297425
184.29696,8.9611,0.296025
184.29727,8.9705,0.297609
184.29758,8.9688,0.295817
184.29783,8.9648,0.295817
184.29814,8.9592,0.295729
184.29845,8.9564,0.311585
184.29876,8.9592,0.297713
184.29907,8.9715,0.297209
184.29938,8.9602,0.297105
184.29963,8.9668,0.297105
184.29994,8.9631,0.296209
184.30025,8.9564,0.292729
184.30056,8.9668,0.297025
184.30087,8.9582,0.292625
184.30118,8.9592,0.293121
184.30144,8.9592,0.293121
184.30174,8.9631,0.295129
184.30206,8.9574,0.297105
184.30236,8.9555,0.294817
184.30268,8.9592,0.292625
184.30293,8.9574,0.292625
184.30324,8.9668,0.293521
184.30355,8.9621,0.293833
184.30386,8.9639,0.294417
184.30417,8.9582,0.294521
184.30448,8.9639,0.295025
184.30473,8.9602,0.295025
184.30504,8.9621,0.293937
184.30535,8.9611,0.266905
184.30566,8.9648,0.270201
184.30597,8.9574,0.266617
184.30628,8.9695,0.267513
184.30654,8.9584,0.267513
184.30685,8.9658,0.269305
184.30715,8.9639,0.265505
184.30747,8.9621,0.266801
184.30778,8.9602,0.272289
184.30803,8.9658,0.272289
184.30834,8.9592,0.275689
184.30865,8.9688,0.290537
184.30896,8.9725,0.283465
184.30927,8.9631,0.284449
184.30958,8.9631,0.289433
184.30983,8.9555,0.289433
184.31014,8.9695,0.283257
184.31045,8.9688,0.282569
184.31076,8.9621,0.283465
184.31107,8.9621,0.284841
184.31138,8.9555,0.284257
184.31163,8.9668,0.284257
184.31194,8.9648,0.296025
184.31225,8.9602,0.287641
184.31256,8.9555,0.287057
184.31287,8.9525,0.286745
184.31318,8.9688,0.321953
184.31344,8.9602,0.321953
184.31374,8.9525,0.322641
184.31405,8.9451,0.335297
184.31436,8.9631,0.279065
184.31468,8.9631,0.287057
184.31493,8.9535,0.287057
184.31524,8.9592,0.286161
184.31555,8.9641,0.276377
184.31586,8.9592,0.274689
184.31617,8.9574,0.272393
184.31648,8.9592,0.273897
184.31673,8.9582,0.273897
184.31704,8.9631,0.268593
184.31735,8.9695,0.290641
184.31766,8.9611,0.306681
184.31797,8.9631,0.314065
184.31828,8.9611,0.302009
184.31853,8.9602,0.302009
184.31884,8.9725,0.298905
184.31915,8.9582,0.267201
184.31946,8.9611,0.286345
184.31977,8.9631,0.287641
184.32003,8.9621,0.287641
184.32033,8.9555,0.299817
184.32065,8.9658,0.287241
184.32096,8.9695,0.288033
184.32127,8.9535,0.364921
184.32158,8.9584,0.289537
184.32183,8.9668,0.289537
184.32214,8.9611,0.283865
184.32245,8.9611,0.310273
184.32276,8.9602,0.286745
184.32307,8.9611,0.287057
184.32338,8.9641,0.319153
184.32363,8.9574,0.319153
184.32394,8.9621,0.285657
184.32425,8.9688,0.308577
184.32456,8.9574,0.308473
184.32487,8.9762,0.293833
184.32513,8.9611,0.293833
184.32543,8.9574,0.289537
184.32574,8.9574,0.340681
184.32605,8.9545,0.308081
184.32636,8.9639,0.337097
184.32668,8.9498,0.352657
184.32693,8.9535,0.352657
184.32724,8.9621,0.330417
184.32755,8.9518,0.341681
184.32786,8.9582,0.306993
184.32817,8.9631,0.304489
184.32843,8.9488,0.304489
184.32874,8.9555,0.343081
184.32904,8.9658,0.307785
184.32935,8.9564,0.313169
184.32966,8.9518,0.382857
184.32997,8.9574,0.314361
184.33023,8.9641,0.314361
184.33054,8.9631,0.305281
184.33085,8.9621,0.288849
184.33116,8.9582,0.288241
184.33147,8.9525,0.303489
184.33178,8.9658,0.320449
184.33203,8.9639,0.320449
184.33234,8.9564,0.289833
184.33265,8.9564,0.326433
184.33296,8.9592,0.292833
184.33327,8.9611,0.294625
184.33352,8.9658,0.294625
184.33383,8.9611,0.316465
184.33414,8.9592,0.316865
184.33445,8.9639,0.293017
184.33476,8.9508,0.329417
184.33507,8.9564,0.294025
184.33533,8.9658,0.294025
184.33564,8.9574,0.291145
184.33595,8.9555,0.307185
184.33626,8.9621,0.290433
184.33657,8.9648,0.289833
184.33687,8.9592,0.322345
184.33713,8.9611,0.322345
184.33744,8.9592,0.290249
184.33775,8.9688,0.325433
184.33806,8.9592,0.302993
184.33837,8.9631,0.289249
184.33868,8.9631,0.300297
184.33893,8.9527,0.300297
184.33925,8.9734,0.290041
184.33955,8.9668,0.290641
184.33986,8.9621,0.326433
184.34017,8.9582,0.294337
184.34043,8.9631,0.294337
184.34074,8.9734,0.293017
184.34105,8.9631,0.283465
184.34136,8.9574,0.287449
184.34167,8.9611,0.233513
184.34198,8.9801,0.264905
184.34223,8.9648,0.264905
184.34254,8.9697,0.228529
184.34285,8.9715,0.244881
184.34510,8.9592,0.291833
184.34686,8.9611,0.288745
184.34862,8.9564,0.308577
184.35038,8.9545,0.328833
184.35214,8.9564,0.292225
184.35390,8.9592,0.300713
184.35566,8.9471,0.330025
184.35741,8.9564,0.294625
184.35761,8.9621,0.326041
184.35786,8.9592,0.291537
184.35817,8.9574,0.292833
184.35848,8.9705,0.335801
184.35873,8.9508,0.335801
184.35905,8.9725,0.350753
184.35936,8.9688,0.296209
184.35966,8.9564,0.327433
184.35997,8.9639,0.291433
184.36028,8.9611,0.291329
184.36054,8.9582,0.291329
184.36085,8.9648,0.321745
184.36116,8.9658,0.281361
184.36146,8.9545,0.285049
184.36178,8.9621,0.285049
184.36209,8.9592,0.284657
184.36234,8.9668,0.284657
184.36265,8.9631,0.281465
184.36296,8.9555,0.282969
184.36327,8.9574,0.274185
184.36358,8.9648,0.281465
184.36383,8.9744,0.281465
184.36414,8.9639,0.286161
184.36445,8.9592,0.291145
184.36476,8.9582,0.305097
184.36508,8.9518,0.293337
184.36539,8.9631,0.291225
184.36564,8.9688,0.291225
184.36595,8.9574,0.293625
184.36626,8.9602,0.292041
184.36657,8.9582,0.291937
184.36688,8.9592,0.293625
184.36713,8.9658,0.293625
184.36744,8.9584,0.290537
184.36775,8.9535,0.290833
184.36806,8.9584,0.293225
184.36837,8.9611,0.294729
184.36868,8.9479,0.296209
184.36893,8.9535,0.296209
184.36924,8.9639,0.329233
184.36955,8.9555,0.330921
184.36986,8.9545,0.331417
184.37017,8.9545,0.329625
184.37048,8.9574,0.298113
184.37073,8.9668,0.298113
184.37104,8.9641,0.292625
184.37136,8.9611,0.284153
184.37167,8.9574,0.284257
184.37198,8.9648,0.284449
184.37228,8.9668,0.290729
184.37254,8.9631,0.290729
184.37285,8.9564,0.289137
184.37316,8.9498,0.328729
184.37347,8.9555,0.283865
184.37378,8.9658,0.286241
184.37403,8.9631,0.286241
184.37434,8.9648,0.284153
184.37465,8.9545,0.276081
184.37496,8.9527,0.276185
184.37527,8.9631,0.278377
184.37558,8.9621,0.278569
184.37583,8.9631,0.278569
184.37614,8.9705,0.277985
184.37645,8.9648,0.279065
184.37676,8.9631,0.284361
184.37708,8.9639,0.278273
184.37733,8.9641,0.278273
184.37764,8.9592,0.276665
184.37795,8.9639,0.277585
184.37826,8.9639,0.274185
184.37857,8.9621,0.274793
184.37888,8.9631,0.275481
184.37913,8.9639,0.275481
184.37944,8.9611,0.273977
184.37975,8.9658,0.278065
184.38006,8.9631,0.275769
184.38037,8.9688,0.275081
184.38068,8.9641,0.277881
184.38093,8.9535,0.277881
184.38124,8.9688,0.274185
184.38155,8.9715,0.282553
184.38186,8.9688,0.279673
184.38217,8.9715,0.299905
184.38248,8.9602,0.303201
184.38273,8.9574,0.303201
184.38304,8.9621,0.294817
184.38335,8.9648,0.296521
184.38366,8.9574,0.293729
184.38397,8.9648,0.291329
184.38428,8.9668,0.292225
184.38454,8.9535,0.292225
184.38485,8.9545,0.335401
184.38516,8.9668,0.290041
184.38547,8.9621,0.289833
184.38578,8.9697,0.288641
184.38603,8.9695,0.288641
184.38634,8.9611,0.289433
184.38665,8.9621,0.292041
184.38696,8.9545,0.289137
184.38727,8.9545,0.293441
184.38758,8.9527,0.335609
184.38783,8.9518,0.335609
184.38814,8.9668,0.291729
184.38845,8.9631,0.290041
184.38876,8.9648,0.290041
184.38907,8.9602,0.291729
184.38933,8.9668,0.291729
184.38964,8.9611,0.292041
184.38995,8.9621,0.292329
184.39026,8.9555,0.292625
184.39057,8.9602,0.329817
184.39088,8.9574,0.329625
184.39113,8.9574,0.329625
184.39144,8.9592,0.325641
184.39175,8.9688,0.286241
184.39206,8.9648,0.283945
184.39237,8.9621,0.282073
184.39268,8.9695,0.274289
184.39293,8.9658,0.274289
184.39324,8.9639,0.282465
184.39355,8.9611,0.285265
184.39386,8.9639,0.283049
184.39417,8.9688,0.270785
184.39448,8.9639,0.272497
184.39473,8.9525,0.272497
184.39504,8.9744,0.272393
184.39535,8.9611,0.277585
184.39566,8.9602,0.277081
184.39597,8.9611,0.285049
184.39622,8.9658,0.285049
184.39654,8.9688,0.295521
184.39685,8.9621,0.302305
184.39716,8.9611,0.293441
184.39747,8.9555,0.294729
184.39777,8.9602,0.294337
184.39803,8.9592,0.294337
184.39834,8.9621,0.288137
184.39865,8.9648,0.290329
184.39896,8.9518,0.312769
184.39927,8.9631,0.327937
184.39958,8.9611,0.296521
184.39983,8.9611,0.296521
184.40014,8.9535,0.290329
184.40045,8.9668,0.294729
184.40076,8.9611,0.302697
184.40107,8.9508,0.328521
184.40133,8.9602,0.328521
184.40163,8.9508,0.329817
184.40194,8.9535,0.328017
184.40225,8.9574,0.317465
184.40256,8.9639,0.296025
184.40287,8.9621,0.291433
184.40313,8.9648,0.291433
184.40344,8.9611,0.289033
184.40375,8.9631,0.285265
184.40406,8.9564,0.284945
184.40437,8.9639,0.287745
184.40468,8.9668,0.291537
184.40493,8.9697,0.291537
184.40524,8.9545,0.297609
184.40555,8.9574,0.312561
184.40586,8.9602,0.315673
184.40617,8.9639,0.290537
184.40648,8.9525,0.293337
184.40673,8.9611,0.293337
184.40704,8.9648,0.292537
184.40735,8.9639,0.294337
184.40766,8.9582,0.293337
184.40797,8.9592,0.296521
184.40823,8.9621,0.296521
184.40854,8.9668,0.292937
184.40884,8.9648,0.292937
184.40916,8.9631,0.295417
184.40947,8.9574,0.291937
184.40978,8.9668,0.292121
184.41003,8.9611,0.292121
184.41034,8.9658,0.293121
184.41065,8.9631,0.296817
184.41096,8.9648,0.295521
184.41127,8.9611,0.297209
184.41158,8.9582,0.300505
184.41183,8.9621,0.300505
184.41214,8.9582,0.296625
184.41245,8.9695,0.293121
184.41276,8.9564,0.293337
184.41307,8.9648,0.293625
184.41333,8.9592,0.293625
184.41364,8.9488,0.298713
184.41395,8.9574,0.291833
184.41426,8.9574,0.292121
184.41457,8.9564,0.297425
184.41487,8.9555,0.300801
184.41513,8.9705,0.300801
184.41544,8.9592,0.302593
184.41575,8.9555,0.303409
184.41606,8.9555,0.304097
184.41637,8.9518,0.319049
184.41668,8.9574,0.346665
184.41693,8.9621,0.346665
184.41724,8.9639,0.302801
184.41755,8.9611,0.305705
184.41786,8.9564,0.347961
184.41817,8.9574,0.345769
184.41848,8.9582,0.344369
184.41873,8.9639,0.344369
184.41904,8.9518,0.350961
184.41935,8.9602,0.302305
184.41966,8.9564,0.302409
184.41997,8.9592,0.296817
184.42022,8.9611,0.296817
184.42053,8.9621,0.302009
184.42084,8.9715,0.297817
184.42115,8.9602,0.292433
184.42146,8.9678,0.281969
184.42177,8.9611,0.284361
184.42203,8.9695,0.284361
184.42233,8.9658,0.284153
184.42264,8.9678,0.285553
184.42295,8.9611,0.289745
184.42326,8.9658,0.299009
184.42357,8.9592,0.301801
184.42383,8.9658,0.301801
184.42414,8.9631,0.309793
184.42445,8.9535,0.303201
184.42476,8.9678,0.302593
184.42507,8.9602,0.302993
184.42532,8.9574,0.302993
184.42563,8.9592,0.305785
184.42594,8.9518,0.306681
184.42625,8.9688,0.303993
184.42656,8.9611,0.303593
184.42687,8.9574,0.298321
184.42712,8.9611,0.298321
184.42743,8.9611,0.300217
184.42774,8.9582,0.301009
184.42805,8.9525,0.342785
184.42836,8.9535,0.336513
184.42867,8.9545,0.342681
184.42892,8.9574,0.342681
184.42923,8.9518,0.331417
184.42954,8.9602,0.300401
184.42985,8.9668,0.302593
184.43016,8.9582,0.300401
184.43047,8.9631,0.295233
184.43073,8.9688,0.295233
184.43104,8.9441,0.299321
184.43135,8.9639,0.301513
184.43166,8.9631,0.302513
184.43197,8.9582,0.308081
184.43222,8.9631,0.308081
184.43253,8.9555,0.315673
184.43284,8.9574,0.327329
184.43315,8.9518,0.313961
184.43346,8.9574,0.309689
184.43377,8.9611,0.302097
184.43402,8.9639,0.302097
184.43433,8.9574,0.297425
184.43464,8.9602,0.302009
184.43495,8.9697,0.294817
184.43526,8.9621,0.296713
184.43557,8.9639,0.294521
184.43582,8.9592,0.294521
184.43613,8.9621,0.292225
184.43644,8.9715,0.290537
184.43676,8.9639,0.291641
184.43707,8.9582,0.293729
184.43732,8.9695,0.293729
184.43763,8.9621,0.291433
184.43794,8.9648,0.294817
184.43825,8.9611,0.295729
184.43856,8.9592,0.296129
184.43887,8.9535,0.292121
184.43912,8.9592,0.292121
184.43943,8.9621,0.297921
184.43974,8.9668,0.284761
184.44005,8.9668,0.272289
184.44036,8.9602,0.258121
184.44067,8.9697,0.261817
184.44092,8.9611,0.261817
184.44123,8.9725,0.261129
184.44154,8.9678,0.268593
184.44185,8.9621,0.267697
184.44216,8.9545,0.263113
184.44247,8.9705,0.306993
184.44273,8.9574,0.306993
184.44304,8.9641,0.270889
184.44335,8.9602,0.265801
184.44366,8.9734,0.265113
184.44397,8.9668,0.262129
184.44422,8.9705,0.262129
184.44453,8.9582,0.262713
184.44484,8.9658,0.260729
184.44515,8.9631,0.265801
184.44546,8.9725,0.307977
184.44577,8.9555,0.263609
184.44602,8.9668,0.263609
184.44633,8.9631,0.264321
184.44664,8.9678,0.264009
184.44695,8.9725,0.256249
184.44726,8.9688,0.242585
184.44757,8.9658,0.261625
184.44782,8.9688,0.261625
184.44813,8.9725,0.262529
184.44844,8.9678,0.263713
184.44875,8.9639,0.263505
184.44907,8.9648,0.263425
184.44932,8.9648,0.263425
184.44963,8.9678,0.265113
184.44994,8.9648,0.263113
184.45025,8.9621,0.263713
184.45056,8.9602,0.262609
184.45087,8.9602,0.265217
184.45112,8.9678,0.265217
184.45143,8.9715,0.263817
184.45174,8.9648,0.260729
184.45205,8.9631,0.263217
184.45236,8.9668,0.265801
184.45267,8.9611,0.262321
184.45293,8.9658,0.262321
184.45323,8.9574,0.264113
184.45354,8.9725,0.255537
184.45385,8.9621,0.258521
184.45416,8.9781,0.255433
184.45447,8.9631,0.257329
184.45473,8.9611,0.257329
184.45504,8.9639,0.264905
184.45535,8.9592,0.265297
184.45566,8.9631,0.300113
184.45597,8.9525,0.302113
184.45622,8.9592,0.302113
184.45653,8.9555,0.300009
184.45684,8.9658,0.283865
184.45715,8.9639,0.290329
184.45746,8.9678,0.251953
184.45777,8.9564,0.250761
184.45802,8.9715,0.250761
184.45833,8.9688,0.256329
184.45864,8.9725,0.245465
184.45895,8.9602,0.247257
184.45926,8.9582,0.247361
184.45957,8.9697,0.246673
184.45982,8.9754,0.246673
184.46013,8.9668,0.291729
184.46044,8.9658,0.258041
184.46075,8.9631,0.272097
184.46107,8.9602,0.273793
184.46132,8.9621,0.273793
184.46163,8.9658,0.271889
184.46194,8.9668,0.270993
184.46225,8.9621,0.267009
184.46256,8.9705,0.265505
184.46287,8.9668,0.265321
184.46312,8.9611,0.265321
184.46343,8.9668,0.268801
184.46374,8.9668,0.261521
184.46405,8.9631,0.259729
184.46436,8.9695,0.259129
184.46467,8.9688,0.260625
184.46492,8.9668,0.260625
184.46523,8.9611,0.263425
184.46554,8.9574,0.306097
184.46585,8.9621,0.301009
184.46616,8.9564,0.301513
184.46647,8.9678,0.252745
184.46673,8.9592,0.252745
184.46704,8.9611,0.274793
184.46735,8.9631,0.278273
184.46766,8.9688,0.258521
184.46797,8.9582,0.281257
184.46822,8.9668,0.281257
184.46853,8.9668,0.277169
184.46884,8.9621,0.279961
184.46915,8.9631,0.283153
184.46946,8.9545,0.306289
184.46977,8.9602,0.295313
184.47002,8.9639,0.295313
184.47033,8.9631,0.296209
184.47064,8.9555,0.290145
184.47095,8.9688,0.290145
184.47126,8.9564,0.295129
184.47157,8.9648,0.325041
184.47182,8.9621,0.325041
184.47213,8.9639,0.285153
184.47244,8.9678,0.279377
184.47275,8.9725,0.275873
184.47307,8.9678,0.281065
184.47332,8.9611,0.281065
184.47363,8.9648,0.280465
184.47394,8.9688,0.281257
184.47425,8.9621,0.299401
184.47456,8.9641,0.316569
184.47487,8.9518,0.279857
184.47512,8.9621,0.279857
184.47543,8.9621,0.279961
184.47574,8.9602,0.281361
184.47605,8.9621,0.275977
184.47636,8.9555,0.293121
184.47667,8.9678,0.281569
184.47692,8.9688,0.281569
184.47723,8.9648,0.274689
184.47754,8.9697,0.274873
184.47785,8.9611,0.277777
184.47816,8.9582,0.276481
184.47847,8.9555,0.273577
184.47872,8.9508,0.273577
184.47903,8.9648,0.275769
184.47935,8.9715,0.275873
184.47966,8.9658,0.273793
184.47996,8.9611,0.274977
184.48022,8.9631,0.274977
184.48053,8.9648,0.277777
184.48084,8.9574,0.276081
184.48115,8.9631,0.272681
184.48146,8.9688,0.281969
184.48177,8.9582,0.282761
184.48202,8.9688,0.282761
184.48233,8.9535,0.280465
184.48264,8.9535,0.315257
184.48295,8.9631,0.316569
184.48326,8.9592,0.315169
184.48357,8.9658,0.269097
184.48382,8.9602,0.269097
184.48413,8.9631,0.274873
184.48444,8.9602,0.269593
184.48475,8.9621,0.271889
184.48506,8.9668,0.261625
184.48532,8.9631,0.261625
184.48563,8.9695,0.270305
184.48594,8.9658,0.314673
184.48625,8.9668,0.269993
184.48656,8.9592,0.268993
184.48687,8.9631,0.269889
184.48712,8.9584,0.269889
184.48743,8.9611,0.270497
184.48774,8.9555,0.313377
184.48805,8.9518,0.317657
184.48836,8.9574,0.325329
184.48867,8.9461,0.330625
184.48892,8.9535,0.330625
184.48923,8.9621,0.383065
184.48954,8.9582,0.330129
184.48985,8.9545,0.325729
184.49016,8.9648,0.325729
184.49047,8.9545,0.324433
184.49072,8.9545,0.324433
184.49104,8.9535,0.325329
184.49135,8.9564,0.322929
184.49166,8.9545,0.326537
184.49197,8.9469,0.326041
184.49222,8.9525,0.326041
184.49253,8.9602,0.326041
184.49284,8.9535,0.324329
184.49315,8.9555,0.326833
184.49346,8.9535,0.361729
184.49377,8.9545,0.365609
184.49402,8.9545,0.365609
184.49433,8.9518,0.361225
184.49464,8.9631,0.279169
184.49495,8.9611,0.284153
184.49526,8.9631,0.282969
184.49551,8.9668,0.282969
184.49582,8.9582,0.282465
184.49613,8.9621,0.283257
184.49644,8.9648,0.317761
184.49675,8.9498,0.304489
184.49707,8.9725,0.289433
184.49732,8.9602,0.289433
184.49763,8.9545,0.303993
184.49794,8.9564,0.303201
184.49825,8.9611,0.313065
184.49856,8.9631,0.305889
184.49887,8.9621,0.305281
184.49912,8.9584,0.305281
184.49943,8.9508,0.324537
184.49974,8.9498,0.337697
184.50005,8.9611,0.327329
184.50036,8.9602,0.384857
184.50067,8.9422,0.371009
184.50092,8.9555,0.371009
184.50123,8.9525,0.327729
184.50154,8.9574,0.364313
184.50185,8.9479,0.302593
184.50216,8.9688,0.316065
184.50241,8.9555,0.316065
184.50272,8.9555,0.331417
184.50304,8.9555,0.295417
184.50334,8.9658,0.360145
184.50365,8.9525,0.349569
184.50396,8.9582,0.302409
184.50421,8.9545,0.302409
184.50453,8.9621,0.312769
184.50484,8.9555,0.350465
184.50515,8.9564,0.329521
184.50545,8.9535,0.324825
184.50576,8.9564,0.361041
184.50602,8.9545,0.361041
184.50633,8.9564,0.327833
184.50664,8.9479,0.365129
184.50695,8.9545,0.345185
184.50726,8.9564,0.317865
184.50757,8.9555,0.321057
184.50782,8.9555,0.321057
184.50813,8.9574,0.368609
184.50844,8.9582,0.338993
184.50875,8.9508,0.371193
184.50906,8.9582,0.353049
184.50932,8.9535,0.353049
184.50962,8.9555,0.319945
184.50994,8.9518,0.370801
184.51024,8.9518,0.338201
184.51055,8.9518,0.333817
184.51086,8.9555,0.360041
184.51112,8.9461,0.360041
184.51143,8.9678,0.341289
184.51174,8.9697,0.332713
184.51205,8.9535,0.365313
184.51236,8.9555,0.336697
184.51267,8.9564,0.334217
184.51292,8.9441,0.334217
184.51323,8.9545,0.371401
184.51354,8.9518,0.320737
184.51385,8.9535,0.343289
184.51416,8.9592,0.362913
184.51441,8.9648,0.362913
184.51472,8.9564,0.328337
184.51503,8.9611,0.394033
184.51534,8.9469,0.347273
184.51565,8.9639,0.324329
184.51596,8.9631,0.356241
184.51622,8.9461,0.356241
184.51653,8.9574,0.360145
184.51684,8.9545,0.333401
184.51715,8.9469,0.368217
184.51746,8.9582,0.336993
184.51777,8.9611,0.369217
184.51802,8.9469,0.369217
184.51833,8.9564,0.371593
184.51864,8.9498,0.336297
184.51895,8.9564,0.328337
184.51926,8.9488,0.369401
184.51957,8.9621,0.322057
184.51982,8.9564,0.322057
184.52013,8.9564,0.324825
184.52044,8.9525,0.340889
184.52075,8.9564,0.336113
184.52106,8.9574,0.336297
184.52131,8.9564,0.336297
184.52162,8.9555,0.369801
184.52193,8.9545,0.323641
184.52224,8.9535,0.369217
184.52255,8.9564,0.343681
184.52286,8.9582,0.340889
184.52311,8.9611,0.340889
184.52342,8.9518,0.357137
184.52373,8.9555,0.317153
184.52404,8.9508,0.323849
184.52435,8.9525,0.366609
184.52466,8.9582,0.338889
184.52492,8.9518,0.338889
184.52523,8.9564,0.335297
184.52554,8.9574,0.360937
184.52585,8.9545,0.318361
184.52616,8.9592,0.324537
184.52646,8.9535,0.362913
184.52672,8.9527,0.362913
184.52703,8.9479,0.330921
184.52734,8.9602,0.372305
184.52765,8.9441,0.360145
184.52796,8.9518,0.321745
184.52821,8.9592,0.321745
184.52852,8.9479,0.332425
184.52883,8.9525,0.335401
184.52914,8.9498,0.344873
184.52945,8.9555,0.413473
184.52976,8.9461,0.361537
184.53002,8.9518,0.361537
184.53032,8.9535,0.371985
184.53063,8.9488,0.423657
184.53094,8.9479,0.392033
184.53125,8.9518,0.381481
184.53156,8.9518,0.413681
184.53182,8.9498,0.413681
184.53213,8.9592,0.388841
184.53244,8.9412,0.411473
184.53275,8.9479,0.384465
184.53306,8.9479,0.348353
184.53331,8.9527,0.348353
184.53362,8.9498,0.337993
184.53393,8.9518,0.336593
184.53424,8.9668,0.327625
184.53455,8.9555,0.349569
184.53486,8.9574,0.381561
184.53511,8.9592,0.381561
184.53542,8.9525,0.324825
184.53573,8.9451,0.360145
184.53604,8.9479,0.305993
184.53635,8.9631,0.310481
184.53666,8.9574,0.352049
184.53692,8.9564,0.352049
184.53723,8.9508,0.367313
184.53753,8.9725,0.335697
184.53785,8.9592,0.367609
184.53816,8.9545,0.335697
184.53841,8.9611,0.335697
184.53872,8.9611,0.332425
184.53903,8.9602,0.334801
184.53934,8.9648,0.309377
184.53965,8.9535,0.327041
184.53996,8.9535,0.365025
184.54021,8.9488,0.365025
184.54052,8.9525,0.344873
184.54083,8.9525,0.389153
184.54114,8.9582,0.369297
184.54145,8.9525,0.334905
184.54176,8.9574,0.319657
184.54201,8.9498,0.319657
184.54232,8.9631,0.330417
184.54263,8.9592,0.337993
184.54294,8.9545,0.331817
184.54325,8.9498,0.332713
184.54356,8.9545,0.335697
184.54381,8.9535,0.335697
184.54412,8.9525,0.374593
184.54444,8.9508,0.353761
184.54474,8.9574,0.352761
184.54506,8.9602,0.346481
184.54531,8.9451,0.346481
184.54562,8.9412,0.350857
184.54593,8.9631,0.333905
184.54624,8.9658,0.340385
184.54655,8.9582,0.351465
184.54686,8.9592,0.380081
184.54711,8.9592,0.380081
184.54742,8.9602,0.339889
184.54773,8.9592,0.328417
184.54804,8.9564,0.326833
184.54835,8.9639,0.345481
184.54866,8.9592,0.351753
184.54891,8.9592,0.351753
184.54922,8.9592,0.345585
184.54953,8.9592,0.370593
184.54984,8.9479,0.375497
184.55015,8.9441,0.348777
184.55046,8.9592,0.337097
184.55072,8.9564,0.337097
184.55103,8.9611,0.350857
184.55134,8.9631,0.332921
184.55165,8.9508,0.335801
184.55196,8.9611,0.318945
184.55221,8.9582,0.318945
184.55252,8.9592,0.324537
184.55283,8.9564,0.326225
184.55314,8.9621,0.335697
184.55345,8.9555,0.346561
184.55376,8.9508,0.349857
184.55401,8.9518,0.349857
184.55432,8.9441,0.341577
184.55463,8.9639,0.339385
184.55494,8.9535,0.341577
184.55525,8.9574,0.347769
184.55556,8.9545,0.347769
184.55581,8.9518,0.347769
184.55612,8.9621,0.336193
184.55643,8.9518,0.339593
184.55675,8.9525,0.354153
184.55706,8.9432,0.345377
184.55731,8.9555,0.345377
184.55762,8.9584,0.334217
184.55793,8.9574,0.349569
184.55824,8.9555,0.378185
184.55855,8.9518,0.338697
184.55886,8.9639,0.341497
184.55911,8.9648,0.341497
184.55942,8.9471,0.345769
184.55973,8.9592,0.345377
184.56004,8.9545,0.343873
184.56035,8.9592,0.323345
184.56066,8.9602,0.334505
184.56091,8.9564,0.334505
184.56122,8.9582,0.355449
184.56153,8.9535,0.340993
184.56184,8.9582,0.352441
184.56215,8.9498,0.337801
184.56240,8.9582,0.337801
184.56271,8.9592,0.337097
184.56302,8.9564,0.341785
184.56334,8.9602,0.341785
184.56364,8.9631,0.334609
184.56396,8.9564,0.329313
184.56421,8.9525,0.329313
184.56452,8.9479,0.333609
184.56483,8.9564,0.338305
184.56514,8.9564,0.335009
184.56545,8.9564,0.356137
184.56576,8.9518,0.361625
184.56601,8.9574,0.361625
184.56632,8.9545,0.336697
184.56663,8.9498,0.361833
184.56694,8.9574,0.382377
184.56725,8.9518,0.386649
184.56756,8.9441,0.379369
184.56781,8.9574,0.379369
184.56812,8.9555,0.334801
184.56843,8.9621,0.320345
184.56874,8.9545,0.325433
184.56905,8.9555,0.332425
184.56931,8.9582,0.332425
184.56962,8.9535,0.333609
184.56993,8.9525,0.323137
184.57024,8.9535,0.332609
184.57055,8.9592,0.318553
184.57086,8.9574,0.318257
184.57111,8.9631,0.318257
184.57142,8.9582,0.320049
184.57173,8.9602,0.339785
184.57204,8.9555,0.352865
184.57235,8.9498,0.359433
184.57266,8.9535,0.382857
184.57291,8.9469,0.382857
184.57322,8.9602,0.371009
184.57353,8.9592,0.342473
184.57384,8.9602,0.333609
184.57415,8.9545,0.339097
184.57440,8.9592,0.339097
184.57471,8.9564,0.355633
184.57503,8.9564,0.339785
184.57533,8.9602,0.347769
184.57564,8.9535,0.385153
184.57596,8.9479,0.345081
184.57621,8.9695,0.345081
184.57652,8.9555,0.343785
184.57683,8.9535,0.374681
184.57714,8.9555,0.377681
184.57745,8.9451,0.388841
184.57776,8.9602,0.379265
184.57801,8.9574,0.379265
184.57832,8.9488,0.336697
184.57863,8.9469,0.343577
184.57894,8.9535,0.327521
184.57925,8.9592,0.344081
184.57956,8.9555,0.345081
184.57981,8.9508,0.345081
184.58012,8.9592,0.339785
184.58043,8.9621,0.335193
184.58074,8.9611,0.326625
184.58105,8.9564,0.335505
184.58131,8.9508,0.335505
184.58162,8.9518,0.350169
184.58193,8.9602,0.350857
184.58224,8.9555,0.336009
184.58255,8.9582,0.332817
184.58286,8.9525,0.323241
184.58311,8.9555,0.323241
184.58342,8.9574,0.331713
184.58373,8.9461,0.336905
184.58404,8.9518,0.342785
184.58435,8.9564,0.335113
184.58466,8.9631,0.341681
184.58491,8.9564,0.341681
184.58522,8.9525,0.318657
184.58553,8.9555,0.341889
184.58584,8.9574,0.346665
184.58615,8.9564,0.343289
184.58640,8.9611,0.343289
184.58671,8.9611,0.351753
184.58702,8.9584,0.356745
184.58733,8.9488,0.370609
184.58764,8.9574,0.343785
184.58795,8.9582,0.352761
184.58821,8.9574,0.352761
184.58851,8.9545,0.343577
184.58883,8.9592,0.349169
184.58914,8.9574,0.348961
184.58945,8.9527,0.334401
184.58975,8.9621,0.348065
184.59001,8.9525,0.348065
184.59032,8.9564,0.386257
184.59063,8.9574,0.363521
184.59094,8.9488,0.352361
184.59125,8.9518,0.340281
184.59156,8.9535,0.339593
184.59181,8.9631,0.339593
184.59212,8.9545,0.340601
184.59243,8.9555,0.319345
184.59274,8.9545,0.305993
184.59305,8.9564,0.308473
184.59330,8.9678,0.308473
184.59361,8.9545,0.333905
184.59392,8.9518,0.381273
184.59423,8.9441,0.380081
184.59454,8.9535,0.387945
184.59485,8.9545,0.341889
184.59511,8.9602,0.341889
184.59542,8.9705,0.325537
184.59573,8.9582,0.328121
184.59604,8.9639,0.293625
184.59634,8.9631,0.288449
184.59666,8.9564,0.286161
184.59691,8.9725,0.286161
184.59722,8.9631,0.292329
184.59753,8.9621,0.297209
184.59784,8.9752,0.295233
184.59815,8.9631,0.307497
184.59840,8.9564,0.307497
184.59871,8.9592,0.319553
184.59902,8.9621,0.332921
184.59933,8.9621,0.337993
184.59964,8.9648,0.346481
184.59995,8.9555,0.350753
184.60021,8.9582,0.350753
184.60052,8.9555,0.338305
184.60082,8.9648,0.338593
184.60113,8.9648,0.332505
184.60145,8.9574,0.334505
184.60176,8.9498,0.372593
184.60201,8.9678,0.372593
184.60232,8.9678,0.319257
184.60263,8.9574,0.322449
184.60294,8.9564,0.336905
184.60325,8.9611,0.326225
184.60350,8.9525,0.326225
184.60381,8.9582,0.332209
184.60412,8.9441,0.349169
184.60443,8.9592,0.382273
184.60474,8.9479,0.414081
184.60505,8.9564,0.327729
184.60531,8.9518,0.327729
184.60561,8.9574,0.335401
184.60593,8.9564,0.321953
184.60623,8.9535,0.316753
184.60654,8.9658,0.307185
184.60685,8.9582,0.302801
184.60711,8.9574,0.302801
184.60741,8.9555,0.296025
184.60773,8.9602,0.303993
184.60804,8.9631,0.308577
184.60835,8.9574,0.324937
184.60860,8.9555,0.324937
184.60891,8.9545,0.318257
184.60922,8.9734,0.330233
184.60953,8.9592,0.303801
184.60984,8.9535,0.292937
184.61015,8.9555,0.312273
184.61040,8.9574,0.312273
184.61071,8.9658,0.318761
184.61102,8.9648,0.316257
184.61133,8.9508,0.312961
184.61164,8.9592,0.326729
184.61195,8.9555,0.327833
184.61221,8.9584,0.327833
184.61252,8.9479,0.327225
184.61283,8.9592,0.335905
184.61314,8.9564,0.325729
184.61344,8.9621,0.331713
184.61370,8.9564,0.331713
184.61401,8.9564,0.337801
184.61432,8.9582,0.327225
184.61463,8.9508,0.335009
184.61494,8.9602,0.331713
184.61525,8.9668,0.321345
184.61550,8.9574,0.321345
184.61581,8.9602,0.329817
184.61612,8.9469,0.377289
184.61643,8.9471,0.324137
184.61674,8.9518,0.323537
184.61705,8.9574,0.321449
184.61731,8.9648,0.321449
184.61762,8.9508,0.323929
184.61793,8.9688,0.337801
184.61824,8.9545,0.332313
184.61855,8.9668,0.323345
184.61880,8.9574,0.323345
184.61911,8.9518,0.331313
184.61942,8.9621,0.358641
184.61973,8.9525,0.327121
184.62004,8.9488,0.333505
184.62035,8.9525,0.338697
184.62060,8.9518,0.338697
184.62091,8.9525,0.336193
184.62122,8.9611,0.315065
184.62153,8.9648,0.320449
184.62184,8.9545,0.332209
184.62215,8.9508,0.332001
184.62240,8.9592,0.332001
184.62271,8.9518,0.328337
184.62303,8.9564,0.334217
184.62334,8.9535,0.311665
184.62365,8.9555,0.320657
184.62390,8.9621,0.320657
184.62421,8.9592,0.324329
184.62452,8.9555,0.330313
184.62483,8.9488,0.333905
184.62514,8.9631,0.336009
184.62545,8.9621,0.317969
184.62570,8.9545,0.317969
184.62601,8.9602,0.324433
184.62632,8.9668,0.333321
184.62663,8.9582,0.326937
184.62694,8.9518,0.341681
184.62725,8.9518,0.340785
184.62750,8.9678,0.340785
184.62781,8.9592,0.326225
184.62812,8.9602,0.338889
184.62843,8.9582,0.336113
184.62874,8.9518,0.329233
184.62900,8.9555,0.329233
184.62931,8.9574,0.342577
184.62962,8.9574,0.324137
184.62993,8.9535,0.329729
184.63024,8.9584,0.339593
184.63055,8.9545,0.377081
184.63080,8.9592,0.377081
184.63111,8.9592,0.335905
184.63142,8.9518,0.360729
184.63173,8.9584,0.366209
184.63204,8.9564,0.365129
184.63235,8.9639,0.337201
184.63260,8.9574,0.337201
184.63291,8.9639,0.327329
184.63322,8.9584,0.322849
184.63353,8.9611,0.360625
184.63384,8.9545,0.315465
184.63415,8.9611,0.315361
184.63440,8.9631,0.315361
184.63471,8.9574,0.317465
184.63503,8.9631,0.313065
184.63534,8.9564,0.315857
184.63565,8.9518,0.310689
184.63590,8.9592,0.310689
184.63621,8.9621,0.320345
184.63652,8.9582,0.344369
184.63683,8.9555,0.341097
184.63714,8.9611,0.339281
184.63745,8.9555,0.333817
184.63770,8.9678,0.333817
184.63801,8.9592,0.314857
184.63832,8.9574,0.326833
184.63863,8.9535,0.332505
184.63894,8.9592,0.330025
184.63925,8.9592,0.340601
184.63950,8.9621,0.340601
184.63981,8.9688,0.336297
184.64012,8.9582,0.320049
184.64043,8.9611,0.323537
184.64074,8.9545,0.371009
184.64100,8.9525,0.371009
184.64131,8.9461,0.370113
184.64162,8.9525,0.384569
184.64193,8.9582,0.319345
184.64224,8.9602,0.335609
184.64255,8.9574,0.341993
184.64280,8.9574,0.341993
184.64311,8.9602,0.325537
184.64524,8.9451,0.376889
184.64700,8.9582,0.329921
184.64876,8.9648,0.330209
184.65052,8.9592,0.320049
184.65227,8.9535,0.311377
184.65403,8.9535,0.349065
184.65579,8.9508,0.352049
184.65755,8.9498,0.365817
184.65780,8.9592,0.365817
184.65811,8.9488,0.380977
184.65842,8.9518,0.359641
184.65873,8.9488,0.333817
184.65904,8.9611,0.332609
184.65929,8.9508,0.332609
184.65960,8.9525,0.337305
184.65991,8.9621,0.347457
184.66022,8.9582,0.336993
184.66053,8.9584,0.330129
184.66084,8.9639,0.336297
184.66109,8.9535,0.336297
184.66141,8.9555,0.331521
184.66172,8.9555,0.321745
184.66203,8.9574,0.326729
184.66234,8.9592,0.343289
184.66265,8.9611,0.369401
184.66290,8.9574,0.369401
184.66321,8.9621,0.342577
184.66352,8.9535,0.365025
184.66383,8.9545,0.346769
184.66414,8.9555,0.340201
184.66439,8.9508,0.340201
184.66470,8.9461,0.362121
184.66501,8.9574,0.368817
184.66532,8.9488,0.387945
184.66563,8.9564,0.379585
184.66594,8.9525,0.385649
184.66619,8.9461,0.385649
184.66650,8.9602,0.368905
184.66681,8.9574,0.338593
184.66713,8.9602,0.367817
184.66744,8.9422,0.403505
184.66769,8.9365,0.403505
184.66800,8.9357,0.428537
184.66831,8.9518,0.424049
184.66862,8.9451,0.362017
184.66893,8.9555,0.381377
184.66924,8.9508,0.385961
184.66949,8.9498,0.385961
184.66980,8.9574,0.346169
184.67011,8.9508,0.341097
184.67042,8.9582,0.341681
184.67073,8.9592,0.324241
184.67104,8.9535,0.343289
184.67129,8.9545,0.343289
184.67160,8.9545,0.347457
184.67191,8.9535,0.397729
184.67222,8.9498,0.409281
184.67253,8.9518,0.391849
184.67279,8.9508,0.391849
184.67310,8.9432,0.357033
184.67341,8.9508,0.375601
184.67372,8.9479,0.379769
184.67403,8.9479,0.395041
184.67434,8.9508,0.357449
184.67459,8.9508,0.357449
184.67490,8.9564,0.383961
184.67521,8.9525,0.319945
184.67552,8.9564,0.361433
184.67583,8.9582,0.338889
184.67614,8.9564,0.326937
184.67640,8.9582,0.326937
184.67671,8.9461,0.346081
184.67702,8.9592,0.362833
184.67733,8.9582,0.330817
184.67764,8.9564,0.380977
184.67794,8.9488,0.333321
184.67820,8.9631,0.333321
184.67851,8.9631,0.324241
184.67882,8.9555,0.364313
184.67913,8.9602,0.322137
184.67944,8.9611,0.329417
184.67970,8.9518,0.329417
184.68001,8.9441,0.372097
184.68032,8.9574,0.324433
184.68062,8.9631,0.348569
184.68093,8.9592,0.339281
184.68124,8.9592,0.333321
184.68150,8.9564,0.333321
184.68181,8.9555,0.320737
184.68212,8.9555,0.332921
184.68242,8.9555,0.326729
184.68274,8.9574,0.346377
184.68299,8.9508,0.346377
184.68330,8.9564,0.330817
184.68361,8.9471,0.318257
184.68392,8.9574,0.367505
184.68423,8.9498,0.334113
184.68454,8.9535,0.343393
184.68479,8.9535,0.343393
184.68510,8.9441,0.362225
184.68541,8.9582,0.319049
184.68572,8.9592,0.330713
184.68603,8.9451,0.364625
184.68634,8.9545,0.329313
184.68660,8.9641,0.329313
184.68691,8.9658,0.332505
184.68721,8.9555,0.315673
184.68752,8.9582,0.323033
184.68783,8.9479,0.346481
184.68814,8.9527,0.362433
184.68840,8.9564,0.362433
184.68871,8.9621,0.379873
184.68902,8.9631,0.368297
184.68933,8.9535,0.312881
184.68964,8.9555,0.321745
184.68989,8.9518,0.321745
184.69020,8.9564,0.341289
184.69051,8.9564,0.362329
184.69082,8.9582,0.343873
184.69113,8.9469,0.377393
184.69144,8.9574,0.368217
184.69169,8.9535,0.368217
184.69201,8.9584,0.334905
184.69232,8.9535,0.354945
184.69263,8.9611,0.329921
184.69293,8.9535,0.325433
184.69319,8.9535,0.325433
184.69350,8.9535,0.368401
184.69381,8.9545,0.323849
184.69412,8.9639,0.370297
184.69443,8.9518,0.349169
184.69474,8.9508,0.326937
184.69499,8.9574,0.326937
184.69530,8.9545,0.335009
184.69561,8.9639,0.327329
184.69592,8.9545,0.329521
184.69623,8.9508,0.374697
184.69654,8.9555,0.339281
184.69679,8.9469,0.339281
184.69710,8.9621,0.327017
184.69741,8.9432,0.353657
184.69772,8.9611,0.324433
184.69803,8.9611,0.325145
184.69829,8.9451,0.325145
184.69860,8.9602,0.345665
184.69891,8.9525,0.315361
184.69922,8.9574,0.321745
184.69953,8.9592,0.331609
184.69984,8.9668,0.290433
184.70009,8.9648,0.290433
184.70040,8.9592,0.292041
184.70071,8.9545,0.296921
184.70102,8.9611,0.315753
184.70133,8.9611,0.332209
184.70164,8.9582,0.343081
184.70189,8.9611,0.343081
184.70220,8.9631,0.315857
184.70251,8.9574,0.351649
184.70282,8.9527,0.357033
184.70313,8.9518,0.349961
184.70339,8.9582,0.349961
184.70370,8.9555,0.359033
184.70401,8.9648,0.357241
184.70431,8.9582,0.317865
184.70463,8.9611,0.357929
184.70494,8.9545,0.331817
184.70519,8.9555,0.331817
184.70550,8.9584,0.332105
184.70581,8.9525,0.387761
184.70612,8.9525,0.344977
184.70643,8.9488,0.314673
184.70674,8.9582,0.357641
184.70699,8.9631,0.357641
184.70730,8.9621,0.325729
184.70761,8.9488,0.368113
184.70792,8.9498,0.333505
184.70823,8.9545,0.338801
184.70854,8.9592,0.320345
184.70879,8.9518,0.320345
184.70911,8.9518,0.324825
184.70942,8.9525,0.335697
184.70973,8.9564,0.371089
184.71004,8.9564,0.325641
184.71029,8.9545,0.325641
184.71060,8.9611,0.342289
184.71091,8.9564,0.360433
184.71122,8.9631,0.336801
184.71153,8.9574,0.337697
184.71184,8.9582,0.367897
184.71209,8.9535,0.367897
184.71240,8.9535,0.342081
184.71271,8.9658,0.348169
184.71302,8.9535,0.358137
184.71333,8.9584,0.337305
184.71358,8.9535,0.337305
184.71389,8.9582,0.331129
184.71420,8.9611,0.359137
184.71451,8.9592,0.337593
184.71483,8.9658,0.353657
184.71514,8.9535,0.345585
184.71539,8.9621,0.345585
184.71570,8.9535,0.327937
184.71601,8.9574,0.313273
184.71632,8.9611,0.319657
184.71663,8.9535,0.313673
184.71688,8.9621,0.313673
184.71719,8.9678,0.315169
184.71750,8.9631,0.325145
184.71781,8.9498,0.332105
184.71812,8.9611,0.331417
184.71843,8.9592,0.327225
184.71869,8.9688,0.327225
184.71900,8.9592,0.342889
184.71931,8.9592,0.335297
184.71961,8.9555,0.341185
184.71993,8.9518,0.337409
184.72024,8.9658,0.349361
184.72049,8.9535,0.349361
184.72080,8.9631,0.363121
184.72111,8.9611,0.320553
184.72142,8.9592,0.326433
184.72173,8.9582,0.329025
184.72199,8.9592,0.329025
184.72230,8.9574,0.333505
184.72261,8.9525,0.330025
184.72292,8.9631,0.329129
184.72323,8.9564,0.352865
184.72354,8.9602,0.365713
184.72379,8.9441,0.365713
184.72410,8.9648,0.369217
184.72441,8.9592,0.343873
184.72472,8.9592,0.339993
184.72503,8.9535,0.310185
184.72534,8.9658,0.316969
184.72559,8.9592,0.316969
184.72590,8.9564,0.317553
184.72621,8.9592,0.323745
184.72652,8.9648,0.334401
184.72683,8.9602,0.347665
184.72708,8.9592,0.347665
184.72740,8.9525,0.326329
184.72771,8.9621,0.351153
184.72802,8.9555,0.342681
184.72833,8.9592,0.326041
184.72863,8.9631,0.333905
184.72889,8.9621,0.333905
184.72920,8.9564,0.327329
184.72951,8.9527,0.330209
184.72982,8.9631,0.335297
184.73013,8.9705,0.330209
184.73044,8.9525,0.325433
184.73069,8.9508,0.325433
184.73100,8.9621,0.330209
184.73131,8.9621,0.329233
184.73162,8.9678,0.325729
184.73193,8.9518,0.378369
184.73218,8.9508,0.378369
184.73249,8.9555,0.335113
184.73280,8.9658,0.331129
184.73311,8.9658,0.319945
184.73342,8.9574,0.321449
184.73373,8.9518,0.333713
184.73399,8.9621,0.333713
184.73430,8.9574,0.332105
184.73461,8.9555,0.349065
184.73492,8.9535,0.368113
184.73522,8.9518,0.314673
184.73554,8.9592,0.319945
184.73579,8.9535,0.319945
184.73610,8.9488,0.330129
184.73641,8.9611,0.334609
184.73672,8.9574,0.343873
184.73703,8.9602,0.331521
184.73734,8.9527,0.313065
184.73759,8.9564,0.313065
184.73790,8.9545,0.325225
184.73821,8.9555,0.330625
184.73852,8.9564,0.335009
184.73883,8.9648,0.347481
184.73908,8.9582,0.347481
184.73940,8.9527,0.337305
184.73970,8.9479,0.355553
184.74002,8.9498,0.366713
184.74033,8.9525,0.372993
184.74064,8.9564,0.368905
184.74089,8.9631,0.368905
184.74120,8.9678,0.339385
184.74151,8.9715,0.307289
184.74182,8.9592,0.311977
184.74213,8.9469,0.323345
184.74244,8.9592,0.329337
184.74269,8.9564,0.329337
184.74300,8.9555,0.321641
184.74331,8.9479,0.320449
184.74362,8.9639,0.306393
184.74393,8.9611,0.312561
184.74418,8.9518,0.312561
184.74449,8.9668,0.320553
184.74480,8.9555,0.319761
184.74512,8.9535,0.331817
184.74543,8.9508,0.338305
184.74573,8.9631,0.340497
184.74599,8.9592,0.340497
184.74630,8.9525,0.330521
184.74661,8.9451,0.339097
184.74692,8.9508,0.329729
184.74723,8.9574,0.342289
184.74748,8.9639,0.342289
184.74779,8.9498,0.331817
184.74810,8.9631,0.322537
184.74841,8.9525,0.337305
184.74872,8.9498,0.333321
184.74903,8.9535,0.324033
184.74928,8.9545,0.324033
184.74959,8.9498,0.378369
184.74990,8.9602,0.317465
184.75021,8.9592,0.380081
184.75052,8.9564,0.373201
184.75083,8.9479,0.364521
184.75109,8.9592,0.364521
184.75140,8.9564,0.341889
184.75171,8.9545,0.324745
184.75202,8.9621,0.314065
184.75233,8.9518,0.317945
184.75258,8.9545,0.317945
184.75289,8.9631,0.321641
184.75320,8.9611,0.336009
184.75351,8.9621,0.333817
184.75382,8.9574,0.325041
184.75413,8.9545,0.333817
184.75438,8.9582,0.333817
184.75469,8.9602,0.335113
184.75500,8.9611,0.346273
184.75531,8.9545,0.338489
184.75562,8.9555,0.336113
184.75593,8.9631,0.314361
184.75618,8.9574,0.314361
184.75649,8.9582,0.321849
184.75680,8.9574,0.332921
184.75712,8.9611,0.327521
184.75743,8.9602,0.336297
184.75768,8.9668,0.336297
184.75799,8.9658,0.337097
184.75830,8.9584,0.322953
184.75861,8.9574,0.336113
184.75892,8.9545,0.329625
184.75923,8.9488,0.325041
184.75948,8.9508,0.325041
184.75979,8.9574,0.324033
184.76010,8.9631,0.325537
184.76041,8.9725,0.329521
184.76072,8.9582,0.379977
184.76103,8.9479,0.354345
184.76128,8.9545,0.354345
184.76159,8.9621,0.327625
184.76190,8.9621,0.330129
184.76221,8.9621,0.324937
184.76252,8.9564,0.328625
184.76283,8.9555,0.336905
184.76309,8.9535,0.336905
184.76340,8.9621,0.327329
184.76371,8.9508,0.361521
184.76402,8.9508,0.325537
184.76433,8.9648,0.313273
184.76458,8.9648,0.313273
184.76489,8.9648,0.326225
184.76520,8.9631,0.330209
184.76551,8.9574,0.327521
184.76582,8.9688,0.322137
184.76613,8.9631,0.310081
184.76638,8.9555,0.310081
184.76669,8.9564,0.314569
184.76700,8.9518,0.368297
184.76731,8.9535,0.370193
184.76762,8.9518,0.376681
184.76793,8.9574,0.365817
184.76818,8.9582,0.365817
184.76849,8.9639,0.314273
184.76881,8.9592,0.319153
184.76912,8.9574,0.320553
184.76943,8.9535,0.323241
184.76968,8.9574,0.323241
184.76999,8.9621,0.328521
184.77030,8.9602,0.293225
184.77061,8.9631,0.304889
184.77092,8.9592,0.310273
184.77123,8.9574,0.316465
184.77148,8.9648,0.316465
184.77179,8.9621,0.316969
184.77210,8.9564,0.331817
184.77241,8.9648,0.319257
184.77272,8.9564,0.337697
184.77303,8.9631,0.330521
184.77328,8.9582,0.330521
184.77359,8.9479,0.333401
184.77390,8.9621,0.340601
184.77421,8.9611,0.343289
184.77452,8.9621,0.327225
184.77478,8.9545,0.327225
184.77509,8.9658,0.331921
184.77540,8.9564,0.368217
184.77571,8.9621,0.317761
184.77602,8.9648,0.312169
184.77633,8.9725,0.295625
184.77658,8.9621,0.295625
184.77689,8.9688,0.307577
184.77720,8.9602,0.335801
184.77751,8.9555,0.338097
184.77782,8.9574,0.348465
184.77813,8.9621,0.343977
184.77838,8.9498,0.343977
184.77869,8.9555,0.337801
184.77900,8.9582,0.296817
184.77931,8.9602,0.287553
184.77962,8.9668,0.288449
184.77993,8.9631,0.287849
184.78018,8.9621,0.287849
184.78049,8.9688,0.292833
184.78080,8.9555,0.310377
184.78112,8.9611,0.306185
184.78143,8.9639,0.318761
184.78168,8.9668,0.318761
184.78199,8.9602,0.312769
184.78230,8.9668,0.294817
184.78261,8.9592,0.298217
184.78292,8.9621,0.299817
184.78323,8.9602,0.299113
184.78348,8.9668,0.299113
184.78379,8.9658,0.298425
184.78410,8.9658,0.299009
184.78441,8.9584,0.293337
184.78472,8.9705,0.312881
184.78503,8.9611,0.295713
184.78528,8.9631,0.295713
184.78559,8.9611,0.306601
184.78590,8.9668,0.297609
184.78621,8.9678,0.301905
184.78652,8.9564,0.316865
184.78678,8.9498,0.316865
184.78709,8.9592,0.320737
184.78740,8.9648,0.316569
184.78771,8.9639,0.315753
184.78802,8.9564,0.319657
184.78833,8.9564,0.318553
184.78858,8.9592,0.318553
184.78889,8.9584,0.312881
184.78920,8.9668,0.317361
184.78951,8.9525,0.316569
184.78982,8.9498,0.351465
184.79013,8.9564,0.315753
184.79038,8.9592,0.315753
184.79069,8.9535,0.310873
184.79100,8.9592,0.316257
184.79131,8.9564,0.317361
184.79162,8.9555,0.315673
184.79193,8.9545,0.320345
184.79218,8.9574,0.320345
184.79249,8.9574,0.316153
184.79280,8.9545,0.373593
184.79311,8.9641,0.333713
184.79343,8.9621,0.339097
184.79368,8.9582,0.339097
184.79399,8.9631,0.338305
184.79430,8.9592,0.322057
184.79461,8.9592,0.328625
184.79492,8.9582,0.330713
184.79523,8.9535,0.333817
184.79548,8.9592,0.333817
184.79579,8.9582,0.341289
184.79610,8.9574,0.320049
184.79641,8.9688,0.329521
184.79672,8.9602,0.335905
184.79703,8.9621,0.332609
184.79728,8.9582,0.332609
184.79759,8.9518,0.326833
184.79790,8.9451,0.325937
184.79821,8.9592,0.314273
184.79852,8.9564,0.324537
184.79877,8.9574,0.324537
184.79909,8.9668,0.331817
184.79940,8.9527,0.322241
184.79970,8.9611,0.321553
184.80002,8.9611,0.329313
184.80033,8.9678,0.321553
184.80058,8.9641,0.321553
184.80089,8.9574,0.337993
184.80120,8.9631,0.332209
184.80151,8.9621,0.332209
184.80182,8.9631,0.322953
184.80213,8.9574,0.316465
184.80238,8.9525,0.316465
184.80269,8.9535,0.299905
184.80300,8.9592,0.301409
184.80331,8.9688,0.314569
184.80362,8.9535,0.324033
184.80393,8.9479,0.324937
184.80418,8.9385,0.324937
184.80449,8.9545,0.402505
184.80480,8.9527,0.360833
184.80512,8.9564,0.337593
184.80543,8.9611,0.314961
184.80568,8.9592,0.314961
184.80599,8.9631,0.307497
184.80630,8.9678,0.312065
184.80661,8.9602,0.315361
184.80692,8.9648,0.310377
184.80717,8.9602,0.310377
184.80748,8.9592,0.344977
184.80779,8.9639,0.302801
184.80810,8.9564,0.307081
184.80841,8.9555,0.310081
184.80872,8.9592,0.318153
184.80897,8.9648,0.318153
184.80928,8.9479,0.319761
184.80959,8.9602,0.293833
184.80990,8.9648,0.293337
184.81021,8.9611,0.302993
184.81052,8.9648,0.296129
184.81078,8.9555,0.296129
184.81109,8.9592,0.319257
184.81140,8.9621,0.327329
184.81171,8.9592,0.328729
184.81202,8.9639,0.329729
184.81227,8.9611,0.329729
184.81258,8.9518,0.339097
184.81289,8.9488,0.337409
184.81320,8.9668,0.326329
184.81351,8.9611,0.331609
184.81382,8.9555,0.369401
184.81407,8.9479,0.369401
184.81438,8.9535,0.368713
184.81469,8.9518,0.366817
184.81500,8.9631,0.313961
184.81531,8.9611,0.331417
184.81562,8.9535,0.343785
184.81587,8.9582,0.343785
184.81618,8.9574,0.325225
184.81649,8.9564,0.336905
184.81681,8.9555,0.327729
184.81712,8.9592,0.319553
184.81737,8.9648,0.319553
184.81768,8.9602,0.329729
184.81799,8.9535,0.344585
184.81830,8.9488,0.348169
184.81861,8.9395,0.410681
184.81892,8.9584,0.347273
184.81917,8.9725,0.347273
184.81948,8.9545,0.325937
184.81979,8.9545,0.329625
184.82010,8.9535,0.333817
184.82041,8.9555,0.325641
184.82072,8.9518,0.336697
184.82097,8.9479,0.336697
184.82128,8.9498,0.320345
184.82159,8.9518,0.373785
184.82190,8.9574,0.330625
184.82221,8.9631,0.334401
184.82252,8.9582,0.326433
184.82278,8.9479,0.326433
184.82309,8.9508,0.328521
184.82340,8.9688,0.322537
184.82371,8.9584,0.332313
184.82402,8.9602,0.334713
184.82427,8.9592,0.334713
184.82458,8.9545,0.336801
184.82489,8.9527,0.331129
184.82520,8.9582,0.313569
184.82551,8.9592,0.321345
184.82582,8.9564,0.327729
184.82607,8.9584,0.327729
184.82638,8.9555,0.330313
184.82669,8.9451,0.325041
184.82700,8.9518,0.334217
184.82731,8.9545,0.317969
184.82762,8.9631,0.329129
184.82787,8.9592,0.329129
184.82818,8.9498,0.330713
184.82849,8.9564,0.333505
184.82881,8.9574,0.339097
184.82912,8.9611,0.342577
184.82937,8.9525,0.342577
184.82968,8.9602,0.322641
184.82999,8.9584,0.336905
184.83030,8.9631,0.338097
184.83061,8.9451,0.365209
184.83092,8.9555,0.382769
184.83117,8.9535,0.382769
184.83148,8.9668,0.372993
184.83179,8.9555,0.325937
184.83210,8.9592,0.334113
184.83241,8.9592,0.328017
184.83272,8.9508,0.317465
184.83297,8.9488,0.317465
184.83328,8.9498,0.362625
184.83359,8.9631,0.322745
184.83390,8.9611,0.312377
184.83421,8.9518,0.320449
184.83452,8.9602,0.315961
184.83478,8.9621,0.315961
184.83509,8.9621,0.326937
184.83540,8.9611,0.320449
184.83571,8.9602,0.326121
184.83602,8.9611,0.376977
184.83627,8.9469,0.376977
184.83658,8.9535,0.366713
184.83689,8.9648,0.325433
184.83720,8.9535,0.331129
184.83751,8.9555,0.322537
184.83782,8.9584,0.324433
184.83807,8.9525,0.324433
184.83838,8.9488,0.330625
184.83869,8.9582,0.335297
184.83900,8.9555,0.336009
184.83931,8.9621,0.325225
184.83962,8.9639,0.313881
184.83987,8.9555,0.313881
184.84018,8.9582,0.321057
184.84049,8.9545,0.331921
184.84081,8.9564,0.373785
184.84112,8.9545,0.371905
184.84137,8.9508,0.371905
184.84168,8.9555,0.366025
184.84199,8.9639,0.324937
184.84230,8.9611,0.329625
184.84261,8.9564,0.337697
184.84292,8.9602,0.323345
184.84317,8.9592,0.323345
184.84348,8.9574,0.330209
184.84379,8.9535,0.308473
184.84410,8.9705,0.319345
184.84441,8.9631,0.335113
184.84472,8.9508,0.338097
184.84497,8.9479,0.338097
184.84528,8.9602,0.350465
184.84559,8.9555,0.351065
184.84590,8.9678,0.322137
184.84621,8.9602,0.326937
184.84647,8.9582,0.326937
184.84678,8.9602,0.335297
184.84709,8.9621,0.324537
184.84740,8.9592,0.334113
184.84771,8.9479,0.403401
184.84802,8.9592,0.317865
184.84827,8.9592,0.317865
184.84858,8.9564,0.323929
184.84889,8.9518,0.341889
184.84920,8.9545,0.322745
184.84951,8.9582,0.329233
184.84976,8.9518,0.329233
184.85008,8.9602,0.356057
184.85039,8.9564,0.322953
184.85070,8.9555,0.355553
184.85100,8.9535,0.333817
184.85131,8.9498,0.324641
184.85162,8.9584,0.338305
184.85188,8.9535,0.338305
184.85219,8.9574,0.351361
184.85250,8.9621,0.321057
184.85281,8.9602,0.360625
184.85312,8.9479,0.334321
184.85338,8.9592,0.334321
184.85369,8.9508,0.333401
184.85399,8.9527,0.349273
184.85430,8.9592,0.323433
184.85461,8.9545,0.325537
184.85492,8.9658,0.359137
184.85518,8.9611,0.359137
184.85549,8.9639,0.329233
184.85580,8.9621,0.336409
184.85611,8.9432,0.331921
184.85642,8.9648,0.320737
184.85673,8.9592,0.325145
184.85698,8.9535,0.325145
184.85729,8.9545,0.361225
184.85760,8.9631,0.337305
184.85791,8.9518,0.369217
184.85822,8.9518,0.333713
184.85853,8.9498,0.329313
184.85878,8.9535,0.329313
184.85910,8.9641,0.336113
184.85941,8.9555,0.327329
184.85972,8.9611,0.344481
184.86003,8.9535,0.373801
184.86028,8.9469,0.373801
184.86059,8.9639,0.329233
184.86090,8.9621,0.346273
184.86121,8.9498,0.367001
184.86152,8.9555,0.328729
184.86183,8.9518,0.338097
184.86208,8.9469,0.338097
184.86239,8.9574,0.411889
184.86270,8.9564,0.328921
184.86301,8.9631,0.354049
184.86332,8.9441,0.364625
184.86363,8.9582,0.326729
184.86388,8.9631,0.326729
184.86419,8.9574,0.331313
184.86450,8.9545,0.322137
184.86481,8.9602,0.334505
184.86512,8.9564,0.395537
184.86538,8.9525,0.395537
184.86569,8.9584,0.357449
184.86600,8.9602,0.331129
184.86631,8.9564,0.349961
184.86661,8.9508,0.318049
184.86693,8.9498,0.332105
184.86718,8.9602,0.332105
184.86749,8.9545,0.357929
184.86780,8.9582,0.323033
184.86811,8.9545,0.333505
184.86842,8.9488,0.361121
184.86873,8.9555,0.324537
184.86898,8.9555,0.324537
184.86929,8.9525,0.332921
184.86960,8.9488,0.345873
184.86991,8.9574,0.326729
184.87022,8.9469,0.334217
184.87053,8.9471,0.348169
184.87078,8.9525,0.348169
184.87109,8.9688,0.321953
184.87140,8.9621,0.363809
184.87171,8.9385,0.335905
184.87202,8.9582,0.343873
184.87228,8.9555,0.343873
184.87259,8.9621,0.350257
184.87290,8.9545,0.327729
184.87321,8.9582,0.335697
184.87352,8.9584,0.368009
184.87383,8.9611,0.335009
184.87408,8.9744,0.335009
184.87439,8.9592,0.341577
184.87470,8.9479,0.335505
184.87501,8.9648,0.319945
184.87532,8.9631,0.295417
184.87563,8.9602,0.327225
184.87588,8.9631,0.327225
184.87619,8.9688,0.299505
184.87650,8.9621,0.372201
184.87681,8.9545,0.348961
184.87712,8.9621,0.304385
184.87738,8.9592,0.304385
184.87769,8.9555,0.320345
184.87800,8.9592,0.306289
184.87831,8.9648,0.304889
184.87862,8.9611,0.334009
184.87892,8.9535,0.320153
184.87918,8.9658,0.320153
184.87949,8.9535,0.307977
184.87980,8.9545,0.343785
184.88011,8.9535,0.302993
184.88042,8.9574,0.297921
184.88073,8.9574,0.339201
184.88098,8.9639,0.339201
184.88129,8.9668,0.312169
184.88160,8.9658,0.302409
184.88191,8.9678,0.328121
184.88222,8.9582,0.297025
184.88253,8.9602,0.294625
184.88278,8.9668,0.294625
184.88309,8.9535,0.323745
184.88340,8.9574,0.303489
184.88371,8.9678,0.315569
184.88402,8.9621,0.331817
184.88428,8.9564,0.331817
184.88459,8.9621,0.300009
184.88490,8.9725,0.329025
184.88521,8.9525,0.289937
184.88551,8.9631,0.285049
184.88583,8.9631,0.303201
184.88608,8.9545,0.303201
184.88639,8.9705,0.331313
184.88670,8.9641,0.297025
184.88701,8.9592,0.362833
184.88732,8.9535,0.329817
184.88763,8.9574,0.333113
184.88788,8.9592,0.333113
184.88819,8.9498,0.357929
184.88850,8.9508,0.324937
184.88881,8.9631,0.316865
184.88912,8.9658,0.283945
184.88938,8.9631,0.283945
184.88968,8.9648,0.282257
184.88999,8.9545,0.322953
184.89030,8.9648,0.327521
184.89061,8.9574,0.321057
184.89092,8.9564,0.359033
184.89118,8.9592,0.359033
184.89149,8.9592,0.354841
184.89180,8.9479,0.348065
184.89211,8.9535,0.336113
184.89242,8.9611,0.296817
184.89273,8.9639,0.295625
184.89298,8.9602,0.295625
184.89329,8.9611,0.296209
184.89360,8.9688,0.287745
184.89391,8.9574,0.354737
184.89422,8.9535,0.328521
184.89447,8.9631,0.328521
184.89478,8.9525,0.317465
184.89509,8.9525,0.317361
184.89540,8.9582,0.314169
184.89571,8.9705,0.316065
184.89602,8.9564,0.304889
184.89627,8.9582,0.304889
184.89658,8.9602,0.319449
184.89689,8.9611,0.309377
184.89720,8.9611,0.294129
184.89751,8.9725,0.270497
184.89782,8.9648,0.270601
184.89808,8.9678,0.270601
184.89838,8.9639,0.271601
184.89870,8.9658,0.256041
184.89901,8.9592,0.258729
184.89931,8.9631,0.258729
184.89962,8.9725,0.274289
184.89988,8.9705,0.274289
184.90019,8.9697,0.276585
184.90050,8.9611,0.278961
184.90081,8.9648,0.290041
184.90112,8.9631,0.285657
184.90137,8.9611,0.285657
184.90168,8.9602,0.274481
184.90199,8.9631,0.273497
184.90230,8.9695,0.268201
184.90261,8.9535,0.269097
184.90292,8.9648,0.268801
184.90318,8.9668,0.268801
184.90349,8.9648,0.272097
184.90380,8.9744,0.269705
184.90411,8.9801,0.269489
184.90441,8.9592,0.270889
184.90467,8.9648,0.270889
184.90498,8.9602,0.271201
184.90529,8.9705,0.270393
184.90560,8.9705,0.313169
184.90591,8.9641,0.271889
184.90622,8.9678,0.270497
184.90647,8.9705,0.270497
184.90678,8.9715,0.268697
184.90709,8.9678,0.271993
184.90740,8.9668,0.271785
184.90771,8.9611,0.271889
184.90802,8.9715,0.273977
184.90827,8.9715,0.273977
184.90858,8.9648,0.299505
184.90889,8.9658,0.271889
184.90920,8.9639,0.270201
184.90951,8.9611,0.270705
184.90982,8.9621,0.268905
184.91007,8.9611,0.268905
184.91038,8.9688,0.270889
184.91069,8.9678,0.271497
184.91100,8.9658,0.270705
184.91131,8.9744,0.267113
184.91162,8.9641,0.271097
184.91187,8.9668,0.271097
184.91218,8.9678,0.270889
184.91249,8.9734,0.271497
184.91281,8.9771,0.269489
184.91312,8.9658,0.307289
184.91337,8.9631,0.307289
184.91368,8.9527,0.304993
184.91399,8.9602,0.290641
184.91430,8.9658,0.265009
184.91461,8.9658,0.264905
184.91492,8.9602,0.263713
184.91517,8.9688,0.263713
184.91548,8.9668,0.262025
184.91579,8.9781,0.266009
184.91610,8.9639,0.268513
184.91641,8.9762,0.252345
184.91672,8.9715,0.250345
184.91698,8.9564,0.250345
184.91728,8.9658,0.252057
184.91759,8.9648,0.254937
184.91790,8.9695,0.257625
184.91821,8.9771,0.268009
184.91847,8.9639,0.268009
184.91878,8.9641,0.269489
184.91909,8.9631,0.280857
184.91940,8.9658,0.271785
184.91971,8.9715,0.269889
184.92002,8.9555,0.310977
184.92027,8.9621,0.310977
184.92058,8.9648,0.269705
184.92089,8.9744,0.271393
184.92120,8.9621,0.273897
184.92151,8.9695,0.276481
184.92177,8.9658,0.276481
184.92208,8.9631,0.273681
184.92239,8.9688,0.273681
184.92270,8.9705,0.281169
184.92301,8.9574,0.315569
184.92332,8.9602,0.305785
184.92357,8.9535,0.305785
184.92388,8.9555,0.312881
184.92419,8.9592,0.308577
184.92450,8.9725,0.270785
184.92481,8.9688,0.275377
184.92512,8.9678,0.278169
184.92537,8.9678,0.278169
184.92568,8.9762,0.264321
184.92599,8.9678,0.259129
184.92630,8.9695,0.261417
184.92661,8.9611,0.274481
184.92687,8.9688,0.274481
184.92718,8.9621,0.277665
184.92749,8.9668,0.273289
184.92780,8.9631,0.290937
184.92810,8.9668,0.281753
184.92842,8.9678,0.268697
184.92867,8.9705,0.268697
184.92898,8.9678,0.269889
184.92929,8.9668,0.269889
184.92960,8.9498,0.269993
184.92991,8.9678,0.271497
184.93022,8.9631,0.266409
184.93047,8.9695,0.266409
184.93078,8.9564,0.269993
184.93109,8.9658,0.264009
184.93140,8.9754,0.259337
184.93171,8.9648,0.270305
184.93202,8.9648,0.262921
184.93227,8.9631,0.262921
184.93258,8.9688,0.269593
184.93289,8.9648,0.266513
184.93320,8.9658,0.266905
184.93351,8.9715,0.266617
184.93377,8.9688,0.266617
184.93407,8.9688,0.268201
184.93438,8.9648,0.267697
184.93469,8.9582,0.273681
184.93500,8.9697,0.278777
184.93531,8.9658,0.272289
184.93557,8.9688,0.272289
184.93588,8.9678,0.266513
184.93619,8.9658,0.264817
184.93649,8.9592,0.266217
184.93681,8.9668,0.265801
184.93712,8.9678,0.262921
184.93737,8.9592,0.262921
184.93768,8.9631,0.304993
184.93799,8.9658,0.263921
184.93830,8.9639,0.262425
184.93861,8.9631,0.263113
184.93892,8.9668,0.263025
184.93917,8.9621,0.263025
184.93948,8.9744,0.261313
184.93979,8.9695,0.271201
184.94010,8.9631,0.299009
184.94041,8.9545,0.301513
184.94066,8.9621,0.301513
184.94097,8.9648,0.305201
184.94128,8.9697,0.261625
184.94159,8.9734,0.261817
184.94190,8.9688,0.252849
184.94221,8.9611,0.264817
184.94247,8.9648,0.264817
184.94278,8.9715,0.263321
184.94309,8.9648,0.260625
184.94528,8.9688,0.263609
184.94704,8.9725,0.264009
184.94880,8.9725,0.302305
184.95056,8.9545,0.304489
184.95232,8.9611,0.256729
184.95408,8.9658,0.260921
184.95584,8.9715,0.266801
184.95760,8.9762,0.265297
184.95779,8.9648,0.266801
184.95810,8.9648,0.265905
184.95841,8.9762,0.265113
184.95866,8.9695,0.265113
184.95897,8.9648,0.265009
184.95928,8.9648,0.263025
184.95959,8.9621,0.264505
184.95990,8.9658,0.264505
184.96021,8.9658,0.262713
184.96046,8.9734,0.262713
184.96077,8.9648,0.264113
184.96108,8.9564,0.266617
184.96139,8.9688,0.264217
184.96170,8.9668,0.262921
184.96201,8.9668,0.264905
184.96226,8.9648,0.264905
184.96257,8.9697,0.267113
184.96289,8.9658,0.262425
184.96320,8.9688,0.287137
184.96351,8.9658,0.301905
184.96376,8.9621,0.301905
184.96407,8.9621,0.265505
184.96438,8.9725,0.263609
184.96469,8.9621,0.270305
184.96500,8.9631,0.264817
184.96531,8.9639,0.255353
184.96556,8.9715,0.255353
184.96587,8.9678,0.260625
184.96618,8.9648,0.298905
184.96649,8.9584,0.282361
184.96680,8.9574,0.261521
184.96711,8.9658,0.262529
184.96736,8.9668,0.262529
184.96767,8.9658,0.260625
184.96798,8.9631,0.260921
184.96829,8.9648,0.262633
184.96860,8.9641,0.264009
184.96891,8.9715,0.262529
184.96917,8.9648,0.262529
184.96948,8.9631,0.262321
184.96979,8.9668,0.262529
184.97010,8.9688,0.264425
184.97041,8.9592,0.264905
184.97066,8.9555,0.264905
184.97097,8.9668,0.265905
184.97128,8.9688,0.266697
184.97159,8.9705,0.266513
184.97190,8.9668,0.264713
184.97221,8.9658,0.264713
184.97247,8.9705,0.264713
184.97278,8.9611,0.264009
184.97309,8.9678,0.259521
184.97339,8.9668,0.263321
184.97371,8.9678,0.263817
184.97402,8.9611,0.263609
184.97427,8.9668,0.263609
184.97458,8.9688,0.262425
184.97489,8.9658,0.262633
184.97520,8.9631,0.262713
184.97551,8.9678,0.264217
184.97577,8.9678,0.264217
184.97608,8.9697,0.261713
184.97638,8.9734,0.261713
184.97670,8.9715,0.260921
184.97701,8.9715,0.262529
184.97726,8.9648,0.262529
184.97757,8.9648,0.269409
184.97788,8.9574,0.304993
184.97819,8.9545,0.304993
184.97850,8.9631,0.266617
184.97881,8.9631,0.260625
184.97906,8.9695,0.260625
184.97937,8.9582,0.260233
184.97968,8.9725,0.253641
184.97999,8.9668,0.263025
184.98030,8.9715,0.245961
184.98061,8.9658,0.266617
184.98086,8.9621,0.266617
184.98117,8.9715,0.286953
184.98149,8.9688,0.243273
184.98180,8.9688,0.257537
184.98211,8.9668,0.255145
184.98236,8.9678,0.255145
184.98267,8.9648,0.271097
184.98298,8.9602,0.277985
184.98329,8.9658,0.261521
184.98360,8.9621,0.264905
184.98391,8.9639,0.263505
184.98416,8.9678,0.263505
184.98447,8.9725,0.269593
184.98478,8.9705,0.268009
184.98509,8.9658,0.267801
184.98540,8.9648,0.262529
184.98571,8.9705,0.266801
184.98596,8.9734,0.266801
184.98627,8.9725,0.265721
184.98658,8.9744,0.267305
184.98689,8.9639,0.292729
184.98720,8.9574,0.301617
184.98746,8.9762,0.301617
184.98777,8.9688,0.303305
184.98808,8.9668,0.301697
184.98839,8.9582,0.273793
184.98870,8.9631,0.268409
184.98901,8.9658,0.255041
184.98926,8.9705,0.255041
184.98957,8.9688,0.259233
184.98988,8.9648,0.254137
184.99019,8.9734,0.261713
184.99050,8.9611,0.271889
184.99081,8.9705,0.269305
184.99106,8.9611,0.269305
184.99137,8.9639,0.273081
184.99168,8.9648,0.282361
184.99199,8.9592,0.273497
184.99230,8.9668,0.312377
184.99261,8.9592,0.268697
184.99286,8.9705,0.268697
184.99318,8.9705,0.268593
184.99349,8.9697,0.261521
184.99380,8.9648,0.279273
184.99411,8.9602,0.268009
184.99436,8.9678,0.268009
184.99467,8.9639,0.266697
184.99498,8.9668,0.263609
184.99529,8.9592,0.308081
184.99560,8.9668,0.264009
184.99591,8.9678,0.264713
184.99616,8.9715,0.264713
184.99647,8.9658,0.265609
184.99678,8.9658,0.265505
184.99709,8.9668,0.263505
184.99740,8.9695,0.263425
184.99771,8.9668,0.261313
184.99796,8.9648,0.261313
184.99827,8.9752,0.260729
184.99858,8.9695,0.262321
184.99889,8.9658,0.261817
184.99921,8.9688,0.264817
184.99946,8.9781,0.264817
184.99977,8.9668,0.268593
185.00008,8.9695,0.263321
185.00039,8.9648,0.265609
185.00070,8.9762,0.264609
185.00101,8.9688,0.264009
185.00126,8.9631,0.264009
185.00157,8.9678,0.265113
185.00188,8.9734,0.263321
185.00219,8.9658,0.265401
185.00250,8.9695,0.266217
185.00281,8.9639,0.263713
185.00306,8.9678,0.263713
185.00337,8.9705,0.263609
185.00368,8.9668,0.299009
185.00399,8.9631,0.298425
185.00430,8.9678,0.300113
185.00461,8.9668,0.296921
185.00486,8.9695,0.296921
185.00518,8.9695,0.262217
185.00549,8.9574,0.257729
185.00580,8.9631,0.263505
185.00611,8.9668,0.261417
185.00636,8.9592,0.261417
185.00667,8.9688,0.260625
185.00698,8.9564,0.255433
185.00729,8.9762,0.244273
185.00760,8.9752,0.243065
185.00791,8.9734,0.246673
185.00816,8.9725,0.246673
185.00847,8.9725,0.247465
185.00878,8.9695,0.260921
185.00909,8.9695,0.265505
185.00940,8.9688,0.273793
185.00971,8.9602,0.308873
185.00996,8.9631,0.308873
185.01027,8.9688,0.262217
185.01058,8.9725,0.261625
185.01090,8.9668,0.261417
185.01121,8.9611,0.262321
185.01146,8.9631,0.262321
185.01177,8.9715,0.263921
185.01208,8.9658,0.268305
185.01239,8.9592,0.268201
185.01270,8.9611,0.265113
185.01295,8.9668,0.265113
185.01326,8.9648,0.264113
185.01357,8.9668,0.263817
185.01388,8.9688,0.302905
185.01419,8.9678,0.300009
185.01450,8.9668,0.298321
185.01476,8.9705,0.298321
185.01507,8.9715,0.253241
185.01537,8.9639,0.263217
185.01569,8.9621,0.258729
185.01600,8.9744,0.251745
185.01630,8.9771,0.253137
185.01656,8.9688,0.253137
185.01687,8.9648,0.252345
185.01718,8.9705,0.259337
185.01749,8.9498,0.268097
185.01780,8.9695,0.269385
185.01806,8.9688,0.269385
185.01836,8.9705,0.279065
185.01868,8.9621,0.274081
185.01899,8.9658,0.261313
185.01930,8.9564,0.265113
185.01960,8.9678,0.268993
185.01986,8.9611,0.268993
185.02017,8.9781,0.265217
185.02048,8.9582,0.279361
185.02079,8.9621,0.294417
185.02110,8.9658,0.293921
185.02141,8.9621,0.288641
185.02166,8.9582,0.288641
185.02197,8.9688,0.297713
185.02228,8.9678,0.265401
185.02259,8.9688,0.285265
185.02290,8.9545,0.288537
185.02315,8.9631,0.288537
185.02347,8.9715,0.263609
185.02378,8.9545,0.295625
185.02409,8.9555,0.307185
185.02439,8.9641,0.276873
185.02471,8.9648,0.290729
185.02496,8.9592,0.290729
185.02527,8.9641,0.282361
185.02558,8.9658,0.265721
185.02589,8.9592,0.298113
185.02620,8.9658,0.268097
185.02651,8.9725,0.266905
185.02676,8.9648,0.266905
185.02707,8.9479,0.295233
185.02738,8.9668,0.268593
185.02769,8.9695,0.271785
185.02800,8.9621,0.300505
185.02831,8.9695,0.266305
185.02856,8.9592,0.266305
185.02887,8.9631,0.300297
185.02919,8.9678,0.269201
185.02950,8.9639,0.262921
185.02981,8.9611,0.273185
185.03006,8.9525,0.273185
185.03037,8.9744,0.298113
185.03068,8.9678,0.262529
185.03099,8.9525,0.296209
185.03130,8.9602,0.266617
185.03161,8.9648,0.256833
185.03186,8.9621,0.256833
185.03217,8.9639,0.280961
185.03248,8.9705,0.262529
185.03279,8.9725,0.265609
185.03310,8.9592,0.300009
185.03335,8.9592,0.300009
185.03366,8.9658,0.265609
185.03397,8.9648,0.266193
185.03428,8.9574,0.287745
185.03459,8.9695,0.269305
185.03490,8.9705,0.266113
185.03516,8.9602,0.266113
185.03547,8.9611,0.299321
185.03578,8.9545,0.308473
185.03609,8.9688,0.293833
185.03640,8.9574,0.279673
185.03671,8.9611,0.264609
185.03696,8.9611,0.264609
185.03727,8.9648,0.266697
185.03758,8.9658,0.266617
185.03789,8.9648,0.264905
185.03820,8.9611,0.300217
185.03845,8.9621,0.300217
185.03876,8.9639,0.297609
185.03907,8.9678,0.297105
185.03938,8.9715,0.301193
185.03969,8.9648,0.263921
185.04000,8.9631,0.266217
185.04025,8.9611,0.266217
185.04056,8.9688,0.303801
185.04087,8.9688,0.266113
185.04119,8.9582,0.282865
185.04150,8.9602,0.298817
185.04175,8.9641,0.298817
185.04206,8.9678,0.267905
185.04237,8.9611,0.264321
185.04268,8.9688,0.264321
185.04299,8.9715,0.262129
185.04330,8.9762,0.284049
185.04355,8.9602,0.284049
185.04386,8.9592,0.288345
185.04417,8.9705,0.267513
185.04448,8.9639,0.298009
185.04479,8.9648,0.273897
185.04510,8.9688,0.262129
185.04535,8.9705,0.262129
185.04566,8.9648,0.289641
185.04597,8.9744,0.263505
185.04628,8.9602,0.263817
185.04659,8.9641,0.303305
185.04690,8.9668,0.261521
185.04716,8.9752,0.261521
185.04747,8.9639,0.265217
185.04778,8.9715,0.275185
185.04809,8.9648,0.259521
185.04840,8.9725,0.265009
185.04865,8.9621,0.265009
185.04896,8.9715,0.294625
185.04927,8.9678,0.260233
185.04958,8.9631,0.294337
185.04989,8.9555,0.267513
185.05020,8.9602,0.303993
185.05045,8.9705,0.303993
185.05076,8.9564,0.269889
185.05107,8.9668,0.260817
185.05138,8.9621,0.262217
185.05169,8.9688,0.297529
185.05200,8.9648,0.264905
185.05225,8.9641,0.264905
185.05256,8.9668,0.264905
185.05288,8.9584,0.296625
185.05319,8.9574,0.311769
185.05350,8.9668,0.264217
185.05376,8.9725,0.264217
185.05407,8.9611,0.303097
185.05438,8.9574,0.277665
185.05469,8.9705,0.294417
185.05499,8.9631,0.300609
185.05525,8.9658,0.300609
185.05556,8.9705,0.268993
185.05587,8.9611,0.270785
185.05618,8.9658,0.268593
185.05649,8.9688,0.268097
185.05680,8.9715,0.294921
185.05705,8.9621,0.294921
185.05736,8.9639,0.282465
185.05767,8.9639,0.265721
185.05798,8.9545,0.300297
185.05829,8.9639,0.266193
185.05860,8.9668,0.266305
185.05885,8.9621,0.266305
185.05917,8.9621,0.302697
185.05948,8.9715,0.271201
185.05979,8.9678,0.276081
185.06010,8.9658,0.307577
185.06035,8.9631,0.307577
185.06066,8.9715,0.279169
185.06097,8.9631,0.272993
185.06128,8.9658,0.269889
185.06159,8.9688,0.261921
185.06190,8.9574,0.259233
185.06215,8.9648,0.259233
185.06246,8.9705,0.262321
185.06277,8.9621,0.259233
185.06308,8.9695,0.280361
185.06339,8.9668,0.257225
185.06370,8.9734,0.279857
185.06395,8.9688,0.279857
185.06426,8.9611,0.305993
185.06457,8.9518,0.357849
185.06488,8.9518,0.316649
185.06520,8.9574,0.310273
185.06545,8.9668,0.310273
185.06576,8.9574,0.307977
185.06607,8.9545,0.308793
185.06638,8.9668,0.277377
185.06669,8.9602,0.284657
185.06700,8.9564,0.318761
185.06725,8.9602,0.318761
185.06756,8.9555,0.321449
185.06787,8.9592,0.321137
185.06818,8.9611,0.322137
185.06849,8.9574,0.322537
185.06880,8.9488,0.325641
185.06905,8.9631,0.325641
185.06936,8.9602,0.343681
185.06967,8.9602,0.331417
185.06998,8.9592,0.316361
185.07029,8.9574,0.271785
185.07060,8.9648,0.279465
185.07085,8.9621,0.279465
185.07117,8.9602,0.278961
185.07148,8.9695,0.303593
185.07179,8.9611,0.303201
185.07210,8.9668,0.301617
185.07235,8.9555,0.301617
185.07266,8.9631,0.308473
185.07297,8.9639,0.320049
185.07328,8.9582,0.317257
185.07359,8.9518,0.305497
185.07390,8.9658,0.298713
185.07415,8.9602,0.298713
185.07446,8.9648,0.280465
185.07477,8.9658,0.264609
185.07508,8.9631,0.269097
185.07539,8.9705,0.266617
185.07570,8.9631,0.268697
185.07595,8.9611,0.268697
185.07626,8.9592,0.267409
185.07657,8.9668,0.272577
185.07688,8.9705,0.268009
185.07720,8.9668,0.264713
185.07745,8.9678,0.264713
185.07776,8.9602,0.266009
185.07807,8.9688,0.266617
185.07838,8.9668,0.265113
185.07869,8.9611,0.265009
185.07900,8.9648,0.306185
185.07925,8.9631,0.306185
185.07956,8.9734,0.285849
185.07987,8.9621,0.264905
185.08018,8.9688,0.265217
185.08049,8.9678,0.262321
185.08080,8.9631,0.264505
185.08105,8.9564,0.264505
185.08136,8.9688,0.262025
185.08167,8.9715,0.259921
185.08198,8.9695,0.317049
185.08229,8.9582,0.264905
185.08260,8.9639,0.266305
185.08285,8.9631,0.266305
185.08316,8.9582,0.267305
185.08348,8.9518,0.266305
185.08379,8.9564,0.268097
185.08410,8.9648,0.264321
185.08435,8.9658,0.264321
185.08466,8.9648,0.264905
185.08497,8.9688,0.265505
185.08528,8.9762,0.265321
185.08559,8.9688,0.265217
185.08590,8.9668,0.292225
185.08615,8.9668,0.292225
185.08646,8.9602,0.302993
185.08677,8.9602,0.299817
185.08708,8.9602,0.261713
185.08739,8.9602,0.256329
185.08770,8.9668,0.270889
185.08795,8.9631,0.270889
185.08826,8.9641,0.252849
185.08857,8.9611,0.259417
185.08888,8.9611,0.254745
185.08920,8.9695,0.250657
185.08945,8.9697,0.250657
185.08976,8.9641,0.249449
185.09007,8.9678,0.245361
185.09038,8.9648,0.251849
185.09069,8.9762,0.254033
185.09100,8.9648,0.265505
185.09125,8.9621,0.265505
185.09156,8.9574,0.264505
185.09187,8.9658,0.270497
185.09218,8.9725,0.260817
185.09249,8.9668,0.261713
185.09280,8.9744,0.260921
185.09305,8.9648,0.260921
185.09336,8.9648,0.260521
185.09367,8.9564,0.312065
185.09398,8.9678,0.261817
185.09429,8.9592,0.263113
185.09454,8.9658,0.263113
185.09485,8.9678,0.267009
185.09517,8.9801,0.261817
185.09548,8.9639,0.262129
185.09579,8.9688,0.273497
185.09604,8.9582,0.273497
185.09635,8.9658,0.304097
185.09666,8.9555,0.341785
185.09697,8.9621,0.268697
185.09728,8.9631,0.271601
185.09759,8.9631,0.273081
185.09785,8.9695,0.273081
185.09815,8.9688,0.270201
185.09846,8.9715,0.250953
185.09877,8.9668,0.249449
185.09908,8.9631,0.251553
185.09939,8.9678,0.268801
185.09965,8.9705,0.268801
185.09996,8.9582,0.269705
185.10027,8.9668,0.278065
185.10057,8.9602,0.286953
185.10089,8.9602,0.273185
185.10114,8.9658,0.273185
185.10145,8.9695,0.260417
185.10176,8.9631,0.262713
185.10207,8.9705,0.265217
185.10238,8.9771,0.264505
185.10269,8.9725,0.262633
185.10295,8.9688,0.262633
185.10325,8.9648,0.261025
185.10356,8.9695,0.266905
185.10387,8.9631,0.267201
185.10418,8.9678,0.265009
185.10449,8.9715,0.268593
185.10475,8.9602,0.268593
185.10506,8.9602,0.266617
185.10537,8.9592,0.263321
185.10568,8.9648,0.264321
185.10599,8.9668,0.261817
185.10630,8.9592,0.262217
185.10655,8.9678,0.262217
185.10686,8.9639,0.264113
185.10717,8.9688,0.263505
185.10748,8.9518,0.263217
185.10779,8.9631,0.267617
185.10804,8.9621,0.267617
185.10836,8.9582,0.304097
185.10867,8.9695,0.263217
185.10898,8.9639,0.264217
185.10928,8.9668,0.263713
185.10959,8.9668,0.268097
185.10985,8.9631,0.268097
185.11016,8.9641,0.266009
185.11047,8.9688,0.269097
185.11078,8.9658,0.282361
185.11109,8.9582,0.310377
185.11140,8.9602,0.268593
185.11165,8.9688,0.268593
185.11196,8.9705,0.267905
185.11227,8.9631,0.267593
185.11258,8.9744,0.275585
185.11289,8.9658,0.300505
185.11314,8.9668,0.300505
185.11346,8.9621,0.305097
185.11377,8.9584,0.258625
185.11407,8.9621,0.256329
185.11439,8.9631,0.263713
185.11470,8.9658,0.249553
185.11495,8.9621,0.249553
185.11526,8.9744,0.254745
185.11557,8.9695,0.249657
185.11588,8.9678,0.246361
185.11619,8.9715,0.245857
185.11650,8.9752,0.247073
185.11675,8.9744,0.247073
185.11706,8.9715,0.244881
185.11737,8.9641,0.253241
185.11768,8.9639,0.263321
185.11799,8.9734,0.262425
185.11824,8.9658,0.262425
185.11855,8.9611,0.272393
185.11886,8.9658,0.269201
185.11917,8.9648,0.265721
185.11948,8.9658,0.265113
185.11979,8.9611,0.264609
185.12005,8.9668,0.264609
185.12036,8.9715,0.262529
185.12067,8.9648,0.266801
185.12098,8.9705,0.264817
185.12129,8.9725,0.266305
185.12160,8.9658,0.265721
185.12185,8.9621,0.265721
185.12216,8.9678,0.266113
185.12247,8.9631,0.310377
185.12278,8.9602,0.301113
185.12309,8.9574,0.307497
185.12334,8.9592,0.307497
185.12365,8.9611,0.301617
185.12396,8.9688,0.292225
185.12427,8.9705,0.274481
185.12458,8.9658,0.280673
185.12489,8.9574,0.261521
185.12515,8.9668,0.261521
185.12546,8.9602,0.260625
185.12577,8.9705,0.259417
185.12608,8.9641,0.254353
185.12639,8.9555,0.264009
185.12664,8.9564,0.264009
185.12695,8.9762,0.271097
185.12726,8.9688,0.271097
185.12757,8.9648,0.283257
185.12788,8.9639,0.263817
185.12819,8.9715,0.263921
185.12844,8.9744,0.263921
185.12875,8.9668,0.265113
185.12906,8.9705,0.269409
185.12937,8.9582,0.267409
185.12968,8.9725,0.265905
185.12999,8.9648,0.262817
185.13024,8.9688,0.262817
185.13055,8.9582,0.264113
185.13086,8.9631,0.262713
185.13117,8.9648,0.268097
185.13149,8.9715,0.262921
185.13174,8.9744,0.262921
185.13205,8.9631,0.259521
185.13236,8.9668,0.270305
185.13267,8.9725,0.265905
185.13298,8.9697,0.263921
185.13329,8.9688,0.264609
185.13354,8.9688,0.264609
185.13385,8.9668,0.263113
185.13416,8.9648,0.260817
185.13447,8.9715,0.262713
185.13478,8.9592,0.261713
185.13509,8.9639,0.261417
185.13534,8.9688,0.261417
185.13565,8.9695,0.261817
185.13596,8.9688,0.263713
185.13627,8.9668,0.263025
185.13658,8.9705,0.261209
185.13689,8.9715,0.302697
185.13715,8.9639,0.302697
185.13746,8.9678,0.265401
185.13777,8.9621,0.264505
185.13808,8.9658,0.267113
185.13839,8.9705,0.268801
185.13864,8.9648,0.268801
185.13895,8.9715,0.266409
185.13926,8.9725,0.267305
185.13957,8.9697,0.268993
185.13988,8.9734,0.307393
185.14019,8.9668,0.259921
185.14044,8.9602,0.259921
185.14075,8.9641,0.265009
185.14106,8.9678,0.265009
185.14137,8.9574,0.265401
185.14168,8.9668,0.265505
185.14194,8.9668,0.265505
185.14225,8.9688,0.266305
185.14255,8.9725,0.263505
185.14287,8.9658,0.262321
185.14318,8.9621,0.265321
185.14349,8.9688,0.262217
185.14374,8.9658,0.262217
185.14405,8.9771,0.261129
185.14436,8.9602,0.263425
185.14467,8.9639,0.261817
185.14498,8.9668,0.264401
185.14524,8.9754,0.264401
185.14555,8.9715,0.266193
185.14586,8.9648,0.265505
185.14617,8.9639,0.266409
185.14648,8.9688,0.265905
185.14678,8.9648,0.272889
185.14704,8.9744,0.272889
185.14735,8.9631,0.260025
185.14766,8.9688,0.263425
185.14797,8.9648,0.264217
185.14828,8.9688,0.257937
185.14859,8.9611,0.257729
185.14884,8.9705,0.257729
185.14915,8.9658,0.259729
185.14946,8.9631,0.264817
185.14977,8.9658,0.266409
185.15008,8.9525,0.299009
185.15034,8.9592,0.299009
185.15065,8.9611,0.300713
185.15096,8.9525,0.304201
185.15127,8.9705,0.288241
185.15158,8.9658,0.293225
185.15189,8.9668,0.257225
185.15214,8.9639,0.257225
185.15245,8.9658,0.257537
185.15276,8.9744,0.248361
185.15307,8.9678,0.250953
185.15338,8.9734,0.251265
185.15369,8.9715,0.252849
185.15394,8.9781,0.252849
185.15425,8.9668,0.254433
185.15456,8.9678,0.268489
185.15487,8.9611,0.274873
185.15518,8.9631,0.261817
185.15544,8.9744,0.261817
185.15575,8.9734,0.261129
185.15605,8.9695,0.273681
185.15637,8.9688,0.269201
185.15668,8.9688,0.268697
185.15699,8.9734,0.264905
185.15724,8.9734,0.264905
185.15755,8.9668,0.266217
185.15786,8.9668,0.263113
185.15817,8.9639,0.264009
185.15848,8.9781,0.265321
185.15879,8.9621,0.263505
185.15904,8.9705,0.263505
185.15935,8.9744,0.267201
185.15966,8.9574,0.289353
185.15997,8.9631,0.307185
185.16028,8.9564,0.304993
185.16059,8.9611,0.307977
185.16084,8.9582,0.307977
185.16115,8.9734,0.262817
185.16146,8.9705,0.270785
185.16177,8.9668,0.257329
185.16208,8.9678,0.255833
185.16234,8.9678,0.255833
185.16265,8.9639,0.260129
185.16296,8.9791,0.256041
185.16327,8.9648,0.258233
185.16358,8.9648,0.271705
185.16389,8.9668,0.273081
185.16414,8.9752,0.273081
185.16445,8.9678,0.283657
185.16476,8.9574,0.269705
185.16507,8.9602,0.259337
185.16538,8.9658,0.266217
185.16569,8.9658,0.268009
185.16594,8.9611,0.268009
185.16625,8.9631,0.308185
185.16656,8.9648,0.271393
185.16687,8.9658,0.268593
185.16718,8.9668,0.267513
185.16744,8.9688,0.267513
185.16775,8.9621,0.266617
185.16806,8.9705,0.267593
185.16837,8.9611,0.265321
185.16868,8.9678,0.288033
185.16899,8.9621,0.301905
185.16924,8.9695,0.301905
185.16955,8.9658,0.265721
185.16986,8.9725,0.267009
185.17017,8.9631,0.263425
185.17048,8.9631,0.265401
185.17079,8.9582,0.265113
185.17104,8.9705,0.265113
185.17135,8.9705,0.265401
185.17166,8.9744,0.264713
185.17197,8.9648,0.255249
185.17228,8.9648,0.264217
185.17253,8.9715,0.264217
185.17285,8.9801,0.265505
185.17316,8.9641,0.266905
185.17347,8.9621,0.266513
185.17378,8.9725,0.267113
185.17403,8.9574,0.267113
185.17434,8.9678,0.265905
185.17465,8.9688,0.264713
185.17496,8.9611,0.264817
185.17527,8.9555,0.264713
185.17558,8.9688,0.263113
185.17583,8.9695,0.263113
185.17614,8.9574,0.260729
185.17645,8.9631,0.261713
185.17676,8.9602,0.298113
185.17707,8.9621,0.300801
185.17738,8.9611,0.296313
185.17763,8.9582,0.296313
185.17794,8.9705,0.258121
185.17825,8.9705,0.262529
185.17856,8.9658,0.251849
185.17888,8.9695,0.258233
185.17913,8.9668,0.258233
185.17944,8.9658,0.255353
185.17975,8.9631,0.246361
185.18006,8.9688,0.247257
185.18037,8.9611,0.292537
185.18068,8.9602,0.250265
185.18093,8.9744,0.250265
185.18124,8.9688,0.250953
185.18155,8.9762,0.260921
185.18186,8.9621,0.267697
185.18217,8.9631,0.282257
185.18248,8.9705,0.256641
185.18274,8.9688,0.256641
185.18305,8.9658,0.262025
185.18336,8.9611,0.305601
185.18367,8.9695,0.262609
185.18397,8.9695,0.261417
185.18429,8.9648,0.262609
185.18454,8.9697,0.262609
185.18485,8.9715,0.262321
185.18516,8.9658,0.264009
185.18547,8.9705,0.262921
185.18578,8.9648,0.262609
185.18603,8.9705,0.262609
185.18634,8.9602,0.262713
185.18665,8.9574,0.300801
185.18696,8.9621,0.301193
185.18727,8.9688,0.303201
185.18758,8.9648,0.261921
185.18784,8.9715,0.261921
185.18814,8.9574,0.274793
185.18845,8.9668,0.263921
185.18876,8.9744,0.261625
185.18907,8.9734,0.255641
185.18938,8.9648,0.255329
185.18964,8.9744,0.255329
185.18995,8.9697,0.254849
185.19025,8.9668,0.267201
185.19057,8.9688,0.272497
185.19088,8.9555,0.285449
185.19113,8.9582,0.285449
185.19144,8.9658,0.280465
185.19175,8.9631,0.264425
185.19206,8.9668,0.264905
185.19237,8.9631,0.262817
185.19268,8.9668,0.267201
185.19294,8.9668,0.267201
185.19324,8.9592,0.264113
185.19356,8.9658,0.304593
185.19387,8.9639,0.264321
185.19418,8.9611,0.266697
185.19448,8.9648,0.302801
185.19474,8.9535,0.302801
185.19505,8.9555,0.314065
185.19536,8.9648,0.276377
185.19567,8.9611,0.300609
185.19598,8.9668,0.265905
185.19629,8.9695,0.265505
185.19654,8.9621,0.265505
185.19685,8.9498,0.299009
185.19716,8.9658,0.264425
185.19747,8.9688,0.277881
185.19778,8.9631,0.342185
185.19803,8.9592,0.342185
185.19834,8.9678,0.262321
185.19865,8.9658,0.292225
185.19896,8.9611,0.259025
185.19927,8.9658,0.258937
185.19958,8.9648,0.285449
185.19984,8.9592,0.285449
185.20015,8.9688,0.284153
185.20046,8.9535,0.263713
185.20077,8.9639,0.299217
185.20107,8.9611,0.266305
185.20139,8.9754,0.268201
185.20164,8.9725,0.268201
185.20195,8.9631,0.296129
185.20226,8.9715,0.266513
185.20257,8.9648,0.268593
185.20288,8.9564,0.301905
185.20313,8.9668,0.301905
185.20344,8.9678,0.263817
185.20375,8.9678,0.298321
185.20406,8.9535,0.272681
185.20437,8.9648,0.261921
185.20468,8.9688,0.267593
185.20494,8.9564,0.267593
185.20525,8.9631,0.301009
185.20556,8.9592,0.265721
185.20586,8.9668,0.300609
185.20618,8.9639,0.269809
185.20643,8.9574,0.269809
185.20674,8.9621,0.265113
185.20705,8.9631,0.278673
185.20736,8.9648,0.265113
185.20767,8.9611,0.264713
185.20798,8.9621,0.298905
185.20823,8.9705,0.298905
185.20854,8.9668,0.267305
185.20885,8.9678,0.286745
185.20916,8.9592,0.331209
185.20947,8.9555,0.287449
185.20978,8.9762,0.266513
185.21004,8.9602,0.266513
185.21035,8.9582,0.300217
185.21066,8.9621,0.280857
185.21097,8.9621,0.287057
185.21128,8.9564,0.285953
185.21153,8.9781,0.285953
185.21184,8.9725,0.265009
185.21215,8.9621,0.264425
185.21246,8.9564,0.271097
185.21277,8.9725,0.264905
185.21308,8.9705,0.294521
185.21333,8.9582,0.294521
185.21364,8.9621,0.275873
185.21395,8.9668,0.263609
185.21426,8.9621,0.296921
185.21457,8.9705,0.261233
185.21488,8.9639,0.260129
185.21514,8.9631,0.260129
185.21545,8.9592,0.270305
185.21576,8.9734,0.257041
185.21607,8.9734,0.272889
185.21638,8.9488,0.298217
185.21663,8.9639,0.298217
185.21694,8.9715,0.256641
185.21725,8.9641,0.292329
185.21756,8.9574,0.264217
185.21787,8.9668,0.263113
185.21818,8.9631,0.278673
185.21843,8.9602,0.278673
185.21874,8.9781,0.290433
185.21905,8.9658,0.264817
185.21936,8.9648,0.297529
185.21967,8.9592,0.262713
185.21998,8.9705,0.261313
185.22023,8.9648,0.261313
185.22054,8.9688,0.289833
185.22085,8.9602,0.262529
185.22117,8.9631,0.261025
185.22148,8.9631,0.297025
185.22173,8.9658,0.297025
185.22204,8.9658,0.261129
185.22235,8.9705,0.295817
185.22266,8.9611,0.284945
185.22297,8.9705,0.266617
185.22328,8.9592,0.266009
185.22353,8.9611,0.266009
185.22384,8.9555,0.319049
185.22415,8.9639,0.262713
185.22446,8.9631,0.295025
185.22477,8.9639,0.269993
185.22508,8.9725,0.261417
185.22533,8.9592,0.261417
185.22564,8.9602,0.267593
185.22595,8.9611,0.262817
185.22626,8.9688,0.260129
185.22657,8.9658,0.326729
185.22683,8.9574,0.326729
185.22714,8.9611,0.292833
185.22745,8.9705,0.276185
185.22776,8.9574,0.295817
185.22807,8.9621,0.263817
185.22838,8.9639,0.263025
185.22863,8.9705,0.263025
185.22894,8.9648,0.301409
185.22925,8.9695,0.269809
185.22956,8.9611,0.286241
185.22987,8.9648,0.297609
185.23013,8.9639,0.297609
185.23043,8.9584,0.266305
185.23074,8.9602,0.267513
185.23105,8.9564,0.264713
185.23136,8.9592,0.262425
185.23167,8.9734,0.288137
185.23193,8.9631,0.288137
185.23223,8.9592,0.275289
185.23255,8.9715,0.264609
185.23286,8.9602,0.298609
185.23317,8.9648,0.263921
185.23348,8.9602,0.263713
185.23373,8.9705,0.263713
185.23404,8.9611,0.292041
185.23435,8.9744,0.251953
185.23466,8.9715,0.254137
185.23497,8.9688,0.252057
185.23528,8.9658,0.252745
185.23553,8.9695,0.252745
185.23584,8.9678,0.252449
185.23615,8.9715,0.249657
185.23646,8.9631,0.254137
185.23677,8.9658,0.268489
185.23702,8.9621,0.268489
185.23733,8.9688,0.269201
185.23764,8.9705,0.267617
185.23795,8.9668,0.272185
185.23826,8.9582,0.307681
185.23857,8.9574,0.265721
185.23883,8.9695,0.265721
185.23914,8.9574,0.264321
185.23945,8.9705,0.264817
185.23976,8.9688,0.266305
185.24007,8.9621,0.264713
185.24032,8.9621,0.264713
185.24063,8.9688,0.263425
185.24094,8.9602,0.265321
185.24125,8.9631,0.307977
185.24156,8.9631,0.266305
185.24187,8.9639,0.269097
185.24213,8.9631,0.269097
185.24244,8.9582,0.303097
185.24275,8.9574,0.301409
185.24305,8.9631,0.266009
185.24530,8.9641,0.258729
185.24707,8.9668,0.276873
185.24883,8.9631,0.266697
185.25059,8.9621,0.268409
185.25235,8.9725,0.262129
185.25410,8.9621,0.264009
185.25586,8.9621,0.307185
185.25762,8.9631,0.265905
185.25781,8.9725,0.264113
185.25807,8.9688,0.265321
185.25838,8.9648,0.265401
185.25863,8.9734,0.265401
185.25894,8.9582,0.277585
185.25925,8.9592,0.301113
185.25956,8.9621,0.300113
185.25987,8.9621,0.252745
185.26012,8.9678,0.252745
185.26043,8.9734,0.253745
185.26074,8.9668,0.249865
185.26105,8.9602,0.257329
185.26136,8.9658,0.257729
185.26167,8.9631,0.253241
185.26193,8.9688,0.253241
185.26224,8.9762,0.246465
185.26255,8.9678,0.245777
185.26285,8.9725,0.245569
185.26317,8.9791,0.245169
185.26348,8.9688,0.245777
185.26373,8.9715,0.245777
185.26404,8.9602,0.262129
185.26435,8.9574,0.275873
185.26466,8.9688,0.278169
185.26497,8.9658,0.262817
185.26522,8.9688,0.262817
185.26553,8.9525,0.258337
185.26584,8.9592,0.259025
185.26615,8.9631,0.261625
185.26646,8.9621,0.261233
185.26677,8.9592,0.260817
185.26702,8.9648,0.260817
185.26733,8.9611,0.303489
185.26764,8.9688,0.262921
185.26795,8.9762,0.258521
185.26826,8.9602,0.261713
185.26857,8.9648,0.264713
185.26883,8.9688,0.264713
185.26914,8.9621,0.300009
185.26944,8.9611,0.299713
185.26976,8.9611,0.293121
185.27007,8.9621,0.311665
185.27038,8.9705,0.270393
185.27063,8.9678,0.270393
185.27094,8.9715,0.272889
185.27125,8.9631,0.260817
185.27156,8.9639,0.260025
185.27187,8.9611,0.257145
185.27212,8.9695,0.257145
185.27244,8.9631,0.260625
185.27275,8.9648,0.275377
185.27306,8.9648,0.279361
185.27337,8.9688,0.285953
185.27367,8.9535,0.276769
185.27393,8.9648,0.276769
185.27424,8.9639,0.265217
185.27455,8.9631,0.264817
185.27486,8.9697,0.265505
185.27517,8.9631,0.262921
185.27542,8.9658,0.262921
185.27573,8.9631,0.265321
185.27604,8.9715,0.265321
185.27635,8.9688,0.261233
185.27666,8.9668,0.261025
185.27697,8.9715,0.263113
185.27722,8.9611,0.263113
185.27753,8.9582,0.265009
185.27784,8.9641,0.264217
185.27815,8.9639,0.268305
185.27846,8.9705,0.266113
185.27877,8.9564,0.268993
185.27903,8.9648,0.268993
185.27934,8.9602,0.266513
185.27965,8.9639,0.266409
185.27995,8.9678,0.267113
185.28027,8.9648,0.262025
185.28052,8.9695,0.262025
185.28083,8.9574,0.261233
185.28114,8.9602,0.264113
185.28145,8.9668,0.289249
185.28176,8.9668,0.294729
185.28207,8.9734,0.256433
185.28232,8.9584,0.256433
185.28263,8.9611,0.264713
185.28294,8.9631,0.261521
185.28325,8.9631,0.264113
185.28356,8.9715,0.265113
185.28387,8.9695,0.265721
185.28413,8.9668,0.265721
185.28444,8.9668,0.263321
185.28474,8.9639,0.282761
185.28505,8.9621,0.264817
185.28536,8.9574,0.267697
185.28562,8.9611,0.267697
185.28593,8.9602,0.305281
185.28624,8.9592,0.305785
185.28655,8.9631,0.282969
185.28686,8.9668,0.263025
185.28717,8.9508,0.262921
185.28742,8.9592,0.262921
185.28773,8.9695,0.253241
185.28804,8.9658,0.259129
185.28835,8.9639,0.258833
185.28866,8.9584,0.258937
185.28897,8.9688,0.245361
185.28923,8.9715,0.245361
185.28954,8.9639,0.247969
185.28985,8.9611,0.247257
185.29016,8.9668,0.254353
185.29047,8.9734,0.257433
185.29072,8.9668,0.257433
185.29103,8.9734,0.264009
185.29134,8.9639,0.272785
185.29165,8.9592,0.266305
185.29196,8.9725,0.267305
185.29227,8.9602,0.267513
185.29252,8.9658,0.267513
185.29283,8.9602,0.272681
185.29314,8.9592,0.271393
185.29345,8.9658,0.267697
185.29376,8.9621,0.271393
185.29407,8.9584,0.264609
185.29432,8.9688,0.264609
185.29463,8.9631,0.262129
185.29494,8.9648,0.264217
185.29526,8.9639,0.261521
185.29557,8.9621,0.301801
185.29582,8.9621,0.301801
185.29613,8.9518,0.313961
185.29644,8.9592,0.290249
185.29675,8.9715,0.266193
185.29706,8.9688,0.266113
185.29737,8.9668,0.275769
185.29762,8.9611,0.275769
185.29793,8.9715,0.257833
185.29824,8.9592,0.249449
185.29855,8.9668,0.248553
185.29886,8.9631,0.271785
185.29917,8.9611,0.295625
185.29942,8.9648,0.295625
185.29973,8.9611,0.266513
185.30004,8.9631,0.288137
185.30035,8.9621,0.279961
185.30066,8.9631,0.261417
185.30097,8.9715,0.266513
185.30123,8.9668,0.266513
185.30154,8.9611,0.263321
185.30185,8.9545,0.263921
185.30216,8.9631,0.263921
185.30247,8.9668,0.263817
185.30272,8.9564,0.263817
185.30303,8.9631,0.264425
185.30334,8.9658,0.262609
185.30365,8.9705,0.261713
185.30396,8.9781,0.263505
185.30427,8.9648,0.267905
185.30452,8.9678,0.267905
185.30483,8.9697,0.263817
185.30514,8.9715,0.263113
185.30545,8.9611,0.263425
185.30576,8.9658,0.263713
185.30607,8.9639,0.266305
185.30632,8.9715,0.266305
185.30663,8.9762,0.266801
185.30694,8.9715,0.265801
185.30726,8.9688,0.264113
185.30757,8.9791,0.268489
185.30782,8.9668,0.268489
185.30813,8.9648,0.266513
185.30844,8.9668,0.260817
185.30875,8.9648,0.262529
185.30906,8.9639,0.263921
185.30937,8.9678,0.261713
185.30962,8.9658,0.261713
185.30993,8.9631,0.261233
185.31024,8.9695,0.261521
185.31055,8.9695,0.304593
185.31086,8.9582,0.262817
185.31117,8.9639,0.262633
185.31142,8.9602,0.262633
185.31173,8.9621,0.260729
185.31204,8.9648,0.261817
185.31235,8.9639,0.261521
185.31266,8.9695,0.261921
185.31291,8.9621,0.261921
185.31323,8.9611,0.262921
185.31354,8.9611,0.307785
185.31385,8.9658,0.266305
185.31416,8.9648,0.268097
185.31447,8.9592,0.265609
185.31472,8.9611,0.265609
185.31503,8.9697,0.264609
185.31534,8.9621,0.263321
185.31565,8.9602,0.264609
185.31596,8.9648,0.255145
185.31627,8.9678,0.263113
185.31652,8.9762,0.263113
185.31683,8.9715,0.263713
185.31714,8.9621,0.264217
185.31745,8.9809,0.263921
185.31776,8.9641,0.265009
185.31807,8.9688,0.265113
185.31832,8.9668,0.265113
185.31863,8.9678,0.265009
185.31894,8.9648,0.265113
185.31925,8.9668,0.264817
185.31957,8.9639,0.265113
185.31982,8.9734,0.265113
185.32013,8.9668,0.265217
185.32044,8.9592,0.266801
185.32075,8.9639,0.265113
185.32106,8.9705,0.265905
185.32137,8.9688,0.268097
185.32162,8.9695,0.268097
185.32193,8.9678,0.266113
185.32224,8.9668,0.265113
185.32255,8.9715,0.289033
185.32286,8.9602,0.302409
185.32317,8.9592,0.301697
185.32342,8.9592,0.301697
185.32373,8.9695,0.301113
185.32404,8.9648,0.255937
185.32435,8.9602,0.259441
185.32466,8.9602,0.254353
185.32491,8.9705,0.254353
185.32523,8.9621,0.298817
185.32554,8.9705,0.246865
185.32585,8.9658,0.247569
185.32616,8.9658,0.247361
185.32647,8.9678,0.245465
185.32672,8.9611,0.245465
185.32703,8.9705,0.251161
185.32734,8.9574,0.264905
185.32765,8.9695,0.274481
185.32796,8.9631,0.325329
185.32827,8.9631,0.266721
185.32852,8.9639,0.266721
185.32883,8.9574,0.269889
185.32914,8.9631,0.262921
185.32945,8.9715,0.264217
185.32976,8.9781,0.265217
185.33001,8.9631,0.265217
185.33032,8.9611,0.264401
185.33063,8.9611,0.261921
185.33094,8.9705,0.265321
185.33126,8.9688,0.261817
185.33157,8.9564,0.265321
185.33182,8.9688,0.265321
185.33213,8.9668,0.263921
185.33244,8.9621,0.305497
185.33275,8.9631,0.293729
185.33306,8.9564,0.300801
185.33331,8.9668,0.300801
185.33362,8.9639,0.263713
185.33393,8.9688,0.280777
185.33424,8.9648,0.256833
185.33455,8.9658,0.259921
185.33486,8.9582,0.259521
185.33511,8.9734,0.259521
185.33542,8.9621,0.258337
185.33573,8.9678,0.258441
185.33604,8.9602,0.278377
185.33635,8.9592,0.276873
185.33666,8.9582,0.279961
185.33691,8.9525,0.279961
185.33723,8.9641,0.277481
185.33754,8.9688,0.265009
185.33785,8.9695,0.264905
185.33816,8.9695,0.263921
185.33841,8.9668,0.263921
185.33872,8.9688,0.261313
185.33903,8.9734,0.264505
185.33934,8.9695,0.295025
185.33965,8.9621,0.286241
185.33996,8.9697,0.259833
185.34021,8.9715,0.259833
185.34052,8.9688,0.260625
185.34083,8.9734,0.263113
185.34114,8.9688,0.264817
185.34145,8.9754,0.264905
185.34176,8.9602,0.266113
185.34201,8.9678,0.266113
185.34232,8.9678,0.267617
185.34263,8.9639,0.276585
185.34294,8.9678,0.267305
185.34326,8.9621,0.262713
185.34357,8.9648,0.263817
185.34382,8.9621,0.263817
185.34413,8.9621,0.259025
185.34444,8.9678,0.264505
185.34475,8.9678,0.262921
185.34506,8.9668,0.264009
185.34531,8.9648,0.264009
185.34562,8.9555,0.262817
185.34593,8.9639,0.261025
185.34624,8.9658,0.261713
185.34655,8.9658,0.264321
185.34686,8.9668,0.262609
185.34711,8.9688,0.262609
185.34742,8.9744,0.260129
185.34773,8.9658,0.262529
185.34804,8.9658,0.263113
185.34835,8.9592,0.262817
185.34866,8.9734,0.257729
185.34891,8.9631,0.257729
185.34923,8.9592,0.297321
185.34954,8.9695,0.295521
185.34985,8.9668,0.287241
185.35016,8.9621,0.256145
185.35047,8.9678,0.259025
185.35072,8.9734,0.259025
185.35103,8.9631,0.249553
185.35134,8.9639,0.257145
185.35165,8.9678,0.259521
185.35196,8.9639,0.257833
185.35227,8.9695,0.248257
185.35252,8.9678,0.248257
185.35283,8.9697,0.248153
185.35314,8.9639,0.244961
185.35345,8.9688,0.247761
185.35376,8.9734,0.268905
185.35407,8.9688,0.291145
185.35433,8.9639,0.291145
185.35464,8.9668,0.267009
185.35495,8.9678,0.263921
185.35526,8.9678,0.274873
185.35557,8.9658,0.278273
185.35582,8.9658,0.278273
185.35613,8.9668,0.267009
185.35644,8.9668,0.266305
185.35675,8.9621,0.299401
185.35706,8.9631,0.292625
185.35737,8.9631,0.264905
185.35762,8.9639,0.264905
185.35793,8.9639,0.264505
185.35824,8.9592,0.266513
185.35855,8.9678,0.262529
185.35886,8.9631,0.267305
185.35917,8.9688,0.266905
185.35943,8.9518,0.266905
185.35973,8.9705,0.300505
185.36004,8.9602,0.306097
185.36035,8.9582,0.269889
185.36066,8.9734,0.270497
185.36092,8.9631,0.270497
185.36123,8.9688,0.274185
185.36154,8.9715,0.257833
185.36185,8.9695,0.257937
185.36216,8.9688,0.259233
185.36247,8.9621,0.258833
185.36272,8.9678,0.258833
185.36303,8.9592,0.274873
185.36334,8.9621,0.273289
185.36365,8.9631,0.286553
185.36396,8.9621,0.288345
185.36422,8.9621,0.288345
185.36453,8.9592,0.275289
185.36484,8.9695,0.267513
185.36515,8.9668,0.264009
185.36546,8.9678,0.255937
185.36577,8.9744,0.266217
185.36602,8.9668,0.266217
185.36633,8.9658,0.255329
185.36664,8.9611,0.298321
185.36695,8.9688,0.261713
185.36726,8.9744,0.289033
185.36757,8.9621,0.281361
185.36782,8.9648,0.281361
185.36813,8.9611,0.265321
185.36844,8.9582,0.342289
185.36875,8.9602,0.261625
185.36906,8.9648,0.267113
185.36932,8.9688,0.267113
185.36963,8.9668,0.299713
185.36994,8.9668,0.283465
185.37025,8.9631,0.270889
185.37055,8.9611,0.301697
185.37087,8.9639,0.267801
185.37112,8.9688,0.267801
185.37143,8.9592,0.276481
185.37174,8.9621,0.342289
185.37205,8.9602,0.264905
185.37236,8.9621,0.275977
185.37267,8.9639,0.298609
185.37292,8.9725,0.298609
185.37323,8.9658,0.267305
185.37354,8.9668,0.300401
185.37385,8.9621,0.267697
185.37416,8.9734,0.264113
185.37442,8.9592,0.264113
185.37473,8.9564,0.280857
185.37504,8.9668,0.300217
185.37534,8.9762,0.263113
185.37566,8.9725,0.300297
185.37597,8.9695,0.263321
185.37622,8.9648,0.263321
185.37653,8.9715,0.266905
185.37684,8.9668,0.291145
185.37715,8.9678,0.264905
185.37746,8.9801,0.266409
185.37777,8.9535,0.302409
185.37802,8.9574,0.302409
185.37833,8.9668,0.268489
185.37864,8.9695,0.292625
185.37895,8.9734,0.282073
185.37926,8.9611,0.262529
185.37952,8.9631,0.262529
185.37983,8.9582,0.263817
185.38014,8.9688,0.262713
185.38045,8.9631,0.260025
185.38076,8.9602,0.295817
185.38107,8.9611,0.270889
185.38132,8.9744,0.270889
185.38163,8.9611,0.259729
185.38194,8.9611,0.294521
185.38225,8.9631,0.255833
185.38256,8.9668,0.264217
185.38287,8.9725,0.330713
185.38312,8.9584,0.330713
185.38343,8.9678,0.264713
185.38374,8.9668,0.275289
185.38405,8.9639,0.295625
185.38436,8.9648,0.263217
185.38467,8.9611,0.263713
185.38492,8.9611,0.263713
185.38523,8.9564,0.298025
185.38555,8.9658,0.262321
185.38585,8.9688,0.322241
185.38616,8.9621,0.291225
185.38642,8.9518,0.291225
185.38673,8.9582,0.264401
185.38704,8.9678,0.289937
185.38735,8.9668,0.262321
185.38766,8.9725,0.256729
185.38797,8.9715,0.284049
185.38822,8.9611,0.284049
185.38853,8.9631,0.285049
185.38884,8.9697,0.264609
185.38915,8.9611,0.298113
185.38946,8.9658,0.262921
185.38977,8.9592,0.263505
185.39002,8.9715,0.263505
185.39033,8.9611,0.289641
185.39064,8.9639,0.266009
185.39095,8.9648,0.268409
185.39126,8.9705,0.302801
185.39152,8.9621,0.302801
185.39183,8.9648,0.264425
185.39214,8.9648,0.295129
185.39244,8.9498,0.265401
185.39276,8.9668,0.259521
185.39307,8.9734,0.270497
185.39332,8.9592,0.270497
185.39363,8.9658,0.295817
185.39394,8.9715,0.262817
185.39425,8.9621,0.295417
185.39456,8.9535,0.264321
185.39487,8.9668,0.263921
185.39512,8.9678,0.263921
185.39543,8.9641,0.277081
185.39574,8.9744,0.261417
185.39605,8.9658,0.264321
185.39636,8.9639,0.298609
185.39667,8.9592,0.265721
185.39692,8.9688,0.265721
185.39724,8.9734,0.326937
185.39755,8.9555,0.305993
185.39786,8.9639,0.266801
185.39817,8.9639,0.266697
185.39842,8.9555,0.266697
185.39873,8.9611,0.300297
185.39904,8.9668,0.257729
185.39935,8.9658,0.284553
185.39966,8.9518,0.280961
185.39997,8.9697,0.262609
185.40022,8.9648,0.262609
185.40053,8.9545,0.306889
185.40084,8.9641,0.263217
185.40115,8.9705,0.265297
185.40146,8.9688,0.293625
185.40177,8.9715,0.281065
185.40202,8.9688,0.281065
185.40233,8.9564,0.264609
185.40264,8.9621,0.300609
185.40295,8.9734,0.261817
185.40326,8.9648,0.264505
185.40352,8.9574,0.264505
185.40383,8.9641,0.295625
185.40414,8.9658,0.267201
185.40445,8.9771,0.274977
185.40476,8.9648,0.299905
185.40501,8.9658,0.299905
185.40532,8.9705,0.266113
185.40563,8.9648,0.268305
185.40594,8.9535,0.267697
185.40625,8.9658,0.265609
185.40656,8.9715,0.282865
185.40681,8.9678,0.282865
185.40712,8.9658,0.286657
185.40743,8.9715,0.255537
185.40774,8.9688,0.253849
185.40805,8.9715,0.253449
185.40836,8.9688,0.250761
185.40861,8.9725,0.250761
185.40892,8.9592,0.252449
185.40924,8.9725,0.255145
185.40954,8.9688,0.264009
185.40986,8.9631,0.262633
185.41017,8.9705,0.261817
185.41042,8.9611,0.261817
185.41073,8.9602,0.274081
185.41104,8.9678,0.265009
185.41135,8.9631,0.266113
185.41166,8.9678,0.294625
185.41197,8.9574,0.300713
185.41222,8.9592,0.300713
185.41253,8.9678,0.268801
185.41284,8.9648,0.268305
185.41315,8.9611,0.266305
185.41346,8.9678,0.266801
185.41371,8.9621,0.266801
185.41402,8.9801,0.263817
185.41433,8.9648,0.262713
185.41464,8.9611,0.312561
185.41495,8.9518,0.322537
185.41527,8.9592,0.304385
185.41552,8.9631,0.304385
185.41583,8.9631,0.295817
185.41614,8.9715,0.268201
185.41645,8.9592,0.270393
185.41676,8.9668,0.268097
185.41701,8.9695,0.268097
185.41732,8.9688,0.254033
185.41763,8.9611,0.254937
185.41794,8.9648,0.257833
185.41825,8.9639,0.262529
185.41856,8.9631,0.270201
185.41881,8.9725,0.270201
185.41912,8.9582,0.270705
185.41943,8.9658,0.292729
185.41974,8.9611,0.280065
185.42005,8.9631,0.264713
185.42036,8.9498,0.263321
185.42061,8.9697,0.263321
185.42092,8.9658,0.263921
185.42124,8.9658,0.264217
185.42155,8.9705,0.262425
185.42186,8.9658,0.262921
185.42216,8.9668,0.265721
185.42242,8.9574,0.265721
185.42273,8.9658,0.264505
185.42304,8.9668,0.263713
185.42335,8.9631,0.263113
185.42366,8.9705,0.263113
185.42391,8.9621,0.263113
185.42422,8.9621,0.264113
185.42453,8.9611,0.262713
185.42484,8.9705,0.262713
185.42515,8.9678,0.264905
185.42546,8.9697,0.268305
185.42571,8.9648,0.268305
185.42602,8.9678,0.268489
185.42633,8.9592,0.310185
185.42664,8.9688,0.268009
185.42695,8.9631,0.265721
185.42726,8.9695,0.262217
185.42752,8.9688,0.262217
185.42783,8.9715,0.264713
185.42814,8.9639,0.264217
185.42845,8.9648,0.263921
185.42875,8.9631,0.264505
185.42901,8.9648,0.264505
185.42932,8.9621,0.283361
185.42963,8.9688,0.298113
185.42994,8.9715,0.262921
185.43025,8.9678,0.264505
185.43056,8.9705,0.262529
185.43081,8.9648,0.262529
185.43112,8.9715,0.262633
185.43143,8.9695,0.261129
185.43174,8.9611,0.299713
185.43205,8.9631,0.298505
185.43236,8.9695,0.295129
185.43261,8.9592,0.295129
185.43292,8.9705,0.264609
185.43323,8.9574,0.263817
185.43354,8.9744,0.253241
185.43385,8.9658,0.259521
185.43416,8.9668,0.254249
185.43441,8.9658,0.254249
185.43472,8.9725,0.253345
185.43503,8.9639,0.245169
185.43534,8.9725,0.244065
185.43565,8.9678,0.246569
185.43596,8.9695,0.247761
185.43622,8.9678,0.247761
185.43653,8.9488,0.248969
185.43683,8.9668,0.262921
185.43715,8.9621,0.277169
185.43746,8.9621,0.278273
185.43771,8.9695,0.278273
185.43802,8.9611,0.265801
185.43833,8.9641,0.262217
185.43864,8.9658,0.268593
185.43895,8.9631,0.268305
185.43926,8.9695,0.269993
185.43952,8.9602,0.269993
185.43982,8.9648,0.266801
185.44014,8.9688,0.273977
185.44045,8.9584,0.268305
185.44076,8.9602,0.312881
185.44101,8.9602,0.312881
185.44132,8.9648,0.266113
185.44163,8.9639,0.265721
185.44194,8.9602,0.301801
185.44225,8.9611,0.301905
185.44256,8.9574,0.276977
185.44281,8.9658,0.276977
185.44312,8.9648,0.272185
185.44343,8.9688,0.276081
185.44374,8.9582,0.298905
185.44405,8.9564,0.257041
185.44436,8.9648,0.254137
185.44461,8.9658,0.254137
185.44492,8.9658,0.256641
185.44524,8.9678,0.262529
185.44555,8.9555,0.269993
185.44585,8.9668,0.281649
185.44611,8.9668,0.281649
185.44642,8.9631,0.289249
185.44673,8.9631,0.278961
185.44704,8.9527,0.266305
185.44735,8.9621,0.268097
185.44766,8.9678,0.267697
185.44791,8.9678,0.267697
185.44822,8.9688,0.267905
185.44853,8.9592,0.267113
185.44884,8.9648,0.259521
185.44915,8.9705,0.259625
185.44946,8.9564,0.259337
185.44971,8.9678,0.259337
185.45002,8.9688,0.264609
185.45033,8.9631,0.264113
185.45064,8.9592,0.262713
185.45095,8.9611,0.261417
185.45121,8.9705,0.261417
185.45152,8.9508,0.267409
185.45183,8.9592,0.268097
185.45213,8.9695,0.264217
185.45244,8.9668,0.264425
185.45276,8.9688,0.268905
185.45301,8.9631,0.268905
185.45332,8.9611,0.268697
185.45363,8.9602,0.266905
185.45394,8.9592,0.267113
185.45425,8.9688,0.270497
185.45456,8.9668,0.271097
185.45481,8.9621,0.271097
185.45512,8.9574,0.267409
185.45543,8.9611,0.268697
185.45574,8.9658,0.263921
185.45605,8.9688,0.267201
185.45636,8.9678,0.257329
185.45661,8.9705,0.257329
185.45692,8.9545,0.278881
185.45723,8.9639,0.268489
185.45754,8.9734,0.267801
185.45785,8.9688,0.265801
185.45811,8.9582,0.265801
185.45842,8.9508,0.308977
185.45872,8.9611,0.304809
185.45904,8.9621,0.298609
185.45935,8.9648,0.273497
185.45966,8.9611,0.256537
185.45991,8.9611,0.256537
185.46022,8.9621,0.262025
185.46053,8.9639,0.261129
185.46084,8.9697,0.261625
185.46115,8.9545,0.257225
185.46146,8.9631,0.261417
185.46171,8.9695,0.261417
185.46202,8.9725,0.250265
185.46233,8.9668,0.245569
185.46264,8.9734,0.247361
185.46295,8.9734,0.251345
185.46321,8.9688,0.251345
185.46352,8.9648,0.257625
185.46383,8.9678,0.271785
185.46414,8.9592,0.274793
185.46445,8.9639,0.262321
185.46476,8.9592,0.260129
185.46501,8.9678,0.260129
185.46532,8.9715,0.261713
185.46563,8.9611,0.257225
185.46594,8.9801,0.263609
185.46625,8.9781,0.253745
185.46656,8.9658,0.261817
185.46681,8.9752,0.261817
185.46712,8.9744,0.261521
185.46743,8.9535,0.264009
185.46774,8.9668,0.263425
185.46805,8.9705,0.268097
185.46836,8.9648,0.305601
185.46861,8.9631,0.305601
185.46892,8.9602,0.313961
185.46924,8.9574,0.300505
185.46955,8.9508,0.301193
185.46986,8.9668,0.296025
185.47011,8.9668,0.296025
185.47042,8.9611,0.268993
185.47073,8.9705,0.253537
185.47104,8.9658,0.254033
185.47135,8.9621,0.258937
185.47166,8.9668,0.253137
185.47191,8.9658,0.253137
185.47222,8.9611,0.257329
185.47253,8.9611,0.316257
185.47284,8.9574,0.293441
185.47315,8.9648,0.278169
185.47340,8.9631,0.278169
185.47371,8.9602,0.269809
185.47402,8.9602,0.263025
185.47433,8.9641,0.265721
185.47464,8.9574,0.265113
185.47495,8.9648,0.264401
185.47521,8.9641,0.264401
185.47552,8.9648,0.266905
185.47583,8.9631,0.266697
185.47614,8.9705,0.262217
185.47645,8.9705,0.263921
185.47676,8.9725,0.264113
185.47701,8.9695,0.264113
185.47732,8.9639,0.262321
185.47763,8.9611,0.260729
185.47794,8.9574,0.263425
185.47825,8.9658,0.267409
185.47850,8.9695,0.267409
185.47881,8.9668,0.264905
185.47912,8.9582,0.263817
185.47943,8.9668,0.265217
185.47974,8.9584,0.262321
185.48005,8.9621,0.264009
185.48030,8.9611,0.264009
185.48061,8.9725,0.266009
185.48093,8.9602,0.265609
185.48124,8.9678,0.267593
185.48155,8.9705,0.267409
185.48186,8.9639,0.268097
185.48211,8.9695,0.268097
185.48242,8.9648,0.265401
185.48273,8.9658,0.269593
185.48304,8.9621,0.261521
185.48335,8.9754,0.266009
185.48360,8.9734,0.266009
185.48391,8.9705,0.263321
185.48422,8.9611,0.282969
185.48453,8.9678,0.264425
185.48484,8.9631,0.266193
185.48515,8.9648,0.264401
185.48540,8.9678,0.264401
185.48571,8.9648,0.265113
185.48602,8.9582,0.264905
185.48633,8.9688,0.265721
185.48664,8.9639,0.265505
185.48695,8.9688,0.295521
185.48721,8.9631,0.295521
185.48752,8.9668,0.291833
185.48783,8.9658,0.265505
185.48814,8.9582,0.267305
185.48845,8.9555,0.267513
185.48870,8.9592,0.267513
185.48901,8.9752,0.270993
185.48932,8.9592,0.269305
185.48963,8.9734,0.268201
185.48994,8.9648,0.267593
185.49025,8.9734,0.265609
185.49050,8.9688,0.265609
185.49081,8.9658,0.266801
185.49112,8.9631,0.268097
185.49143,8.9648,0.265505
185.49174,8.9705,0.265113
185.49205,8.9611,0.264505
185.49231,8.9688,0.264505
185.49261,8.9658,0.266193
185.49293,8.9744,0.266305
185.49324,8.9688,0.267697
185.49355,8.9688,0.267409
185.49380,8.9639,0.267409
185.49411,8.9658,0.265609
185.49442,8.9648,0.266217
185.49473,8.9648,0.263425
185.49504,8.9695,0.268905
185.49535,8.9602,0.291145
185.49560,8.9592,0.291145
185.49591,8.9518,0.302201
185.49622,8.9611,0.304993
185.49653,8.9705,0.264817
185.49684,8.9658,0.260025
185.49715,8.9555,0.262609
185.49740,8.9639,0.262609
185.49771,8.9648,0.253849
185.49802,8.9648,0.259129
185.49833,8.9631,0.245273
185.49864,8.9688,0.295713
185.49895,8.9648,0.239393
185.49921,8.9658,0.239393
185.49952,8.9705,0.247073
185.49983,8.9668,0.254537
185.50014,8.9668,0.276481
185.50045,8.9658,0.276769
185.50070,8.9648,0.276769
185.50101,8.9564,0.273577
185.50132,8.9621,0.274585
185.50163,8.9668,0.307785
185.50194,8.9658,0.262713
185.50225,8.9602,0.264321
185.50250,8.9621,0.264321
185.50281,8.9602,0.266617
185.50312,8.9631,0.270393
185.50343,8.9688,0.265905
185.50374,8.9678,0.271993
185.50405,8.9688,0.268905
185.50430,8.9658,0.268905
185.50461,8.9602,0.265401
185.50493,8.9631,0.299113
185.50524,8.9658,0.300505
185.50555,8.9678,0.301801
185.50580,8.9545,0.301801
185.50611,8.9631,0.304385
185.50642,8.9621,0.270497
185.50673,8.9592,0.269809
185.50704,8.9611,0.251161
185.50735,8.9705,0.255937
185.50760,8.9688,0.255937
185.50791,8.9658,0.253745
185.50822,8.9705,0.256041
185.50853,8.9695,0.261129
185.50884,8.9602,0.269385
185.50915,8.9678,0.281649
185.50940,8.9668,0.281649
185.50971,8.9555,0.282073
185.51002,8.9592,0.264817
185.51033,8.9602,0.265721
185.51064,8.9668,0.264401
185.51095,8.9668,0.267801
185.51121,8.9695,0.267801
185.51152,8.9697,0.262921
185.51183,8.9621,0.261417
185.51214,8.9639,0.265905
185.51245,8.9631,0.261313
185.51270,8.9631,0.261313
185.51301,8.9574,0.261521
185.51332,8.9564,0.262217
185.51363,8.9734,0.264905
185.51394,8.9668,0.260337
185.51425,8.9648,0.264321
185.51450,8.9668,0.264321
185.51481,8.9611,0.263921
185.51512,8.9705,0.260337
185.51543,8.9582,0.252057
185.51574,8.9639,0.258521
185.51605,8.9582,0.311169
185.51631,8.9584,0.311169
185.51661,8.9658,0.257537
185.51693,8.9688,0.264817
185.51724,8.9621,0.264817
185.51755,8.9631,0.266513
185.51780,8.9678,0.266513
185.51811,8.9621,0.264009
185.51842,8.9678,0.262217
185.51873,8.9639,0.261921
185.51904,8.9762,0.260921
185.51935,8.9752,0.263425
185.51960,8.9648,0.263425
185.51991,8.9697,0.264713
185.52022,8.9668,0.263921
185.52053,8.9639,0.267305
185.52084,8.9688,0.264905
185.52110,8.9639,0.264905
185.52140,8.9592,0.265721
185.52171,8.9564,0.265505
185.52202,8.9602,0.303097
185.52233,8.9498,0.298217
185.52264,8.9631,0.278777
185.52290,8.9668,0.278777
185.52321,8.9678,0.258833
185.52353,8.9621,0.254537
185.52383,8.9639,0.264713
185.52415,8.9762,0.261921
185.52440,8.9641,0.261921
185.52471,8.9621,0.257625
185.52502,8.9631,0.247761
185.52533,8.9658,0.247569
185.52564,8.9678,0.249945
185.52595,8.9631,0.250553
185.52620,8.9725,0.250553
185.52651,8.9744,0.252161
185.52682,8.9631,0.260337
185.52713,8.9592,0.277081
185.52744,8.9705,0.319049
185.52775,8.9574,0.278169
185.52800,8.9678,0.278169
185.52831,8.9648,0.262129
185.52862,8.9582,0.267513
185.52893,8.9648,0.267201
185.52924,8.9658,0.264713
185.52950,8.9648,0.264713
185.52981,8.9658,0.265401
185.53012,8.9658,0.267513
185.53043,8.9582,0.310585
185.53074,8.9631,0.266113
185.53105,8.9592,0.267409
185.53130,8.9525,0.267409
185.53161,8.9705,0.266113
185.53192,8.9631,0.308681
185.53223,8.9744,0.299321
185.53254,8.9641,0.296129
185.53285,8.9705,0.261713
185.53310,8.9592,0.261713
185.53341,8.9688,0.266697
185.53372,8.9469,0.256249
185.53403,8.9705,0.256433
185.53434,8.9678,0.252449
185.53465,8.9762,0.256433
185.53490,8.9668,0.256433
185.53522,8.9705,0.266009
185.53553,8.9744,0.272993
185.53584,8.9678,0.272785
185.53615,8.9584,0.286553
185.53640,8.9611,0.286553
185.53671,8.9668,0.284553
185.53702,8.9695,0.265721
185.53733,8.9688,0.268097
185.53764,8.9658,0.268097
185.53795,8.9688,0.269305
185.53820,8.9658,0.269305
185.53851,8.9705,0.268697
185.53882,8.9535,0.298009
185.53913,8.9631,0.265905
185.53944,8.9658,0.266193
185.53969,8.9602,0.266193
185.54000,8.9592,0.299801
185.54031,8.9648,0.265609
185.54062,8.9611,0.287641
185.54093,8.9631,0.284657
185.54124,8.9621,0.266113
185.54150,8.9631,0.266113
185.54181,8.9602,0.263817
185.54212,8.9555,0.298905
185.54243,8.9611,0.264009
185.54273,8.9631,0.295417
185.54304,8.9592,0.277169
185.54330,8.9584,0.277169
185.54544,8.9744,0.265905
185.54720,8.9658,0.294417
185.54896,8.9695,0.259521
185.55072,8.9648,0.261625
185.55247,8.9639,0.286161
185.55424,8.9611,0.294337
185.55599,8.9668,0.262529
185.55775,8.9592,0.262425
185.55801,8.9688,0.262425
185.55832,8.9631,0.300401
185.55863,8.9648,0.267801
185.55894,8.9688,0.263817
185.55924,8.9648,0.301801
185.55950,8.9602,0.301801
185.55981,8.9621,0.335193
185.56012,8.9611,0.259729
185.56043,8.9648,0.296313
185.56074,8.9508,0.263425
185.56105,8.9648,0.262609
185.56130,8.9564,0.262609
185.56161,8.9488,0.281361
185.56192,8.9592,0.264321
185.56223,8.9705,0.267409
185.56254,8.9592,0.296313
185.56279,8.9488,0.296313
185.56310,8.9668,0.264505
185.56341,8.9668,0.266009
185.56372,8.9705,0.280753
185.56403,8.9715,0.262425
185.56434,8.9725,0.263817
185.56459,8.9564,0.263817
185.56490,8.9648,0.299713
185.56521,8.9715,0.266513
185.56552,8.9668,0.297817
185.56583,8.9658,0.270497
185.56614,8.9611,0.267801
185.56639,8.9705,0.267801
185.56670,8.9639,0.263713
185.56702,8.9715,0.265401
185.56733,8.9508,0.263921
185.56764,8.9621,0.299113
185.56789,8.9555,0.299113
185.56820,8.9678,0.265505
185.56851,8.9668,0.277169
185.56882,8.9695,0.298217
185.56913,8.9688,0.263425
185.56944,8.9705,0.265721
185.56969,8.9611,0.265721
185.57000,8.9621,0.299817
185.57031,8.9639,0.264505
185.57062,8.9621,0.283865
185.57093,8.9574,0.333505
185.57124,8.9752,0.256041
185.57150,8.9639,0.256041
185.57181,8.9582,0.266113
185.57211,8.9668,0.266113
185.57243,8.9621,0.267513
185.57274,8.9611,0.291145
185.57304,8.9611,0.286849
185.57330,8.9621,0.286849
185.57361,8.9658,0.267905
185.57392,8.9582,0.345273
185.57423,8.9641,0.264113
185.57454,8.9555,0.265009
185.57479,8.9639,0.265009
185.57510,8.9621,0.296209
185.57541,8.9611,0.263425
185.57572,8.9611,0.264505
185.57603,8.9525,0.300009
185.57634,8.9535,0.262921
185.57659,8.9592,0.262921
185.57690,8.9592,0.263113
185.57721,8.9564,0.271993
185.57752,8.9564,0.265905
185.57783,8.9574,0.268801
185.57814,8.9555,0.297921
185.57839,8.9771,0.297921
185.57870,8.9678,0.264217
185.57902,8.9611,0.303097
185.57933,8.9602,0.261209
185.57964,8.9725,0.266801
185.57989,8.9641,0.266801
185.58020,8.9592,0.255833
185.58051,8.9715,0.256729
185.58082,8.9688,0.256641
185.58113,8.9688,0.262425
185.58144,8.9678,0.250953
185.58169,8.9715,0.250953
185.58200,8.9678,0.254353
185.58231,8.9602,0.258521
185.58262,8.9688,0.266617
185.58293,8.9658,0.281753
185.58324,8.9678,0.252161
185.58350,8.9705,0.252161
185.58380,8.9631,0.266009
185.58411,8.9639,0.261713
185.58442,8.9648,0.262129
185.58473,8.9631,0.264113
185.58499,8.9631,0.264113
185.58530,8.9631,0.262817
185.58561,8.9621,0.269705
185.58592,8.9688,0.261129
185.58623,8.9602,0.266905
185.58654,8.9715,0.266697
185.58680,8.9639,0.266697
185.58711,8.9697,0.267801
185.58741,8.9525,0.306601
185.58772,8.9582,0.302513
185.58803,8.9545,0.303305
185.58829,8.9631,0.303305
185.58860,8.9611,0.305705
185.58891,8.9611,0.270497
185.58922,8.9705,0.257041
185.58953,8.9688,0.254137
185.58984,8.9611,0.252345
185.59009,8.9639,0.252345
185.59040,8.9621,0.254033
185.59071,8.9582,0.267305
185.59102,8.9658,0.266217
185.59133,8.9574,0.276481
185.59159,8.9582,0.276481
185.59190,8.9639,0.282865
185.59220,8.9631,0.273681
185.59252,8.9611,0.263217
185.59283,8.9771,0.260417
185.59314,8.9611,0.265009
185.59339,8.9648,0.265009
185.59370,8.9678,0.267697
185.59401,8.9658,0.268697
185.59432,8.9648,0.263425
185.59463,8.9658,0.266009
185.59494,8.9639,0.266113
185.59519,8.9695,0.266113
185.59550,8.9621,0.264009
185.59581,8.9641,0.262609
185.59612,8.9611,0.262129
185.59643,8.9695,0.261921
185.59674,8.9725,0.262425
185.59699,8.9582,0.262425
185.59730,8.9574,0.262921
185.59762,8.9621,0.261129
185.59793,8.9592,0.261313
185.59823,8.9631,0.264009
185.59849,8.9648,0.264009
185.59880,8.9678,0.262921
185.59911,8.9818,0.257537
185.59942,8.9678,0.257729
185.59973,8.9611,0.291433
185.60003,8.9555,0.283553
185.60029,8.9725,0.283553
185.60060,8.9668,0.261921
185.60091,8.9631,0.262921
185.60122,8.9621,0.262321
185.60153,8.9688,0.268305
185.60184,8.9602,0.266217
185.60209,8.9648,0.266217
185.60240,8.9715,0.264905
185.60271,8.9762,0.307289
185.60302,8.9574,0.272289
185.60333,8.9631,0.262425
185.60359,8.9631,0.262425
185.60390,8.9648,0.264009
185.60421,8.9621,0.301697
185.60451,8.9658,0.300801
185.60482,8.9592,0.284945
185.60514,8.9678,0.261233
185.60539,8.9631,0.261233
185.60570,8.9648,0.262529
185.60601,8.9592,0.267201
185.60632,8.9762,0.260729
185.60663,8.9639,0.260817
185.60694,8.9705,0.261417
185.60719,8.9695,0.261417
185.60750,8.9631,0.250449
185.60781,8.9695,0.249553
185.60812,8.9668,0.250345
185.60843,8.9668,0.253137
185.60874,8.9705,0.255937
185.60899,8.9592,0.255937
185.60931,8.9641,0.272681
185.60962,8.9697,0.278481
185.60993,8.9678,0.264113
185.61024,8.9592,0.265217
185.61049,8.9564,0.265217
185.61080,8.9658,0.263713
185.61111,8.9771,0.256537
185.61142,8.9705,0.259521
185.61173,8.9611,0.263921
185.61204,8.9631,0.263425
185.61229,8.9658,0.263425
185.61260,8.9678,0.266617
185.61291,8.9668,0.264113
185.61322,8.9715,0.266409
185.61353,8.9621,0.264113
185.61384,8.9602,0.290249
185.61409,8.9648,0.290249
185.61440,8.9641,0.322953
185.61471,8.9648,0.301905
185.61502,8.9545,0.263505
185.61534,8.9744,0.274289
185.61559,8.9705,0.274289
185.61590,8.9678,0.272681
185.61621,8.9668,0.259025
185.61652,8.9668,0.252553
185.61683,8.9639,0.250657
185.61709,8.9668,0.250657
185.61739,8.9668,0.285153
185.61770,8.9715,0.260129
185.61801,8.9658,0.269889
185.61832,8.9574,0.284553
185.61863,8.9621,0.286849
185.61889,8.9631,0.286849
185.61920,8.9639,0.271601
185.61951,8.9621,0.263817
185.61982,8.9658,0.264113
185.62012,8.9678,0.265113
185.62044,8.9688,0.265113
185.62069,8.9545,0.265113
185.62100,8.9621,0.278481
185.62131,8.9648,0.269097
185.62162,8.9668,0.277777
185.62193,8.9658,0.268993
185.62218,8.9631,0.268993
185.62249,8.9564,0.269097
185.62280,8.9648,0.269305
185.62311,8.9715,0.265801
185.62342,8.9658,0.264425
185.62373,8.9678,0.262025
185.62399,8.9621,0.262025
185.62429,8.9668,0.263321
185.62460,8.9725,0.266305
185.62491,8.9658,0.264817
185.62522,8.9631,0.267201
185.62553,8.9602,0.265217
185.62579,8.9631,0.265217
185.62610,8.9752,0.262129
185.62641,8.9592,0.264113
185.62672,8.9658,0.267409
185.62703,8.9688,0.257537
185.62728,8.9734,0.257537
185.62759,8.9744,0.265113
185.62790,8.9611,0.261817
185.62821,8.9744,0.267697
185.62852,8.9658,0.266697
185.62883,8.9574,0.305889
185.62909,8.9602,0.305889
185.62939,8.9602,0.267801
185.62971,8.9631,0.264113
185.63002,8.9688,0.265217
185.63033,8.9734,0.263321
185.63063,8.9648,0.268201
185.63089,8.9592,0.268201
185.63120,8.9611,0.304385
185.63151,8.9658,0.304697
185.63182,8.9545,0.305889
185.63213,8.9631,0.255537
185.63244,8.9602,0.259833
185.63269,8.9658,0.259833
185.63300,8.9648,0.242193
185.63331,8.9678,0.252745
185.63362,8.9688,0.250161
185.63393,8.9648,0.248361
185.63419,8.9582,0.248361
185.63450,8.9648,0.242881
185.63481,8.9695,0.244569
185.63512,8.9688,0.249657
185.63543,8.9754,0.252345
185.63574,8.9639,0.259521
185.63599,8.9715,0.259521
185.63630,8.9678,0.262425
185.63661,8.9602,0.280065
185.63692,8.9705,0.264321
185.63723,8.9695,0.261129
185.63748,8.9639,0.261129
185.63779,8.9639,0.265113
185.63810,8.9621,0.262321
185.63841,8.9574,0.259729
185.63872,8.9725,0.263217
185.63903,8.9697,0.263425
185.63929,8.9639,0.263425
185.63960,8.9688,0.262921
185.63991,8.9555,0.260817
185.64022,8.9668,0.262321
185.64053,8.9621,0.264321
185.64078,8.9602,0.264321
185.64109,8.9592,0.301009
185.64140,8.9631,0.307289
185.64171,8.9592,0.295417
185.64202,8.9678,0.267617
185.64233,8.9631,0.269809
185.64258,8.9564,0.269809
185.64289,8.9648,0.274081
185.64320,8.9725,0.299817
185.64351,8.9574,0.256641
185.64382,8.9781,0.257225
185.64413,8.9705,0.264401
185.64438,8.9705,0.264401
185.64469,8.9564,0.270497
185.64501,8.9734,0.273393
185.64532,8.9555,0.278881
185.64563,8.9611,0.274977
185.64588,8.9648,0.274977
185.64619,8.9648,0.262425
185.64650,8.9781,0.306993
185.64681,8.9648,0.264009
185.64712,8.9678,0.264425
185.64743,8.9818,0.263921
185.64768,8.9611,0.263921
185.64799,8.9688,0.262321
185.64830,8.9648,0.263321
185.64861,8.9678,0.262129
185.64892,8.9535,0.262425
185.64923,8.9602,0.263217
185.64948,8.9639,0.263217
185.64979,8.9658,0.260729
185.65010,8.9545,0.263425
185.65041,8.9621,0.267697
185.65072,8.9564,0.265609
185.65103,8.9639,0.264905
185.65129,8.9658,0.264905
185.65160,8.9688,0.262609
185.65191,8.9715,0.262633
185.65222,8.9715,0.264321
185.65253,8.9648,0.263113
185.65278,8.9705,0.263113
185.65309,8.9621,0.263609
185.65340,8.9582,0.264505
185.65371,8.9631,0.266697
185.65402,8.9668,0.279169
185.65433,8.9705,0.275185
185.65458,8.9801,0.275185
185.65489,8.9631,0.270889
185.65520,8.9621,0.271097
185.65551,8.9592,0.269809
185.65582,8.9705,0.267009
185.65613,8.9648,0.271393
185.65638,8.9695,0.271393
185.65669,8.9688,0.269097
185.65700,8.9695,0.274081
185.65732,8.9744,0.272289
185.65763,8.9631,0.315257
185.65788,8.9535,0.315257
185.65819,8.9574,0.289433
185.65850,8.9639,0.267905
185.65881,8.9688,0.267697
185.65912,8.9574,0.270705
185.65943,8.9631,0.276481
185.65968,8.9574,0.276481
185.65999,8.9648,0.274289
185.66030,8.9582,0.271681
185.66061,8.9639,0.335609
185.66092,8.9471,0.278065
185.66123,8.9564,0.275689
185.66148,8.9641,0.275689
185.66179,8.9688,0.274185
185.66210,8.9498,0.271393
185.66241,8.9621,0.270201
185.66272,8.9668,0.271785
185.66303,8.9648,0.273393
185.66328,8.9668,0.273393
185.66359,8.9574,0.280961
185.66390,8.9631,0.311977
185.66421,8.9631,0.315169
185.66452,8.9525,0.312169
185.66483,8.9574,0.312961
185.66509,8.9602,0.312961
185.66539,8.9621,0.314961
185.66570,8.9584,0.308793
185.66601,8.9555,0.282361
185.66632,8.9688,0.272889
185.66658,8.9631,0.272889
185.66689,8.9592,0.275289
185.66719,8.9611,0.304385
185.66750,8.9602,0.318361
185.66782,8.9574,0.332425
185.66813,8.9508,0.352945
185.66838,8.9555,0.352945
185.66869,8.9535,0.357537
185.66900,8.9631,0.308081
185.66931,8.9555,0.266409
185.66962,8.9688,0.271097
185.66993,8.9641,0.268697
185.67018,8.9715,0.268697
185.67049,8.9688,0.267305
185.67080,8.9639,0.265505
185.67111,8.9602,0.294729
185.67142,8.9695,0.293441
185.67173,8.9668,0.297921
185.67198,8.9697,0.297921
185.67229,8.9469,0.321449
185.67260,8.9525,0.311169
185.67291,8.9668,0.314569
185.67322,8.9631,0.317865
185.67348,8.9555,0.317865
185.67379,8.9582,0.276081
185.67410,8.9611,0.276977
185.67441,8.9734,0.261417
185.67472,8.9705,0.259625
185.67503,8.9631,0.299009
185.67528,8.9545,0.299009
185.67559,8.9809,0.281865
185.67590,8.9658,0.261817
185.67621,8.9648,0.262817
185.67652,8.9668,0.260729
185.67678,8.9705,0.260729
185.67709,8.9648,0.261313
185.67740,8.9668,0.264217
185.67771,8.9564,0.301193
185.67801,8.9592,0.299113
185.67833,8.9611,0.304385
185.67858,8.9705,0.304385
185.67889,8.9602,0.266009
185.67920,8.9525,0.265905
185.67951,8.9697,0.254353
185.67982,8.9631,0.252553
185.68013,8.9771,0.252953
185.68038,8.9715,0.252953
185.68069,8.9639,0.254353
185.68100,8.9639,0.257625
185.68132,8.9564,0.269705
185.68162,8.9678,0.269409
185.68188,8.9678,0.269409
185.68219,8.9574,0.279273
185.68250,8.9705,0.265009
185.68281,8.9648,0.255833
185.68312,8.9725,0.268009
185.68343,8.9705,0.254937
185.68368,8.9602,0.254937
185.68399,8.9744,0.260337
185.68430,8.9648,0.262609
185.68461,8.9584,0.261025
185.68492,8.9688,0.263921
185.68523,8.9678,0.264425
185.68548,8.9668,0.264425
185.68579,8.9639,0.265721
185.68610,8.9648,0.261521
185.68641,8.9705,0.263321
185.68672,8.9422,0.302009
185.68703,8.9602,0.260817
185.68728,8.9555,0.260817
185.68760,8.9668,0.266513
185.68791,8.9564,0.265609
185.68822,8.9658,0.265721
185.68853,8.9621,0.262321
185.68878,8.9592,0.262321
185.68909,8.9715,0.266905
185.68940,8.9725,0.284449
185.68971,8.9582,0.303593
185.69002,8.9592,0.264009
185.69033,8.9621,0.263713
185.69058,8.9631,0.263713
185.69089,8.9621,0.264425
185.69120,8.9688,0.263609
185.69151,8.9695,0.266905
185.69182,8.9771,0.268201
185.69213,8.9639,0.268009
185.69238,8.9611,0.268009
185.69269,8.9592,0.265905
185.69300,8.9631,0.265505
185.69331,8.9678,0.264609
185.69362,8.9631,0.274793
185.69388,8.9688,0.274793
185.69419,8.9631,0.265009
185.69450,8.9461,0.301193
185.69481,8.9518,0.296713
185.69512,8.9631,0.299713
185.69543,8.9631,0.260817
185.69568,8.9602,0.260817
185.69599,8.9611,0.260817
185.69630,8.9734,0.256937
185.69661,8.9688,0.261129
185.69692,8.9582,0.259521
185.69723,8.9648,0.262321
185.69748,8.9582,0.262321
185.69779,8.9734,0.245169
185.69810,8.9668,0.247177
185.69841,8.9688,0.251449
185.69872,8.9705,0.251953
185.69897,8.9648,0.251953
185.69929,8.9705,0.253137
185.69960,8.9668,0.269201
185.69991,8.9678,0.273289
185.70022,8.9752,0.264009
185.70053,8.9668,0.262921
185.70078,8.9602,0.262921
185.70109,8.9555,0.262609
185.70140,8.9592,0.264009
185.70171,8.9688,0.264505
185.70202,8.9641,0.262025
185.70227,8.9582,0.262025
185.70258,8.9705,0.262921
185.70289,8.9574,0.271289
185.70320,8.9621,0.263713
185.70351,8.9668,0.268697
185.70382,8.9688,0.266113
185.70407,8.9582,0.266113
185.70438,8.9611,0.341889
185.70469,8.9592,0.302097
185.70500,8.9668,0.304593
185.70532,8.9621,0.262425
185.70563,8.9648,0.277985
185.70588,8.9648,0.277985
185.70619,8.9695,0.271497
185.70650,8.9725,0.259337
185.70681,8.9611,0.260233
185.70712,8.9611,0.254849
185.70743,8.9705,0.256041
185.70768,8.9688,0.256041
185.70799,8.9688,0.262713
185.70830,8.9725,0.273977
185.70861,8.9631,0.282073
185.70892,8.9678,0.283049
185.70917,8.9488,0.283049
185.70948,8.9678,0.267593
185.70979,8.9705,0.264321
185.71010,8.9668,0.268201
185.71041,8.9658,0.261233
185.71072,8.9705,0.262129
185.71097,8.9641,0.262129
185.71129,8.9574,0.279169
185.71160,8.9592,0.262217
185.71191,8.9695,0.262529
185.71222,8.9631,0.299609
185.71253,8.9658,0.266113
185.71278,8.9648,0.266113
185.71309,8.9688,0.264905
185.71340,8.9705,0.286657
185.71371,8.9592,0.266305
185.71402,8.9688,0.263321
185.71427,8.9621,0.263321
185.71458,8.9715,0.295417
185.71489,8.9631,0.264113
185.71520,8.9631,0.289641
185.71551,8.9631,0.317657
185.71582,8.9592,0.265217
185.71607,8.9715,0.265217
185.71638,8.9582,0.256145
185.71669,8.9771,0.253137
185.71700,8.9725,0.261025
185.71731,8.9631,0.292729
185.71762,8.9584,0.268409
185.71788,8.9668,0.268409
185.71819,8.9668,0.258233
185.71850,8.9592,0.339993
185.71881,8.9631,0.259729
185.71912,8.9688,0.262217
185.71943,8.9611,0.297425
185.71968,8.9602,0.297425
185.71999,8.9668,0.266513
185.72030,8.9715,0.277377
185.72061,8.9602,0.290833
185.72092,8.9574,0.263817
185.72117,8.9611,0.263817
185.72148,8.9648,0.259417
185.72179,8.9582,0.297425
185.72210,8.9648,0.259417
185.72241,8.9639,0.280169
185.72272,8.9498,0.286449
185.72297,8.9688,0.286449
185.72328,8.9611,0.263217
185.72359,8.9668,0.298425
185.72390,8.9592,0.260625
185.72421,8.9688,0.260337
185.72452,8.9715,0.288241
185.72478,8.9631,0.288241
185.72509,8.9658,0.278065
185.72540,8.9668,0.260025
185.72571,8.9631,0.296417
185.72602,8.9621,0.259625
185.72627,8.9631,0.259625
185.72658,8.9668,0.267305
185.72689,8.9555,0.295313
185.72720,8.9564,0.262529
185.72751,8.9668,0.266801
185.72782,8.9648,0.300905
185.72807,8.9621,0.300905
185.72838,8.9602,0.262025
185.72869,8.9592,0.262713
185.72900,8.9631,0.267513
185.72931,8.9688,0.267009
185.72957,8.9658,0.267009
185.72988,8.9611,0.273081
185.73019,8.9498,0.330209
185.73050,8.9668,0.263713
185.73081,8.9678,0.297209
185.73112,8.9611,0.263113
185.73137,8.9592,0.263113
185.73168,8.9648,0.262921
185.73199,8.9621,0.280169
185.73230,8.9678,0.262529
185.73261,8.9592,0.261313
185.73292,8.9715,0.328121
185.73317,8.9611,0.328121
185.73348,8.9725,0.276665
185.73379,8.9648,0.287057
185.73410,8.9648,0.283465
185.73441,8.9668,0.266801
185.73472,8.9668,0.263425
185.73497,8.9648,0.263425
185.73529,8.9668,0.298609
185.73560,8.9668,0.263425
185.73591,8.9744,0.291225
185.73622,8.9648,0.279857
185.73647,8.9715,0.279857
185.73678,8.9705,0.260521
185.73709,8.9611,0.297209
185.73740,8.9611,0.263113
185.73771,8.9838,0.262817
185.73802,8.9631,0.295129
185.73827,8.9535,0.295129
185.73858,8.9639,0.272097
185.73889,8.9697,0.268409
185.73920,8.9611,0.298609
185.73951,8.9734,0.262129
185.73982,8.9631,0.264113
185.74007,8.9658,0.264113
185.74038,8.9668,0.301409
185.74069,8.9725,0.263817
185.74100,8.9678,0.278169
185.74131,8.9592,0.297609
185.74157,8.9668,0.297609
185.74188,8.9621,0.268305
185.74219,8.9705,0.265217
185.74250,8.9555,0.259521
185.74281,8.9678,0.262817
185.74312,8.9678,0.280857
185.74337,8.9631,0.280857
185.74368,8.9725,0.289433
185.74399,8.9641,0.263713
185.74430,8.9631,0.312273
185.74461,8.9641,0.308185
185.74492,8.9668,0.262921
185.74517,8.9688,0.262921
185.74548,8.9592,0.287449
185.74579,8.9631,0.262217
185.74610,8.9762,0.263609
185.74641,8.9602,0.296209
185.74672,8.9641,0.261209
185.74697,8.9631,0.261209
185.74728,8.9697,0.263425
185.74760,8.9525,0.309185
185.74791,8.9648,0.263817
185.74822,8.9621,0.265505
185.74847,8.9574,0.265505
185.74878,8.9508,0.299817
185.74909,8.9592,0.261313
185.74940,8.9678,0.287745
185.74971,8.9592,0.266113
185.75002,8.9574,0.255353
185.75027,8.9631,0.255353
185.75058,8.9621,0.268009
185.75089,8.9631,0.260025
185.75120,8.9668,0.261313
185.75151,8.9592,0.293017
185.75182,8.9592,0.257041
185.75207,8.9695,0.257041
185.75238,8.9678,0.248153
185.75269,8.9658,0.249945
185.75300,8.9658,0.251345
185.75331,8.9725,0.248465
185.75356,8.9668,0.248465
185.75387,8.9744,0.259921
185.75418,8.9639,0.248761
185.75449,8.9697,0.268201
185.75480,8.9611,0.262217
185.75511,8.9695,0.272993
185.75537,8.9639,0.272993
185.75568,8.9574,0.276273
185.75599,8.9621,0.262321
185.75630,8.9725,0.260625
185.75661,8.9611,0.259233
185.75691,8.9508,0.259129
185.75717,8.9695,0.259129
185.75748,8.9611,0.263321
185.75779,8.9611,0.262217
185.75810,8.9621,0.263321
185.75841,8.9688,0.263529
185.75872,8.9574,0.269993
185.75897,8.9545,0.269993
185.75928,8.9744,0.303993
185.75959,8.9611,0.295233
185.75990,8.9631,0.303593
185.76021,8.9582,0.299113
185.76047,8.9582,0.299113
185.76078,8.9697,0.298905
185.76109,8.9631,0.273081
185.76139,8.9678,0.268905
185.76170,8.9602,0.263425
185.76202,8.9725,0.298817
185.76227,8.9752,0.298817
185.76258,8.9658,0.257225
185.76289,8.9648,0.267201
185.76320,8.9631,0.269305
185.76351,8.9734,0.267905
185.76382,8.9781,0.272681
185.76407,8.9592,0.272681
185.76438,8.9582,0.277081
185.76469,8.9639,0.264713
185.76500,8.9688,0.261713
185.76531,8.9668,0.260129
185.76557,8.9639,0.260129
185.76588,8.9621,0.261417
185.76619,8.9744,0.254849
185.76650,8.9631,0.260817
185.76681,8.9715,0.254849
185.76712,8.9658,0.261521
185.76737,8.9535,0.261521
185.76768,8.9631,0.261129
185.76799,8.9695,0.260625
185.76830,8.9639,0.261625
185.76861,8.9648,0.264113
185.76892,8.9697,0.264217
185.76917,8.9648,0.264217
185.76948,8.9658,0.261921
185.76979,8.9639,0.263025
185.77010,8.9631,0.260521
185.77041,8.9678,0.266513
185.77072,8.9678,0.263113
185.77097,8.9678,0.263113
185.77128,8.9648,0.262129
185.77159,8.9631,0.264009
185.77190,8.9611,0.264217
185.77221,8.9752,0.263817
185.77247,8.9639,0.263817
185.77277,8.9697,0.264505
185.77309,8.9648,0.265505
185.77340,8.9592,0.306785
185.77370,8.9631,0.264905
185.77401,8.9648,0.261521
185.77427,8.9705,0.261521
185.77458,8.9621,0.264505
185.77489,8.9725,0.261129
185.77520,8.9771,0.267513
185.77551,8.9648,0.263921
185.77581,8.9611,0.266409
185.77607,8.9734,0.266409
185.77638,8.9621,0.266801
185.77669,8.9564,0.303409
185.77700,8.9631,0.300505
185.77731,8.9518,0.281969
185.77756,8.9688,0.281969
185.77787,8.9678,0.257041
185.77818,8.9658,0.260817
185.77849,8.9631,0.259129
185.77880,8.9688,0.256641
185.77911,8.9697,0.255937
185.77936,8.9688,0.255937
185.77967,8.9705,0.259625
185.77998,8.9621,0.244169
185.78029,8.9668,0.247969
185.78060,8.9658,0.246969
185.78091,8.9639,0.249761
185.78116,8.9725,0.249761
185.78147,8.9621,0.255833
185.78178,8.9574,0.271393
185.78209,8.9648,0.278777
185.78240,8.9734,0.263713
185.78271,8.9668,0.261417
185.78297,8.9555,0.261417
185.78328,8.9678,0.258233
185.78359,8.9668,0.260233
185.78390,8.9658,0.267305
185.78421,8.9658,0.261921
185.78452,8.9678,0.260417
185.78477,8.9602,0.260417
185.78508,8.9705,0.265009
185.78539,8.9678,0.263425
185.78570,8.9621,0.263113
185.78601,8.9602,0.265505
185.78626,8.9648,0.265505
185.78657,8.9602,0.301009
185.78688,8.9518,0.307977
185.78719,8.9668,0.304097
185.78750,8.9678,0.265505
185.78781,8.9639,0.314857
185.78806,8.9658,0.314857
185.78837,8.9725,0.287953
185.78868,8.9668,0.255145
185.78899,8.9641,0.256433
185.78931,8.9695,0.259337
185.78956,8.9688,0.259337
185.78987,8.9688,0.270889
185.79018,8.9611,0.276481
185.79049,8.9648,0.273393
185.79080,8.9518,0.330129
185.79111,8.9535,0.279777
185.79136,8.9631,0.279777
185.79167,8.9621,0.265801
185.79198,8.9744,0.264425
185.79229,8.9725,0.264505
185.79260,8.9658,0.263425
185.79291,8.9668,0.261625
185.79316,8.9574,0.261625
185.79347,8.9602,0.264113
185.79378,8.9668,0.259521
185.79409,8.9715,0.262713
185.79440,8.9641,0.262529
185.79471,8.9621,0.259337
185.79496,8.9648,0.259337
185.79527,8.9695,0.264321
185.79559,8.9639,0.262633
185.79590,8.9658,0.261521
185.79621,8.9611,0.267409
185.79651,8.9668,0.262609
185.79677,8.9648,0.262609
185.79708,8.9574,0.262713
185.79739,8.9658,0.262921
185.79770,8.9668,0.264505
185.79801,8.9695,0.260729
185.79826,8.9762,0.260729
185.79857,8.9648,0.262529
185.79888,8.9688,0.258729
185.79919,8.9668,0.258937
185.79950,8.9668,0.256329
185.79981,8.9697,0.255433
185.80006,8.9744,0.255433
185.80037,8.9582,0.252849
185.80068,8.9725,0.261921
185.80099,8.9695,0.259441
185.80130,8.9695,0.259521
185.80161,8.9641,0.260521
185.80187,8.9582,0.260521
185.80218,8.9688,0.262609
185.80249,8.9621,0.299217
185.80280,8.9611,0.262713
185.80311,8.9574,0.304697
185.80336,8.9592,0.304697
185.80367,8.9678,0.299609
185.80398,8.9592,0.301409
185.80429,8.9678,0.256937
185.80460,8.9688,0.259833
185.80491,8.9631,0.252745
185.80516,8.9688,0.252745
185.80547,8.9695,0.295729
185.80578,8.9555,0.251953
185.80609,8.9697,0.259921
185.80640,8.9479,0.243481
185.80671,8.9752,0.245169
185.80696,8.9695,0.245169
185.80728,8.9631,0.245169
185.80759,8.9631,0.251553
185.80790,8.9725,0.256433
185.80821,8.9639,0.258233
185.80846,8.9668,0.258233
185.80877,8.9695,0.272185
185.80908,8.9828,0.260921
185.80939,8.9715,0.261625
185.80970,8.9678,0.266217
185.81001,8.9668,0.268593
185.81026,8.9602,0.268593
185.81057,8.9631,0.267305
185.81088,8.9648,0.264321
185.81119,8.9668,0.261521
185.81150,8.9744,0.263505
185.81181,8.9621,0.262817
185.81206,8.9592,0.262817
185.81237,8.9678,0.261625
185.81268,8.9744,0.263713
185.81300,8.9658,0.299609
185.81331,8.9668,0.301617
185.81356,8.9658,0.301617
185.81387,8.9592,0.303409
185.81418,8.9631,0.266217
185.81449,8.9574,0.269097
185.81480,8.9621,0.267305
185.81511,8.9631,0.254745
185.81536,8.9688,0.254745
185.81567,8.9648,0.253345
185.81598,8.9688,0.252057
185.81629,8.9715,0.249553
185.81660,8.9734,0.264905
185.81691,8.9631,0.305497
185.81716,8.9658,0.305497
185.81747,8.9441,0.276273
185.81778,8.9592,0.279961
185.81809,8.9564,0.268697
185.81840,8.9611,0.263113
185.81871,8.9631,0.266617
185.81896,8.9611,0.266617
185.81927,8.9631,0.276081
185.81958,8.9648,0.280465
185.81989,8.9592,0.303409
185.82020,8.9631,0.261817
185.82046,8.9658,0.261817
185.82077,8.9611,0.264713
185.82108,8.9744,0.263425
185.82139,8.9668,0.263113
185.82170,8.9631,0.263113
185.82201,8.9535,0.264321
185.82226,8.9621,0.264321
185.82257,8.9668,0.262425
185.82288,8.9621,0.264009
185.82319,8.9641,0.264905
185.82350,8.9688,0.263817
185.82381,8.9678,0.263529
185.82406,8.9725,0.263529
185.82437,8.9582,0.265113
185.82468,8.9695,0.265905
185.82499,8.9695,0.269409
185.82530,8.9678,0.267905
185.82555,8.9688,0.267905
185.82587,8.9688,0.274081
185.82617,8.9611,0.266409
185.82649,8.9658,0.261817
185.82679,8.9631,0.263217
185.82711,8.9688,0.269305
185.82736,8.9744,0.269305
185.82767,8.9631,0.264905
185.82798,8.9631,0.262025
185.82829,8.9678,0.262217
185.82860,8.9648,0.259233
185.82891,8.9602,0.264713
185.82916,8.9658,0.264713
185.82947,8.9584,0.263713
185.82978,8.9668,0.264009
185.83009,8.9658,0.266217
185.83040,8.9582,0.263713
185.83071,8.9668,0.265217
185.83096,8.9678,0.265217
185.83127,8.9705,0.263505
185.83158,8.9574,0.265401
185.83189,8.9668,0.265113
185.83220,8.9631,0.265905
185.83245,8.9705,0.265905
185.83276,8.9715,0.267801
185.83307,8.9564,0.261713
185.83338,8.9639,0.265009
185.83369,8.9678,0.256537
185.83400,8.9668,0.261713
185.83426,8.9639,0.261713
185.83457,8.9734,0.302697
185.83488,8.9658,0.262529
185.83518,8.9678,0.266009
185.83550,8.9574,0.264113
185.83581,8.9705,0.261713
185.83606,8.9678,0.261713
185.83637,8.9592,0.261233
185.83668,8.9678,0.261313
185.83699,8.9574,0.261313
185.83730,8.9658,0.263321
185.83761,8.9602,0.262217
185.83786,8.9631,0.262217
185.83817,8.9678,0.263217
185.83848,8.9752,0.265401
185.83879,8.9584,0.265113
185.83910,8.9631,0.259833
185.83935,8.9744,0.259833
185.83966,8.9631,0.264505
185.83997,8.9734,0.265721
185.84028,8.9592,0.296713
185.84059,8.9555,0.298817
185.84090,8.9574,0.293441
185.84115,8.9648,0.293441
185.84146,8.9678,0.256641
185.84177,8.9762,0.256537
185.84208,8.9688,0.252161
185.84239,8.9734,0.250265
185.84270,8.9771,0.264009
185.84296,8.9725,0.264009
185.84327,8.9648,0.243985
185.84545,8.9705,0.273897
185.84721,8.9744,0.259833
185.84897,8.9611,0.304809
185.85073,8.9602,0.294129
185.85249,8.9734,0.257329
185.85424,8.9611,0.268993
185.85601,8.9621,0.263921
185.85776,8.9725,0.266009
185.85802,8.9658,0.266113
185.85827,8.9545,0.266113
185.85858,8.9641,0.265801
185.85889,8.9648,0.263505
185.85920,8.9631,0.265905
185.85951,8.9658,0.266617
185.85976,8.9639,0.266617
185.86007,8.9648,0.265721
185.86038,8.9574,0.301113
185.86069,8.9555,0.273577
185.86100,8.9582,0.263713
185.86131,8.9658,0.262425
185.86156,8.9631,0.262425
185.86187,8.9639,0.264609
185.86218,8.9564,0.263113
185.86249,8.9621,0.265217
185.86280,8.9648,0.264009
185.86311,8.9582,0.304489
185.86337,8.9611,0.304489
185.86368,8.9631,0.271889
185.86399,8.9611,0.263113
185.86430,8.9668,0.260337
185.86461,8.9648,0.262129
185.86492,8.9611,0.261625
185.86517,8.9695,0.261625
185.86548,8.9658,0.262529
185.86579,8.9725,0.263921
185.86610,8.9678,0.265801
185.86641,8.9762,0.258233
185.86666,8.9518,0.258233
185.86697,8.9658,0.278377
185.86728,8.9621,0.297105
185.86759,8.9555,0.300505
185.86790,8.9639,0.298817
185.86821,8.9658,0.263425
185.86846,8.9658,0.263425
185.86877,8.9697,0.259129
185.86908,8.9725,0.256537
185.86940,8.9695,0.259729
185.86971,8.9602,0.256249
185.86996,8.9678,0.256249
185.87027,8.9648,0.261521
185.87058,8.9658,0.246177
185.87089,8.9658,0.247361
185.87120,8.9668,0.247969
185.87151,8.9668,0.248073
185.87176,8.9705,0.248073
185.87207,8.9574,0.252641
185.87238,8.9611,0.260729
185.87269,8.9611,0.274081
185.87300,8.9658,0.271785
185.87331,8.9611,0.269201
185.87356,8.9574,0.269201
185.87387,8.9602,0.268097
185.87418,8.9564,0.266801
185.87449,8.9611,0.283553
185.87480,8.9574,0.309689
185.87512,8.9555,0.265009
185.87537,8.9678,0.265009
185.87568,8.9658,0.262713
185.87599,8.9688,0.265217
185.87630,8.9648,0.263505
185.87661,8.9584,0.270785
185.87686,8.9658,0.270785
185.87717,8.9592,0.271889
185.87748,8.9658,0.329521
185.87779,8.9479,0.329625
185.87810,8.9555,0.257041
185.87841,8.9658,0.274289
185.87866,8.9688,0.274289
185.87897,8.9621,0.267513
185.87928,8.9611,0.254537
185.87959,8.9582,0.255353
185.87990,8.9705,0.251057
185.88021,8.9715,0.255537
185.88046,8.9639,0.255537
185.88077,8.9631,0.260233
185.88108,8.9688,0.271201
185.88139,8.9611,0.281465
185.88171,8.9688,0.284945
185.88196,8.9639,0.284945
185.88227,8.9658,0.273577
185.88258,8.9592,0.256041
185.88289,8.9715,0.257729
185.88320,8.9658,0.253449
185.88351,8.9564,0.261417
185.88376,8.9705,0.261417
185.88407,8.9631,0.255537
185.88438,8.9621,0.294129
185.88469,8.9678,0.258441
185.88500,8.9695,0.292225
185.88531,8.9602,0.267409
185.88556,8.9705,0.267409
185.88587,8.9678,0.262129
185.88618,8.9518,0.292937
185.88649,8.9602,0.261233
185.88680,8.9658,0.258233
185.88711,8.9631,0.298905
185.88736,8.9574,0.298905
185.88767,8.9602,0.265801
185.88798,8.9631,0.280569
185.88829,8.9621,0.294233
185.88860,8.9688,0.264905
185.88891,8.9648,0.265321
185.88917,8.9555,0.265321
185.88947,8.9555,0.341289
185.88979,8.9678,0.262609
185.89010,8.9648,0.281465
185.89040,8.9631,0.283945
185.89066,8.9695,0.283945
185.89097,8.9602,0.263113
185.89128,8.9611,0.260025
185.89159,8.9602,0.261921
185.89190,8.9734,0.274185
185.89221,8.9592,0.328121
185.89246,8.9602,0.328121
185.89277,8.9648,0.276769
185.89308,8.9678,0.262129
185.89339,8.9592,0.298217
185.89370,8.9648,0.268097
185.89396,8.9648,0.268097
185.89426,8.9725,0.265609
185.89458,8.9479,0.295313
185.89489,8.9648,0.260025
185.89520,8.9648,0.265721
185.89550,8.9611,0.296313
185.89576,8.9639,0.296313
185.89607,8.9648,0.263321
185.89638,8.9621,0.294233
185.89669,8.9564,0.266801
185.89700,8.9648,0.263113
185.89731,8.9688,0.273681
185.89756,8.9715,0.273681
185.89787,8.9574,0.295025
185.89818,8.9688,0.260625
185.89849,8.9658,0.298713
185.89880,8.9658,0.264217
185.89911,8.9639,0.263609
185.89936,8.9648,0.263609
185.89967,8.9574,0.278377
185.89998,8.9631,0.255937
185.90029,8.9695,0.256249
185.90060,8.9668,0.295129
185.90086,8.9592,0.295129
185.90117,8.9658,0.263425
185.90148,8.9641,0.287345
185.90179,8.9611,0.285953
185.90210,8.9744,0.265905
185.90241,8.9668,0.263817
185.90266,8.9555,0.263817
185.90297,8.9658,0.300401
185.90328,8.9715,0.264009
185.90359,8.9574,0.337409
185.90390,8.9564,0.278881
185.90421,8.9648,0.264905
185.90446,8.9688,0.264905
185.90477,8.9584,0.261625
185.90508,8.9705,0.261921
185.90539,8.9574,0.263505
185.90570,8.9611,0.294729
185.90596,8.9602,0.294729
185.90627,8.9668,0.272577
185.90658,8.9555,0.311665
185.90689,8.9611,0.298505
185.90720,8.9602,0.261521
185.90751,8.9648,0.264217
185.90776,8.9678,0.264217
185.90807,8.9668,0.302009
185.90838,8.9631,0.266801
185.90869,8.9734,0.278169
185.90900,8.9631,0.298009
185.90931,8.9695,0.265009
185.90956,8.9715,0.265009
185.90987,8.9592,0.267513
185.91018,8.9631,0.263505
185.91049,8.9668,0.264609
185.91080,8.9639,0.281465
185.91111,8.9479,0.288033
185.91136,8.9574,0.288033
185.91167,8.9688,0.262529
185.91198,8.9725,0.305601
185.91229,8.9621,0.264905
185.91260,8.9715,0.263505
185.91285,8.9688,0.263505
185.91316,8.9525,0.290641
185.91347,8.9678,0.282569
185.91378,8.9639,0.265113
185.91409,8.9592,0.292625
185.91440,8.9592,0.266305
185.91466,8.9648,0.266305
185.91496,8.9734,0.261713
185.91528,8.9555,0.278169
185.91559,8.9631,0.265505
185.91589,8.9688,0.266617
185.91620,8.9574,0.300801
185.91646,8.9668,0.300801
185.91677,8.9688,0.259729
185.91708,8.9621,0.292041
185.91739,8.9611,0.266513
185.91770,8.9582,0.260417
185.91795,8.9631,0.260417
185.91826,8.9525,0.309585
185.91857,8.9621,0.262609
185.91888,8.9744,0.263921
185.91919,8.9631,0.295625
185.91950,8.9592,0.262817
185.91976,8.9508,0.262817
185.92007,8.9705,0.262129
185.92038,8.9658,0.290329
185.92069,8.9725,0.261521
185.92100,8.9668,0.302409
185.92131,8.9498,0.297921
185.92156,8.9611,0.297921
185.92187,8.9648,0.259337
185.92218,8.9564,0.283657
185.92249,8.9592,0.287953
185.92280,8.9648,0.263713
185.92311,8.9688,0.265217
185.92336,8.9688,0.265217
185.92367,8.9584,0.297025
185.92398,8.9697,0.263321
185.92429,8.9592,0.291329
185.92460,8.9658,0.274481
185.92485,8.9705,0.274481
185.92516,8.9611,0.246673
185.92547,8.9631,0.250265
185.92578,8.9574,0.251265
185.92609,8.9639,0.250449
185.92640,8.9695,0.252161
185.92666,8.9695,0.252161
185.92696,8.9631,0.244961
185.92727,8.9648,0.261521
185.92758,8.9725,0.260521
185.92789,8.9574,0.265609
185.92820,8.9602,0.272993
185.92846,8.9715,0.272993
185.92877,8.9678,0.259921
185.92908,8.9658,0.263713
185.92939,8.9668,0.265801
185.92970,8.9688,0.264113
185.92995,8.9648,0.264113
185.93026,8.9602,0.266305
185.93057,8.9648,0.264609
185.93088,8.9592,0.263505
185.93119,8.9668,0.262129
185.93150,8.9668,0.259921
185.93176,8.9611,0.259921
185.93206,8.9582,0.259729
185.93238,8.9658,0.308473
185.93269,8.9479,0.332921
185.93300,8.9639,0.293441
185.93331,8.9648,0.289537
185.93356,8.9648,0.289537
185.93387,8.9678,0.260521
185.93418,8.9611,0.265113
185.93449,8.9678,0.252745
185.93480,8.9668,0.252553
185.93505,8.9705,0.252553
185.93536,8.9592,0.250553
185.93567,8.9525,0.281257
185.93598,8.9658,0.268801
185.93629,8.9639,0.269889
185.93660,8.9705,0.271393
185.93685,8.9648,0.271393
185.93717,8.9602,0.283657
185.93748,8.9688,0.269889
185.93778,8.9555,0.266113
185.93809,8.9725,0.256537
185.93840,8.9631,0.264009
185.93866,8.9678,0.264009
185.93897,8.9639,0.265009
185.93928,8.9762,0.265721
185.93959,8.9668,0.264009
185.93990,8.9621,0.264817
185.94021,8.9611,0.263321
185.94046,8.9621,0.263321
185.94077,8.9678,0.261713
185.94108,8.9621,0.263217
185.94139,8.9602,0.264113
185.94170,8.9639,0.259625
185.94195,8.9648,0.259625
185.94226,8.9648,0.262921
185.94257,8.9621,0.262609
185.94288,8.9658,0.265113
185.94319,8.9648,0.266617
185.94350,8.9631,0.265113
185.94376,8.9631,0.265113
185.94407,8.9602,0.266513
185.94438,8.9574,0.265321
185.94468,8.9688,0.264905
185.94500,8.9725,0.263217
185.94530,8.9658,0.261129
185.94556,8.9668,0.261129
185.94587,8.9668,0.261817
185.94618,8.9734,0.264113
185.94649,8.9611,0.263921
185.94680,8.9631,0.267905
185.94705,8.9574,0.267905
185.94736,8.9621,0.305097
185.94767,8.9678,0.260921
185.94798,8.9678,0.263217
185.94829,8.9695,0.262921
185.94860,8.9582,0.271889
185.94885,8.9631,0.271889
185.94916,8.9678,0.265401
185.94947,8.9631,0.297209
185.94978,8.9592,0.311873
185.95009,8.9488,0.333113
185.95040,8.9648,0.257041
185.95065,8.9668,0.257041
185.95096,8.9715,0.257329
185.95127,8.9582,0.259729
185.95158,8.9705,0.261713
185.95189,8.9668,0.258041
185.95220,8.9715,0.261625
185.95246,8.9592,0.261625
185.95276,8.9648,0.239897
185.95308,8.9715,0.245569
185.95339,8.9668,0.246465
185.95370,8.9688,0.248073
185.95395,8.9639,0.248073
185.95426,8.9695,0.249865
185.95457,8.9668,0.262129
185.95488,8.9744,0.269201
185.95519,8.9695,0.277881
185.95550,8.9688,0.264609
185.95575,8.9658,0.264609
185.95607,8.9688,0.262633
185.95638,8.9762,0.260313
185.95668,8.9697,0.265217
185.95699,8.9715,0.262921
185.95730,8.9639,0.266113
185.95756,8.9688,0.266113
185.95787,8.9639,0.268905
185.95818,8.9668,0.266513
185.95849,8.9658,0.266513
185.95880,8.9678,0.261713
185.95905,8.9648,0.261713
185.95936,8.9631,0.262025
185.95967,8.9525,0.301513
185.95998,8.9631,0.303009
185.96029,8.9574,0.306289
185.96060,8.9621,0.261233
185.96085,8.9602,0.261233
185.96116,8.9611,0.269489
185.96147,8.9602,0.308681
185.96178,8.9611,0.253953
185.96209,8.9678,0.253137
185.96240,8.9705,0.249361
185.96265,8.9705,0.249361
185.96296,8.9555,0.261625
185.96327,8.9715,0.264505
185.96358,8.9705,0.266009
185.96389,8.9631,0.283153
185.96420,8.9621,0.288033
185.96446,8.9574,0.288033
185.96476,8.9734,0.318449
185.96508,8.9688,0.264009
185.96539,8.9555,0.258233
185.96570,8.9688,0.261129
185.96595,8.9611,0.261129
185.96626,8.9705,0.263217
185.96657,8.9715,0.254353
185.96688,8.9648,0.263113
185.96719,8.9754,0.252641
185.96745,8.9688,0.252641
185.96776,8.9688,0.260233
185.96807,8.9715,0.258937
185.96837,8.9611,0.259417
185.96869,8.9678,0.262129
185.96899,8.9611,0.262129
185.96925,8.9791,0.262129
185.96956,8.9688,0.259129
185.96987,8.9678,0.263713
185.97018,8.9648,0.260521
185.97049,8.9678,0.260625
185.97080,8.9668,0.261233
185.97105,8.9688,0.261233
185.97136,8.9639,0.262713
185.97167,8.9648,0.263425
185.97198,8.9658,0.266513
185.97229,8.9688,0.264009
185.97260,8.9658,0.263817
185.97285,8.9611,0.263817
185.97316,8.9584,0.264321
185.97347,8.9621,0.261713
185.97378,8.9639,0.262217
185.97409,8.9602,0.255937
185.97440,8.9678,0.258833
185.97465,8.9648,0.258833
185.97496,8.9631,0.262217
185.97527,8.9752,0.261817
185.97558,8.9744,0.262129
185.97589,8.9582,0.305097
185.97615,8.9555,0.305097
185.97645,8.9639,0.285449
185.97676,8.9611,0.294233
185.97708,8.9527,0.292937
185.97739,8.9592,0.257833
185.97770,8.9611,0.253137
185.97795,8.9828,0.253137
185.97826,8.9602,0.259233
185.97857,8.9668,0.266009
185.97888,8.9705,0.304201
185.97919,8.9621,0.256537
185.97944,8.9668,0.256537
185.97975,8.9781,0.246361
185.98006,8.9705,0.247569
185.98037,8.9678,0.242481
185.98068,8.9678,0.246361
185.98099,8.9602,0.249465
185.98125,8.9688,0.249465
185.98156,8.9752,0.259025
185.98187,8.9688,0.262217
185.98218,8.9725,0.268993
185.98248,8.9688,0.263217
185.98279,8.9668,0.262025
185.98305,8.9631,0.262025
185.98336,8.9678,0.259625
185.98367,8.9752,0.260337
185.98398,8.9592,0.256329
185.98429,8.9658,0.261713
185.98455,8.9648,0.261713
185.98485,8.9648,0.263609
185.98516,8.9715,0.262609
185.98547,8.9705,0.265401
185.98578,8.9658,0.264609
185.98609,8.9611,0.266305
185.98635,8.9658,0.266305
185.98666,8.9564,0.302409
185.98697,8.9582,0.301009
185.98727,8.9592,0.269489
185.98759,8.9639,0.270889
185.98790,8.9621,0.267801
185.98815,8.9648,0.267801
185.98846,8.9648,0.268489
185.98877,8.9668,0.257041
185.98908,8.9744,0.252241
185.98939,8.9678,0.254137
185.98964,8.9734,0.254137
185.98995,8.9592,0.271393
185.99026,8.9648,0.265401
185.99057,8.9621,0.310185
185.99088,8.9479,0.282361
185.99119,8.9678,0.274873
185.99145,8.9744,0.274873
185.99176,8.9695,0.263321
185.99206,8.9611,0.266617
185.99238,8.9668,0.264609
185.99269,8.9648,0.265505
185.99300,8.9639,0.266113
185.99325,8.9658,0.266113
185.99356,8.9508,0.310481
185.99387,8.9592,0.268513
185.99418,8.9611,0.264009
185.99449,8.9631,0.262425
185.99480,8.9781,0.263113
185.99505,8.9631,0.263113
185.99536,8.9725,0.262817
185.99567,8.9668,0.263321
185.99598,8.9584,0.264609
185.99629,8.9688,0.261817
185.99654,8.9648,0.261817
185.99685,8.9705,0.261417
185.99716,8.9688,0.263505
185.99747,8.9611,0.264321
185.99778,8.9648,0.263113
185.99809,8.9592,0.260921
185.99834,8.9639,0.260921
185.99866,8.9648,0.261129
185.99896,8.9621,0.261521
185.99927,8.9725,0.266905
185.99958,8.9668,0.262217
185.99989,8.9688,0.259025
186.00015,8.9631,0.259025
186.00046,8.9648,0.260025
186.00077,8.9648,0.263505
186.00108,8.9678,0.261713
186.00139,8.9648,0.260025
186.00164,8.9705,0.260025
186.00195,8.9734,0.262025
186.00226,8.9725,0.260729
186.00257,8.9641,0.263425
186.00288,8.9725,0.262217
186.00319,8.9734,0.261625
186.00344,8.9678,0.261625
186.00375,8.9658,0.262025
186.00406,8.9621,0.263113
186.00437,8.9621,0.260129
186.00468,8.9631,0.278961
186.00499,8.9564,0.304593
186.00525,8.9828,0.304593
186.00556,8.9762,0.260625
186.00586,8.9705,0.264113
186.00617,8.9658,0.265905
186.00648,8.9688,0.264217
186.00679,8.9668,0.264321
186.00705,8.9648,0.264321
186.00736,8.9744,0.264609
186.00767,8.9621,0.294025
186.00798,8.9641,0.289641
186.00829,8.9592,0.262921
186.00854,8.9621,0.262921
186.00885,8.9658,0.260129
186.00916,8.9744,0.260521
186.00947,8.9752,0.256537
186.00978,8.9668,0.261025
186.01009,8.9668,0.259025
186.01034,8.9602,0.259025
186.01065,8.9668,0.260129
186.01096,8.9621,0.260233
186.01127,8.9705,0.259129
186.01158,8.9648,0.261625
186.01189,8.9658,0.260625
186.01214,8.9668,0.260625
186.01245,8.9688,0.259337
186.01276,8.9602,0.262529
186.01308,8.9688,0.265321
186.01339,8.9631,0.297817
186.01364,8.9658,0.297817
186.01395,8.9535,0.308793
186.01426,8.9525,0.305705
186.01457,8.9678,0.264425
186.01488,8.9688,0.259729
186.01519,8.9725,0.251161
186.01544,8.9697,0.251161
186.01575,8.9658,0.250049
186.01606,8.9631,0.259729
186.01637,8.9809,0.239897
186.01668,8.9762,0.238185
186.01699,8.9648,0.243961
186.01724,8.9592,0.243961
186.01755,8.9631,0.237289
186.01786,8.9631,0.260129
186.01817,8.9688,0.256329
186.01848,8.9668,0.267409
186.01879,8.9715,0.268905
186.01904,8.9678,0.268905
186.01935,8.9658,0.259521
186.01967,8.9695,0.259025
186.01998,8.9602,0.259025
186.02029,8.9584,0.262217
186.02054,8.9688,0.262217
186.02085,8.9678,0.266113
186.02116,8.9631,0.263921
186.02147,8.9535,0.267697
186.02178,8.9648,0.265217
186.02209,8.9621,0.272185
186.02234,8.9631,0.272185
186.02265,8.9525,0.306889
186.02296,8.9695,0.267617
186.02327,8.9715,0.303097
186.02358,8.9584,0.301009
186.02389,8.9762,0.271681
186.02414,8.9641,0.271681
186.02445,8.9631,0.271889
186.02476,8.9658,0.269705
186.02507,8.9668,0.254137
186.02539,8.9631,0.255145
186.02564,8.9611,0.255145
186.02595,8.9762,0.253953
186.02626,8.9752,0.253849
186.02657,8.9725,0.265609
186.02688,8.9744,0.267409
186.02719,8.9631,0.286553
186.02744,8.9518,0.286553
186.02775,8.9668,0.287745
186.02806,8.9705,0.264113
186.02837,8.9592,0.263609
186.02868,8.9688,0.265905
186.02899,8.9658,0.263425
186.02924,8.9611,0.263425
186.02955,8.9688,0.264321
186.02986,8.9602,0.259441
186.03017,8.9648,0.261025
186.03048,8.9697,0.261921
186.03079,8.9631,0.264609
186.03104,8.9705,0.264609
186.03136,8.9592,0.260729
186.03167,8.9668,0.260729
186.03198,8.9715,0.262321
186.03229,8.9641,0.261625
186.03254,8.9668,0.261625
186.03285,8.9734,0.260233
186.03316,8.9725,0.257433
186.03347,8.9611,0.252953
186.03378,8.9668,0.309585
186.03409,8.9639,0.255745
186.03434,8.9631,0.255745
186.03465,8.9688,0.263217
186.03496,8.9611,0.264505
186.03527,8.9631,0.263425
186.03558,8.9705,0.264505
186.03589,8.9564,0.264905
186.03614,8.9668,0.264905
186.03645,8.9574,0.262713
186.03676,8.9592,0.304201
186.03707,8.9584,0.262129
186.03739,8.9602,0.266009
186.03764,8.9658,0.266009
186.03795,8.9592,0.263113
186.03826,8.9658,0.262817
186.03857,8.9621,0.255937
186.03888,8.9574,0.262921
186.03919,8.9695,0.265217
186.03944,8.9762,0.265217
186.03975,8.9555,0.268801
186.04006,8.9582,0.305785
186.04037,8.9461,0.297921
186.04068,8.9584,0.264817
186.04099,8.9555,0.251657
186.04124,8.9705,0.251657
186.04155,8.9715,0.263025
186.04186,8.9695,0.261521
186.04217,8.9705,0.260729
186.04248,8.9715,0.258337
186.04279,8.9668,0.255249
186.04304,8.9639,0.255249
186.04336,8.9658,0.240377
186.04367,8.9648,0.246361
186.04398,8.9781,0.244881
186.04429,8.9648,0.249361
186.04454,8.9668,0.249361
186.04485,8.9602,0.253849
186.04516,8.9592,0.269409
186.04547,8.9639,0.273185
186.04578,8.9574,0.258337
186.04609,8.9688,0.259233
186.04634,8.9678,0.259233
186.04665,8.9658,0.262025
186.04696,8.9592,0.258833
186.04727,8.9641,0.259417
186.04758,8.9611,0.259233
186.04789,8.9648,0.260521
186.04814,8.9715,0.260521
186.04845,8.9555,0.305393
186.04876,8.9621,0.261921
186.04907,8.9725,0.263113
186.04939,8.9725,0.263817
186.04964,8.9668,0.263817
186.04995,8.9518,0.305993
186.05026,8.9668,0.290937
186.05057,8.9479,0.290937
186.05088,8.9688,0.257937
186.05119,8.9621,0.308393
186.05144,8.9479,0.308393
186.05175,8.9545,0.262529
186.05206,8.9641,0.253345
186.05237,8.9545,0.252553
186.05268,8.9688,0.251345
186.05299,8.9648,0.249049
186.05324,8.9658,0.249049
186.05355,8.9648,0.250761
186.05386,8.9668,0.258833
186.05417,8.9602,0.273185
186.05448,8.9631,0.282073
186.05479,8.9574,0.274185
186.05504,8.9631,0.274185
186.05535,8.9658,0.279777
186.05567,8.9734,0.272681
186.05598,8.9734,0.270393
186.05629,8.9564,0.269305
186.05654,8.9697,0.269305
186.05685,8.9658,0.270497
186.05716,8.9705,0.297921
186.05747,8.9584,0.271993
186.05778,8.9631,0.268993
186.05809,8.9621,0.275081
186.05834,8.9592,0.275081
186.05865,8.9555,0.300009
186.05896,8.9621,0.264113
186.05927,8.9631,0.299113
186.05958,8.9574,0.270201
186.05989,8.9697,0.273497
186.06014,8.9697,0.273497
186.06045,8.9582,0.283361
186.06076,8.9602,0.269889
186.06107,8.9715,0.273289
186.06138,8.9592,0.305889
186.06164,8.9678,0.305889
186.06195,8.9574,0.270889
186.06226,8.9688,0.293441
186.06257,8.9639,0.318257
186.06288,8.9574,0.299401
186.06319,8.9641,0.269201
186.06344,8.9639,0.269201
186.06375,8.9518,0.304097
186.06406,8.9678,0.276185
186.06437,8.9564,0.331921
186.06468,8.9535,0.333905
186.06499,8.9621,0.312169
186.06524,8.9639,0.312169
186.06555,8.9479,0.306497
186.06586,8.9592,0.328921
186.06617,8.9658,0.306889
186.06648,8.9508,0.321345
186.06679,8.9574,0.280465
186.06704,8.9695,0.280465
186.06736,8.9592,0.286345
186.06767,8.9525,0.349273
186.06798,8.9545,0.316169
186.06829,8.9639,0.315257
186.06854,8.9479,0.315257
186.06885,8.9545,0.350257
186.06916,8.9574,0.319553
186.06947,8.9488,0.330209
186.06978,8.9668,0.309585
186.07009,8.9668,0.279065
186.07034,8.9582,0.279065
186.07065,8.9639,0.277665
186.07096,8.9582,0.280857
186.07127,8.9658,0.298817
186.07158,8.9668,0.331129
186.07183,8.9525,0.331129
186.07214,8.9621,0.335113
186.07245,8.9611,0.311585
186.07276,8.9631,0.345081
186.07307,8.9621,0.309585
186.07338,8.9602,0.302409
186.07364,8.9658,0.302409
186.07395,8.9611,0.299905
186.07425,8.9678,0.263025
186.07456,8.9752,0.263921
186.07488,8.9584,0.296313
186.07519,8.9574,0.262025
186.07544,8.9574,0.262025
186.07575,8.9668,0.261921
186.07606,8.9582,0.279465
186.07637,8.9611,0.264321
186.07668,8.9602,0.266409
186.07699,8.9611,0.298425
186.07724,8.9574,0.298425
186.07755,8.9648,0.306097
186.07786,8.9752,0.298817
186.07817,8.9574,0.268905
186.07848,8.9641,0.260521
186.07873,8.9648,0.260521
186.07904,8.9508,0.268201
186.07936,8.9688,0.264817
186.07967,8.9631,0.262633
186.07998,8.9621,0.318865
186.08029,8.9535,0.302097
186.08054,8.9639,0.302097
186.08085,8.9631,0.266009
186.08116,8.9658,0.293921
186.08147,8.9715,0.261521
186.08178,8.9648,0.254033
186.08203,8.9734,0.254033
186.08234,8.9574,0.295817
186.08265,8.9668,0.261625
186.08296,8.9725,0.280361
186.08327,8.9621,0.285849
186.08358,8.9648,0.256937
186.08383,8.9592,0.256937
186.08414,8.9639,0.270889
186.08445,8.9695,0.262529
186.08476,8.9668,0.265401
186.08507,8.9688,0.285345
186.08539,8.9678,0.280065
186.08564,8.9678,0.280065
186.08595,8.9611,0.271681
186.08626,8.9621,0.296417
186.08657,8.9592,0.256433
186.08688,8.9678,0.258937
186.08713,8.9705,0.258937
186.08744,8.9678,0.291729
186.08775,8.9611,0.273081
186.08806,8.9602,0.263817
186.08837,8.9695,0.294129
186.08868,8.9688,0.261921
186.08893,8.9725,0.261921
186.08924,8.9602,0.261713
186.08955,8.9574,0.265401
186.08986,8.9688,0.261313
186.09017,8.9754,0.267409
186.09048,8.9631,0.297529
186.09073,8.9648,0.297529
186.09104,8.9582,0.262129
186.09136,8.9641,0.296025
186.09167,8.9525,0.307889
186.09198,8.9602,0.261921
186.09229,8.9744,0.275873
186.09254,8.9535,0.275873
186.09285,8.9658,0.285849
186.09316,8.9545,0.258729
186.09347,8.9668,0.296921
186.09378,8.9611,0.261129
186.09403,8.9678,0.261129
186.09434,8.9688,0.259337
186.09465,8.9395,0.286449
186.09496,8.9631,0.258441
186.09527,8.9658,0.261129
186.09558,8.9621,0.293625
186.09583,8.9648,0.293625
186.09614,8.9564,0.262633
186.09645,8.9688,0.259521
186.09676,8.9791,0.276481
186.09707,8.9592,0.260233
186.09738,8.9688,0.262425
186.09764,8.9678,0.262425
186.09795,8.9582,0.303305
186.09826,8.9639,0.252641
186.09857,8.9648,0.249361
186.09888,8.9668,0.251849
186.09913,8.9658,0.251849
186.09944,8.9582,0.246673
186.09975,8.9715,0.249553
186.10006,8.9734,0.236497
186.10037,8.9621,0.250849
186.10068,8.9574,0.254433
186.10093,8.9648,0.254433
186.10124,8.9621,0.253745
186.10155,8.9555,0.272185
186.10186,8.9668,0.262217
186.10217,8.9621,0.261025
186.10248,8.9602,0.260817
186.10273,8.9658,0.260817
186.10304,8.9705,0.260521
186.10335,8.9697,0.258337
186.10366,8.9648,0.259625
186.10397,8.9592,0.261521
186.10428,8.9648,0.263609
186.10453,8.9695,0.263609
186.10485,8.9639,0.263713
186.10516,8.9611,0.262321
186.10547,8.9695,0.263113
186.10577,8.9611,0.305785
186.10603,8.9621,0.305785
186.10634,8.9574,0.347065
186.10665,8.9752,0.303697
186.10696,8.9695,0.268097
186.10727,8.9602,0.267697
186.10758,8.9725,0.274081
186.10783,8.9658,0.274081
186.10814,8.9678,0.257225
186.10845,8.9678,0.256145
186.10876,8.9705,0.255041
186.10907,8.9705,0.295025
186.10938,8.9498,0.256937
186.10963,8.9668,0.256937
186.10994,8.9688,0.269809
186.11025,8.9631,0.280065
186.11056,8.9574,0.278569
186.11087,8.9678,0.262025
186.11113,8.9641,0.262025
186.11144,8.9695,0.265721
186.11175,8.9754,0.265801
186.11206,8.9688,0.265505
186.11237,8.9582,0.264113
186.11268,8.9631,0.276977
186.11293,8.9762,0.276977
186.11324,8.9678,0.263921
186.11355,8.9639,0.261713
186.11386,8.9705,0.262217
186.11417,8.9658,0.262921
186.11448,8.9611,0.263425
186.11473,8.9631,0.263425
186.11504,8.9695,0.261233
186.11535,8.9639,0.260337
186.11566,8.9658,0.267201
186.11597,8.9715,0.269097
186.11623,8.9668,0.269097
186.11654,8.9715,0.261417
186.11685,8.9695,0.262529
186.11715,8.9602,0.263505
186.11747,8.9688,0.255641
186.11778,8.9592,0.255145
186.11803,8.9621,0.255145
186.11834,8.9564,0.264321
186.11865,8.9592,0.264401
186.11896,8.9658,0.262633
186.11927,8.9658,0.264217
186.11958,8.9648,0.264425
186.11983,8.9631,0.264425
186.12014,8.9668,0.265905
186.12045,8.9592,0.297529
186.12076,8.9592,0.285849
186.12107,8.9592,0.263425
186.12132,8.9621,0.263425
186.12163,8.9725,0.259025
186.12195,8.9688,0.266513
186.12226,8.9668,0.261713
186.12257,8.9648,0.300009
186.12288,8.9592,0.304593
186.12313,8.9668,0.304593
186.12344,8.9668,0.297105
186.12375,8.9582,0.268593
186.12406,8.9668,0.258041
186.12437,8.9658,0.253641
186.12468,8.9771,0.257625
186.12493,8.9611,0.257625
186.12524,8.9582,0.258521
186.12555,8.9658,0.267801
186.12586,8.9695,0.248553
186.12617,8.9611,0.248073
186.12648,8.9695,0.248257
186.12673,8.9611,0.248257
186.12704,8.9602,0.250761
186.12736,8.9602,0.252641
186.12766,8.9648,0.261313
186.12797,8.9584,0.275481
186.12823,8.9592,0.275481
186.12854,8.9639,0.274081
186.12885,8.9648,0.261713
186.12916,8.9631,0.259337
186.12947,8.9621,0.261025
186.12978,8.9648,0.262321
186.13003,8.9639,0.262321
186.13034,8.9715,0.263921
186.13065,8.9678,0.258625
186.13096,8.9668,0.262817
186.13127,8.9658,0.260521
186.13158,8.9648,0.262713
186.13183,8.9688,0.262713
186.13214,8.9592,0.257433
186.13245,8.9648,0.297209
186.13276,8.9592,0.306993
186.13307,8.9602,0.298009
186.13332,8.9602,0.298009
186.13364,8.9631,0.296817
186.13395,8.9584,0.273497
186.13426,8.9715,0.260129
186.13457,8.9592,0.253345
186.13488,8.9631,0.267593
186.13513,8.9574,0.267593
186.13544,8.9582,0.290729
186.13575,8.9688,0.252241
186.13606,8.9688,0.253849
186.13637,8.9639,0.265401
186.13668,8.9641,0.268305
186.13693,8.9631,0.268305
186.13724,8.9525,0.277585
186.13755,8.9678,0.270305
186.13786,8.9697,0.288241
186.13817,8.9574,0.285737
186.13848,8.9574,0.261625
186.13873,8.9705,0.261625
186.13904,8.9631,0.261521
186.13936,8.9658,0.264009
186.13967,8.9631,0.265009
186.13998,8.9668,0.264505
186.14023,8.9668,0.264505
186.14054,8.9621,0.263113
186.14085,8.9641,0.263217
186.14116,8.9641,0.256641
186.14147,8.9648,0.261313
186.14178,8.9592,0.260233
186.14203,8.9574,0.260233
186.14234,8.9631,0.259233
186.14265,8.9582,0.260233
186.14296,8.9602,0.259521
186.14327,8.9705,0.260729
186.14552,8.9592,0.262217
186.14728,8.9734,0.263817
186.14904,8.9705,0.260729
186.15080,8.9648,0.252449
186.15256,8.9611,0.288345
186.15432,8.9715,0.251449
186.15607,8.9688,0.276081
186.15783,8.9621,0.261233
186.15803,8.9611,0.262817
186.15822,8.9648,0.262817
186.15853,8.9688,0.266905
186.15884,8.9762,0.263113
186.15915,8.9734,0.262425
186.15946,8.9545,0.285345
186.15977,8.9574,0.300009
186.16003,8.9648,0.300009
186.16034,8.9592,0.301905
186.16064,8.9631,0.261921
186.16096,8.9592,0.272785
186.16127,8.9621,0.268801
186.16158,8.9678,0.261817
186.16183,8.9697,0.261817
186.16214,8.9668,0.255641
186.16245,8.9688,0.253345
186.16276,8.9631,0.253641
186.16307,8.9668,0.256937
186.16338,8.9688,0.267801
186.16363,8.9592,0.267801
186.16394,8.9555,0.269809
186.16425,8.9611,0.282553
186.16456,8.9668,0.276377
186.16487,8.9678,0.262321
186.16512,8.9611,0.262321
186.16543,8.9621,0.263817
186.16574,8.9705,0.262217
186.16606,8.9648,0.266009
186.16637,8.9639,0.261129
186.16667,8.9641,0.266113
186.16693,8.9678,0.266113
186.16724,8.9574,0.300401
186.16755,8.9639,0.258441
186.16786,8.9582,0.265801
186.16817,8.9555,0.264217
186.16842,8.9639,0.264217
186.16873,8.9574,0.265113
186.16904,8.9658,0.264217
186.16935,8.9631,0.261313
186.16966,8.9564,0.265113
186.16997,8.9658,0.262425
186.17022,8.9705,0.262425
186.17053,8.9648,0.261129
186.17084,8.9602,0.259417
186.17115,8.9641,0.260417
186.17146,8.9602,0.260025
186.17177,8.9631,0.263817
186.17202,8.9668,0.263817
186.17233,8.9705,0.258937
186.17264,8.9668,0.261129
186.17295,8.9648,0.260729
186.17326,8.9744,0.260921
186.17357,8.9668,0.256145
186.17383,8.9574,0.256145
186.17414,8.9555,0.261233
186.17445,8.9658,0.261713
186.17476,8.9725,0.263025
186.17506,8.9592,0.265505
186.17532,8.9621,0.265505
186.17563,8.9705,0.264009
186.17594,8.9631,0.266409
186.17625,8.9715,0.257625
186.17656,8.9621,0.261713
186.17687,8.9762,0.260729
186.17712,8.9744,0.260729
186.17743,8.9658,0.262713
186.17774,8.9725,0.261129
186.17805,8.9705,0.258121
186.17836,8.9658,0.304489
186.17867,8.9592,0.274689
186.17892,8.9621,0.274689
186.17923,8.9875,0.261129
186.17954,8.9611,0.260025
186.17985,8.9584,0.262921
186.18016,8.9725,0.260729
186.18047,8.9668,0.260233
186.18073,8.9752,0.260233
186.18104,8.9668,0.260025
186.18134,8.9611,0.303593
186.18166,8.9527,0.264009
186.18197,8.9762,0.261417
186.18222,8.9631,0.261417
186.18253,8.9658,0.261417
186.18284,8.9621,0.266217
186.18315,8.9734,0.260313
186.18346,8.9658,0.257041
186.18377,8.9725,0.251953
186.18402,8.9648,0.251953
186.18433,8.9744,0.258121
186.18464,8.9648,0.258521
186.18495,8.9744,0.256145
186.18526,8.9621,0.258545
186.18557,8.9688,0.256433
186.18582,8.9648,0.256433
186.18613,8.9688,0.259025
186.18644,8.9705,0.263321
186.18675,8.9631,0.297105
186.18706,8.9592,0.296129
186.18737,8.9574,0.304201
186.18762,8.9658,0.304201
186.18793,8.9621,0.267801
186.18824,8.9695,0.263921
186.18855,8.9611,0.258521
186.18886,8.9715,0.256729
186.18912,8.9695,0.256729
186.18943,8.9705,0.269993
186.18974,8.9725,0.250345
186.19005,8.9602,0.247361
186.19036,8.9744,0.249257
186.19067,8.9715,0.249449
186.19092,8.9631,0.249449
186.19123,8.9621,0.248761
186.19154,8.9688,0.259337
186.19185,8.9658,0.273681
186.19216,8.9648,0.268513
186.19247,8.9678,0.264009
186.19272,8.9582,0.264009
186.19303,8.9508,0.287345
186.19334,8.9678,0.264609
186.19365,8.9781,0.270785
186.19396,8.9582,0.261713
186.19422,8.9648,0.261713
186.19452,8.9621,0.261713
186.19484,8.9639,0.266409
186.19515,8.9744,0.263505
186.19546,8.9648,0.265009
186.19577,8.9639,0.305497
186.19602,8.9688,0.305497
186.19633,8.9668,0.291433
186.19664,8.9564,0.308185
186.19695,8.9461,0.299217
186.19726,8.9621,0.254249
186.19757,8.9688,0.270889
186.19782,8.9695,0.270889
186.19813,8.9715,0.266801
186.19844,8.9744,0.253345
186.19875,8.9705,0.251449
186.19906,8.9648,0.252449
186.19931,8.9602,0.252449
186.19962,8.9574,0.251849
186.19993,8.9705,0.268201
186.20024,8.9725,0.263425
186.20055,8.9639,0.278169
186.20086,8.9582,0.272601
186.20112,8.9631,0.272601
186.20143,8.9678,0.268305
186.20174,8.9668,0.261129
186.20205,8.9602,0.262321
186.20236,8.9648,0.264009
186.20267,8.9621,0.264713
186.20292,8.9631,0.264713
186.20323,8.9602,0.266905
186.20354,8.9582,0.264321
186.20385,8.9611,0.267801
186.20416,8.9631,0.262817
186.20442,8.9639,0.262817
186.20472,8.9688,0.264009
186.20503,8.9734,0.262921
186.20534,8.9697,0.264009
186.20565,8.9648,0.260521
186.20596,8.9648,0.264425
186.20622,8.9668,0.264425
186.20653,8.9631,0.261417
186.20683,8.9621,0.263321
186.20715,8.9688,0.268593
186.20746,8.9564,0.305201
186.20777,8.9734,0.264217
186.20802,8.9695,0.264217
186.20833,8.9762,0.261921
186.20864,8.9639,0.265721
186.20895,8.9582,0.261313
186.20926,8.9668,0.267905
186.20951,8.9621,0.267905
186.20982,8.9688,0.266697
186.21013,8.9639,0.266905
186.21044,8.9668,0.304097
186.21075,8.9734,0.265905
186.21106,8.9725,0.261313
186.21131,8.9631,0.261313
186.21162,8.9668,0.262217
186.21193,8.9668,0.266113
186.21224,8.9648,0.258833
186.21255,8.9648,0.261921
186.21286,8.9678,0.289537
186.21312,8.9734,0.289537
186.21343,8.9574,0.301617
186.21374,8.9695,0.292521
186.21405,8.9771,0.258233
186.21436,8.9648,0.253241
186.21462,8.9621,0.253241
186.21493,8.9648,0.255833
186.21524,8.9621,0.253849
186.21554,8.9621,0.255145
186.21585,8.9688,0.254033
186.21616,8.9611,0.243481
186.21642,8.9688,0.243481
186.21673,8.9715,0.244377
186.21704,8.9658,0.240481
186.21735,8.9648,0.249657
186.21765,8.9734,0.255041
186.21797,8.9725,0.264401
186.21822,8.9695,0.264401
186.21853,8.9602,0.262217
186.21884,8.9631,0.269889
186.21915,8.9648,0.258337
186.21946,8.9602,0.258833
186.21971,8.9611,0.258833
186.22002,8.9639,0.261713
186.22033,8.9695,0.259921
186.22064,8.9697,0.259625
186.22095,8.9668,0.259521
186.22126,8.9688,0.262529
186.22151,8.9555,0.262529
186.22182,8.9668,0.261817
186.22213,8.9611,0.260521
186.22244,8.9668,0.260025
186.22275,8.9705,0.270393
186.22306,8.9658,0.302593
186.22332,8.9564,0.302593
186.22363,8.9621,0.299321
186.22393,8.9574,0.258041
186.22424,8.9564,0.272497
186.22455,8.9621,0.273289
186.22486,8.9592,0.310977
186.22512,8.9574,0.310977
186.22543,8.9621,0.254641
186.22574,8.9611,0.252953
186.22605,8.9611,0.254745
186.22636,8.9641,0.253641
186.22661,8.9648,0.253641
186.22692,8.9688,0.259129
186.22723,8.9668,0.267409
186.22754,8.9688,0.285345
186.22785,8.9705,0.273393
186.22816,8.9611,0.265401
186.22841,8.9668,0.265401
186.22872,8.9678,0.260625
186.22903,8.9648,0.259921
186.22934,8.9734,0.261921
186.22965,8.9791,0.263505
186.22996,8.9631,0.298217
186.23021,8.9574,0.298217
186.23052,8.9715,0.268697
186.23083,8.9611,0.284153
186.23114,8.9621,0.287745
186.23146,8.9611,0.261625
186.23176,8.9592,0.267697
186.23202,8.9574,0.267697
186.23233,8.9611,0.295729
186.23264,8.9678,0.263321
186.23295,8.9658,0.287241
186.23326,8.9525,0.280169
186.23351,8.9611,0.280169
186.23382,8.9658,0.264113
186.23413,8.9631,0.255433
186.23444,8.9648,0.254353
186.23475,8.9621,0.261129
186.23506,8.9678,0.291937
186.23531,8.9602,0.291937
186.23562,8.9621,0.271289
186.23593,8.9621,0.273577
186.23624,8.9678,0.340097
186.23655,8.9555,0.265321
186.23686,8.9818,0.261921
186.23711,8.9592,0.261921
186.23742,8.9611,0.298713
186.23773,8.9584,0.263921
186.23805,8.9695,0.273289
186.23835,8.9631,0.295625
186.23867,8.9658,0.268993
186.23892,8.9668,0.268993
186.23923,8.9592,0.267697
186.23954,8.9639,0.261233
186.23985,8.9668,0.262529
186.24016,8.9611,0.280065
186.24041,8.9518,0.280065
186.24072,8.9555,0.291225
186.24103,8.9621,0.260337
186.24134,8.9695,0.297025
186.24165,8.9584,0.262321
186.24196,8.9648,0.263113
186.24221,8.9584,0.263113
186.24252,8.9658,0.283761
186.24283,8.9639,0.283657
186.24314,8.9621,0.260521
186.24346,8.9695,0.295817
186.24377,8.9602,0.261025
186.24402,8.9668,0.261025
186.24433,8.9602,0.262529
186.24464,8.9535,0.281753
186.24495,8.9602,0.264425
186.24526,8.9621,0.263713
186.24551,8.9725,0.263713
186.24582,8.9535,0.300801
186.24613,8.9705,0.264713
186.24644,8.9658,0.294817
186.24675,8.9592,0.269809
186.24706,8.9648,0.262817
186.24731,8.9648,0.262817
186.24762,8.9611,0.267593
186.24793,8.9705,0.261625
186.24824,8.9725,0.261521
186.24855,8.9648,0.295417
186.24886,8.9611,0.263113
186.24911,8.9697,0.263113
186.24943,8.9771,0.263505
186.24974,8.9631,0.290537
186.25005,8.9695,0.260129
186.25036,8.9518,0.253345
186.25061,8.9668,0.253345
186.25092,8.9555,0.329817
186.25123,8.9621,0.259625
186.25154,8.9705,0.281753
186.25185,8.9678,0.288849
186.25216,8.9592,0.263817
186.25241,8.9715,0.263817
186.25272,8.9658,0.262713
186.25303,8.9564,0.261417
186.25334,8.9639,0.259625
186.25365,8.9631,0.327937
186.25396,8.9582,0.288241
186.25421,8.9725,0.288241
186.25452,8.9668,0.260337
186.25483,8.9555,0.296313
186.25515,8.9658,0.257729
186.25546,8.9574,0.258337
186.25571,8.9705,0.258337
186.25602,8.9611,0.291729
186.25633,8.9592,0.258937
186.25664,8.9801,0.262425
186.25695,8.9631,0.294921
186.25726,8.9744,0.261713
186.25751,8.9602,0.261713
186.25782,8.9648,0.260625
186.25813,8.9574,0.269993
186.25844,8.9668,0.259921
186.25875,8.9621,0.272497
186.25906,8.9535,0.297209
186.25932,8.9744,0.297209
186.25963,8.9611,0.262529
186.25993,8.9574,0.295713
186.26024,8.9658,0.260921
186.26055,8.9771,0.262921
186.26081,8.9648,0.262921
186.26112,8.9641,0.273681
186.26143,8.9715,0.257145
186.26174,8.9555,0.259233
186.26205,8.9658,0.294625
186.26236,8.9621,0.261521
186.26261,8.9688,0.261521
186.26292,8.9611,0.258625
186.26323,8.9611,0.280961
186.26354,8.9639,0.261025
186.26385,8.9631,0.261233
186.26416,8.9592,0.295729
186.26441,8.9611,0.295729
186.26472,8.9631,0.261521
186.26503,8.9715,0.305681
186.26534,8.9545,0.321953
186.26565,8.9658,0.263113
186.26596,8.9705,0.262817
186.26621,8.9658,0.262817
186.26652,8.9658,0.295729
186.26683,8.9648,0.259833
186.26714,8.9791,0.283465
186.26746,8.9498,0.265905
186.26771,8.9688,0.265905
186.26802,8.9611,0.253641
186.26833,8.9471,0.320553
186.26864,8.9658,0.263609
186.26895,8.9611,0.263817
186.26926,8.9621,0.292225
186.26951,8.9705,0.292225
186.26982,8.9695,0.263025
186.27013,8.9658,0.270705
186.27044,8.9648,0.298425
186.27075,8.9574,0.257833
186.27106,8.9668,0.250161
186.27131,8.9695,0.250161
186.27162,8.9678,0.251745
186.27193,8.9555,0.252641
186.27224,8.9697,0.253849
186.27255,8.9602,0.252449
186.27280,8.9668,0.252449
186.27311,8.9602,0.250449
186.27343,8.9648,0.265401
186.27374,8.9611,0.262817
186.27405,8.9658,0.272289
186.27436,8.9621,0.269705
186.27461,8.9648,0.269705
186.27492,8.9658,0.264217
186.27523,8.9621,0.262321
186.27554,8.9695,0.260521
186.27585,8.9725,0.263713
186.27616,8.9678,0.262529
186.27641,8.9658,0.262529
186.27672,8.9631,0.258337
186.27703,8.9705,0.262129
186.27734,8.9545,0.261817
186.27765,8.9582,0.263505
186.27796,8.9584,0.262817
186.27821,8.9678,0.262817
186.27852,8.9602,0.261921
186.27883,8.9574,0.304385
186.27914,8.9611,0.299321
186.27946,8.9555,0.289833
186.27971,8.9535,0.289833
186.28002,8.9754,0.312881
186.28033,8.9668,0.275481
186.28064,8.9639,0.263817
186.28095,8.9621,0.255249
186.28126,8.9688,0.251345
186.28151,8.9771,0.251345
186.28182,8.9582,0.252641
186.28213,8.9678,0.268993
186.28244,8.9631,0.279569
186.28275,8.9555,0.314273
186.28300,8.9658,0.314273
186.28331,8.9678,0.281673
186.28362,8.9658,0.272889
186.28393,8.9668,0.255745
186.28424,8.9648,0.261313
186.28455,8.9725,0.256641
186.28480,8.9668,0.256641
186.28512,8.9602,0.263025
186.28543,8.9705,0.259921
186.28574,8.9621,0.261025
186.28605,8.9592,0.262921
186.28636,8.9695,0.264401
186.28661,8.9648,0.264401
186.28692,8.9809,0.263713
186.28723,8.9648,0.264113
186.28754,8.9695,0.265721
186.28785,8.9574,0.267697
186.28810,8.9668,0.267697
186.28841,8.9621,0.260921
186.28872,8.9744,0.262025
186.28903,8.9688,0.259625
186.28934,8.9648,0.263113
186.28965,8.9744,0.262025
186.28990,8.9715,0.262025
186.29021,8.9611,0.262609
186.29052,8.9611,0.263609
186.29083,8.9639,0.263425
186.29115,8.9705,0.263025
186.29140,8.9668,0.263025
186.29171,8.9631,0.262025
186.29202,8.9688,0.260817
186.29233,8.9639,0.265321
186.29264,8.9725,0.264609
186.29295,8.9648,0.260129
186.29320,8.9678,0.260129
186.29351,8.9688,0.265801
186.29382,8.9611,0.262425
186.29413,8.9621,0.308977
186.29444,8.9695,0.262025
186.29475,8.9574,0.263817
186.29501,8.9688,0.263817
186.29532,8.9592,0.264713
186.29563,8.9648,0.299401
186.29594,8.9668,0.288641
186.29624,8.9668,0.261921
186.29655,8.9668,0.255641
186.29681,8.9668,0.255641
186.29712,8.9592,0.257833
186.29743,8.9668,0.254641
186.29774,8.9658,0.254641
186.29805,8.9668,0.252137
186.29830,8.9658,0.252137
186.29861,8.9762,0.245273
186.29892,8.9705,0.243377
186.29923,8.9762,0.240977
186.29954,8.9668,0.246569
186.29985,8.9744,0.244169
186.30010,8.9602,0.244169
186.30041,8.9564,0.257041
186.30072,8.9631,0.252345
186.30103,8.9668,0.267305
186.30134,8.9648,0.257833
186.30165,8.9631,0.263817
186.30190,8.9602,0.263817
186.30221,8.9611,0.261713
186.30252,8.9678,0.258729
186.30283,8.9715,0.257729
186.30315,8.9611,0.259233
186.30340,8.9611,0.259233
186.30371,8.9602,0.259441
186.30402,8.9592,0.258833
186.30433,8.9639,0.260417
186.30464,8.9631,0.260521
186.30495,8.9639,0.260921
186.30520,8.9555,0.260921
186.30551,8.9631,0.297713
186.30582,8.9611,0.295233
186.30613,8.9584,0.288929
186.30644,8.9648,0.265721
186.30675,8.9668,0.268993
186.30701,8.9734,0.268993
186.30732,8.9639,0.271289
186.30762,8.9602,0.255433
186.30793,8.9725,0.256145
186.30824,8.9688,0.260729
186.30855,8.9592,0.311481
186.30881,8.9611,0.311481
186.30912,8.9639,0.287057
186.30943,8.9611,0.278777
186.30974,8.9697,0.281649
186.31005,8.9658,0.270889
186.31030,8.9631,0.270889
186.31061,8.9668,0.259625
186.31092,8.9668,0.261921
186.31123,8.9744,0.261417
186.31154,8.9602,0.305201
186.31185,8.9602,0.258041
186.31210,8.9621,0.258041
186.31241,8.9602,0.258625
186.31272,8.9725,0.261233
186.31303,8.9631,0.258521
186.31334,8.9688,0.261921
186.31365,8.9592,0.261233
186.31390,8.9631,0.261233
186.31422,8.9555,0.260521
186.31453,8.9648,0.265113
186.31484,8.9611,0.264505
186.31515,8.9648,0.265217
186.31540,8.9715,0.265217
186.31571,8.9705,0.263025
186.31602,8.9611,0.263321
186.31633,8.9705,0.261921
186.31664,8.9762,0.261233
186.31695,8.9648,0.260025
186.31720,8.9697,0.260025
186.31751,8.9621,0.253345
186.31782,8.9648,0.258121
186.31813,8.9668,0.261417
186.31844,8.9734,0.261233
186.31875,8.9734,0.260417
186.31901,8.9668,0.260417
186.31932,8.9639,0.261417
186.31963,8.9695,0.267905
186.31993,8.9602,0.272785
186.32024,8.9668,0.261713
186.32055,8.9668,0.261521
186.32081,8.9592,0.261521
186.32112,8.9678,0.262425
186.32143,8.9658,0.264713
186.32174,8.9668,0.274289
186.32205,8.9611,0.302409
186.32230,8.9658,0.302409
186.32261,8.9631,0.306393
186.32292,8.9582,0.282969
186.32323,8.9688,0.287449
186.32354,8.9688,0.259921
186.32385,8.9688,0.251849
186.32411,8.9648,0.251849
186.32441,8.9801,0.258521
186.32472,8.9705,0.253849
186.32503,8.9658,0.246969
186.32534,8.9631,0.244065
186.32565,8.9668,0.242377
186.32591,8.9668,0.242377
186.32622,8.9602,0.282761
186.32653,8.9668,0.250849
186.32684,8.9602,0.252345
186.32715,8.9744,0.258521
186.32740,8.9648,0.258521
186.32771,8.9631,0.272681
186.32802,8.9678,0.263425
186.32833,8.9688,0.263713
186.32864,8.9648,0.264905
186.32890,8.9648,0.264905
186.32921,8.9725,0.263921
186.32952,8.9631,0.265217
186.32983,8.9631,0.264113
186.33014,8.9705,0.260129
186.33045,8.9648,0.262321
186.33070,8.9611,0.262321
186.33101,8.9582,0.263321
186.33132,8.9611,0.262321
186.33163,8.9555,0.261209
186.33194,8.9592,0.297209
186.33225,8.9564,0.303889
186.33250,8.9564,0.303889
186.33281,8.9611,0.297209
186.33312,8.9734,0.260025
186.33343,8.9582,0.269993
186.33374,8.9688,0.261129
186.33405,8.9705,0.248657
186.33431,8.9639,0.248657
186.33461,8.9744,0.252745
186.33492,8.9602,0.252057
186.33523,8.9668,0.257937
186.33554,8.9688,0.261233
186.33580,8.9725,0.261233
186.33611,8.9641,0.269097
186.33642,8.9631,0.272601
186.33673,8.9668,0.283465
186.33704,8.9639,0.264113
186.33734,8.9648,0.265009
186.33760,8.9688,0.265009
186.33791,8.9592,0.304809
186.33822,8.9715,0.260233
186.33853,8.9668,0.259729
186.33884,8.9668,0.258121
186.33915,8.9715,0.260817
186.33941,8.9688,0.260817
186.33972,8.9648,0.260417
186.34002,8.9639,0.261233
186.34034,8.9725,0.279273
186.34065,8.9592,0.296817
186.34090,8.9611,0.296817
186.34121,8.9582,0.261313
186.34152,8.9744,0.258041
186.34183,8.9584,0.259233
186.34214,8.9668,0.262817
186.34245,8.9621,0.261025
186.34270,8.9678,0.261025
186.34301,8.9545,0.263609
186.34332,8.9611,0.261713
186.34363,8.9631,0.262529
186.34394,8.9582,0.265609
186.34425,8.9715,0.261129
186.34450,8.9611,0.261129
186.34481,8.9592,0.256329
186.34512,8.9697,0.252449
186.34544,8.9695,0.261233
186.34575,8.9668,0.260729
186.34600,8.9754,0.260729
186.34631,8.9678,0.257729
186.34662,8.9705,0.258337
186.34693,8.9631,0.258121
186.34724,8.9658,0.260817
186.34755,8.9668,0.261129
186.34780,8.9744,0.261129
186.34811,8.9688,0.259521
186.34842,8.9631,0.255249
186.34873,8.9621,0.260025
186.34904,8.9744,0.261025
186.34935,8.9648,0.260921
186.34960,8.9592,0.260921
186.34991,8.9688,0.260233
186.35022,8.9705,0.260625
186.35053,8.9744,0.254641
186.35084,8.9668,0.255353
186.35115,8.9695,0.252241
186.35141,8.9752,0.252241
186.35172,8.9658,0.256537
186.35203,8.9574,0.303889
186.35234,8.9564,0.258937
186.35265,8.9705,0.254249
186.35296,8.9621,0.261025
186.35321,8.9715,0.261025
186.35352,8.9648,0.258337
186.35383,8.9678,0.257537
186.35414,8.9697,0.259337
186.35445,8.9688,0.260921
186.35476,8.9668,0.264321
186.35501,8.9592,0.264321
186.35532,8.9592,0.303801
186.35563,8.9611,0.258521
186.35594,8.9705,0.261921
186.35625,8.9725,0.262713
186.35656,8.9611,0.265217
186.35681,8.9695,0.265217
186.35712,8.9771,0.267305
186.35743,8.9725,0.265505
186.35775,8.9658,0.265113
186.35805,8.9668,0.264425
186.35831,8.9688,0.264425
186.35862,8.9668,0.263713
186.35893,8.9641,0.271097
186.35924,8.9525,0.298009
186.35955,8.9631,0.300505
186.35986,8.9498,0.296209
186.36011,8.9611,0.296209
186.36042,8.9678,0.267801
186.36073,8.9658,0.262129
186.36104,8.9621,0.251449
186.36135,8.9658,0.255041
186.36166,8.9695,0.259921
186.36191,8.9695,0.259921
186.36222,8.9658,0.243273
186.36253,8.9668,0.243089
186.36284,8.9752,0.243777
186.36315,8.9762,0.248969
186.36340,8.9602,0.248969
186.36371,8.9678,0.253745
186.36402,8.9648,0.261521
186.36433,8.9555,0.276081
186.36464,8.9705,0.267801
186.36495,8.9611,0.265905
186.36521,8.9771,0.265905
186.36551,8.9658,0.258833
186.36583,8.9762,0.258833
186.36614,8.9582,0.261313
186.36645,8.9631,0.302201
186.36676,8.9602,0.261521
186.36701,8.9564,0.261521
186.36732,8.9688,0.260025
186.36763,8.9668,0.261521
186.36794,8.9631,0.255537
186.36825,8.9639,0.259521
186.36856,8.9688,0.296129
186.36881,8.9695,0.296129
186.36912,8.9648,0.308185
186.36943,8.9461,0.340889
186.36974,8.9564,0.259729
186.37005,8.9592,0.273497
186.37031,8.9582,0.273497
186.37062,8.9611,0.268993
186.37093,8.9611,0.260521
186.37124,8.9725,0.257729
186.37155,8.9658,0.258041
186.37186,8.9611,0.257225
186.37211,8.9668,0.257225
186.37242,8.9658,0.261025
186.37273,8.9639,0.275289
186.37304,8.9648,0.282969
186.37335,8.9725,0.272393
186.37366,8.9592,0.274081
186.37391,8.9658,0.274081
186.37422,8.9648,0.262529
186.37453,8.9639,0.264113
186.37484,8.9688,0.260817
186.37515,8.9658,0.263321
186.37541,8.9582,0.263321
186.37572,8.9611,0.260521
186.37603,8.9705,0.262025
186.37634,8.9631,0.260025
186.37665,8.9631,0.262025
186.37690,8.9725,0.262025
186.37721,8.9678,0.263713
186.37752,8.9688,0.263425
186.37783,8.9688,0.261921
186.37814,8.9695,0.262817
186.37845,8.9621,0.264609
186.37870,8.9668,0.264609
186.37901,8.9631,0.263505
186.37932,8.9688,0.262217
186.37963,8.9668,0.260921
186.37994,8.9688,0.260921
186.38025,8.9734,0.260233
186.38050,8.9678,0.260233
186.38081,8.9621,0.255833
186.38112,8.9592,0.276481
186.38144,8.9658,0.259129
186.38175,8.9535,0.258625
186.38206,8.9695,0.260521
186.38231,8.9602,0.260521
186.38262,8.9592,0.258521
186.38293,8.9668,0.259441
186.38324,8.9688,0.258833
186.38355,8.9631,0.260129
186.38380,8.9697,0.260129
186.38411,8.9564,0.298609
186.38442,8.9592,0.261313
186.38473,8.9705,0.256041
186.38504,8.9648,0.261921
186.38535,8.9631,0.300609
186.38560,8.9574,0.300609
186.38591,8.9592,0.304385
186.38622,8.9678,0.292537
186.38653,8.9602,0.260233
186.38684,8.9545,0.256145
186.38715,8.9688,0.253641
186.38740,8.9705,0.253641
186.38772,8.9648,0.255833
186.38803,8.9631,0.251745
186.38834,8.9631,0.259129
186.38864,8.9611,0.241377
186.38895,8.9621,0.243169
186.38921,8.9762,0.243169
186.38952,8.9564,0.242193
186.38983,8.9631,0.258121
186.39014,8.9658,0.262529
186.39045,8.9658,0.258041
186.39070,8.9658,0.258041
186.39101,8.9688,0.268697
186.39132,8.9725,0.275377
186.39163,8.9658,0.264713
186.39194,8.9688,0.262713
186.39225,8.9725,0.261625
186.39250,8.9648,0.261625
186.39281,8.9631,0.263025
186.39312,8.9705,0.260025
186.39343,8.9725,0.258937
186.39374,8.9725,0.265905
186.39405,8.9744,0.258041
186.39430,8.9705,0.258041
186.39461,8.9639,0.258833
186.39492,8.9705,0.262129
186.39523,8.9564,0.313569
186.39554,8.9592,0.340097
186.39585,8.9621,0.297921
186.39611,8.9611,0.297921
186.39642,8.9725,0.294817
186.39673,8.9734,0.272097
186.39703,8.9688,0.264713
186.39735,8.9725,0.254353
186.39766,8.9781,0.253745
186.39791,8.9744,0.253745
186.39822,8.9668,0.253953
186.39853,8.9611,0.285657
186.39884,8.9592,0.271889
186.39915,8.9668,0.268697
186.39940,8.9611,0.268697
186.39971,8.9592,0.270993
186.40002,8.9564,0.283257
186.40033,8.9621,0.266617
186.40064,8.9668,0.257729
186.40095,8.9648,0.254033
186.40120,8.9668,0.254033
186.40151,8.9582,0.255641
186.40182,8.9678,0.259921
186.40213,8.9715,0.276081
186.40244,8.9592,0.292225
186.40275,8.9648,0.259625
186.40300,8.9574,0.259625
186.40331,8.9658,0.259833
186.40362,8.9592,0.261713
186.40393,8.9611,0.257729
186.40424,8.9668,0.279961
186.40455,8.9574,0.289033
186.40481,8.9592,0.289033
186.40512,8.9695,0.260417
186.40543,8.9584,0.300801
186.40574,8.9648,0.263505
186.40605,8.9658,0.264817
186.40630,8.9668,0.264817
186.40661,8.9678,0.289033
186.40692,8.9744,0.282969
186.40723,8.9479,0.263217
186.40754,8.9592,0.297209
186.40785,8.9621,0.261233
186.40810,8.9668,0.261233
186.40841,8.9621,0.260921
186.40872,8.9641,0.272289
186.40903,8.9582,0.258121
186.40934,8.9705,0.265009
186.40965,8.9592,0.297921
186.40990,8.9602,0.297921
186.41021,8.9602,0.303993
186.41052,8.9574,0.296209
186.41083,8.9631,0.267409
186.41114,8.9621,0.259521
186.41140,8.9584,0.259521
186.41171,8.9611,0.270705
186.41202,8.9678,0.264113
186.41233,8.9602,0.262529
186.41264,8.9648,0.315257
186.41295,8.9535,0.306681
186.41320,8.9668,0.306681
186.41351,8.9688,0.265905
186.41382,8.9592,0.294025
186.41413,8.9688,0.261625
186.41444,8.9611,0.261713
186.41475,8.9771,0.296417
186.41500,8.9639,0.296417
186.41531,8.9658,0.264113
186.41562,8.9602,0.280777
186.41593,8.9582,0.283049
186.41624,8.9631,0.259025
186.41655,8.9592,0.258041
186.41680,8.9602,0.258041
186.41712,8.9688,0.294625
186.41743,8.9648,0.256329
186.41774,8.9705,0.292225
186.41805,8.9602,0.271289
186.41830,8.9621,0.271289
186.41861,8.9602,0.262817
186.41892,8.9639,0.297529
186.41923,8.9527,0.261417
186.41954,8.9791,0.264009
186.41985,8.9592,0.302009
186.42010,8.9574,0.302009
186.42041,8.9688,0.274481
186.42072,8.9705,0.268009
186.42103,8.9584,0.296313
186.42134,8.9705,0.261921
186.42165,8.9641,0.265321
186.42190,8.9688,0.265321
186.42221,8.9688,0.307889
186.42252,8.9641,0.259521
186.42283,8.9791,0.272289
186.42314,8.9668,0.290041
186.42340,8.9688,0.290041
186.42371,8.9688,0.259833
186.42402,8.9611,0.292937
186.42433,8.9592,0.304809
186.42464,8.9582,0.259521
186.42495,8.9697,0.278673
186.42520,8.9545,0.278673
186.42551,8.9715,0.285345
186.42582,8.9639,0.257433
186.42613,8.9658,0.298425
186.42644,8.9801,0.260729
186.42675,8.9545,0.263505
186.42700,8.9658,0.263505
186.42731,8.9525,0.286849
186.42762,8.9725,0.263321
186.42793,8.9754,0.259025
186.42824,8.9639,0.297105
186.42855,8.9621,0.260025
186.42880,8.9574,0.260025
186.42911,8.9744,0.260417
186.42943,8.9621,0.269593
186.42974,8.9621,0.258625
186.43005,8.9705,0.262321
186.43030,8.9555,0.262321
186.43061,8.9668,0.293833
186.43092,8.9611,0.258937
186.43123,8.9668,0.292041
186.43154,8.9668,0.266305
186.43185,8.9621,0.258121
186.43210,8.9555,0.258121
186.43241,8.9611,0.266009
186.43272,8.9639,0.259833
186.43303,8.9631,0.262025
186.43334,8.9602,0.294417
186.43365,8.9611,0.260817
186.43390,8.9678,0.260817
186.43421,8.9584,0.258041
186.43452,8.9555,0.292433
186.43483,8.9574,0.254641
186.43514,8.9621,0.256729
186.43540,8.9631,0.256729
186.43571,8.9648,0.292041
186.43602,8.9668,0.258121
186.43633,8.9648,0.284049
186.43664,8.9631,0.282569
186.43695,8.9668,0.258121
186.43720,8.9705,0.258121
186.43751,8.9602,0.260417
186.43782,8.9582,0.261521
186.43813,8.9668,0.265321
186.43844,8.9688,0.289353
186.43875,8.9535,0.322953
186.43900,8.9582,0.322953
186.43931,8.9631,0.271497
186.43962,8.9631,0.296313
186.43993,8.9535,0.259025
186.44024,8.9639,0.267113
186.44055,8.9688,0.303305
186.44080,8.9639,0.303305
186.44111,8.9678,0.263321
186.44143,8.9648,0.277985
186.44174,8.9545,0.343577
186.44205,8.9611,0.261713
186.44230,8.9715,0.261713
186.44261,8.9658,0.261417
186.44292,8.9631,0.259521
186.44323,8.9668,0.250657
186.44354,8.9688,0.251449
186.44568,8.9602,0.260521
186.44744,8.9611,0.264113
186.44920,8.9611,0.262529
186.45096,8.9621,0.290041
186.45272,8.9592,0.264713
186.45448,8.9535,0.262817
186.45623,8.9688,0.304593
186.45799,8.9668,0.260625
186.45824,8.9631,0.267617
186.45850,8.9611,0.267617
186.45881,8.9602,0.262025
186.45912,8.9621,0.260129
186.45943,8.9639,0.261313
186.45973,8.9574,0.259441
186.46005,8.9705,0.259129
186.46030,8.9574,0.259129
186.46061,8.9705,0.260729
186.46092,8.9658,0.265113
186.46123,8.9668,0.261233
186.46154,8.9611,0.262609
186.46179,8.9668,0.262609
186.46210,8.9668,0.263505
186.46241,8.9725,0.261129
186.46272,8.9668,0.261233
186.46303,8.9658,0.262025
186.46334,8.9602,0.257537
186.46360,8.9678,0.257537
186.46390,8.9705,0.263217
186.46421,8.9631,0.261025
186.46452,8.9639,0.260817
186.46483,8.9631,0.259521
186.46514,8.9678,0.259337
186.46540,8.9688,0.259337
186.46571,8.9602,0.259833
186.46601,8.9631,0.258833
186.46633,8.9621,0.257833
186.46664,8.9631,0.261233
186.46695,8.9621,0.258121
186.46720,8.9488,0.258121
186.46752,8.9688,0.265113
186.46783,8.9611,0.337593
186.46814,8.9545,0.295729
186.46844,8.9555,0.302305
186.46870,8.9611,0.302305
186.46901,8.9705,0.296313
186.46932,8.9705,0.251345
186.46963,8.9592,0.257329
186.46994,8.9611,0.253537
186.47019,8.9631,0.253537
186.47050,8.9584,0.259129
186.47081,8.9697,0.280273
186.47112,8.9602,0.241185
186.47143,8.9668,0.241585
186.47174,8.9678,0.244065
186.47199,8.9648,0.244065
186.47230,8.9725,0.242273
186.47261,8.9744,0.250953
186.47292,8.9648,0.262425
186.47323,8.9648,0.261025
186.47354,8.9678,0.266617
186.47380,8.9648,0.266617
186.47411,8.9648,0.267009
186.47442,8.9631,0.258441
186.47473,8.9668,0.258441
186.47503,8.9791,0.261713
186.47529,8.9658,0.261713
186.47560,8.9621,0.262609
186.47591,8.9658,0.262217
186.47622,8.9668,0.264905
186.47653,8.9688,0.268801
186.47684,8.9695,0.260417
186.47709,8.9648,0.260417
186.47740,8.9762,0.262025
186.47771,8.9621,0.261129
186.47802,8.9611,0.297817
186.47833,8.9611,0.299505
186.47864,8.9648,0.296713
186.47889,8.9582,0.296713
186.47920,8.9705,0.261129
186.47951,8.9658,0.268409
186.47982,8.9688,0.264817
186.48013,8.9668,0.253641
186.48044,8.9648,0.252241
186.48070,8.9705,0.252241
186.48101,8.9715,0.251953
186.48131,8.9725,0.252449
186.48162,8.9648,0.268305
186.48194,8.9621,0.266513
186.48219,8.9518,0.266513
186.48250,8.9705,0.320953
186.48281,8.9639,0.281865
186.48312,8.9762,0.263713
186.48343,8.9668,0.264009
186.48374,8.9648,0.264217
186.48399,8.9641,0.264217
186.48430,8.9697,0.256641
186.48461,8.9658,0.263217
186.48492,8.9715,0.261625
186.48523,8.9574,0.303409
186.48554,8.9631,0.259921
186.48580,8.9639,0.259921
186.48610,8.9781,0.260921
186.48642,8.9658,0.258833
186.48673,8.9828,0.258337
186.48704,8.9688,0.261025
186.48729,8.9574,0.261025
186.48760,8.9631,0.259729
186.48791,8.9762,0.262025
186.48822,8.9574,0.261921
186.48853,8.9668,0.263817
186.48884,8.9678,0.260921
186.48909,8.9668,0.260921
186.48940,8.9555,0.264817
186.48971,8.9725,0.264321
186.49002,8.9648,0.267009
186.49033,8.9631,0.263609
186.49064,8.9668,0.268489
186.49089,8.9668,0.268489
186.49120,8.9801,0.264905
186.49152,8.9611,0.262425
186.49183,8.9631,0.261817
186.49214,8.9574,0.264905
186.49239,8.9668,0.264905
186.49270,8.9678,0.261521
186.49301,8.9621,0.262921
186.49332,8.9592,0.261129
186.49363,8.9668,0.273289
186.49394,8.9705,0.260129
186.49419,8.9648,0.260129
186.49450,8.9564,0.263529
186.49481,8.9631,0.301113
186.49512,8.9648,0.298609
186.49543,8.9574,0.296921
186.49574,8.9611,0.262921
186.49599,8.9688,0.262921
186.49630,8.9602,0.255745
186.49661,8.9631,0.293729
186.49692,8.9545,0.262025
186.49723,8.9648,0.261129
186.49749,8.9725,0.261129
186.49780,8.9715,0.257433
186.49811,8.9734,0.244377
186.49842,8.9705,0.240377
186.49873,8.9639,0.243673
186.49904,8.9752,0.243089
186.49929,8.9668,0.243089
186.49960,8.9695,0.247969
186.49991,8.9611,0.257833
186.50022,8.9705,0.268697
186.50053,8.9678,0.271097
186.50078,8.9734,0.271097
186.50109,8.9705,0.254849
186.50140,8.9725,0.252057
186.50171,8.9715,0.255145
186.50202,8.9631,0.259129
186.50233,8.9592,0.260233
186.50259,8.9668,0.260233
186.50290,8.9695,0.259521
186.50321,8.9602,0.260729
186.50352,8.9621,0.261713
186.50383,8.9697,0.260129
186.50414,8.9725,0.260233
186.50439,8.9641,0.260233
186.50470,8.9648,0.261129
186.50501,8.9648,0.305785
186.50532,8.9715,0.297025
186.50563,8.9641,0.294233
186.50589,8.9688,0.294233
186.50619,8.9668,0.263113
186.50650,8.9611,0.265009
186.50681,8.9648,0.250049
186.50712,8.9744,0.256937
186.50743,8.9658,0.249449
186.50769,8.9688,0.249449
186.50799,8.9668,0.252345
186.50831,8.9658,0.257833
186.50862,8.9641,0.266217
186.50893,8.9611,0.275185
186.50924,8.9639,0.283465
186.50949,8.9639,0.283465
186.50980,8.9631,0.271097
186.51011,8.9668,0.261313
186.51042,8.9648,0.262921
186.51073,8.9648,0.263713
186.51098,8.9658,0.263713
186.51129,8.9631,0.301513
186.51160,8.9658,0.278881
186.51191,8.9668,0.260921
186.51222,8.9648,0.260921
186.51253,8.9639,0.259233
186.51279,8.9631,0.259233
186.51310,8.9695,0.257937
186.51341,8.9705,0.257041
186.51372,8.9658,0.260817
186.51402,8.9658,0.302993
186.51434,8.9564,0.260625
186.51459,8.9592,0.260625
186.51490,8.9639,0.261417
186.51521,8.9725,0.260625
186.51552,8.9744,0.260025
186.51583,8.9744,0.257225
186.51608,8.9715,0.257225
186.51639,8.9705,0.258833
186.51670,8.9705,0.257833
186.51701,8.9639,0.260025
186.51732,8.9611,0.257329
186.51763,8.9621,0.255249
186.51789,8.9678,0.255249
186.51820,8.9678,0.268409
186.51851,8.9592,0.260233
186.51881,8.9621,0.260417
186.51913,8.9631,0.258121
186.51944,8.9658,0.261713
186.51969,8.9631,0.261713
186.52000,8.9611,0.260729
186.52031,8.9639,0.260625
186.52062,8.9631,0.258521
186.52093,8.9639,0.258233
186.52124,8.9658,0.261817
186.52149,8.9668,0.261817
186.52180,8.9592,0.262529
186.52211,8.9621,0.260233
186.52242,8.9688,0.263217
186.52273,8.9545,0.271289
186.52299,8.9592,0.271289
186.52329,8.9658,0.261233
186.52361,8.9631,0.265905
186.52392,8.9621,0.273289
186.52423,8.9668,0.266009
186.52454,8.9648,0.267113
186.52479,8.9611,0.267113
186.52510,8.9611,0.266193
186.52541,8.9648,0.284657
186.52572,8.9611,0.302201
186.52603,8.9621,0.261713
186.52634,8.9668,0.258233
186.52659,8.9648,0.258233
186.52690,8.9725,0.263529
186.52721,8.9648,0.259833
186.52752,8.9752,0.262817
186.52783,8.9611,0.261025
186.52808,8.9688,0.261025
186.52839,8.9762,0.262025
186.52870,8.9574,0.282073
186.52901,8.9695,0.259833
186.52932,8.9545,0.261625
186.52963,8.9631,0.262713
186.52989,8.9678,0.262713
186.53020,8.9564,0.259521
186.53051,8.9574,0.260337
186.53082,8.9668,0.261921
186.53112,8.9621,0.262025
186.53144,8.9658,0.262321
186.53169,8.9688,0.262321
186.53200,8.9631,0.295233
186.53231,8.9574,0.302201
186.53262,8.9668,0.298009
186.53293,8.9631,0.259521
186.53324,8.9631,0.251953
186.53349,8.9631,0.251953
186.53380,8.9639,0.255433
186.53411,8.9621,0.250761
186.53442,8.9658,0.241081
186.53473,8.9648,0.241769
186.53498,8.9752,0.241769
186.53529,8.9621,0.236601
186.53560,8.9621,0.243985
186.53591,8.9705,0.245961
186.53622,8.9631,0.257225
186.53653,8.9582,0.254537
186.53678,8.9621,0.254537
186.53709,8.9584,0.271289
186.53740,8.9678,0.258625
186.53771,8.9668,0.260817
186.53802,8.9639,0.261713
186.53833,8.9592,0.264505
186.53859,8.9734,0.264505
186.53890,8.9678,0.262817
186.53921,8.9611,0.265321
186.53952,8.9648,0.269305
186.53983,8.9648,0.266193
186.54008,8.9631,0.266193
186.54039,8.9621,0.299217
186.54070,8.9658,0.260337
186.54101,8.9734,0.262425
186.54132,8.9621,0.299505
186.54163,8.9518,0.306681
186.54189,8.9582,0.306681
186.54220,8.9631,0.299817
186.54250,8.9715,0.267409
186.54282,8.9668,0.283049
186.54313,8.9639,0.310481
186.54344,8.9668,0.250657
186.54369,8.9584,0.250657
186.54400,8.9725,0.248865
186.54431,8.9668,0.253137
186.54462,8.9602,0.251745
186.54493,8.9631,0.257833
186.54518,8.9602,0.257833
186.54550,8.9621,0.265905
186.54581,8.9648,0.283553
186.54612,8.9582,0.268593
186.54643,8.9639,0.262425
186.54668,8.9658,0.262425
186.54699,8.9678,0.261417
186.54730,8.9715,0.256729
186.54761,8.9621,0.260921
186.54792,8.9631,0.256329
186.54823,8.9641,0.257329
186.54848,8.9602,0.257329
186.54879,8.9705,0.253137
186.54910,8.9584,0.258937
186.54941,8.9621,0.255937
186.54972,8.9697,0.257145
186.55003,8.9574,0.257145
186.55028,8.9705,0.257145
186.55059,8.9668,0.258937
186.55090,8.9715,0.251265
186.55121,8.9678,0.250849
186.55153,8.9658,0.254433
186.55178,8.9734,0.254433
186.55209,8.9611,0.251553
186.55240,8.9695,0.269889
186.55271,8.9658,0.260337
186.55302,8.9678,0.259025
186.55333,8.9705,0.260233
186.55358,8.9639,0.260233
186.55389,8.9688,0.264505
186.55420,8.9734,0.255937
186.55451,8.9621,0.302993
186.55482,8.9648,0.259833
186.55513,8.9668,0.259233
186.55538,8.9631,0.259233
186.55569,8.9801,0.259025
186.55600,8.9631,0.254353
186.55631,8.9582,0.261713
186.55662,8.9602,0.255433
186.55693,8.9688,0.258937
186.55719,8.9678,0.258937
186.55750,8.9498,0.258521
186.55781,8.9648,0.268097
186.55812,8.9611,0.298817
186.55843,8.9631,0.300905
186.55868,8.9602,0.300905
186.55899,8.9574,0.294233
186.55930,8.9584,0.255537
186.55961,8.9592,0.264505
186.55992,8.9639,0.247569
186.56023,8.9592,0.257121
186.56048,8.9641,0.257121
186.56079,8.9648,0.256145
186.56110,8.9639,0.246673
186.56141,8.9621,0.240289
186.56172,8.9668,0.244673
186.56203,8.9639,0.238393
186.56228,8.9705,0.238393
186.56259,8.9734,0.237889
186.56290,8.9658,0.248657
186.56322,8.9611,0.258041
186.56353,8.9648,0.272785
186.56378,8.9592,0.272785
186.56409,8.9592,0.273289
186.56440,8.9734,0.261521
186.56471,8.9688,0.261921
186.56502,8.9648,0.260817
186.56533,8.9611,0.262129
186.56558,8.9639,0.262129
186.56589,8.9678,0.261921
186.56620,8.9639,0.262609
186.56651,8.9631,0.263921
186.56682,8.9801,0.265113
186.56713,8.9648,0.262129
186.56738,8.9631,0.262129
186.56769,8.9695,0.260817
186.56800,8.9658,0.299401
186.56831,8.9592,0.294729
186.56862,8.9611,0.297921
186.56888,8.9658,0.297921
186.56919,8.9592,0.340681
186.56950,8.9621,0.272097
186.56981,8.9668,0.265009
186.57012,8.9705,0.253537
186.57038,8.9688,0.253537
186.57069,8.9705,0.253953
186.57100,8.9744,0.252345
186.57130,8.9744,0.253849
186.57162,8.9857,0.256145
186.57192,8.9555,0.310585
186.57218,8.9535,0.310585
186.57249,8.9705,0.268905
186.57280,8.9582,0.271201
186.57311,8.9715,0.271993
186.57342,8.9592,0.262921
186.57373,8.9592,0.265217
186.57398,8.9695,0.265217
186.57429,8.9688,0.266697
186.57460,8.9592,0.271601
186.57491,8.9611,0.295025
186.57522,8.9555,0.283049
186.57553,8.9678,0.261417
186.57578,8.9668,0.261417
186.57609,8.9668,0.259129
186.57640,8.9641,0.254137
186.57671,8.9564,0.259337
186.57702,8.9705,0.293441
186.57727,8.9555,0.293441
186.57758,8.9592,0.272889
186.57789,8.9631,0.261129
186.57820,8.9688,0.294729
186.57851,8.9639,0.264713
186.57882,8.9602,0.259417
186.57908,8.9602,0.259417
186.57938,8.9631,0.291641
186.57969,8.9602,0.267697
186.58000,8.9688,0.268009
186.58031,8.9639,0.296209
186.58062,8.9648,0.262217
186.58088,8.9678,0.262217
186.58119,8.9535,0.264609
186.58150,8.9705,0.266305
186.58181,8.9725,0.263425
186.58212,8.9688,0.275769
186.58243,8.9574,0.290433
186.58268,8.9648,0.290433
186.58299,8.9695,0.257329
186.58330,8.9621,0.326329
186.58361,8.9648,0.289937
186.58392,8.9668,0.261129
186.58417,8.9668,0.261129
186.58448,8.9621,0.278377
186.58479,8.9705,0.275185
186.58510,8.9668,0.253057
186.58541,8.9621,0.293225
186.58572,8.9678,0.259729
186.58597,8.9631,0.259729
186.58628,8.9658,0.255833
186.58659,8.9535,0.326537
186.58690,8.9658,0.258121
186.58722,8.9678,0.261417
186.58747,8.9648,0.261417
186.58778,8.9555,0.297529
186.58809,8.9564,0.263113
186.58840,8.9688,0.295729
186.58871,8.9535,0.271289
186.58902,8.9688,0.258121
186.58928,8.9582,0.258121
186.58959,8.9564,0.262921
186.58990,8.9621,0.257937
186.59020,8.9658,0.256433
186.59052,8.9705,0.296417
186.59083,8.9592,0.261025
186.59108,8.9611,0.261025
186.59139,8.9734,0.260625
186.59170,8.9555,0.288033
186.59201,8.9668,0.262129
186.59232,8.9695,0.260129
186.59263,8.9631,0.295025
186.59288,8.9631,0.295025
186.59319,8.9715,0.258625
186.59350,8.9688,0.277081
186.59381,8.9611,0.285449
186.59412,8.9678,0.260233
186.59437,8.9725,0.260233
186.59468,8.9631,0.259921
186.59499,8.9621,0.259337
186.59530,8.9602,0.262921
186.59561,8.9621,0.286449
186.59592,8.9611,0.283257
186.59618,8.9639,0.283257
186.59649,8.9678,0.260233
186.59679,8.9621,0.292521
186.59711,8.9705,0.258625
186.59742,8.9648,0.256041
186.59773,8.9648,0.299505
186.59798,8.9479,0.299505
186.59829,8.9697,0.312881
186.59860,8.9648,0.258121
186.59891,8.9658,0.290433
186.59922,8.9582,0.257041
186.59947,8.9592,0.257041
186.59978,8.9574,0.256329
186.60009,8.9631,0.290937
186.60040,8.9771,0.257145
186.60071,8.9688,0.287537
186.60102,8.9592,0.321241
186.60127,8.9518,0.321241
186.60158,8.9688,0.255641
186.60189,8.9678,0.292729
186.60220,8.9592,0.263505
186.60251,8.9639,0.260521
186.60282,8.9695,0.274689
186.60307,8.9648,0.274689
186.60338,8.9602,0.291225
186.60370,8.9648,0.260921
186.60401,8.9555,0.294817
186.60431,8.9688,0.263609
186.60462,8.9678,0.269889
186.60488,8.9705,0.269889
186.60519,8.9584,0.280273
186.60550,8.9648,0.260233
186.60581,8.9688,0.261129
186.60612,8.9668,0.295025
186.60637,8.9648,0.295025
186.60668,8.9648,0.261209
186.60699,8.9631,0.280169
186.60730,8.9648,0.278961
186.60761,8.9668,0.258833
186.60792,8.9621,0.261313
186.60817,8.9602,0.261313
186.60848,8.9611,0.291537
186.60879,8.9668,0.263713
186.60910,8.9678,0.297209
186.60941,8.9621,0.275185
186.60972,8.9705,0.263113
186.60998,8.9658,0.263113
186.61028,8.9582,0.264425
186.61059,8.9668,0.262129
186.61090,8.9611,0.260625
186.61122,8.9611,0.292433
186.61147,8.9621,0.292433
186.61178,8.9648,0.264905
186.61209,8.9621,0.269201
186.61240,8.9498,0.334505
186.61271,8.9564,0.259625
186.61302,8.9678,0.263321
186.61327,8.9611,0.263321
186.61358,8.9574,0.293017
186.61389,8.9668,0.260129
186.61420,8.9602,0.278777
186.61451,8.9611,0.289433
186.61482,8.9791,0.260337
186.61507,8.9678,0.260337
186.61538,8.9574,0.269409
186.61569,8.9611,0.258521
186.61600,8.9611,0.253849
186.61631,8.9648,0.251745
186.61662,8.9678,0.258121
186.61688,8.9592,0.258121
186.61719,8.9668,0.255937
186.61750,8.9754,0.255641
186.61781,8.9648,0.235305
186.61812,8.9631,0.260921
186.61837,8.9688,0.260921
186.61868,8.9602,0.256145
186.61899,8.9752,0.256537
186.61930,8.9688,0.273497
186.61961,8.9574,0.259625
186.61992,8.9705,0.262817
186.62017,8.9648,0.262817
186.62048,8.9762,0.263113
186.62079,8.9668,0.262025
186.62110,8.9555,0.259337
186.62141,8.9658,0.260625
186.62172,8.9582,0.261025
186.62197,8.9678,0.261025
186.62228,8.9611,0.262633
186.62259,8.9658,0.264113
186.62290,8.9648,0.262817
186.62321,8.9688,0.265113
186.62353,8.9648,0.301193
186.62378,8.9592,0.301193
186.62409,8.9582,0.305393
186.62440,8.9602,0.298425
186.62471,8.9715,0.262633
186.62502,8.9744,0.267593
186.62527,8.9631,0.267593
186.62558,8.9639,0.268201
186.62589,8.9545,0.259921
186.62620,8.9611,0.248073
186.62651,8.9592,0.252849
186.62682,8.9545,0.296313
186.62707,8.9602,0.296313
186.62738,8.9648,0.255537
186.62769,8.9621,0.280361
186.62800,8.9648,0.271289
186.62831,8.9705,0.269489
186.62862,8.9574,0.263025
186.62887,8.9688,0.263025
186.62919,8.9611,0.259025
186.62950,8.9574,0.262025
186.62981,8.9631,0.304489
186.63012,8.9611,0.258833
186.63037,8.9695,0.258833
186.63068,8.9658,0.262129
186.63099,8.9648,0.261233
186.63130,8.9678,0.258121
186.63161,8.9715,0.260625
186.63192,8.9725,0.257225
186.63217,8.9697,0.257225
186.63248,8.9545,0.259833
186.63279,8.9592,0.256729
186.63310,8.9574,0.259337
186.63341,8.9678,0.258729
186.63372,8.9631,0.259729
186.63397,8.9611,0.259729
186.63428,8.9574,0.256329
186.63459,8.9715,0.250265
186.63490,8.9611,0.258121
186.63521,8.9744,0.252849
186.63547,8.9592,0.252849
186.63578,8.9688,0.258337
186.63609,8.9697,0.260817
186.63640,8.9611,0.260337
186.63671,8.9678,0.259129
186.63702,8.9621,0.263217
186.63727,8.9688,0.263217
186.63758,8.9715,0.259521
186.63789,8.9631,0.261233
186.63820,8.9668,0.260921
186.63851,8.9592,0.260817
186.63882,8.9695,0.259521
186.63907,8.9688,0.259521
186.63938,8.9631,0.257729
186.63969,8.9631,0.259729
186.64000,8.9668,0.259625
186.64031,8.9621,0.293833
186.64062,8.9611,0.295921
186.64087,8.9631,0.295921
186.64118,8.9621,0.293521
186.64150,8.9518,0.273977
186.64181,8.9762,0.256225
186.64212,8.9744,0.243569
186.64237,8.9631,0.243569
186.64268,8.9668,0.252953
186.64299,8.9648,0.252745
186.64330,8.9715,0.261417
186.64361,8.9771,0.244673
186.64392,8.9658,0.247177
186.64417,8.9658,0.247177
186.64448,8.9555,0.288537
186.64479,8.9611,0.250049
186.64510,8.9668,0.248553
186.64541,8.9705,0.255641
186.64572,8.9658,0.278273
186.64597,8.9781,0.278273
186.64628,8.9668,0.272993
186.64659,8.9648,0.259921
186.64690,8.9611,0.259833
186.64721,8.9648,0.261521
186.64747,8.9688,0.261521
186.64778,8.9668,0.264713
186.64809,8.9658,0.261625
186.64840,8.9658,0.258121
186.64871,8.9658,0.260521
186.64902,8.9611,0.262713
186.64927,8.9621,0.262713
186.64958,8.9631,0.258441
186.64989,8.9688,0.261713
186.65020,8.9584,0.292625
186.65051,8.9678,0.304097
186.65082,8.9574,0.297025
186.65107,8.9592,0.297025
186.65138,8.9621,0.298217
186.65169,8.9688,0.270993
186.65200,8.9695,0.263217
186.65231,8.9752,0.249449
186.65256,8.9631,0.249449
186.65287,8.9688,0.255353
186.65319,8.9668,0.248361
186.65350,8.9705,0.249553
186.65381,8.9641,0.257041
186.65412,8.9621,0.265321
186.65437,8.9648,0.265321
186.65468,8.9658,0.268097
186.65499,8.9781,0.281465
186.65530,8.9678,0.280273
186.65561,8.9715,0.301617
186.65592,8.9688,0.307977
186.65617,8.9705,0.307977
186.65648,8.9602,0.269385
186.65679,8.9564,0.265009
186.65710,8.9611,0.269409
186.65741,8.9592,0.267409
186.65766,8.9621,0.267409
186.65797,8.9648,0.269993
186.65828,8.9725,0.266113
186.65859,8.9658,0.299321
186.65890,8.9611,0.294233
186.65921,8.9574,0.266617
186.65947,8.9631,0.266617
186.65978,8.9688,0.265113
186.66009,8.9602,0.275289
186.66040,8.9658,0.272497
186.66071,8.9648,0.276665
186.66102,8.9611,0.269705
186.66127,8.9631,0.269705
186.66158,8.9564,0.269705
186.66189,8.9631,0.271785
186.66220,8.9545,0.268993
186.66251,8.9658,0.267905
186.66276,8.9641,0.267905
186.66307,8.9602,0.267009
186.66338,8.9762,0.267905
186.66369,8.9611,0.271393
186.66400,8.9639,0.276585
186.66431,8.9555,0.280569
186.66456,8.9658,0.280569
186.66487,8.9574,0.309185
186.66519,8.9574,0.310769
186.66550,8.9668,0.313961
186.66581,8.9611,0.314169
186.66612,8.9582,0.310377
186.66637,8.9564,0.310377
186.66668,8.9574,0.304097
186.66699,8.9621,0.272393
186.66730,8.9611,0.298425
186.66761,8.9535,0.349169
186.66786,8.9508,0.349169
186.66817,8.9602,0.345273
186.66848,8.9592,0.349273
186.66879,8.9535,0.305393
186.66910,8.9582,0.305201
186.66941,8.9631,0.300217
186.66966,8.9648,0.300217
186.66997,8.9641,0.285737
186.67028,8.9555,0.303801
186.67059,8.9744,0.254033
186.67090,8.9762,0.255145
186.67122,8.9678,0.261521
186.67147,8.9631,0.261521
186.67178,8.9545,0.295817
186.67209,8.9621,0.293833
186.67240,8.9648,0.303593
186.67271,8.9695,0.309377
186.67297,8.9564,0.309377
186.67328,8.9535,0.333505
186.67358,8.9555,0.293729
186.67389,8.9621,0.276977
186.67420,8.9648,0.273793
186.67451,8.9695,0.261521
186.67477,8.9668,0.261521
186.67508,8.9668,0.258041
186.67539,8.9754,0.258337
186.67570,8.9658,0.259521
186.67601,8.9705,0.255937
186.67632,8.9688,0.256641
186.67657,8.9715,0.256641
186.67688,8.9658,0.263025
186.67719,8.9535,0.256329
186.67750,8.9545,0.298321
186.67781,8.9668,0.302409
186.67807,8.9705,0.302409
186.67837,8.9631,0.298113
186.67869,8.9668,0.267593
186.67900,8.9564,0.268593
186.67931,8.9678,0.270393
186.67962,8.9688,0.251265
186.67987,8.9574,0.251265
186.68018,8.9631,0.254249
186.68049,8.9648,0.251745
186.68080,8.9592,0.252745
186.68111,8.9678,0.254033
186.68142,8.9678,0.265321
186.68167,8.9641,0.265321
186.68198,8.9648,0.270601
186.68229,8.9715,0.272097
186.68260,8.9648,0.257329
186.68291,8.9688,0.255537
186.68316,8.9658,0.255537
186.68348,8.9658,0.260233
186.68379,8.9705,0.255537
186.68410,8.9668,0.252241
186.68440,8.9648,0.255249
186.68472,8.9611,0.292833
186.68497,8.9555,0.292833
186.68528,8.9678,0.264505
186.68559,8.9705,0.263505
186.68590,8.9648,0.262529
186.68621,8.9555,0.263713
186.68652,8.9715,0.262529
186.68677,8.9621,0.262529
186.68708,8.9592,0.263113
186.68739,8.9508,0.262425
186.68770,8.9555,0.299009
186.68801,8.9639,0.257145
186.68826,8.9648,0.257145
186.68857,8.9631,0.259833
186.68888,8.9668,0.262817
186.68919,8.9697,0.260921
186.68950,8.9744,0.261921
186.68981,8.9725,0.260625
186.69007,8.9639,0.260625
186.69038,8.9631,0.262921
186.69069,8.9631,0.261921
186.69099,8.9668,0.259521
186.69131,8.9678,0.262713
186.69162,8.9678,0.264321
186.69187,8.9668,0.264321
186.69218,8.9602,0.263921
186.69249,8.9648,0.262609
186.69280,8.9641,0.259129
186.69311,8.9678,0.260921
186.69336,8.9648,0.260921
186.69367,8.9658,0.263425
186.69398,8.9621,0.269809
186.69429,8.9639,0.260129
186.69460,8.9582,0.263817
186.69491,8.9564,0.260521
186.69516,8.9611,0.260521
186.69547,8.9734,0.260129
186.69578,8.9648,0.261233
186.69610,8.9527,0.257145
186.69641,8.9648,0.258625
186.69666,8.9668,0.258625
186.69697,8.9611,0.260729
186.69728,8.9744,0.257329
186.69759,8.9715,0.261129
186.69790,8.9697,0.257937
186.69821,8.9648,0.259729
186.69846,8.9582,0.259729
186.69877,8.9555,0.260417
186.69908,8.9611,0.260625
186.69939,8.9648,0.268097
186.69970,8.9678,0.264905
186.70001,8.9602,0.262321
186.70026,8.9508,0.262321
186.70057,8.9688,0.263217
186.70088,8.9535,0.262217
186.70119,8.9734,0.254137
186.70150,8.9631,0.255353
186.70176,8.9725,0.255353
186.70207,8.9592,0.254249
186.70238,8.9658,0.300217
186.70269,8.9725,0.260129
186.70300,8.9678,0.259921
186.70331,8.9688,0.258041
186.70356,8.9648,0.258041
186.70387,8.9725,0.261817
186.70418,8.9678,0.260025
186.70449,8.9725,0.285657
186.70480,8.9592,0.297209
186.70511,8.9648,0.296817
186.70536,8.9695,0.296817
186.70567,8.9631,0.303697
186.70598,8.9621,0.256937
186.70629,8.9621,0.258521
186.70660,8.9658,0.252953
186.70691,8.9631,0.257537
186.70716,8.9611,0.257537
186.70748,8.9688,0.257041
186.70779,8.9621,0.245961
186.70810,8.9658,0.240185
186.70841,8.9668,0.243377
186.70866,8.9658,0.243377
186.70897,8.9658,0.246761
186.70928,8.9705,0.259233
186.70959,8.9639,0.269305
186.70990,8.9725,0.269593
186.71021,8.9611,0.259833
186.71046,8.9602,0.259833
186.71077,8.9695,0.259521
186.71108,8.9705,0.255641
186.71139,8.9648,0.258937
186.71170,8.9678,0.262321
186.71201,8.9678,0.261025
186.71226,8.9695,0.261025
186.71257,8.9602,0.257833
186.71288,8.9715,0.257329
186.71319,8.9658,0.261521
186.71351,8.9688,0.294625
186.71376,8.9602,0.294625
186.71407,8.9641,0.284945
186.71438,8.9602,0.305281
186.71469,8.9574,0.299817
186.71500,8.9535,0.283257
186.71531,8.9648,0.263505
186.71556,8.9602,0.263505
186.71587,8.9639,0.268201
186.71618,8.9658,0.248257
186.71649,8.9658,0.294625
186.71680,8.9688,0.260625
186.71711,8.9678,0.251057
186.71736,8.9648,0.251057
186.71767,8.9602,0.254745
186.71798,8.9781,0.258545
186.71829,8.9688,0.273793
186.71860,8.9648,0.275689
186.71891,8.9695,0.269201
186.71916,8.9602,0.269201
186.71948,8.9744,0.259833
186.71979,8.9688,0.255745
186.72010,8.9678,0.263505
186.72041,8.9648,0.261313
186.72066,8.9639,0.261313
186.72097,8.9771,0.259833
186.72128,8.9734,0.259025
186.72159,8.9611,0.260729
186.72190,8.9639,0.263321
186.72221,8.9688,0.258121
186.72246,8.9715,0.258121
186.72277,8.9658,0.257041
186.72308,8.9574,0.255833
186.72339,8.9621,0.259521
186.72370,8.9611,0.257937
186.72395,8.9658,0.257937
186.72426,8.9705,0.259521
186.72457,8.9592,0.257433
186.72488,8.9602,0.258337
186.72519,8.9611,0.258937
186.72551,8.9631,0.258937
186.72576,8.9631,0.258937
186.72607,8.9648,0.258337
186.72638,8.9658,0.260337
186.72669,8.9574,0.263817
186.72700,8.9668,0.260129
186.72731,8.9695,0.263321
186.72756,8.9621,0.263321
186.72787,8.9621,0.273393
186.72818,8.9479,0.308289
186.72849,8.9631,0.264113
186.72880,8.9611,0.264713
186.72911,8.9648,0.260337
186.72936,8.9611,0.260337
186.72967,8.9611,0.260625
186.72998,8.9744,0.258041
186.73029,8.9639,0.260625
186.73060,8.9621,0.266009
186.73085,8.9658,0.266009
186.73117,8.9508,0.321953
186.73148,8.9564,0.302009
186.73179,8.9535,0.259521
186.73210,8.9668,0.254849
186.73241,8.9574,0.257729
186.73266,8.9688,0.257729
186.73297,8.9734,0.248073
186.73328,8.9715,0.255833
186.73359,8.9621,0.251953
186.73390,8.9715,0.243569
186.73421,8.9592,0.243985
186.73446,8.9648,0.243985
186.73477,8.9715,0.240689
186.73508,8.9705,0.243169
186.73539,8.9658,0.243169
186.73570,8.9771,0.254937
186.73595,8.9631,0.254937
186.73626,8.9648,0.258937
186.73657,8.9631,0.269385
186.73688,8.9688,0.257729
186.73719,8.9631,0.261921
186.73751,8.9592,0.259129
186.73776,8.9602,0.259129
186.73807,8.9658,0.259025
186.73838,8.9688,0.259833
186.73869,8.9695,0.261713
186.73900,8.9648,0.259521
186.73931,8.9762,0.261521
186.73956,8.9705,0.261521
186.73987,8.9762,0.258937
186.74018,8.9621,0.259233
186.74049,8.9582,0.259625
186.74080,8.9648,0.298609
186.74105,8.9621,0.298609
186.74136,8.9621,0.306993
186.74167,8.9564,0.302513
186.74198,8.9705,0.267593
186.74229,8.9688,0.270305
186.74260,8.9545,0.311585
186.74285,8.9574,0.311585
186.74316,8.9744,0.251849
186.74348,8.9688,0.251953
186.74573,8.9582,0.320953
186.74749,8.9678,0.257833
186.74925,8.9545,0.262529
186.75101,8.9545,0.296713
186.75277,8.9752,0.256937
186.75453,8.9639,0.263713
186.75629,8.9564,0.293017
186.75805,8.9574,0.257729
186.75824,8.9658,0.295625
186.75849,8.9602,0.258729
186.75880,8.9771,0.257833
186.75905,8.9668,0.257833
186.75936,8.9621,0.274185
186.75967,8.9678,0.260417
186.75998,8.9668,0.303201
186.76029,8.9584,0.294129
186.76060,8.9602,0.259025
186.76086,8.9564,0.259025
186.76116,8.9668,0.258625
186.76148,8.9705,0.278881
186.76179,8.9639,0.258545
186.76210,8.9697,0.261625
186.76240,8.9648,0.295625
186.76266,8.9715,0.295625
186.76297,8.9621,0.260921
186.76328,8.9592,0.294233
186.76359,8.9648,0.273393
186.76390,8.9734,0.255433
186.76415,8.9678,0.255433
186.76446,8.9611,0.262025
186.76477,8.9582,0.259625
186.76508,8.9631,0.260417
186.76539,8.9725,0.295313
186.76570,8.9639,0.266113
186.76595,8.9639,0.266113
186.76626,8.9705,0.262129
186.76657,8.9631,0.297209
186.76688,8.9688,0.261209
186.76719,8.9678,0.262025
186.76750,8.9582,0.294625
186.76776,8.9535,0.294625
186.76807,8.9574,0.264609
186.76838,8.9584,0.278777
186.76869,8.9584,0.293833
186.76899,8.9678,0.262817
186.76925,8.9668,0.262817
186.76956,8.9621,0.263113
186.76987,8.9705,0.261713
186.77018,8.9668,0.261025
186.77049,8.9658,0.283945
186.77081,8.9678,0.282865
186.77106,8.9648,0.282865
186.77137,8.9668,0.259921
186.77168,8.9508,0.311377
186.77199,8.9564,0.261025
186.77230,8.9621,0.261313
186.77255,8.9658,0.261313
186.77286,8.9582,0.287641
186.77317,8.9688,0.277081
186.77348,8.9555,0.260921
186.77379,8.9592,0.296417
186.77410,8.9658,0.261209
186.77435,8.9582,0.261209
186.77466,8.9621,0.301593
186.77497,8.9555,0.295625
186.77528,8.9611,0.258521
186.77559,8.9631,0.262217
186.77590,8.9762,0.293625
186.77616,8.9639,0.293625
186.77646,8.9611,0.260521
186.77678,8.9518,0.297209
186.77709,8.9545,0.264425
186.77740,8.9695,0.260337
186.77765,8.9641,0.260337
186.77796,8.9611,0.272289
186.77827,8.9648,0.294625
186.77858,8.9705,0.266513
186.77889,8.9611,0.302593
186.77920,8.9611,0.260129
186.77945,8.9602,0.260129
186.77976,8.9639,0.260337
186.78007,8.9545,0.275873
186.78038,8.9668,0.259337
186.78069,8.9648,0.253849
186.78100,8.9621,0.295025
186.78125,8.9705,0.295025
186.78157,8.9639,0.261921
186.78188,8.9621,0.282361
186.78219,8.9535,0.280169
186.78250,8.9715,0.257833
186.78275,8.9668,0.257833
186.78306,8.9668,0.260921
186.78337,8.9668,0.261313
186.78368,8.9648,0.264817
186.78399,8.9611,0.291641
186.78430,8.9574,0.275873
186.78455,8.9639,0.275873
186.78486,8.9648,0.260129
186.78517,8.9678,0.292833
186.78548,8.9658,0.249761
186.78579,8.9678,0.281649
186.78610,8.9574,0.329521
186.78635,8.9705,0.329521
186.78666,8.9705,0.263713
186.78697,8.9592,0.263505
186.78728,8.9648,0.294129
186.78760,8.9602,0.259441
186.78785,8.9725,0.259441
186.78816,8.9592,0.254537
186.78847,8.9631,0.253449
186.78878,8.9715,0.284657
186.78909,8.9592,0.268097
186.78940,8.9611,0.246865
186.78965,8.9639,0.246865
186.78996,8.9658,0.252849
186.79027,8.9705,0.258625
186.79058,8.9658,0.248465
186.79089,8.9715,0.256433
186.79120,8.9678,0.254849
186.79145,8.9688,0.254849
186.79176,8.9668,0.256145
186.79207,8.9611,0.270305
186.79238,8.9602,0.258545
186.79269,8.9695,0.257937
186.79300,8.9688,0.258521
186.79325,8.9639,0.258521
186.79357,8.9668,0.265721
186.79388,8.9641,0.258337
186.79419,8.9725,0.256641
186.79450,8.9705,0.254353
186.79475,8.9641,0.254353
186.79506,8.9611,0.257433
186.79537,8.9631,0.256833
186.79568,8.9697,0.266217
186.79599,8.9688,0.254641
186.79630,8.9631,0.296025
186.79655,8.9508,0.296025
186.79686,8.9678,0.300905
186.79717,8.9574,0.295817
186.79748,8.9639,0.259417
186.79779,8.9611,0.267305
186.79810,8.9574,0.264905
186.79835,8.9688,0.264905
186.79866,8.9705,0.250265
186.79897,8.9705,0.254033
186.79928,8.9781,0.248153
186.79959,8.9725,0.259625
186.79985,8.9678,0.259625
186.80016,8.9658,0.264113
186.80047,8.9658,0.319049
186.80078,8.9602,0.278273
186.80109,8.9705,0.273681
186.80140,8.9725,0.256537
186.80165,8.9744,0.256537
186.80196,8.9705,0.250849
186.80227,8.9752,0.255041
186.80258,8.9705,0.260921
186.80289,8.9688,0.258233
186.80320,8.9668,0.278065
186.80345,8.9648,0.278065
186.80376,8.9715,0.294417
186.80407,8.9602,0.258521
186.80438,8.9602,0.261417
186.80469,8.9631,0.259729
186.80500,8.9611,0.261713
186.80525,8.9705,0.261713
186.80557,8.9705,0.262817
186.80588,8.9648,0.261625
186.80619,8.9648,0.256729
186.80650,8.9611,0.255537
186.80675,8.9668,0.255537
186.80706,8.9688,0.259025
186.80737,8.9658,0.259233
186.80768,8.9668,0.258729
186.80799,8.9658,0.257833
186.80830,8.9705,0.259233
186.80855,8.9705,0.259233
186.80886,8.9715,0.257433
186.80917,8.9705,0.258233
186.80948,8.9621,0.257625
186.80979,8.9641,0.261129
186.81004,8.9631,0.261129
186.81035,8.9754,0.257433
186.81066,8.9695,0.257937
186.81097,8.9648,0.259337
186.81128,8.9695,0.267801
186.81160,8.9744,0.264217
186.81185,8.9611,0.264217
186.81216,8.9639,0.260625
186.81247,8.9668,0.272577
186.81278,8.9611,0.262921
186.81309,8.9564,0.293625
186.81334,8.9668,0.293625
186.81365,8.9555,0.298321
186.81396,8.9555,0.295233
186.81427,8.9611,0.257041
186.81458,8.9602,0.257625
186.81489,8.9678,0.294521
186.81514,8.9697,0.294521
186.81545,8.9658,0.253137
186.81576,8.9734,0.254745
186.81607,8.9648,0.259337
186.81638,8.9611,0.241185
186.81669,8.9695,0.242193
186.81695,8.9688,0.242193
186.81726,8.9668,0.241273
186.81757,8.9725,0.242985
186.81788,8.9574,0.289249
186.81819,8.9631,0.253537
186.81844,8.9631,0.253537
186.81875,8.9574,0.267801
186.81906,8.9631,0.268409
186.81937,8.9658,0.259337
186.81968,8.9648,0.263505
186.81999,8.9668,0.259521
186.82024,8.9688,0.259521
186.82055,8.9582,0.258233
186.82086,8.9668,0.263713
186.82117,8.9658,0.259233
186.82148,8.9725,0.256249
186.82179,8.9648,0.259833
186.82204,8.9648,0.259833
186.82235,8.9555,0.260817
186.82266,8.9668,0.260025
186.82297,8.9611,0.265905
186.82328,8.9688,0.297321
186.82360,8.9584,0.303009
186.82385,8.9564,0.303009
186.82416,8.9582,0.303201
186.82447,8.9725,0.262321
186.82478,8.9648,0.264713
186.82509,8.9678,0.267113
186.82540,8.9639,0.254745
186.82565,8.9688,0.254745
186.82596,8.9744,0.256433
186.82627,8.9658,0.254537
186.82658,8.9602,0.269489
186.82689,8.9564,0.273185
186.82714,8.9648,0.273185
186.82745,8.9621,0.262921
186.82776,8.9574,0.280361
186.82807,8.9648,0.278777
186.82838,8.9678,0.263113
186.82869,8.9639,0.256937
186.82894,8.9705,0.256937
186.82925,8.9678,0.258041
186.82957,8.9602,0.275289
186.82988,8.9621,0.269705
186.83019,8.9705,0.260417
186.83044,8.9574,0.260417
186.83075,8.9648,0.259729
186.83106,8.9715,0.260025
186.83137,8.9621,0.259921
186.83168,8.9668,0.263609
186.83199,8.9744,0.257833
186.83224,8.9648,0.257833
186.83255,8.9695,0.305393
186.83286,8.9621,0.262609
186.83317,8.9592,0.261713
186.83348,8.9648,0.261921
186.83379,8.9705,0.262025
186.83404,8.9678,0.262025
186.83435,8.9688,0.258337
186.83466,8.9762,0.252449
186.83497,8.9641,0.249945
186.83528,8.9744,0.258833
186.83554,8.9668,0.258833
186.83585,8.9678,0.255329
186.83616,8.9678,0.254353
186.83647,8.9602,0.255353
186.83678,8.9574,0.254537
186.83709,8.9678,0.257329
186.83734,8.9754,0.257329
186.83765,8.9592,0.257625
186.83796,8.9639,0.258625
186.83827,8.9658,0.257329
186.83858,8.9678,0.261417
186.83889,8.9678,0.259337
186.83914,8.9602,0.259337
186.83945,8.9678,0.258521
186.83976,8.9695,0.269201
186.84007,8.9631,0.298817
186.84038,8.9621,0.302993
186.84069,8.9602,0.294025
186.84094,8.9602,0.294025
186.84126,8.9688,0.256729
186.84157,8.9668,0.260729
186.84188,8.9621,0.245777
186.84219,8.9648,0.253137
186.84244,8.9611,0.253137
186.84275,8.9648,0.250849
186.84306,8.9725,0.241185
186.84337,8.9611,0.240585
186.84368,8.9697,0.272993
186.84399,8.9592,0.265609
186.84424,8.9658,0.265609
186.84455,8.9592,0.242881
186.84486,8.9648,0.254641
186.84517,8.9678,0.257329
186.84548,8.9697,0.267697
186.84579,8.9705,0.269889
186.84605,8.9648,0.269889
186.84636,8.9658,0.259833
186.84666,8.9725,0.304697
186.84697,8.9744,0.271601
186.84729,8.9678,0.256641
186.84754,8.9705,0.256641
186.84785,8.9582,0.262217
186.84816,8.9697,0.257937
186.84847,8.9678,0.257537
186.84878,8.9639,0.258233
186.84909,8.9658,0.258729
186.84934,8.9564,0.258729
186.84965,8.9631,0.255937
186.84996,8.9631,0.256537
186.85027,8.9584,0.294337
186.85058,8.9658,0.303305
186.85089,8.9648,0.276185
186.85120,8.9678,0.261129
186.85145,8.9668,0.261129
186.85176,8.9697,0.258833
186.85207,8.9688,0.244673
186.85238,8.9725,0.249153
186.85269,8.9688,0.249153
186.85300,8.9695,0.248761
186.85325,8.9771,0.248761
186.85357,8.9715,0.253537
186.85388,8.9631,0.259521
186.85419,8.9697,0.273081
186.85450,8.9715,0.277081
186.85475,8.9688,0.277081
186.85506,8.9688,0.271681
186.85537,8.9574,0.273577
186.85568,8.9592,0.253849
186.85599,8.9688,0.259833
186.85630,8.9688,0.258937
186.85655,8.9621,0.258937
186.85686,8.9688,0.258233
186.85717,8.9592,0.260729
186.85748,8.9705,0.260233
186.85779,8.9695,0.260129
186.85810,8.9668,0.278481
186.85836,8.9574,0.278481
186.85866,8.9668,0.302009
186.85897,8.9658,0.260417
186.85929,8.9639,0.258441
186.85960,8.9621,0.259729
186.85985,8.9564,0.259729
186.86016,8.9621,0.260921
186.86047,8.9695,0.261417
186.86078,8.9658,0.263113
186.86109,8.9688,0.293729
186.86140,8.9648,0.289433
186.86165,8.9602,0.289433
186.86196,8.9725,0.261921
186.86227,8.9695,0.258937
186.86258,8.9639,0.261129
186.86289,8.9648,0.261233
186.86320,8.9705,0.258625
186.86345,8.9648,0.258625
186.86376,8.9771,0.257937
186.86407,8.9631,0.259129
186.86438,8.9564,0.262921
186.86469,8.9705,0.260025
186.86495,8.9695,0.260025
186.86526,8.9658,0.257329
186.86557,8.9639,0.260417
186.86588,8.9668,0.261025
186.86619,8.9695,0.260129
186.86650,8.9658,0.261921
186.86675,8.9602,0.261921
186.86706,8.9715,0.261417
186.86737,8.9639,0.267305
186.86768,8.9592,0.261625
186.86799,8.9658,0.267513
186.86830,8.9744,0.257145
186.86855,8.9695,0.257145
186.86886,8.9725,0.265801
186.86917,8.9688,0.260233
186.86948,8.9668,0.259337
186.86979,8.9668,0.259521
186.87010,8.9574,0.260625
186.87035,8.9688,0.260625
186.87066,8.9705,0.258521
186.87097,8.9658,0.258521
186.87129,8.9602,0.259417
186.87160,8.9611,0.262817
186.87185,8.9695,0.262817
186.87216,8.9705,0.258833
186.87247,8.9592,0.260129
186.87278,8.9555,0.303801
186.87309,8.9611,0.262713
186.87340,8.9648,0.259921
186.87365,8.9602,0.259921
186.87396,8.9658,0.260729
186.87427,8.9688,0.265321
186.87458,8.9688,0.263713
186.87489,8.9734,0.263921
186.87520,8.9658,0.262817
186.87545,8.9631,0.262817
186.87576,8.9592,0.273897
186.87607,8.9602,0.264113
186.87638,8.9611,0.258729
186.87669,8.9688,0.257225
186.87694,8.9592,0.257225
186.87726,8.9752,0.262025
186.87757,8.9582,0.293833
186.87788,8.9611,0.293121
186.87819,8.9545,0.296625
186.87850,8.9725,0.255833
186.87875,8.9688,0.255833
186.87906,8.9705,0.252641
186.87937,8.9725,0.248153
186.87968,8.9592,0.253537
186.87999,8.9639,0.245465
186.88024,8.9648,0.245465
186.88055,8.9631,0.241769
186.88086,8.9678,0.244169
186.88117,8.9648,0.246065
186.88148,8.9611,0.245961
186.88179,8.9611,0.257433
186.88205,8.9725,0.257433
186.88236,8.9555,0.258041
186.88267,8.9658,0.271601
186.88297,8.9678,0.260521
186.88329,8.9631,0.255937
186.88360,8.9678,0.258833
186.88385,8.9584,0.258833
186.88416,8.9668,0.256329
186.88447,8.9592,0.257625
186.88478,8.9648,0.254537
186.88509,8.9658,0.252241
186.88534,8.9611,0.252241
186.88565,8.9592,0.253345
186.88596,8.9611,0.251849
186.88627,8.9725,0.257625
186.88658,8.9658,0.258625
186.88689,8.9525,0.285553
186.88714,8.9574,0.285553
186.88745,8.9564,0.345081
186.88776,8.9498,0.292041
186.88807,8.9762,0.265609
186.88838,8.9592,0.267113
186.88869,8.9621,0.271497
186.88895,8.9621,0.271497
186.88926,8.9611,0.256537
186.88957,8.9695,0.251057
186.88988,8.9668,0.255937
186.89019,8.9602,0.308977
186.89044,8.9621,0.308977
186.89075,8.9697,0.268201
186.89106,8.9648,0.275377
186.89137,8.9688,0.281753
186.89168,8.9574,0.283945
186.89199,8.9639,0.260233
186.89225,8.9688,0.260233
186.89256,8.9678,0.257937
186.89287,8.9555,0.258337
186.89318,8.9688,0.257729
186.89349,8.9564,0.255041
186.89379,8.9631,0.258041
186.89405,8.9602,0.258041
186.89436,8.9639,0.256329
186.89467,8.9725,0.258337
186.89498,8.9705,0.260129
186.89529,8.9695,0.263609
186.89554,8.9602,0.263609
186.89585,8.9621,0.261521
186.89616,8.9648,0.264905
186.89647,8.9678,0.263609
186.89678,8.9574,0.262529
186.89709,8.9668,0.261129
186.89734,8.9658,0.261129
186.89765,8.9658,0.258233
186.89796,8.9631,0.260921
186.89827,8.9639,0.256433
186.89858,8.9621,0.259417
186.89889,8.9688,0.262025
186.89915,8.9621,0.262025
186.89946,8.9648,0.255745
186.89977,8.9479,0.255537
186.90008,8.9668,0.256729
186.90038,8.9678,0.260025
186.90070,8.9648,0.258625
186.90095,8.9602,0.258625
186.90126,8.9621,0.261713
186.90157,8.9611,0.295313
186.90188,8.9582,0.268097
186.90219,8.9695,0.256145
186.90245,8.9725,0.256145
186.90276,8.9631,0.260921
186.90306,8.9762,0.260625
186.90338,8.9734,0.263025
186.90369,8.9582,0.299905
186.90400,8.9658,0.304697
186.90425,8.9582,0.304697
186.90456,8.9611,0.294337
186.90487,8.9631,0.253057
186.90518,8.9658,0.255641
186.90549,8.9695,0.244169
186.90580,8.9592,0.258521
186.90605,8.9582,0.258521
186.90636,8.9678,0.254249
186.90667,8.9631,0.247761
186.90698,8.9688,0.242081
186.90729,8.9621,0.241289
186.90754,8.9668,0.241289
186.90785,8.9648,0.242673
186.90816,8.9611,0.258937
186.90847,8.9744,0.260417
186.90878,8.9688,0.256249
186.90909,8.9648,0.273977
186.90935,8.9631,0.273977
186.90965,8.9695,0.275585
186.90997,8.9639,0.264321
186.91028,8.9631,0.262321
186.91059,8.9695,0.264905
186.91089,8.9744,0.261921
186.91115,8.9592,0.261921
186.91146,8.9574,0.262129
186.91177,8.9545,0.265009
186.91208,8.9535,0.260729
186.91239,8.9715,0.259129
186.91270,8.9621,0.259729
186.91295,8.9639,0.259729
186.91326,8.9639,0.262713
186.91357,8.9697,0.299217
186.91388,8.9602,0.301513
186.91419,8.9639,0.294817
186.91444,8.9574,0.294817
186.91475,8.9678,0.295233
186.91506,8.9631,0.265321
186.91537,8.9639,0.268801
186.91568,8.9668,0.255145
186.91599,8.9574,0.280857
186.91624,8.9545,0.280857
186.91655,8.9715,0.285049
186.91686,8.9621,0.257537
186.91717,8.9621,0.258521
186.91748,8.9725,0.266513
186.91779,8.9574,0.277881
186.91805,8.9535,0.277881
186.91836,8.9564,0.272393
186.91867,8.9621,0.262217
186.91898,8.9715,0.293441
186.91929,8.9602,0.271993
186.91954,8.9695,0.271993
186.91985,8.9648,0.257833
186.92016,8.9648,0.256833
186.92047,8.9734,0.288241
186.92078,8.9621,0.260521
186.92109,8.9752,0.258521
186.92135,8.9602,0.258521
186.92166,8.9678,0.271785
186.92197,8.9658,0.259233
186.92227,8.9668,0.256937
186.92259,8.9611,0.291937
186.92284,8.9631,0.291937
186.92315,8.9658,0.255833
186.92346,8.9648,0.258337
186.92377,8.9592,0.282257
186.92408,8.9574,0.260233
186.92439,8.9648,0.259417
186.92464,8.9527,0.259417
186.92495,8.9688,0.295233
186.92526,8.9658,0.259129
186.92557,8.9641,0.288641
186.92588,8.9574,0.273577
186.92619,8.9518,0.257121
186.92644,8.9648,0.257121
186.92675,8.9631,0.258121
186.92706,8.9508,0.257145
186.92737,8.9498,0.255145
186.92768,8.9695,0.290433
186.92799,8.9648,0.262921
186.92825,8.9678,0.262921
186.92855,8.9658,0.257329
186.92887,8.9545,0.294817
186.92918,8.9678,0.258625
186.92949,8.9688,0.256537
186.92974,8.9592,0.256537
186.93005,8.9555,0.291041
186.93036,8.9602,0.263113
186.93067,8.9621,0.314169
186.93098,8.9631,0.291433
186.93129,8.9621,0.260337
186.93154,8.9678,0.260337
186.93185,8.9574,0.267593
186.93216,8.9621,0.258625
186.93247,8.9611,0.258521
186.93278,8.9602,0.277881
186.93309,8.9564,0.284153
186.93334,8.9678,0.284153
186.93365,8.9602,0.278569
186.93396,8.9688,0.289641
186.93427,8.9621,0.253537
186.93458,8.9668,0.259337
186.93484,8.9688,0.259337
186.93514,8.9678,0.275977
186.93546,8.9611,0.270889
186.93577,8.9555,0.252057
186.93608,8.9602,0.291433
186.93638,8.9602,0.258625
186.93664,8.9631,0.258625
186.93695,8.9734,0.259337
186.93726,8.9574,0.275585
186.93757,8.9631,0.265321
186.93788,8.9688,0.263529
186.93819,8.9582,0.294921
186.93844,8.9695,0.294921
186.93875,8.9678,0.262025
186.93906,8.9668,0.293833
186.93937,8.9705,0.266905
186.93968,8.9668,0.257433
186.93999,8.9631,0.270305
186.94024,8.9555,0.270305
186.94055,8.9602,0.295233
186.94086,8.9801,0.258337
186.94117,8.9621,0.294337
186.94148,8.9555,0.259337
186.94174,8.9668,0.259337
186.94205,8.9631,0.261313
186.94236,8.9678,0.271993
186.94267,8.9648,0.260337
186.94297,8.9668,0.259025
186.94329,8.9734,0.291833
186.94354,8.9734,0.291833
186.94385,8.9678,0.261713
186.94416,8.9668,0.280777
186.94447,8.9678,0.285657
186.94478,8.9631,0.262025
186.94509,8.9602,0.304993
186.94534,8.9498,0.304993
186.94565,8.9611,0.295025
186.94596,8.9658,0.260817
186.94627,8.9621,0.285737
186.94658,8.9697,0.280065
186.94683,8.9535,0.280065
186.94714,8.9631,0.258121
186.94745,8.9574,0.259521
186.94776,8.9715,0.260025
186.94807,8.9535,0.300801
186.94838,8.9668,0.289937
186.94864,8.9545,0.289937
186.94895,8.9648,0.268801
186.94926,8.9688,0.258729
186.94957,8.9648,0.294337
186.94988,8.9678,0.258121
186.95019,8.9668,0.256937
186.95044,8.9648,0.256937
186.95075,8.9498,0.289249
186.95106,8.9592,0.260625
186.95137,8.9639,0.271497
186.95168,8.9648,0.288849
186.95199,8.9611,0.256937
186.95224,8.9705,0.256937
186.95255,8.9771,0.256833
186.95286,8.9564,0.259833
186.95317,8.9648,0.258121
186.95348,8.9592,0.274377
186.95373,8.9658,0.274377
186.95404,8.9641,0.285737
186.95435,8.9602,0.256249
186.95466,8.9545,0.293833
186.95497,8.9592,0.257041
186.95529,8.9744,0.263425
186.95554,8.9658,0.263425
186.95585,8.9678,0.283361
186.95616,8.9705,0.258121
186.95647,8.9648,0.263321
186.95678,8.9744,0.293833
186.95703,8.9525,0.293833
186.95734,8.9648,0.260729
186.95765,8.9725,0.259833
186.95796,8.9695,0.271993
186.95827,8.9574,0.258233
186.95858,8.9658,0.261921
186.95883,8.9678,0.261921
186.95914,8.9621,0.294729
186.95945,8.9705,0.303593
186.95976,8.9648,0.294025
186.96007,8.9631,0.268409
186.96038,8.9602,0.257225
186.96064,8.9695,0.257225
186.96095,8.9631,0.262817
186.96126,8.9668,0.254249
186.96157,8.9641,0.244673
186.96188,8.9631,0.248761
186.96214,8.9695,0.248761
186.96245,8.9621,0.246673
186.96276,8.9621,0.245961
186.96306,8.9695,0.243985
186.96338,8.9715,0.248865
186.96368,8.9668,0.256537
186.96394,8.9631,0.256537
186.96425,8.9705,0.254937
186.96456,8.9621,0.266617
186.96487,8.9564,0.266617
186.96518,8.9715,0.258233
186.96549,8.9697,0.258833
186.96574,8.9641,0.258833
186.96605,8.9688,0.261625
186.96636,8.9688,0.261921
186.96667,8.9695,0.261129
186.96698,8.9631,0.256833
186.96723,8.9658,0.256833
186.96754,8.9631,0.256537
186.96786,8.9705,0.257537
186.96817,8.9762,0.257041
186.96848,8.9791,0.250657
186.96878,8.9678,0.260729
186.96904,8.9611,0.260729
186.96935,8.9555,0.290729
186.96966,8.9611,0.296417
186.96997,8.9555,0.269809
186.97028,8.9715,0.261921
186.97059,8.9705,0.263713
186.97084,8.9658,0.263713
186.97115,8.9715,0.262921
186.97146,8.9725,0.251161
186.97177,8.9678,0.245569
186.97208,8.9715,0.252745
186.97239,8.9678,0.268697
186.97264,8.9582,0.268697
186.97295,8.9725,0.267593
186.97326,8.9631,0.282465
186.97357,8.9648,0.289033
186.97388,8.9631,0.310273
186.97413,8.9762,0.310273
186.97444,8.9621,0.278065
186.97475,8.9602,0.257729
186.97506,8.9695,0.260521
186.97537,8.9641,0.258121
186.97568,8.9715,0.255145
186.97594,8.9545,0.255145
186.97625,8.9602,0.255353
186.97656,8.9801,0.258833
186.97687,8.9668,0.304201
186.97717,8.9592,0.265801
186.97748,8.9695,0.259129
186.97774,8.9592,0.259129
186.97805,8.9695,0.259921
186.97836,8.9621,0.259337
186.97867,8.9688,0.261921
186.97898,8.9715,0.258937
186.97923,8.9545,0.258937
186.97954,8.9592,0.265321
186.97985,8.9592,0.262025
186.98016,8.9678,0.262025
186.98047,8.9648,0.260625
186.98078,8.9678,0.263505
186.98103,8.9648,0.263505
186.98134,8.9641,0.260129
186.98165,8.9668,0.261521
186.98196,8.9592,0.260521
186.98227,8.9668,0.261313
186.98258,8.9631,0.265113
186.98284,8.9688,0.265113
186.98315,8.9668,0.263713
186.98346,8.9611,0.258521
186.98376,8.9678,0.257041
186.98407,8.9678,0.257729
186.98438,8.9695,0.258121
186.98464,8.9705,0.258121
186.98495,8.9639,0.257833
186.98526,8.9592,0.251953
186.98557,8.9658,0.269809
186.98588,8.9611,0.291041
186.98613,8.9602,0.291041
186.98644,8.9582,0.304305
186.98675,8.9545,0.252849
186.98706,8.9688,0.248969
186.98737,8.9678,0.259129
186.98768,8.9564,0.247865
186.98793,8.9602,0.247865
186.98824,8.9688,0.258625
186.98855,8.9705,0.293521
186.98886,8.9668,0.242193
186.98917,8.9725,0.243881
186.98948,8.9631,0.241769
186.98974,8.9771,0.241769
186.99005,8.9715,0.241377
186.99035,8.9592,0.246569
186.99067,8.9678,0.255329
186.99098,8.9752,0.255353
186.99123,8.9648,0.255353
186.99154,8.9611,0.302993
186.99185,8.9592,0.258121
186.99216,8.9611,0.258937
186.99247,8.9535,0.258937
186.99278,8.9695,0.260129
186.99303,8.9697,0.260129
186.99334,8.9648,0.263113
186.99365,8.9592,0.276081
186.99396,8.9678,0.264425
186.99427,8.9668,0.261521
186.99458,8.9582,0.264505
186.99483,8.9555,0.264505
186.99514,8.9631,0.261713
186.99545,8.9715,0.261921
186.99576,8.9555,0.293225
186.99607,8.9592,0.303409
186.99638,8.9611,0.296209
186.99663,8.9621,0.296209
186.99694,8.9678,0.292833
186.99726,8.9592,0.264713
186.99757,8.9611,0.266617
186.99788,8.9658,0.251953
186.99813,8.9658,0.251953
186.99844,8.9678,0.251745
186.99875,8.9725,0.244673
186.99906,8.9631,0.266697
186.99937,8.9602,0.268305
186.99968,8.9658,0.263529
186.99993,8.9621,0.263529
187.00024,8.9658,0.274481
187.00055,8.9564,0.272097
187.00086,8.9611,0.260817
187.00117,8.9574,0.258625
187.00148,8.9668,0.257833
187.00173,8.9725,0.257833
187.00204,8.9535,0.253849
187.00235,8.9695,0.253137
187.00266,8.9648,0.255833
187.00297,8.9582,0.298905
187.00323,8.9639,0.298905
187.00354,8.9688,0.256729
187.00385,8.9648,0.256329
187.00416,8.9668,0.257329
187.00447,8.9621,0.254745
187.00478,8.9639,0.257329
187.00503,8.9639,0.257329
187.00534,8.9668,0.257433
187.00565,8.9688,0.273497
187.00596,8.9621,0.300009
187.00627,8.9631,0.256537
187.00658,8.9688,0.255249
187.00683,8.9688,0.255249
187.00714,8.9668,0.247569
187.00745,8.9584,0.260729
187.00776,8.9715,0.256433
187.00807,8.9631,0.263425
187.00833,8.9602,0.263425
187.00864,8.9688,0.262425
187.00894,8.9688,0.260521
187.00926,8.9648,0.257625
187.00957,8.9688,0.259921
187.00988,8.9697,0.260337
187.01013,8.9744,0.260337
187.01044,8.9648,0.258937
187.01075,8.9631,0.258441
187.01106,8.9564,0.259729
187.01137,8.9688,0.257433
187.01168,8.9611,0.257537
187.01193,8.9668,0.257537
187.01224,8.9631,0.260129
187.01255,8.9641,0.293833
187.01286,8.9584,0.293225
187.01317,8.9631,0.290833
187.01343,8.9592,0.290833
187.01373,8.9734,0.263425
187.01404,8.9705,0.250953
187.01436,8.9621,0.247569
187.01467,8.9631,0.267905
187.01498,8.9602,0.254849
187.01523,8.9705,0.254849
187.01554,8.9705,0.252449
187.01585,8.9668,0.243673
187.01616,8.9668,0.240481
187.01647,8.9648,0.238689
187.01673,8.9715,0.238689
187.01704,8.9695,0.238897
187.01735,8.9648,0.243273
187.01766,8.9725,0.252953
187.01797,8.9592,0.266305
187.01827,8.9641,0.267009
187.01853,8.9648,0.267009
187.01884,8.9744,0.251161
187.01915,8.9574,0.253953
187.01946,8.9734,0.265801
187.01977,8.9688,0.257833
187.02008,8.9668,0.258337
187.02033,8.9592,0.258337
187.02064,8.9574,0.301009
187.02095,8.9668,0.260521
187.02126,8.9715,0.262129
187.02157,8.9752,0.261209
187.02183,8.9621,0.261209
187.02214,8.9658,0.261313
187.02245,8.9574,0.301513
187.02276,8.9545,0.307097
187.02307,8.9648,0.298113
187.02338,8.9574,0.299321
187.02363,8.9668,0.299321
187.02394,8.9574,0.259521
187.02425,8.9688,0.263113
187.02456,8.9744,0.253641
187.02487,8.9648,0.254745
187.02518,8.9611,0.251553
187.02543,8.9602,0.251553
187.02574,8.9705,0.253057
187.02605,8.9668,0.266801
187.02636,8.9705,0.263425
187.02667,8.9639,0.267801
187.02698,8.9488,0.276377
187.02723,8.9639,0.276377
187.02755,8.9611,0.266305
187.02786,8.9621,0.258521
187.02817,8.9602,0.262713
187.02848,8.9762,0.260417
187.02873,8.9564,0.260417
187.02904,8.9631,0.261417
187.02935,8.9574,0.261313
187.02966,8.9695,0.263113
187.02997,8.9725,0.262529
187.03022,8.9695,0.262529
187.03053,8.9715,0.256329
187.03084,8.9678,0.260521
187.03115,8.9678,0.257041
187.03146,8.9611,0.261921
187.03177,8.9668,0.301409
187.03202,8.9602,0.301409
187.03233,8.9648,0.269993
187.03264,8.9715,0.260625
187.03295,8.9678,0.256729
187.03327,8.9658,0.258441
187.03358,8.9611,0.262025
187.03383,8.9611,0.262025
187.03414,8.9668,0.269409
187.03445,8.9688,0.259729
187.03476,8.9611,0.303993
187.03507,8.9582,0.256145
187.03533,8.9631,0.256145
187.03563,8.9678,0.257937
187.03594,8.9678,0.257329
187.03625,8.9639,0.259521
187.03656,8.9668,0.264113
187.03687,8.9641,0.263113
187.03713,8.9658,0.263113
187.03744,8.9668,0.259337
187.03775,8.9648,0.261625
187.03805,8.9734,0.258441
187.03836,8.9725,0.257937
187.03868,8.9715,0.260417
187.03893,8.9621,0.260417
187.03924,8.9725,0.260025
187.03955,8.9631,0.258233
187.03986,8.9641,0.258441
187.04017,8.9611,0.260337
187.04042,8.9705,0.260337
187.04073,8.9695,0.257537
187.04104,8.9668,0.262921
187.04135,8.9734,0.259625
187.04166,8.9658,0.261209
187.04197,8.9582,0.259729
187.04222,8.9705,0.259729
187.04253,8.9639,0.259337
187.04284,8.9555,0.262425
187.04315,8.9641,0.257329
187.04346,8.9658,0.269809
187.04377,8.9545,0.260337
187.04590,8.9648,0.261313
187.04767,8.9555,0.254137
187.04943,8.9611,0.305993
187.05119,8.9592,0.252345
187.05294,8.9734,0.235993
187.05470,8.9621,0.267697
187.05646,8.9611,0.265721
187.05822,8.9611,0.261521
187.05847,8.9658,0.261713
187.05872,8.9648,0.261713
187.05903,8.9611,0.261521
187.05934,8.9592,0.303993
187.05965,8.9621,0.302801
187.05996,8.9555,0.303201
187.06027,8.9678,0.292833
187.06053,8.9688,0.292833
187.06084,8.9498,0.272577
187.06115,8.9592,0.272497
187.06146,8.9668,0.263921
187.06176,8.9697,0.260233
187.06208,8.9631,0.265905
187.06233,8.9564,0.265905
187.06264,8.9658,0.259025
187.06295,8.9639,0.263713
187.06326,8.9658,0.277777
187.06357,8.9734,0.304385
187.06382,8.9611,0.304385
187.06413,8.9535,0.323745
187.06444,8.9658,0.288929
187.06475,8.9734,0.268993
187.06506,8.9668,0.272497
187.06537,8.9695,0.273577
187.06562,8.9631,0.273577
187.06594,8.9631,0.273793
187.06624,8.9535,0.307393
187.06656,8.9602,0.310689
187.06687,8.9658,0.305201
187.06718,8.9555,0.308873
187.06743,8.9744,0.308873
187.06774,8.9525,0.313169
187.06805,8.9658,0.271201
187.06836,8.9621,0.272577
187.06867,8.9611,0.268305
187.06892,8.9574,0.268305
187.06923,8.9555,0.317049
187.06954,8.9564,0.306393
187.06985,8.9648,0.312377
187.07016,8.9602,0.316569
187.07047,8.9688,0.315569
187.07072,8.9574,0.315569
187.07103,8.9611,0.313777
187.07134,8.9602,0.278673
187.07165,8.9648,0.276481
187.07196,8.9725,0.273977
187.07227,8.9611,0.272681
187.07252,8.9688,0.272681
187.07283,8.9611,0.275481
187.07314,8.9762,0.301697
187.07345,8.9658,0.305993
187.07376,8.9535,0.303801
187.07407,8.9668,0.305785
187.07433,8.9508,0.305785
187.07463,8.9498,0.307393
187.07494,8.9611,0.301409
187.07525,8.9611,0.317257
187.07556,8.9535,0.271601
187.07582,8.9678,0.271601
187.07613,8.9631,0.260921
187.07644,8.9678,0.293121
187.07675,8.9631,0.297425
187.07706,8.9592,0.288849
187.07737,8.9658,0.258729
187.07762,8.9668,0.258729
187.07793,8.9574,0.259129
187.07824,8.9564,0.299401
187.07855,8.9621,0.260521
187.07886,8.9648,0.257041
187.07912,8.9705,0.257041
187.07942,8.9688,0.260817
187.07974,8.9658,0.244673
187.08005,8.9688,0.242377
187.08036,8.9725,0.241689
187.08066,8.9744,0.242585
187.08092,8.9631,0.242585
187.08123,8.9688,0.245857
187.08154,8.9715,0.256433
187.08185,8.9688,0.269489
187.08216,8.9648,0.261521
187.08247,8.9744,0.257833
187.08272,8.9678,0.257833
187.08303,8.9582,0.258441
187.08334,8.9688,0.262321
187.08365,8.9611,0.260417
187.08396,8.9688,0.258937
187.08427,8.9621,0.260625
187.08452,8.9611,0.260625
187.08483,8.9688,0.265505
187.08514,8.9725,0.255433
187.08545,8.9715,0.254537
187.08576,8.9631,0.266409
187.08602,8.9688,0.266409
187.08633,8.9592,0.271889
187.08664,8.9688,0.295817
187.08695,8.9631,0.292537
187.08725,8.9631,0.251449
187.08757,8.9555,0.259921
187.08782,8.9705,0.259921
187.08813,8.9602,0.262217
187.08844,8.9725,0.253641
187.08875,8.9688,0.248761
187.08906,8.9668,0.246361
187.08937,8.9705,0.247969
187.08962,8.9631,0.247969
187.08993,8.9574,0.295313
187.09024,8.9592,0.263921
187.09055,8.9668,0.279361
187.09086,8.9631,0.278273
187.09112,8.9611,0.278273
187.09143,8.9668,0.273577
187.09174,8.9611,0.260921
187.09205,8.9621,0.259833
187.09236,8.9668,0.260233
187.09267,8.9602,0.302513
187.09292,8.9631,0.302513
187.09323,8.9641,0.264609
187.09354,8.9762,0.263217
187.09385,8.9611,0.255353
187.09416,8.9639,0.293337
187.09447,8.9648,0.261713
187.09472,8.9705,0.261713
187.09503,8.9668,0.250449
187.09534,8.9592,0.292937
187.09566,8.9574,0.256937
187.09596,8.9744,0.258337
187.09622,8.9658,0.258337
187.09653,8.9631,0.289137
187.09684,8.9602,0.254353
187.09715,8.9564,0.274873
187.09746,8.9555,0.286449
187.09777,8.9678,0.256937
187.09802,8.9678,0.256937
187.09833,8.9545,0.258233
187.09864,8.9592,0.260129
187.09895,8.9668,0.258625
187.09926,8.9678,0.283465
187.09957,8.9631,0.278777
187.09982,8.9697,0.278777
187.10013,8.9725,0.259129
187.10044,8.9688,0.288241
187.10075,8.9678,0.257937
187.10106,8.9678,0.255537
187.10131,8.9648,0.255537
187.10163,8.9631,0.281969
187.10194,8.9668,0.252849
187.10225,8.9678,0.250849
187.10256,8.9639,0.284761
187.10287,8.9668,0.252241
187.10312,8.9688,0.252241
187.10343,8.9695,0.257833
187.10374,8.9631,0.268697
187.10405,8.9648,0.297025
187.10436,8.9639,0.281569
187.10467,8.9545,0.294233
187.10492,8.9715,0.294233
187.10523,8.9631,0.258337
187.10554,8.9658,0.295625
187.10585,8.9668,0.264425
187.10616,8.9584,0.261313
187.10647,8.9668,0.275977
187.10672,8.9631,0.275977
187.10703,8.9648,0.286241
187.10734,8.9648,0.264713
187.10765,8.9705,0.292537
187.10797,8.9641,0.258625
187.10822,8.9658,0.258625
187.10853,8.9658,0.254745
187.10884,8.9658,0.286553
187.10915,8.9631,0.260129
187.10946,8.9564,0.259729
187.10977,8.9611,0.295625
187.11002,8.9602,0.295625
187.11033,8.9705,0.258625
187.11064,8.9695,0.285657
187.11095,8.9592,0.275977
187.11126,8.9668,0.257937
187.11157,8.9688,0.252345
187.11182,8.9648,0.252345
187.11213,8.9631,0.293017
187.11244,8.9668,0.259233
187.11275,8.9631,0.294921
187.11306,8.9621,0.269305
187.11332,8.9678,0.269305
187.11363,8.9611,0.261625
187.11394,8.9715,0.295521
187.11425,8.9592,0.258625
187.11456,8.9631,0.259417
187.11481,8.9648,0.259417
187.11512,8.9715,0.292121
187.11543,8.9762,0.266409
187.11574,8.9631,0.265609
187.11605,8.9582,0.296817
187.11636,8.9621,0.259625
187.11661,8.9715,0.259625
187.11692,8.9688,0.258121
187.11723,8.9631,0.260729
187.11754,8.9564,0.260729
187.11785,8.9818,0.275689
187.11816,8.9648,0.291641
187.11841,8.9602,0.291641
187.11872,8.9592,0.283257
187.11903,8.9592,0.297425
187.11935,8.9725,0.260337
187.11966,8.9648,0.261313
187.11991,8.9631,0.261313
187.12022,8.9535,0.283465
187.12053,8.9602,0.288033
187.12084,8.9705,0.266617
187.12115,8.9658,0.297529
187.12146,8.9678,0.299009
187.12171,8.9592,0.299009
187.12202,8.9639,0.284257
187.12233,8.9621,0.290041
187.12264,8.9705,0.265905
187.12295,8.9658,0.264321
187.12326,8.9592,0.297321
187.12351,8.9688,0.297321
187.12382,8.9611,0.265009
187.12413,8.9574,0.297609
187.12444,8.9592,0.275689
187.12475,8.9621,0.265113
187.12506,8.9592,0.266409
187.12532,8.9582,0.266409
187.12563,8.9668,0.299401
187.12594,8.9602,0.265905
187.12625,8.9469,0.304593
187.12656,8.9688,0.272577
187.12681,8.9648,0.272577
187.12712,8.9648,0.264505
187.12743,8.9574,0.303305
187.12774,8.9631,0.263713
187.12805,8.9668,0.264113
187.12836,8.9564,0.296921
187.12861,8.9631,0.296921
187.12892,8.9592,0.264905
187.12923,8.9639,0.278481
187.12954,8.9648,0.295025
187.12985,8.9734,0.263113
187.13016,8.9715,0.263505
187.13041,8.9678,0.263505
187.13072,8.9621,0.298817
187.13103,8.9725,0.262817
187.13135,8.9574,0.288641
187.13166,8.9631,0.284945
187.13191,8.9668,0.284945
187.13222,8.9631,0.268305
187.13253,8.9631,0.298321
187.13284,8.9574,0.268697
187.13315,8.9441,0.309481
187.13346,8.9658,0.299217
187.13371,8.9715,0.299217
187.13402,8.9668,0.269097
187.13433,8.9715,0.249449
187.13464,8.9621,0.251161
187.13495,8.9678,0.249657
187.13526,8.9725,0.238793
187.13551,8.9639,0.238793
187.13582,8.9668,0.246361
187.13613,8.9658,0.285953
187.13644,8.9602,0.251161
187.13675,8.9715,0.266905
187.13706,8.9631,0.268201
187.13732,8.9621,0.268201
187.13763,8.9668,0.254937
187.13794,8.9734,0.256537
187.13825,8.9621,0.256937
187.13856,8.9668,0.257145
187.13881,8.9592,0.257145
187.13912,8.9705,0.257329
187.13943,8.9545,0.258233
187.13974,8.9734,0.256249
187.14005,8.9631,0.257145
187.14036,8.9639,0.259337
187.14061,8.9678,0.259337
187.14092,8.9744,0.259729
187.14123,8.9631,0.258833
187.14154,8.9621,0.271681
187.14185,8.9611,0.299505
187.14216,8.9705,0.300609
187.14241,8.9648,0.300609
187.14272,8.9584,0.287953
187.14303,8.9631,0.267009
187.14335,8.9631,0.259417
187.14366,8.9639,0.260417
187.14391,8.9725,0.260417
187.14422,8.9678,0.248257
187.14453,8.9658,0.250849
187.14484,8.9734,0.252953
187.14515,8.9545,0.263817
187.14546,8.9582,0.267801
187.14571,8.9631,0.267801
187.14602,8.9641,0.263921
187.14633,8.9631,0.277585
187.14664,8.9678,0.269201
187.14695,8.9535,0.260521
187.14726,8.9658,0.257625
187.14752,8.9582,0.257625
187.14782,8.9535,0.306497
187.14813,8.9734,0.260817
187.14844,8.9705,0.261625
187.14875,8.9668,0.263425
187.14901,8.9611,0.263425
187.14932,8.9678,0.257625
187.14963,8.9705,0.260521
187.14994,8.9602,0.257729
187.15025,8.9668,0.258729
187.15056,8.9564,0.299609
187.15081,8.9631,0.299609
187.15112,8.9631,0.255433
187.15143,8.9688,0.256041
187.15174,8.9621,0.257937
187.15205,8.9688,0.251553
187.15236,8.9697,0.253057
187.15261,8.9584,0.253057
187.15292,8.9668,0.250657
187.15323,8.9621,0.257329
187.15354,8.9725,0.258121
187.15385,8.9762,0.269809
187.15416,8.9678,0.258937
187.15441,8.9621,0.258937
187.15472,8.9639,0.261713
187.15503,8.9648,0.259833
187.15534,8.9564,0.259337
187.15566,8.9648,0.264217
187.15591,8.9648,0.264217
187.15622,8.9592,0.260817
187.15653,8.9715,0.261817
187.15684,8.9818,0.259521
187.15715,8.9668,0.258833
187.15746,8.9648,0.259921
187.15771,8.9715,0.259921
187.15802,8.9668,0.258121
187.15833,8.9678,0.291041
187.15864,8.9621,0.294921
187.15895,8.9611,0.295729
187.15926,8.9631,0.299321
187.15951,8.9725,0.299321
187.15982,8.9678,0.257937
187.16013,8.9771,0.253137
187.16044,8.9752,0.249449
187.16075,8.9715,0.257833
187.16106,8.9762,0.256145
187.16131,8.9518,0.256145
187.16162,8.9705,0.257145
187.16193,8.9658,0.288433
187.16224,8.9658,0.252449
187.16255,8.9658,0.243881
187.16281,8.9752,0.243881
187.16312,8.9658,0.246865
187.16343,8.9631,0.246361
187.16374,8.9592,0.261713
187.16404,8.9697,0.269409
187.16435,8.9621,0.262921
187.16461,8.9631,0.262921
187.16492,8.9648,0.259521
187.16523,8.9611,0.257625
187.16554,8.9648,0.258521
187.16585,8.9695,0.256537
187.16616,8.9611,0.261817
187.16641,8.9705,0.261817
187.16672,8.9715,0.262025
187.16703,8.9592,0.253137
187.16734,8.9678,0.255145
187.16765,8.9668,0.255745
187.16790,8.9668,0.255745
187.16821,8.9695,0.255249
187.16852,8.9584,0.259129
187.16883,8.9611,0.287137
187.16914,8.9611,0.300009
187.16945,8.9631,0.256641
187.16971,8.9678,0.256641
187.17002,8.9611,0.260729
187.17033,8.9668,0.261921
187.17063,8.9744,0.248865
187.17095,8.9668,0.247177
187.17125,8.9715,0.244465
187.17151,8.9648,0.244465
187.17182,8.9648,0.249049
187.17213,8.9668,0.255537
187.17244,8.9621,0.261417
187.17275,8.9621,0.279377
187.17306,8.9639,0.276185
187.17331,8.9602,0.276185
187.17362,8.9725,0.264713
187.17393,8.9631,0.255833
187.17424,8.9611,0.254641
187.17455,8.9668,0.252161
187.17481,8.9715,0.252161
187.17511,8.9611,0.255745
187.17542,8.9582,0.259521
187.17573,8.9602,0.259233
187.17604,8.9545,0.257937
187.17635,8.9631,0.289537
187.17661,8.9535,0.289537
187.17692,8.9668,0.283361
187.17723,8.9479,0.257145
187.17754,8.9648,0.258121
187.17785,8.9705,0.251057
187.17816,8.9695,0.254033
187.17841,8.9744,0.254033
187.17872,8.9639,0.250449
187.17903,8.9705,0.257329
187.17934,8.9621,0.296817
187.17965,8.9678,0.270305
187.17990,8.9658,0.270305
187.18021,8.9668,0.253641
187.18052,8.9648,0.255641
187.18083,8.9695,0.255433
187.18114,8.9668,0.252953
187.18145,8.9648,0.255145
187.18170,8.9744,0.255145
187.18202,8.9648,0.253641
187.18233,8.9648,0.259441
187.18264,8.9705,0.255249
187.18295,8.9611,0.256537
187.18325,8.9602,0.256937
187.18351,8.9648,0.256937
187.18382,8.9678,0.256145
187.18413,8.9648,0.253345
187.18444,8.9648,0.255433
187.18475,8.9678,0.253137
187.18506,8.9621,0.277777
187.18531,8.9545,0.277777
187.18562,8.9574,0.290641
187.18593,8.9611,0.287849
187.18624,8.9602,0.260521
187.18655,8.9584,0.252241
187.18681,8.9535,0.252241
187.18712,8.9715,0.261025
187.18743,8.9678,0.251449
187.18773,8.9574,0.252057
187.18805,8.9688,0.248553
187.18835,8.9688,0.234809
187.18861,8.9668,0.234809
187.18892,8.9695,0.240585
187.18923,8.9639,0.242777
187.18954,8.9705,0.247969
187.18985,8.9611,0.248153
187.19016,8.9668,0.255145
187.19041,8.9621,0.255145
187.19072,8.9631,0.259337
187.19103,8.9631,0.313377
187.19134,8.9592,0.255641
187.19165,8.9564,0.259521
187.19190,8.9668,0.259521
187.19221,8.9631,0.255641
187.19252,8.9695,0.256537
187.19283,8.9705,0.255745
187.19314,8.9678,0.257537
187.19345,8.9648,0.258041
187.19371,8.9639,0.258041
187.19402,8.9621,0.284153
187.19432,8.9658,0.256833
187.19464,8.9631,0.258441
187.19495,8.9639,0.255745
187.19526,8.9621,0.292225
187.19551,8.9695,0.292225
187.19582,8.9631,0.302305
187.19613,8.9592,0.273081
187.19644,8.9688,0.266801
187.19675,8.9752,0.264609
187.19706,8.9648,0.264321
187.19731,8.9639,0.264321
187.19762,8.9592,0.251449
187.19793,8.9695,0.249865
187.19824,8.9658,0.248969
187.19855,8.9771,0.257041
187.19880,8.9725,0.257041
187.19911,8.9639,0.254641
187.19942,8.9705,0.263713
187.19973,8.9639,0.279169
187.20004,8.9582,0.272993
187.20035,8.9582,0.256833
187.20060,8.9678,0.256833
187.20091,8.9658,0.256641
187.20122,8.9668,0.255249
187.20153,8.9695,0.256433
187.20184,8.9621,0.255329
187.20215,8.9678,0.252241
187.20240,8.9744,0.252241
187.20271,8.9678,0.253241
187.20302,8.9725,0.265905
187.20334,8.9648,0.257937
187.20365,8.9564,0.259729
187.20390,8.9705,0.259729
187.20421,8.9688,0.258833
187.20452,8.9592,0.257145
187.20483,8.9621,0.259625
187.20514,8.9658,0.256145
187.20545,8.9611,0.299505
187.20570,8.9611,0.299505
187.20601,8.9697,0.256729
187.20632,8.9621,0.253449
187.20663,8.9688,0.255937
187.20694,8.9705,0.255353
187.20725,8.9555,0.261625
187.20750,8.9621,0.261625
187.20781,8.9621,0.260025
187.20812,8.9734,0.260233
187.20843,8.9658,0.299401
187.20874,8.9668,0.253137
187.20905,8.9678,0.256433
187.20931,8.9641,0.256433
187.20962,8.9648,0.255537
187.20993,8.9705,0.257041
187.21024,8.9658,0.258121
187.21055,8.9715,0.258041
187.21080,8.9752,0.258041
187.21111,8.9658,0.256433
187.21142,8.9678,0.255353
187.21173,8.9592,0.256641
187.21204,8.9695,0.256329
187.21235,8.9678,0.255353
187.21260,8.9648,0.255353
187.21291,8.9621,0.255745
187.21322,8.9631,0.253345
187.21353,8.9648,0.256249
187.21384,8.9555,0.253537
187.21415,8.9668,0.253241
187.21441,8.9744,0.253241
187.21471,8.9688,0.253953
187.21502,8.9631,0.257625
187.21534,8.9809,0.256225
187.21565,8.9725,0.253345
187.21590,8.9678,0.253345
187.21621,8.9705,0.255937
187.21652,8.9734,0.256433
187.21683,8.9725,0.255145
187.21714,8.9648,0.256537
187.21745,8.9668,0.257537
187.21770,8.9508,0.257537
187.21801,8.9658,0.257433
187.21832,8.9658,0.258937
187.21863,8.9678,0.255537
187.21894,8.9705,0.251953
187.21925,8.9498,0.252553
187.21950,8.9725,0.252553
187.21981,8.9668,0.256249
187.22012,8.9631,0.254249
187.22043,8.9734,0.256433
187.22074,8.9668,0.254745
187.22105,8.9668,0.252745
187.22130,8.9648,0.252745
187.22161,8.9631,0.254033
187.22193,8.9781,0.254641
187.22224,8.9695,0.277985
187.22255,8.9725,0.292729
187.22280,8.9611,0.292729
187.22311,8.9574,0.332921
187.22342,8.9545,0.289833
187.22373,8.9602,0.249865
187.22404,8.9688,0.255249
187.22435,8.9621,0.247257
187.22460,8.9705,0.247257
187.22491,8.9631,0.252057
187.22522,8.9695,0.240481
187.22553,8.9744,0.237497
187.22584,8.9762,0.243569
187.22615,8.9648,0.241081
187.22640,8.9725,0.241081
187.22671,8.9688,0.242777
187.22702,8.9688,0.247569
187.22733,8.9611,0.266697
187.22764,8.9631,0.273081
187.22790,8.9648,0.273081
187.22821,8.9592,0.257041
187.22852,8.9705,0.257121
187.22883,8.9715,0.257625
187.22914,8.9658,0.257625
187.22945,8.9574,0.259921
187.22970,8.9752,0.259921
187.23001,8.9668,0.256937
187.23032,8.9621,0.248073
187.23063,8.9639,0.254249
187.23094,8.9574,0.256433
187.23125,8.9688,0.255745
187.23150,8.9668,0.255745
187.23181,8.9564,0.259921
187.23212,8.9498,0.299321
187.23243,8.9658,0.296921
187.23274,8.9695,0.296313
187.23305,8.9602,0.253057
187.23330,8.9621,0.253057
187.23362,8.9631,0.266113
187.23393,8.9648,0.244961
187.23424,8.9631,0.291041
187.23455,8.9668,0.262025
187.23480,8.9668,0.262025
187.23511,8.9697,0.246969
187.23542,8.9725,0.246865
187.23573,8.9688,0.257329
187.23604,8.9668,0.263321
187.23635,8.9611,0.269409
187.23660,8.9639,0.269409
187.23691,8.9688,0.269993
187.23722,8.9582,0.298217
187.23753,8.9592,0.261521
187.23784,8.9648,0.264817
187.23815,8.9611,0.259441
187.23840,8.9668,0.259441
187.23871,8.9688,0.262425
187.23902,8.9658,0.259129
187.23933,8.9725,0.263113
187.23965,8.9668,0.259417
187.23990,8.9658,0.259417
187.24021,8.9631,0.260625
187.24052,8.9658,0.261313
187.24083,8.9641,0.256433
187.24114,8.9725,0.258937
187.24145,8.9678,0.258625
187.24170,8.9611,0.258625
187.24201,8.9744,0.257329
187.24232,8.9592,0.259833
187.24263,8.9668,0.257433
187.24294,8.9641,0.259729
187.24325,8.9641,0.257833
187.24350,8.9648,0.257833
187.24381,8.9584,0.255937
187.24412,8.9611,0.259921
187.24443,8.9734,0.256329
187.24474,8.9639,0.259417
187.24505,8.9611,0.259233
187.24530,8.9678,0.259233
187.24562,8.9641,0.260417
187.24593,8.9762,0.259729
187.24624,8.9678,0.263321
187.24655,8.9668,0.262217
187.24680,8.9574,0.262217
187.24711,8.9725,0.265113
187.24742,8.9678,0.254537
187.24773,8.9602,0.261129
187.24804,8.9555,0.259129
187.24835,8.9602,0.259833
187.24860,8.9631,0.259833
187.24891,8.9621,0.316569
187.24922,8.9574,0.295417
187.24953,8.9641,0.290433
187.24984,8.9678,0.252345
187.25015,8.9801,0.251057
187.25040,8.9639,0.251057
187.25071,8.9725,0.244673
187.25102,8.9648,0.251345
187.25133,8.9762,0.249761
187.25164,8.9639,0.293337
187.25190,8.9592,0.293337
187.25221,8.9725,0.259417
187.25252,8.9734,0.236785
187.25283,8.9744,0.233097
187.25314,8.9734,0.237889
187.25345,8.9715,0.243377
187.25370,8.9678,0.243377
187.25401,8.9631,0.243777
187.25432,8.9658,0.251057
187.25463,8.9641,0.263609
187.25494,8.9582,0.267305
187.25525,8.9564,0.255353
187.25550,8.9695,0.255353
187.25581,8.9658,0.252745
187.25612,8.9678,0.253057
187.25643,8.9602,0.255353
187.25674,8.9592,0.256833
187.25705,8.9648,0.255041
187.25730,8.9658,0.255041
187.25761,8.9611,0.254641
187.25792,8.9688,0.256641
187.25823,8.9668,0.258121
187.25854,8.9631,0.254937
187.25880,8.9695,0.254937
187.25911,8.9648,0.256937
187.25941,8.9648,0.300801
187.25972,8.9611,0.294521
187.26004,8.9668,0.297921
187.26035,8.9621,0.263113
187.26060,8.9648,0.263113
187.26091,8.9668,0.277169
187.26122,8.9771,0.243273
187.26153,8.9678,0.248153
187.26184,8.9648,0.246865
187.26215,8.9715,0.246361
187.26240,8.9602,0.246361
187.26271,8.9688,0.259521
187.26302,8.9648,0.265401
187.26333,8.9574,0.306889
187.26364,8.9668,0.274793
187.26389,8.9611,0.274793
187.26420,8.9658,0.268993
187.26451,8.9725,0.255249
187.26482,8.9668,0.253745
187.26513,8.9639,0.256329
187.26544,8.9631,0.254937
187.26569,8.9658,0.254937
187.26600,8.9754,0.254849
187.26631,8.9584,0.316969
187.26662,8.9631,0.260417
187.26693,8.9734,0.257937
187.26724,8.9592,0.289137
187.26750,8.9658,0.289137
187.26780,8.9621,0.254433
187.26812,8.9658,0.287345
187.26843,8.9641,0.265009
187.26874,8.9658,0.255353
187.26904,8.9668,0.255145
187.26930,8.9574,0.255145
187.26961,8.9752,0.293625
187.26992,8.9744,0.256145
187.27023,8.9639,0.298817
187.27054,8.9592,0.259729
187.27079,8.9705,0.259729
187.27110,8.9621,0.254353
187.27141,8.9611,0.267201
187.27172,8.9621,0.255537
187.27203,8.9611,0.255641
187.27234,8.9592,0.291225
187.27259,8.9602,0.291225
187.27290,8.9535,0.260233
187.27321,8.9752,0.277665
187.27352,8.9648,0.284841
187.27383,8.9771,0.263113
187.27414,8.9631,0.261921
187.27439,8.9668,0.261921
187.27470,8.9734,0.291145
187.27501,8.9631,0.262633
187.27533,8.9668,0.281065
187.27564,8.9592,0.277777
187.27589,8.9668,0.277777
187.27620,8.9705,0.256641
187.27651,8.9734,0.256145
187.27682,8.9592,0.257433
187.27713,8.9658,0.255833
187.27744,8.9715,0.287849
187.27769,8.9678,0.287849
187.27800,8.9535,0.314569
187.27831,8.9705,0.259625
187.27862,8.9631,0.288033
187.27893,8.9648,0.254457
187.27924,8.9658,0.251057
187.27949,8.9705,0.251057
187.27980,8.9678,0.289249
187.28011,8.9725,0.258441
187.28042,8.9688,0.265505
187.28073,8.9518,0.335801
187.28104,8.9668,0.258233
187.28130,8.9582,0.258233
187.28161,8.9695,0.294521
187.28192,8.9611,0.262025
187.28223,8.9631,0.256249
187.28254,8.9658,0.273081
187.28280,8.9592,0.273081
187.28310,8.9668,0.286953
187.28342,8.9762,0.255145
187.28373,8.9631,0.292225
187.28403,8.9631,0.256329
187.28434,8.9668,0.257625
187.28460,8.9725,0.257625
187.28491,8.9611,0.275689
187.28522,8.9621,0.255249
187.28553,8.9582,0.252953
187.28584,8.9678,0.283865
187.28609,8.9621,0.283865
187.28640,8.9781,0.254353
187.28671,8.9602,0.246465
187.28702,8.9611,0.277377
187.28733,8.9564,0.257937
187.28764,8.9631,0.259337
187.28789,8.9611,0.259337
187.28821,8.9631,0.292625
187.28851,8.9639,0.263025
187.28882,8.9725,0.298425
187.28913,8.9525,0.266697
187.28944,8.9668,0.257537
187.28970,8.9705,0.257537
187.29001,8.9592,0.260233
187.29032,8.9725,0.255041
187.29063,8.9688,0.260521
187.29094,8.9631,0.291433
187.29119,8.9574,0.291433
187.29150,8.9688,0.262321
187.29181,8.9678,0.255833
187.29212,8.9584,0.330921
187.29243,8.9545,0.260417
187.29274,8.9705,0.255745
187.29299,8.9725,0.255745
187.29330,8.9621,0.290249
187.29361,8.9678,0.265609
187.29392,8.9631,0.269489
187.29424,8.9639,0.286241
187.29449,8.9668,0.286241
187.29480,8.9754,0.260337
187.29511,8.9592,0.254849
187.29542,8.9535,0.255041
187.29573,8.9697,0.258041
187.29604,8.9631,0.279673
187.29629,8.9658,0.279673
187.29660,8.9631,0.275481
187.29691,8.9678,0.254937
187.29722,8.9648,0.288449
187.29753,8.9668,0.254457
187.29784,8.9668,0.254033
187.29809,8.9658,0.254033
187.29840,8.9602,0.283465
187.29871,8.9678,0.254641
187.29902,8.9705,0.254137
187.29933,8.9564,0.286953
187.29964,8.9688,0.256433
187.29989,8.9668,0.256433
187.30020,8.9658,0.256145
187.30051,8.9668,0.262129
187.30082,8.9818,0.253537
187.30113,8.9648,0.262609
187.30139,8.9611,0.262609
187.30170,8.9725,0.290833
187.30201,8.9648,0.262529
187.30232,8.9631,0.284865
187.30263,8.9715,0.255745
187.30294,8.9621,0.252553
187.30319,8.9639,0.252553
187.30350,8.9621,0.263921
187.30381,8.9574,0.288449
187.30412,8.9564,0.254433
187.30443,8.9611,0.286345
187.30474,8.9592,0.253745
187.30499,8.9648,0.253745
187.30530,8.9668,0.252745
187.30561,8.9621,0.272785
187.30592,8.9725,0.248865
187.30623,8.9705,0.256249
187.30649,8.9488,0.256249
187.30679,8.9564,0.327625
187.30710,8.9668,0.275185
187.30741,8.9705,0.242481
187.30772,8.9705,0.244169
187.30803,8.9592,0.245065
187.30829,8.9744,0.245065
187.30859,8.9705,0.243881
187.30891,8.9762,0.258729
187.30922,8.9697,0.249865
187.30953,8.9668,0.300609
187.30984,8.9545,0.265113
187.31009,8.9688,0.265113
187.31040,8.9611,0.266905
187.31071,8.9631,0.255833
187.31102,8.9678,0.256641
187.31133,8.9648,0.256433
187.31158,8.9668,0.256433
187.31189,8.9715,0.258121
187.31220,8.9668,0.254353
187.31251,8.9648,0.257833
187.31282,8.9688,0.255937
187.31313,8.9658,0.258041
187.31339,8.9648,0.258041
187.31370,8.9631,0.254457
187.31401,8.9678,0.256937
187.31432,8.9668,0.256833
187.31463,8.9621,0.294129
187.31494,8.9688,0.294521
187.31519,8.9545,0.294521
187.31550,8.9611,0.295233
187.31581,8.9648,0.265009
187.31612,8.9678,0.264425
187.31643,8.9582,0.267201
187.31674,8.9658,0.253953
187.31699,8.9725,0.253953
187.31730,8.9725,0.250345
187.31761,8.9734,0.245961
187.31793,8.9631,0.257329
187.31823,8.9631,0.264113
187.31849,8.9545,0.264113
187.31880,8.9611,0.262425
187.31911,8.9688,0.268489
187.31942,8.9611,0.270889
187.31973,8.9688,0.249361
187.32004,8.9725,0.256041
187.32029,8.9705,0.256041
187.32060,8.9705,0.254353
187.32091,8.9631,0.269489
187.32122,8.9564,0.296713
187.32153,8.9668,0.258041
187.32184,8.9678,0.256041
187.32209,8.9705,0.256041
187.32240,8.9705,0.259129
187.32271,8.9705,0.260129
187.32302,8.9695,0.258937
187.32333,8.9705,0.260025
187.32359,8.9678,0.260025
187.32390,8.9631,0.259729
187.32421,8.9582,0.284841
187.32452,8.9535,0.260233
187.32483,8.9725,0.256249
187.32514,8.9611,0.256937
187.32539,8.9592,0.256937
187.32570,8.9668,0.258441
187.32601,8.9688,0.256537
187.32632,8.9611,0.253953
187.32663,8.9621,0.256433
187.32694,8.9715,0.255353
187.32719,8.9535,0.255353
187.32750,8.9744,0.257937
187.32781,8.9631,0.259521
187.32812,8.9695,0.257537
187.32843,8.9631,0.256641
187.32868,8.9592,0.256641
187.32899,8.9771,0.257729
187.32930,8.9648,0.257041
187.32961,8.9688,0.260337
187.32992,8.9678,0.261417
187.33023,8.9658,0.260025
187.33048,8.9688,0.260025
187.33080,8.9744,0.259833
187.33111,8.9611,0.252553
187.33142,8.9631,0.294921
187.33173,8.9678,0.293121
187.33203,8.9631,0.287449
187.33229,8.9668,0.287449
187.33260,8.9688,0.292833
187.33291,8.9584,0.253137
187.33322,8.9602,0.246065
187.33353,8.9744,0.249865
187.33384,8.9639,0.248257
187.33409,8.9771,0.248257
187.33440,8.9725,0.246569
187.33471,8.9678,0.234489
187.33502,8.9688,0.236601
187.33533,8.9791,0.236289
187.33558,8.9621,0.236289
187.33589,8.9611,0.277169
187.33621,8.9725,0.239001
187.33651,8.9592,0.249945
187.33682,8.9668,0.267009
187.33713,8.9648,0.269201
187.33739,8.9678,0.269201
187.33770,8.9658,0.256729
187.33801,8.9631,0.256249
187.33832,8.9621,0.263921
187.33863,8.9574,0.298609
187.33894,8.9752,0.255745
187.33919,8.9734,0.255745
187.33950,8.9631,0.252641
187.33981,8.9678,0.265009
187.34012,8.9678,0.254849
187.34043,8.9658,0.254641
187.34074,8.9734,0.254937
187.34099,8.9705,0.254937
187.34130,8.9658,0.283257
187.34161,8.9611,0.295129
187.34192,8.9582,0.290433
187.34223,8.9648,0.290729
187.34249,8.9648,0.290729
187.34280,8.9678,0.252641
187.34310,8.9631,0.262217
187.34342,8.9611,0.251449
187.34373,8.9678,0.249761
187.34592,8.9688,0.274185
187.34768,8.9678,0.253449
187.34944,8.9828,0.255353
187.35120,8.9648,0.255353
187.35295,8.9564,0.252553
187.35471,8.9668,0.257433
187.35647,8.9648,0.257225
187.35823,8.9639,0.296025
187.35842,8.9611,0.296209
187.35874,8.9525,0.296817
187.35905,8.9631,0.294921
187.35930,8.9678,0.294921
187.35961,8.9715,0.253953
187.35992,8.9582,0.251745
187.36023,8.9688,0.245569
187.36054,8.9658,0.254249
187.36079,8.9725,0.254249
187.36110,8.9734,0.250953
187.36141,8.9734,0.250761
187.36172,8.9639,0.239001
187.36203,8.9621,0.237785
187.36234,8.9715,0.239481
187.36259,8.9715,0.239481
187.36290,8.9602,0.240481
187.36321,8.9678,0.252641
187.36352,8.9705,0.257041
187.36383,8.9688,0.267801
187.36414,8.9582,0.266513
187.36440,8.9695,0.266513
187.36470,8.9678,0.301801
187.36501,8.9705,0.257225
187.36532,8.9715,0.258833
187.36563,8.9639,0.259521
187.36594,8.9648,0.257937
187.36620,8.9621,0.257937
187.36651,8.9688,0.256329
187.36682,8.9602,0.256329
187.36713,8.9725,0.263425
187.36744,8.9535,0.297209
187.36769,8.9555,0.297209
187.36800,8.9564,0.258337
187.36831,8.9648,0.294417
187.36862,8.9525,0.293833
187.36893,8.9639,0.290537
187.36924,8.9611,0.247969
187.36949,8.9631,0.247969
187.36980,8.9648,0.263425
187.37011,8.9535,0.254137
187.37042,8.9668,0.252057
187.37073,8.9688,0.247257
187.37104,8.9648,0.248257
187.37129,8.9639,0.248257
187.37160,8.9641,0.250161
187.37191,8.9781,0.255145
187.37222,8.9695,0.266409
187.37253,8.9592,0.276081
187.37279,8.9535,0.276081
187.37309,8.9688,0.280753
187.37341,8.9639,0.272577
187.37372,8.9688,0.256329
187.37403,8.9631,0.257329
187.37434,8.9574,0.257041
187.37459,8.9592,0.257041
187.37490,8.9631,0.257225
187.37521,8.9705,0.257225
187.37552,8.9688,0.262321
187.37583,8.9631,0.258729
187.37614,8.9631,0.254937
187.37640,8.9602,0.254937
187.37670,8.9715,0.256433
187.37701,8.9725,0.253745
187.37732,8.9705,0.255937
187.37763,8.9611,0.254937
187.37789,8.9648,0.254937
187.37820,8.9678,0.256041
187.37851,8.9631,0.257729
187.37882,8.9611,0.283257
187.37913,8.9535,0.288745
187.37944,8.9734,0.258937
187.37969,8.9631,0.258937
187.38000,8.9631,0.258625
187.38031,8.9688,0.253849
187.38062,8.9564,0.255145
187.38093,8.9695,0.251745
187.38119,8.9658,0.251745
187.38150,8.9611,0.254537
187.38181,8.9705,0.254537
187.38212,8.9574,0.270993
187.38243,8.9648,0.253137
187.38274,8.9668,0.252849
187.38299,8.9688,0.252849
187.38330,8.9631,0.253849
187.38361,8.9744,0.265217
187.38392,8.9705,0.254745
187.38423,8.9611,0.252345
187.38454,8.9648,0.256249
187.38479,8.9688,0.256249
187.38510,8.9715,0.253953
187.38541,8.9658,0.256329
187.38572,8.9602,0.249361
187.38603,8.9639,0.253449
187.38629,8.9658,0.253449
187.38659,8.9705,0.254433
187.38691,8.9705,0.251057
187.38722,8.9725,0.255745
187.38753,8.9479,0.257537
187.38783,8.9688,0.252745
187.38809,8.9715,0.252745
187.38840,8.9611,0.251953
187.38871,8.9461,0.253553
187.38902,8.9678,0.254745
187.38933,8.9705,0.254353
187.38964,8.9762,0.256225
187.38989,8.9621,0.256225
187.39020,8.9658,0.257225
187.39051,8.9688,0.256937
187.39082,8.9648,0.262921
187.39113,8.9658,0.255145
187.39144,8.9611,0.253241
187.39170,8.9611,0.253241
187.39201,8.9592,0.258233
187.39232,8.9639,0.257537
187.39262,8.9705,0.255833
187.39294,8.9602,0.255745
187.39319,8.9678,0.255745
187.39350,8.9518,0.268593
187.39381,8.9668,0.259129
187.39412,8.9648,0.257537
187.39443,8.9688,0.256833
187.39474,8.9602,0.259417
187.39499,8.9668,0.259417
187.39530,8.9697,0.255249
187.39561,8.9705,0.297321
187.39592,8.9715,0.297025
187.39623,8.9555,0.311273
187.39654,8.9648,0.287641
187.39679,8.9762,0.287641
187.39710,8.9697,0.254249
187.39741,8.9762,0.242081
187.39773,8.9668,0.248969
187.39804,8.9631,0.238689
187.39829,8.9658,0.238689
187.39860,8.9744,0.237993
187.39891,8.9715,0.240689
187.39922,8.9641,0.242777
187.39953,8.9752,0.248257
187.39984,8.9582,0.256433
187.40009,8.9695,0.256433
187.40040,8.9648,0.256145
187.40071,8.9705,0.269993
187.40102,8.9725,0.256041
187.40133,8.9678,0.255353
187.40158,8.9631,0.255353
187.40189,8.9611,0.254353
187.40220,8.9725,0.253137
187.40251,8.9705,0.248657
187.40282,8.9715,0.252745
187.40313,8.9725,0.248257
187.40339,8.9705,0.248257
187.40370,8.9688,0.254249
187.40401,8.9744,0.255145
187.40432,8.9668,0.256641
187.40463,8.9648,0.253745
187.40488,8.9631,0.253745
187.40519,8.9602,0.293337
187.40550,8.9611,0.298817
187.40581,8.9602,0.269593
187.40612,8.9658,0.266697
187.40643,8.9695,0.266305
187.40668,8.9744,0.266305
187.40699,8.9621,0.268305
187.40730,8.9668,0.251745
187.40761,8.9602,0.249361
187.40792,8.9705,0.294817
187.40823,8.9705,0.263217
187.40849,8.9678,0.263217
187.40880,8.9715,0.265609
187.40911,8.9602,0.270993
187.40942,8.9582,0.278169
187.40973,8.9639,0.265905
187.40998,8.9734,0.265905
187.41029,8.9668,0.257537
187.41060,8.9678,0.258337
187.41091,8.9695,0.302697
187.41122,8.9621,0.256145
187.41153,8.9621,0.255833
187.41178,8.9688,0.255833
187.41209,8.9582,0.255353
187.41240,8.9715,0.256641
187.41271,8.9668,0.255937
187.41302,8.9695,0.257433
187.41333,8.9678,0.261313
187.41358,8.9621,0.261313
187.41389,8.9688,0.259337
187.41420,8.9668,0.262921
187.41451,8.9658,0.257537
187.41482,8.9678,0.257433
187.41513,8.9725,0.255537
187.41539,8.9752,0.255537
187.41570,8.9631,0.258337
187.41601,8.9688,0.256249
187.41632,8.9688,0.254745
187.41663,8.9715,0.257729
187.41688,8.9695,0.257729
187.41719,8.9771,0.253953
187.41750,8.9695,0.253345
187.41781,8.9695,0.250265
187.41812,8.9688,0.255353
187.41843,8.9695,0.252057
187.41869,8.9611,0.252057
187.41899,8.9631,0.252641
187.41930,8.9668,0.246177
187.41962,8.9705,0.260521
187.41992,8.9631,0.246177
187.42023,8.9734,0.255041
187.42049,8.9621,0.255041
187.42080,8.9695,0.256145
187.42111,8.9668,0.255249
187.42142,8.9631,0.254937
187.42173,8.9639,0.296817
187.42198,8.9555,0.296817
187.42229,8.9631,0.294625
187.42260,8.9611,0.268697
187.42291,8.9734,0.247865
187.42322,8.9678,0.253745
187.42353,8.9631,0.244777
187.42378,8.9715,0.244777
187.42409,8.9648,0.248361
187.42440,8.9678,0.247865
187.42471,8.9592,0.254353
187.42502,8.9631,0.238393
187.42533,8.9611,0.280961
187.42558,8.9695,0.280961
187.42590,8.9688,0.236497
187.42621,8.9668,0.243673
187.42652,8.9744,0.244777
187.42682,8.9592,0.250953
187.42713,8.9818,0.264609
187.42739,8.9668,0.264609
187.42770,8.9631,0.267409
187.42801,8.9705,0.257937
187.42832,8.9688,0.258729
187.42863,8.9705,0.254745
187.42888,8.9648,0.254745
187.42919,8.9688,0.255745
187.42950,8.9582,0.257625
187.42981,8.9621,0.253449
187.43012,8.9688,0.255937
187.43043,8.9688,0.253241
187.43068,8.9631,0.253241
187.43099,8.9688,0.256537
187.43130,8.9725,0.253345
187.43161,8.9525,0.289249
187.43192,8.9678,0.299713
187.43223,8.9621,0.291145
187.43248,8.9535,0.291145
187.43279,8.9695,0.292225
187.43310,8.9744,0.261521
187.43341,8.9631,0.256937
187.43373,8.9697,0.245569
187.43398,8.9725,0.245569
187.43429,8.9611,0.248969
187.43460,8.9678,0.244673
187.43491,8.9648,0.254745
187.43522,8.9648,0.254745
187.43553,8.9611,0.265113
187.43578,8.9611,0.265113
187.43609,8.9631,0.263817
187.43640,8.9508,0.268593
187.43671,8.9564,0.294625
187.43702,8.9574,0.274289
187.43733,8.9734,0.254745
187.43758,8.9715,0.254745
187.43789,8.9631,0.258041
187.43820,8.9621,0.257041
187.43851,8.9734,0.286849
187.43882,8.9668,0.266617
187.43913,8.9668,0.254137
187.43939,8.9678,0.254137
187.43970,8.9688,0.334713
187.44001,8.9518,0.261713
187.44032,8.9678,0.255937
187.44063,8.9688,0.290433
187.44088,8.9602,0.290433
187.44119,8.9705,0.260337
187.44150,8.9611,0.271785
187.44181,8.9592,0.300801
187.44212,8.9621,0.259729
187.44243,8.9631,0.262529
187.44268,8.9574,0.262529
187.44299,8.9592,0.292625
187.44330,8.9631,0.257041
187.44361,8.9592,0.273289
187.44392,8.9639,0.283049
187.44418,8.9602,0.283049
187.44449,8.9678,0.254745
187.44480,8.9535,0.254137
187.44511,8.9508,0.255833
187.44542,8.9648,0.254537
187.44573,8.9678,0.279857
187.44598,8.9688,0.279857
187.44629,8.9639,0.274977
187.44660,8.9648,0.257833
187.44691,8.9592,0.290249
187.44722,8.9611,0.252057
187.44753,8.9658,0.257329
187.44778,8.9602,0.257329
187.44809,8.9611,0.286449
187.44840,8.9648,0.256833
187.44871,8.9658,0.259129
187.44902,8.9574,0.293441
187.44933,8.9592,0.258937
187.44958,8.9678,0.258937
187.44989,8.9695,0.260337
187.45020,8.9668,0.264425
187.45051,8.9658,0.252553
187.45082,8.9564,0.261521
187.45107,8.9688,0.261521
187.45139,8.9648,0.308577
187.45170,8.9658,0.291641
187.45201,8.9658,0.287345
187.45232,8.9621,0.257625
187.45263,8.9678,0.250449
187.45288,8.9725,0.250449
187.45319,8.9639,0.264609
187.45350,8.9639,0.248361
187.45381,8.9744,0.256041
187.45412,8.9648,0.324745
187.45443,8.9574,0.279465
187.45468,8.9592,0.279465
187.45499,8.9631,0.255641
187.45530,8.9641,0.282761
187.45561,8.9631,0.259521
187.45592,8.9631,0.256937
187.45623,8.9582,0.291433
187.45648,8.9639,0.291433
187.45679,8.9668,0.258625
187.45710,8.9688,0.282657
187.45741,8.9461,0.275377
187.45773,8.9641,0.255433
187.45798,8.9611,0.255433
187.45829,8.9668,0.257937
187.45860,8.9631,0.257329
187.45891,8.9658,0.255353
187.45922,8.9631,0.284049
187.45953,8.9602,0.268593
187.45978,8.9818,0.268593
187.46009,8.9734,0.252553
187.46040,8.9602,0.289433
187.46071,8.9592,0.255937
187.46102,8.9658,0.252953
187.46127,8.9592,0.252953
187.46158,8.9648,0.286953
187.46189,8.9639,0.258041
187.46220,8.9688,0.258121
187.46251,8.9639,0.290745
187.46282,8.9678,0.256937
187.46308,8.9658,0.256937
187.46339,8.9631,0.250761
187.46370,8.9631,0.257537
187.46401,8.9725,0.254537
187.46432,8.9668,0.267009
187.46457,8.9602,0.267009
187.46488,8.9631,0.280569
187.46519,8.9658,0.253849
187.46550,8.9584,0.294817
187.46581,8.9602,0.294625
187.46612,8.9688,0.248865
187.46638,8.9695,0.248865
187.46669,8.9688,0.272097
187.46700,8.9564,0.252953
187.46731,8.9695,0.254137
187.46762,8.9545,0.287449
187.46793,8.9658,0.252345
187.46818,8.9668,0.252345
187.46849,8.9725,0.253137
187.46880,8.9705,0.308577
187.46911,8.9725,0.253137
187.46942,8.9715,0.249761
187.46973,8.9668,0.294025
187.46998,8.9744,0.294025
187.47029,8.9631,0.252241
187.47060,8.9658,0.289353
187.47091,8.9592,0.263921
187.47122,8.9639,0.250345
187.47148,8.9658,0.250345
187.47178,8.9602,0.259417
187.47209,8.9648,0.287849
187.47240,8.9611,0.255041
187.47271,8.9668,0.285953
187.47302,8.9611,0.256041
187.47328,8.9744,0.256041
187.47359,8.9678,0.254537
187.47390,8.9611,0.284945
187.47420,8.9791,0.251657
187.47451,8.9641,0.255537
187.47483,8.9611,0.292729
187.47508,8.9648,0.292729
187.47539,8.9555,0.257937
187.47570,8.9658,0.274481
187.47601,8.9611,0.283465
187.47632,8.9621,0.257937
187.47658,8.9762,0.257937
187.47689,8.9648,0.259921
187.47719,8.9752,0.259921
187.47751,8.9631,0.258625
187.47782,8.9582,0.282761
187.47813,8.9611,0.276273
187.47838,8.9695,0.276273
187.47869,8.9695,0.256225
187.47900,8.9621,0.287953
187.47931,8.9762,0.254433
187.47962,8.9705,0.247177
187.47993,8.9697,0.244673
187.48018,8.9715,0.244673
187.48049,8.9611,0.289353
187.48080,8.9715,0.240585
187.48111,8.9688,0.251345
187.48142,8.9648,0.238105
187.48167,8.9715,0.238105
187.48198,8.9678,0.248049
187.48229,8.9668,0.250761
187.48260,8.9668,0.266409
187.48291,8.9688,0.267113
187.48322,8.9648,0.300401
187.48348,8.9648,0.300401
187.48378,8.9678,0.258121
187.48410,8.9668,0.257833
187.48441,8.9688,0.258233
187.48472,8.9744,0.256641
187.48502,8.9658,0.254849
187.48528,8.9668,0.254849
187.48559,8.9705,0.256225
187.48590,8.9744,0.250553
187.48621,8.9631,0.249361
187.48652,8.9648,0.250553
187.48683,8.9621,0.251265
187.48708,8.9705,0.251265
187.48739,8.9631,0.283657
187.48770,8.9639,0.289537
187.48801,8.9641,0.290145
187.48832,8.9611,0.252745
187.48858,8.9734,0.252745
187.48888,8.9611,0.263113
187.48919,8.9658,0.246361
187.48950,8.9762,0.248361
187.48981,8.9668,0.250345
187.49012,8.9752,0.254137
187.49038,8.9668,0.254137
187.49069,8.9639,0.251161
187.49100,8.9688,0.264217
187.49131,8.9621,0.263217
187.49162,8.9697,0.282865
187.49193,8.9564,0.273577
187.49218,8.9744,0.273577
187.49249,8.9639,0.267905
187.49280,8.9631,0.266305
187.49311,8.9725,0.256937
187.49342,8.9621,0.254745
187.49367,8.9582,0.254745
187.49398,8.9602,0.262425
187.49429,8.9744,0.257225
187.49460,8.9639,0.301801
187.49491,8.9498,0.265321
187.49522,8.9621,0.258233
187.49547,8.9668,0.258233
187.49578,8.9592,0.258625
187.49609,8.9648,0.255833
187.49640,8.9631,0.255641
187.49671,8.9631,0.257225
187.49702,8.9648,0.258041
187.49728,8.9678,0.258041
187.49759,8.9678,0.257433
187.49789,8.9602,0.255145
187.49821,8.9658,0.256729
187.49852,8.9621,0.258625
187.49883,8.9668,0.262817
187.49908,8.9611,0.262817
187.49939,8.9678,0.252953
187.49970,8.9631,0.252241
187.50001,8.9725,0.255833
187.50032,8.9705,0.254249
187.50058,8.9725,0.254249
187.50088,8.9725,0.255537
187.50119,8.9639,0.253553
187.50150,8.9564,0.254937
187.50181,8.9641,0.253641
187.50212,8.9611,0.251161
187.50238,8.9695,0.251161
187.50269,8.9658,0.254849
187.50300,8.9631,0.251161
187.50331,8.9658,0.247761
187.50362,8.9648,0.252745
187.50392,8.9678,0.283553
187.50418,8.9668,0.283553
187.50449,8.9705,0.292937
187.50480,8.9582,0.289537
187.50511,8.9621,0.254033
187.50542,8.9744,0.251241
187.50567,8.9695,0.251241
187.50598,8.9695,0.249761
187.50629,8.9688,0.250265
187.50660,8.9602,0.255641
187.50691,8.9648,0.251161
187.50722,8.9678,0.237993
187.50747,8.9734,0.237993
187.50778,8.9678,0.238105
187.50809,8.9648,0.239977
187.50840,8.9621,0.238689
187.50871,8.9744,0.241481
187.50902,8.9678,0.283049
187.50928,8.9631,0.283049
187.50959,8.9631,0.288537
187.50990,8.9648,0.258041
187.51021,8.9715,0.250265
187.51051,8.9658,0.254033
187.51077,8.9621,0.254033
187.51108,8.9641,0.253241
187.51139,8.9678,0.257145
187.51170,8.9582,0.257225
187.51201,8.9668,0.299009
187.51232,8.9574,0.271289
187.51258,8.9658,0.271289
187.51288,8.9715,0.257433
187.51319,8.9695,0.253537
187.51350,8.9631,0.255433
187.51381,8.9631,0.262321
187.51407,8.9555,0.262321
187.51438,8.9602,0.290041
187.51469,8.9668,0.290329
187.51500,8.9564,0.245673
187.51531,8.9611,0.258729
187.51562,8.9648,0.261313
187.51587,8.9658,0.261313
187.51618,8.9688,0.256041
187.51649,8.9582,0.244673
187.51680,8.9631,0.243065
187.51711,8.9688,0.250449
187.51742,8.9705,0.248969
187.51767,8.9592,0.248969
187.51798,8.9678,0.254137
187.51829,8.9705,0.277481
187.51860,8.9648,0.279169
187.51891,8.9535,0.268905
187.51922,8.9658,0.257145
187.51948,8.9705,0.257145
187.51978,8.9631,0.254249
187.52009,8.9715,0.249865
187.52040,8.9734,0.252161
187.52071,8.9744,0.256329
187.52097,8.9658,0.256329
187.52128,8.9688,0.254353
187.52159,8.9705,0.255145
187.52190,8.9648,0.256641
187.52221,8.9705,0.254137
187.52252,8.9555,0.257041
187.52277,8.9574,0.257041
187.52308,8.9611,0.253449
187.52339,8.9725,0.269201
187.52370,8.9631,0.299713
187.52401,8.9668,0.255145
187.52427,8.9631,0.255145
187.52457,8.9705,0.256937
187.52489,8.9658,0.255353
187.52520,8.9639,0.259129
187.52550,8.9668,0.258833
187.52581,8.9639,0.258625
187.52607,8.9734,0.258625
187.52638,8.9621,0.260025
187.52669,8.9488,0.286849
187.52700,8.9695,0.257145
187.52731,8.9688,0.257145
187.52762,8.9715,0.252345
187.52787,8.9668,0.252345
187.52818,8.9648,0.253241
187.52849,8.9631,0.256937
187.52880,8.9658,0.256041
187.52911,8.9705,0.255433
187.52942,8.9631,0.256729
187.52967,8.9631,0.256729
187.52998,8.9621,0.257433
187.53029,8.9725,0.256729
187.53060,8.9611,0.274289
187.53091,8.9582,0.294129
187.53117,8.9611,0.294129
187.53148,8.9648,0.296129
187.53178,8.9668,0.292041
187.53209,8.9688,0.253057
187.53240,8.9668,0.257329
187.53272,8.9592,0.243273
187.53297,8.9641,0.243273
187.53328,8.9611,0.255537
187.53359,8.9678,0.251161
187.53390,8.9641,0.241977
187.53421,8.9688,0.238577
187.53452,8.9762,0.239001
187.53477,8.9744,0.239001
187.53508,8.9705,0.237393
187.53539,8.9592,0.241977
187.53570,8.9678,0.251657
187.53601,8.9762,0.248761
187.53632,8.9611,0.258441
187.53657,8.9744,0.258441
187.53688,8.9602,0.264505
187.53719,8.9621,0.257833
187.53750,8.9668,0.254353
187.53781,8.9639,0.254537
187.53807,8.9518,0.254537
187.53837,8.9611,0.298817
187.53868,8.9688,0.256249
187.53899,8.9602,0.256041
187.53930,8.9611,0.260417
187.53961,8.9668,0.258833
187.53987,8.9582,0.258833
187.54018,8.9621,0.260625
187.54048,8.9688,0.257729
187.54079,8.9639,0.297321
187.54111,8.9564,0.337201
187.54142,8.9658,0.295417
187.54167,8.9621,0.295417
187.54198,8.9631,0.283361
187.54229,8.9639,0.269409
187.54260,8.9648,0.266113
187.54291,8.9725,0.246177
187.54316,8.9744,0.246177
187.54347,8.9688,0.245361
187.54378,8.9621,0.246761
187.54409,8.9621,0.251161
187.54440,8.9545,0.249361
187.54471,8.9697,0.271993
187.54497,8.9678,0.271993
187.54527,8.9611,0.278673
187.54559,8.9621,0.265505
187.54590,8.9631,0.255041
187.54621,8.9648,0.254537
187.54651,8.9658,0.254353
187.54677,8.9705,0.254353
187.54708,8.9621,0.254249
187.54739,8.9695,0.256433
187.54770,8.9678,0.265401
187.54801,8.9695,0.255937
187.54826,8.9602,0.255937
187.54857,8.9564,0.255145
187.54888,8.9592,0.257625
187.54919,8.9658,0.253345
187.54950,8.9658,0.254433
187.54981,8.9611,0.253537
187.55006,8.9705,0.253537
187.55038,8.9592,0.253953
187.55069,8.9668,0.254353
187.55099,8.9639,0.253537
187.55130,8.9725,0.252745
187.55161,8.9688,0.256249
187.55187,8.9688,0.256249
187.55218,8.9611,0.255249
187.55249,8.9602,0.296625
187.55280,8.9592,0.250449
187.55310,8.9734,0.255353
187.55342,8.9621,0.254249
187.55367,8.9688,0.254249
187.55398,8.9678,0.254937
187.55429,8.9648,0.254457
187.55460,8.9678,0.258041
187.55491,8.9668,0.256641
187.55517,8.9668,0.256641
187.55548,8.9658,0.252161
187.55579,8.9668,0.255745
187.55609,8.9688,0.252849
187.55640,8.9648,0.252137
187.55671,8.9658,0.253849
187.55697,8.9631,0.253849
187.55728,8.9592,0.256433
187.55759,8.9734,0.257041
187.55790,8.9678,0.262609
187.55821,8.9592,0.253537
187.55852,8.9648,0.254353
187.55877,8.9611,0.254353
187.55908,8.9668,0.252745
187.55939,8.9668,0.253953
187.55971,8.9611,0.256145
187.56002,8.9574,0.254745
187.56027,8.9688,0.254745
187.56058,8.9744,0.258337
187.56089,8.9611,0.259025
187.56120,8.9648,0.259233
187.56151,8.9611,0.261817
187.56176,8.9715,0.261817
187.56207,8.9752,0.257041
187.56238,8.9611,0.252849
187.56269,8.9658,0.257145
187.56300,8.9648,0.256729
187.56331,8.9648,0.254849
187.56356,8.9658,0.254849
187.56387,8.9621,0.256329
187.56418,8.9668,0.256937
187.56449,8.9639,0.254353
187.56480,8.9725,0.254033
187.56511,8.9658,0.256537
187.56536,8.9648,0.256537
187.56568,8.9648,0.255433
187.56599,8.9734,0.260521
187.56630,8.9744,0.256833
187.56660,8.9621,0.255537
187.56692,8.9631,0.297529
187.56717,8.9535,0.297529
187.56748,8.9715,0.276481
187.56779,8.9781,0.283465
187.56810,8.9602,0.293225
187.56841,8.9639,0.291041
187.56866,8.9545,0.291041
187.56897,8.9631,0.299505
187.56928,8.9762,0.254249
187.56959,8.9648,0.245777
187.56990,8.9725,0.293017
187.57021,8.9639,0.245569
187.57046,8.9631,0.245569
187.57077,8.9631,0.242481
187.57108,8.9668,0.236601
187.57139,8.9668,0.236785
187.57170,8.9668,0.236889
187.57201,8.9668,0.242081
187.57227,8.9688,0.242081
187.57258,8.9639,0.250761
187.57289,8.9648,0.264713
187.57320,8.9744,0.266305
187.57351,8.9715,0.257145
187.57382,8.9648,0.256145
187.57407,8.9678,0.256145
187.57438,8.9639,0.251849
187.57469,8.9725,0.262609
187.57500,8.9648,0.257121
187.57531,8.9639,0.257329
187.57556,8.9678,0.257329
187.57587,8.9639,0.259833
187.57618,8.9752,0.260625
187.57649,8.9621,0.255641
187.57680,8.9555,0.257937
187.57711,8.9574,0.256433
187.57736,8.9658,0.256433
187.57767,8.9555,0.290041
187.57799,8.9498,0.290329
187.57830,8.9582,0.279857
187.57861,8.9602,0.263425
187.57886,8.9641,0.263425
187.57917,8.9715,0.259833
187.57948,8.9725,0.262217
187.57979,8.9688,0.248153
187.58010,8.9695,0.245569
187.58041,8.9705,0.248153
187.58066,8.9771,0.248153
187.58097,8.9621,0.262321
187.58128,8.9555,0.266697
187.58159,8.9535,0.314273
187.58190,8.9658,0.277985
187.58221,8.9639,0.268993
187.58246,8.9574,0.268993
187.58277,8.9648,0.258121
187.58308,8.9592,0.256145
187.58339,8.9705,0.255249
187.58370,8.9668,0.253745
187.58401,8.9582,0.253137
187.58427,8.9582,0.253137
187.58458,8.9621,0.294417
187.58489,8.9631,0.252161
187.58520,8.9668,0.250761
187.58551,8.9621,0.255433
187.58576,8.9688,0.255433
187.58607,8.9611,0.249049
187.58638,8.9734,0.246969
187.58669,8.9621,0.247177
187.58700,8.9668,0.245169
187.58731,8.9631,0.251953
187.58756,8.9461,0.251953
187.58787,8.9658,0.252953
187.58818,8.9641,0.252241
187.58849,8.9715,0.256329
187.58880,8.9602,0.256937
187.58911,8.9648,0.255249
187.58936,8.9695,0.255249
187.58967,8.9611,0.255249
187.58998,8.9725,0.259233
187.59029,8.9668,0.254537
187.59061,8.9648,0.255833
187.59086,8.9695,0.255833
187.59117,8.9697,0.251161
187.59148,8.9631,0.253137
187.59179,8.9678,0.254745
187.59210,8.9631,0.251953
187.59241,8.9715,0.255433
187.59266,8.9668,0.255433
187.59297,8.9555,0.251745
187.59328,8.9639,0.254641
187.59359,8.9678,0.261921
187.59390,8.9602,0.257729
187.59421,8.9678,0.293121
187.59446,8.9602,0.293121
187.59477,8.9705,0.300905
187.59508,8.9648,0.262321
187.59539,8.9648,0.249361
187.59570,8.9631,0.256433
187.59596,8.9525,0.256433
187.59627,8.9801,0.286161
187.59658,8.9648,0.252241
187.59688,8.9658,0.248361
187.59720,8.9639,0.241873
187.59751,8.9668,0.236785
187.59776,8.9697,0.236785
187.59807,8.9658,0.237097
187.59838,8.9631,0.234097
187.59869,8.9648,0.258121
187.59900,8.9631,0.292225
187.59931,8.9744,0.252345
187.59956,8.9602,0.252345
187.59987,8.9658,0.261313
187.60018,8.9658,0.257833
187.60049,8.9688,0.256329
187.60080,8.9705,0.256641
187.60111,8.9621,0.254641
187.60136,8.9688,0.254641
187.60167,8.9639,0.252553
187.60198,8.9678,0.253641
187.60229,8.9658,0.258041
187.60260,8.9688,0.249361
187.60286,8.9564,0.249361
187.60316,8.9668,0.250345
187.60347,8.9668,0.257833
187.60379,8.9725,0.256433
187.60409,8.9574,0.294817
187.60440,8.9602,0.298425
187.60466,8.9592,0.298425
187.60497,8.9725,0.294129
187.60528,8.9658,0.275377
187.60559,8.9592,0.264713
187.60590,8.9584,0.266905
187.60621,8.9639,0.246969
187.60646,8.9688,0.246969
187.60677,8.9602,0.249257
187.60708,8.9744,0.249257
187.60739,8.9705,0.248553
187.60770,8.9734,0.253449
187.60795,8.9725,0.253449
187.60826,8.9631,0.261209
187.60857,8.9715,0.264321
187.60888,8.9648,0.271097
187.60919,8.9705,0.257833
187.60950,8.9734,0.259337
187.60976,8.9658,0.259337
187.61007,8.9678,0.258833
187.61038,8.9574,0.302513
187.61069,8.9602,0.262321
187.61100,8.9668,0.285449
187.61130,8.9697,0.274689
187.61156,8.9705,0.274689
187.61187,8.9611,0.256729
187.61218,8.9631,0.289249
187.61249,8.9621,0.253953
187.61280,8.9725,0.254137
187.61311,8.9705,0.280569
187.61336,8.9574,0.280569
187.61367,8.9602,0.310689
187.61398,8.9641,0.257625
187.61429,8.9611,0.291833
187.61460,8.9678,0.253553
187.61486,8.9668,0.253553
187.61517,8.9688,0.255249
187.61548,8.9688,0.261921
187.61578,8.9678,0.254537
187.61610,8.9592,0.270993
187.61641,8.9678,0.293121
187.61666,8.9658,0.293121
187.61697,8.9688,0.255937
187.61728,8.9668,0.293225
187.61759,8.9574,0.260313
187.61790,8.9611,0.257729
187.61821,8.9648,0.270705
187.61846,8.9715,0.270705
187.61877,8.9592,0.282969
187.61908,8.9725,0.254137
187.61939,8.9688,0.290537
187.61970,8.9602,0.247177
187.61995,8.9668,0.247177
187.62026,8.9752,0.258625
187.62057,8.9564,0.272497
187.62088,8.9695,0.255145
187.62119,8.9734,0.256329
187.62150,8.9668,0.288849
187.62176,8.9639,0.288849
187.62207,8.9611,0.255745
187.62237,8.9668,0.287953
187.62269,8.9688,0.269705
187.62300,8.9641,0.256041
187.62331,8.9678,0.259833
187.62356,8.9631,0.259833
187.62387,8.9705,0.295233
187.62418,8.9648,0.257225
187.62449,8.9631,0.291537
187.62480,8.9592,0.309977
187.62511,8.9582,0.261625
187.62536,8.9658,0.261625
187.62567,8.9582,0.257225
187.62598,8.9564,0.252745
187.62629,8.9631,0.257537
187.62660,8.9631,0.286745
187.62685,8.9631,0.286745
187.62716,8.9688,0.254641
187.62747,8.9705,0.252849
187.62778,8.9621,0.329025
187.62809,8.9631,0.252553
187.62840,8.9695,0.251345
187.62865,8.9574,0.251345
187.62897,8.9527,0.286553
187.62928,8.9648,0.254353
187.62959,8.9725,0.282361
187.62990,8.9648,0.275769
187.63020,8.9574,0.257729
187.63046,8.9631,0.257729
187.63077,8.9611,0.259729
187.63108,8.9621,0.257625
187.63139,8.9641,0.255537
187.63170,8.9648,0.282257
187.63195,8.9592,0.282257
187.63226,8.9639,0.274481
187.63257,8.9725,0.254745
187.63288,8.9648,0.288745
187.63319,8.9564,0.252953
187.63350,8.9648,0.253745
187.63376,8.9668,0.253745
187.63407,8.9631,0.284049
187.63438,8.9631,0.253345
187.63468,8.9809,0.252345
187.63499,8.9631,0.288137
187.63531,8.9695,0.254033
187.63556,8.9781,0.254033
187.63587,8.9734,0.251745
187.63618,8.9678,0.254537
187.63649,8.9641,0.244273
187.63680,8.9705,0.256537
187.63711,8.9621,0.283657
187.63736,8.9715,0.283657
187.63767,8.9621,0.256729
187.63798,8.9754,0.288345
187.63829,8.9639,0.253241
187.63860,8.9688,0.256641
187.63885,8.9639,0.256641
187.63916,8.9535,0.269705
187.63947,8.9715,0.275185
187.63978,8.9592,0.252137
187.64009,8.9602,0.287849
187.64040,8.9584,0.256249
187.64066,8.9639,0.256249
187.64097,8.9695,0.255041
187.64127,8.9658,0.276377
187.64159,8.9639,0.257537
187.64190,8.9611,0.256833
187.64221,8.9631,0.332609
187.64246,8.9621,0.332609
187.64277,8.9668,0.266905
187.64308,8.9658,0.286241
187.64339,8.9602,0.268305
187.64370,8.9695,0.255745
187.64396,8.9631,0.255745
187.64609,8.9621,0.259729
187.64785,8.9781,0.259233
187.64961,8.9602,0.286057
187.65137,8.9688,0.258121
187.65312,8.9639,0.244777
187.65488,8.9621,0.260817
187.65664,8.9688,0.288033
187.65840,8.9668,0.261417
187.65865,8.9658,0.261417
187.65896,8.9602,0.264217
187.65927,8.9611,0.276081
187.65958,8.9658,0.268489
187.65989,8.9611,0.309481
187.66020,8.9705,0.302593
187.66045,8.9602,0.302593
187.66076,8.9611,0.303097
187.66107,8.9602,0.261313
187.66138,8.9631,0.272393
187.66169,8.9602,0.271889
187.66200,8.9621,0.256729
187.66225,8.9639,0.256729
187.66256,8.9697,0.257145
187.66287,8.9695,0.259521
187.66318,8.9658,0.267113
187.66349,8.9545,0.270305
187.66380,8.9602,0.270601
187.66406,8.9631,0.270601
187.66437,8.9658,0.272601
187.66468,8.9564,0.285153
187.66499,8.9705,0.301801
187.66530,8.9705,0.302593
187.66555,8.9574,0.302593
187.66586,8.9602,0.302905
187.66617,8.9432,0.305705
187.66648,8.9631,0.307681
187.66679,8.9592,0.302513
187.66710,8.9648,0.283553
187.66735,8.9555,0.283553
187.66766,8.9678,0.261417
187.66797,8.9621,0.309793
187.66828,8.9555,0.350857
187.66859,8.9479,0.306681
187.66890,8.9705,0.307785
187.66915,8.9621,0.307785
187.66946,8.9602,0.305281
187.66978,8.9469,0.302409
187.67009,8.9555,0.304889
187.67040,8.9648,0.263609
187.67065,8.9621,0.263609
187.67096,8.9592,0.266905
187.67127,8.9602,0.274081
187.67158,8.9621,0.268489
187.67189,8.9648,0.269593
187.67220,8.9564,0.304097
187.67245,8.9611,0.304097
187.67276,8.9602,0.305993
187.67307,8.9535,0.304385
187.67338,8.9582,0.305201
187.67369,8.9555,0.309689
187.67400,8.9592,0.303409
187.67425,8.9658,0.303409
187.67456,8.9725,0.265009
187.67487,8.9668,0.254249
187.67518,8.9678,0.256537
187.67549,8.9668,0.251745
187.67575,8.9639,0.251745
187.67606,8.9631,0.256329
187.67637,8.9648,0.256433
187.67668,8.9648,0.297529
187.67699,8.9535,0.290641
187.67730,8.9705,0.285049
187.67755,8.9525,0.285049
187.67786,8.9648,0.269809
187.67817,8.9658,0.249553
187.67848,8.9678,0.242481
187.67879,8.9762,0.248153
187.67910,8.9734,0.253449
187.67935,8.9611,0.253449
187.67966,8.9592,0.248361
187.67997,8.9744,0.244377
187.68028,8.9592,0.237185
187.68059,8.9658,0.240793
187.68090,8.9705,0.241377
187.68115,8.9781,0.241377
187.68146,8.9801,0.241377
187.68178,8.9688,0.247257
187.68209,8.9678,0.265321
187.68240,8.9602,0.271601
187.68265,8.9602,0.271601
187.68296,8.9592,0.296625
187.68327,8.9631,0.255249
187.68358,8.9641,0.255041
187.68389,8.9621,0.254641
187.68420,8.9641,0.253745
187.68445,8.9697,0.253745
187.68476,8.9688,0.257537
187.68507,8.9725,0.256641
187.68538,8.9658,0.255249
187.68569,8.9678,0.299609
187.68600,8.9639,0.257433
187.68625,8.9611,0.257433
187.68656,8.9639,0.253641
187.68687,8.9574,0.305097
187.68718,8.9668,0.286553
187.68749,8.9639,0.294025
187.68775,8.9611,0.294025
187.68806,8.9705,0.261129
187.68837,8.9725,0.260729
187.68868,8.9697,0.246257
187.68899,8.9705,0.246761
187.68930,8.9725,0.246865
187.68955,8.9725,0.246865
187.68986,8.9695,0.243065
187.69017,8.9725,0.252057
187.69048,8.9611,0.262217
187.69079,8.9668,0.265505
187.69110,8.9639,0.272393
187.69135,8.9705,0.272393
187.69166,8.9715,0.265505
187.69197,8.9648,0.255937
187.69228,8.9631,0.255353
187.69259,8.9592,0.256641
187.69284,8.9715,0.256641
187.69315,8.9678,0.254433
187.69346,8.9639,0.258937
187.69378,8.9574,0.255433
187.69409,8.9555,0.259625
187.69440,8.9734,0.255745
187.69465,8.9611,0.255745
187.69496,8.9697,0.258937
187.69527,8.9631,0.256249
187.69558,8.9639,0.262025
187.69589,8.9611,0.255537
187.69620,8.9648,0.254537
187.69645,8.9545,0.254537
187.69676,8.9648,0.253537
187.69707,8.9658,0.298113
187.69738,8.9545,0.270097
187.69769,8.9602,0.255249
187.69800,8.9611,0.255433
187.69825,8.9715,0.255433
187.69856,8.9668,0.255745
187.69887,8.9611,0.256433
187.69918,8.9631,0.256145
187.69949,8.9631,0.255641
187.69974,8.9639,0.255641
187.70006,8.9705,0.257625
187.70037,8.9631,0.258729
187.70068,8.9688,0.260337
187.70098,8.9592,0.258121
187.70130,8.9631,0.257729
187.70155,8.9754,0.257729
187.70186,8.9688,0.256145
187.70217,8.9734,0.252849
187.70248,8.9641,0.254745
187.70279,8.9715,0.253641
187.70310,8.9639,0.250049
187.70335,8.9611,0.250049
187.70366,8.9639,0.287849
187.70397,8.9631,0.285953
187.70428,8.9658,0.292729
187.70459,8.9678,0.256433
187.70490,8.9648,0.249361
187.70515,8.9678,0.249361
187.70546,8.9705,0.243169
187.70577,8.9725,0.247761
187.70609,8.9744,0.249553
187.70640,8.9611,0.249945
187.70665,8.9754,0.249945
187.70696,8.9631,0.235889
187.70727,8.9744,0.239897
187.70758,8.9715,0.242481
187.70789,8.9668,0.253241
187.70820,8.9658,0.256537
187.70845,8.9648,0.256537
187.70876,8.9658,0.254937
187.70907,8.9611,0.266513
187.70938,8.9564,0.253537
187.70969,8.9639,0.251745
187.71000,8.9715,0.253537
187.71025,8.9734,0.253537
187.71056,8.9688,0.251745
187.71087,8.9574,0.254433
187.71118,8.9697,0.252953
187.71149,8.9658,0.279169
187.71174,8.9641,0.279169
187.71205,8.9688,0.288033
187.71237,8.9658,0.253745
187.71268,8.9688,0.253641
187.71299,8.9668,0.252241
187.71329,8.9639,0.279377
187.71355,8.9611,0.279377
187.71386,8.9564,0.291937
187.71417,8.9648,0.292225
187.71448,8.9678,0.291729
187.71479,8.9621,0.283865
187.71510,8.9688,0.262217
187.71535,8.9527,0.262217
187.71566,8.9697,0.251745
187.71597,8.9725,0.246865
187.71628,8.9762,0.243777
187.71659,8.9678,0.246569
187.71684,8.9734,0.246569
187.71715,8.9678,0.248465
187.71746,8.9715,0.259337
187.71777,8.9639,0.273681
187.71808,8.9705,0.269409
187.71839,8.9658,0.262529
187.71864,8.9781,0.262529
187.71895,8.9705,0.251953
187.71926,8.9658,0.250657
187.71957,8.9668,0.252641
187.71988,8.9621,0.246761
187.72019,8.9631,0.253953
187.72045,8.9631,0.253953
187.72076,8.9648,0.247465
187.72107,8.9631,0.255353
187.72138,8.9658,0.255745
187.72168,8.9658,0.258337
187.72200,8.9631,0.255041
187.72225,8.9611,0.255041
187.72256,8.9648,0.253641
187.72287,8.9592,0.255041
187.72318,8.9611,0.252241
187.72349,8.9668,0.256433
187.72374,8.9631,0.256433
187.72405,8.9639,0.256537
187.72436,8.9678,0.253449
187.72467,8.9631,0.256225
187.72498,8.9781,0.254937
187.72529,8.9658,0.256145
187.72554,8.9734,0.256145
187.72585,8.9658,0.257537
187.72616,8.9545,0.300401
187.72647,8.9725,0.255353
187.72678,8.9648,0.257041
187.72709,8.9668,0.257729
187.72735,8.9648,0.257729
187.72766,8.9725,0.255041
187.72797,8.9688,0.255249
187.72827,8.9668,0.258833
187.72859,8.9725,0.259337
187.72890,8.9688,0.278569
187.72915,8.9555,0.278569
187.72946,8.9668,0.296417
187.72977,8.9639,0.257625
187.73008,8.9668,0.255833
187.73039,8.9621,0.253057
187.73065,8.9725,0.253057
187.73096,8.9688,0.256041
187.73127,8.9668,0.253953
187.73158,8.9725,0.257833
187.73189,8.9639,0.256145
187.73214,8.9715,0.256145
187.73245,8.9744,0.253537
187.73276,8.9611,0.255537
187.73307,8.9648,0.254537
187.73338,8.9678,0.254033
187.73369,8.9725,0.257329
187.73394,8.9631,0.257329
187.73425,8.9658,0.251657
187.73456,8.9668,0.255537
187.73487,8.9668,0.255433
187.73518,8.9658,0.258121
187.73549,8.9648,0.258545
187.73574,8.9697,0.258545
187.73606,8.9715,0.257937
187.73637,8.9744,0.253537
187.73668,8.9678,0.253137
187.73699,8.9705,0.250953
187.73724,8.9688,0.250953
187.73755,8.9695,0.249553
187.73786,8.9611,0.255353
187.73817,8.9705,0.255249
187.73848,8.9631,0.256433
187.73879,8.9648,0.256729
187.73904,8.9725,0.256729
187.73935,8.9658,0.257537
187.73966,8.9611,0.257145
187.73997,8.9631,0.257225
187.74028,8.9725,0.261713
187.74059,8.9574,0.339281
187.74084,8.9621,0.339281
187.74115,8.9592,0.291433
187.74146,8.9658,0.262921
187.74178,8.9678,0.248657
187.74209,8.9658,0.258121
187.74234,8.9592,0.258121
187.74265,8.9715,0.250049
187.74296,8.9688,0.257145
187.74327,8.9648,0.243065
187.74358,8.9574,0.283865
187.74389,8.9631,0.241689
187.74414,8.9678,0.241689
187.74445,8.9688,0.239393
187.74476,8.9752,0.235497
187.74507,8.9734,0.248153
187.74538,8.9621,0.262609
187.74569,8.9725,0.265801
187.74594,8.9705,0.265801
187.74625,8.9592,0.255041
187.74656,8.9668,0.256433
187.74687,8.9695,0.255145
187.74718,8.9668,0.254641
187.74749,8.9715,0.254033
187.74775,8.9678,0.254033
187.74806,8.9648,0.259833
187.74837,8.9611,0.257833
187.74868,8.9639,0.253537
187.74899,8.9695,0.250553
187.74924,8.9574,0.250553
187.74955,8.9518,0.258041
187.74986,8.9592,0.266697
187.75017,8.9621,0.294729
187.75048,8.9564,0.297425
187.75079,8.9545,0.298425
187.75104,8.9545,0.298425
187.75135,8.9695,0.248257
187.75166,8.9688,0.257537
187.75197,8.9631,0.249361
187.75228,8.9584,0.245273
187.75259,8.9648,0.253745
187.75284,8.9658,0.253745
187.75315,8.9678,0.240585
187.75346,8.9611,0.241689
187.75378,8.9678,0.241081
187.75409,8.9697,0.258833
187.75434,8.9592,0.258833
187.75465,8.9744,0.259625
187.75496,8.9621,0.318449
187.75527,8.9621,0.253849
187.75558,8.9658,0.254849
187.75589,8.9631,0.256225
187.75614,8.9658,0.256225
187.75645,8.9658,0.255641
187.75676,8.9648,0.255433
187.75707,8.9611,0.257537
187.75738,8.9715,0.259337
187.75769,8.9705,0.259833
187.75794,8.9639,0.259833
187.75825,8.9611,0.298713
187.75856,8.9592,0.253641
187.75887,8.9678,0.253537
187.75918,8.9668,0.254641
187.75949,8.9592,0.254433
187.75975,8.9641,0.254433
187.76006,8.9734,0.252449
187.76037,8.9695,0.253537
187.76068,8.9744,0.255433
187.76099,8.9639,0.251953
187.76124,8.9725,0.251953
187.76155,8.9668,0.255145
187.76186,8.9658,0.254249
187.76217,8.9631,0.254433
187.76248,8.9592,0.253057
187.76279,8.9678,0.254137
187.76304,8.9754,0.254137
187.76335,8.9668,0.256537
187.76366,8.9688,0.253537
187.76397,8.9611,0.257625
187.76428,8.9668,0.254745
187.76459,8.9658,0.257041
187.76484,8.9678,0.257041
187.76515,8.9695,0.255641
187.76546,8.9658,0.252745
187.76578,8.9621,0.255833
187.76609,8.9695,0.255641
187.76634,8.9791,0.255641
187.76665,8.9631,0.259441
187.76696,8.9592,0.286345
187.76727,8.9631,0.292625
187.76758,8.9611,0.292625
187.76789,8.9641,0.290249
187.76814,8.9631,0.290249
187.76845,8.9648,0.253345
187.76876,8.9564,0.248657
187.76907,8.9641,0.243881
187.76938,8.9715,0.288849
187.76963,8.9621,0.288849
187.76994,8.9631,0.269809
187.77025,8.9695,0.245361
187.77056,8.9762,0.234097
187.77087,8.9715,0.241377
187.77118,8.9668,0.241273
187.77144,8.9688,0.241273
187.77175,8.9611,0.243777
187.77206,8.9648,0.252641
187.77237,8.9631,0.298713
187.77268,8.9518,0.272185
187.77299,8.9611,0.261713
187.77324,8.9705,0.261713
187.77355,8.9621,0.254849
187.77386,8.9744,0.253953
187.77417,8.9658,0.251553
187.77448,8.9744,0.253241
187.77479,8.9658,0.256145
187.77504,8.9688,0.256145
187.77535,8.9695,0.254137
187.77566,8.9631,0.257433
187.77597,8.9688,0.255145
187.77628,8.9715,0.255745
187.77653,8.9648,0.255745
187.77684,8.9611,0.255833
187.77715,8.9574,0.259921
187.77746,8.9592,0.299713
187.77778,8.9592,0.293833
187.77809,8.9648,0.255537
187.77834,8.9705,0.255537
187.77865,8.9648,0.264505
187.77896,8.9678,0.262609
187.77927,8.9771,0.246065
187.77958,8.9648,0.250049
187.77989,8.9801,0.244273
187.78014,8.9725,0.244273
187.78045,8.9715,0.251553
187.78076,8.9631,0.265801
187.78107,8.9621,0.261417
187.78138,8.9678,0.273185
187.78163,8.9631,0.273185
187.78194,8.9668,0.278169
187.78225,8.9582,0.267593
187.78256,8.9631,0.258441
187.78287,8.9678,0.254937
187.78318,8.9705,0.256329
187.78344,8.9762,0.256329
187.78375,8.9574,0.253137
187.78406,8.9602,0.333217
187.78437,8.9574,0.259729
187.78468,8.9695,0.260337
187.78499,8.9658,0.271497
187.78524,8.9592,0.271497
187.78555,8.9658,0.293225
187.78586,8.9678,0.257329
187.78617,8.9621,0.289833
187.78648,8.9678,0.249465
187.78673,8.9734,0.249465
187.78704,8.9555,0.281753
187.78735,8.9574,0.298609
187.78766,8.9697,0.254537
187.78797,8.9725,0.253849
187.78828,8.9695,0.289137
187.78853,8.9574,0.289137
187.78884,8.9744,0.254457
187.78915,8.9648,0.252137
187.78946,8.9582,0.267201
187.78978,8.9574,0.252345
187.79009,8.9725,0.254849
187.79034,8.9688,0.254849
187.79065,8.9631,0.289249
187.79096,8.9771,0.254249
187.79127,8.9611,0.287553
187.79158,8.9611,0.266305
187.79183,8.9621,0.266305
187.79214,8.9648,0.255641
187.79245,8.9611,0.265905
187.79276,8.9668,0.258441
187.79307,8.9697,0.255145
187.79338,8.9574,0.287345
187.79363,8.9508,0.287345
187.79394,8.9648,0.271097
187.79425,8.9555,0.256937
187.79456,8.9648,0.284449
187.79487,8.9771,0.253745
187.79518,8.9688,0.251745
187.79543,8.9602,0.251745
187.79575,8.9555,0.287345
187.79606,8.9639,0.253449
187.79637,8.9668,0.274081
187.79668,8.9611,0.274873
187.79699,8.9705,0.249865
187.79724,8.9734,0.249865
187.79755,8.9611,0.256537
187.79786,8.9631,0.254249
187.79817,8.9705,0.256433
187.79848,8.9535,0.326121
187.79873,8.9658,0.326121
187.79904,8.9602,0.285553
187.79935,8.9705,0.253449
187.79966,8.9621,0.290833
187.79997,8.9639,0.253849
187.80028,8.9668,0.252057
187.80053,8.9725,0.252057
187.80084,8.9744,0.283257
187.80115,8.9705,0.267409
187.80146,8.9641,0.294417
187.80177,8.9631,0.288537
187.80208,8.9715,0.253345
187.80234,8.9639,0.253345
187.80265,8.9592,0.255249
187.80296,8.9639,0.261313
187.80327,8.9658,0.248969
187.80358,8.9781,0.260921
187.80383,8.9621,0.260921
187.80414,8.9688,0.280169
187.80445,8.9564,0.250161
187.80476,8.9658,0.284153
187.80507,8.9697,0.256433
187.80538,8.9648,0.254849
187.80563,8.9695,0.254849
187.80594,8.9574,0.268593
187.80625,8.9688,0.284841
187.80656,8.9781,0.254137
187.80687,8.9705,0.290433
187.80718,8.9582,0.255353
187.80743,8.9648,0.255353
187.80775,8.9602,0.256041
187.80806,8.9611,0.277081
187.80837,8.9555,0.254353
187.80868,8.9744,0.255537
187.80893,8.9611,0.255537
187.80924,8.9639,0.290745
187.80955,8.9715,0.256329
187.80986,8.9648,0.285737
187.81017,8.9525,0.272577
187.81048,8.9668,0.253345
187.81073,8.9639,0.253345
187.81104,8.9621,0.257145
187.81135,8.9545,0.254249
187.81166,8.9705,0.255433
187.81197,8.9658,0.291433
187.81228,8.9621,0.269305
187.81253,8.9592,0.269305
187.81284,8.9621,0.256433
187.81315,8.9564,0.292833
187.81346,8.9668,0.256937
187.81378,8.9744,0.255641
187.81403,8.9518,0.255641
187.81434,8.9592,0.290041
187.81465,8.9592,0.256433
187.81496,8.9801,0.266513
187.81527,8.9648,0.287241
187.81558,8.9648,0.256041
187.81583,8.9631,0.256041
187.81614,8.9592,0.299009
187.81645,8.9648,0.256937
187.81676,8.9715,0.260417
187.81707,8.9631,0.272785
187.81738,8.9602,0.279961
187.81763,8.9631,0.279961
187.81794,8.9658,0.255745
187.81825,8.9678,0.287137
187.81856,8.9555,0.255353
187.81887,8.9639,0.253345
187.81918,8.9668,0.283553
187.81943,8.9631,0.283553
187.81975,8.9621,0.273977
187.82006,8.9781,0.251745
187.82037,8.9688,0.292937
187.82068,8.9631,0.248969
187.82093,8.9828,0.248969
187.82124,8.9744,0.258041
187.82155,8.9678,0.266305
187.82186,8.9678,0.251953
187.82217,8.9725,0.256729
187.82248,8.9631,0.288641
187.82273,8.9668,0.288641
187.82304,8.9688,0.254745
187.82335,8.9658,0.288449
187.82366,8.9621,0.259129
187.82397,8.9602,0.257041
187.82428,8.9621,0.261313
187.82453,8.9658,0.261313
187.82484,8.9678,0.290833
187.82515,8.9791,0.242881
187.82546,8.9715,0.243089
187.82578,8.9631,0.245569
187.82603,8.9574,0.245569
187.82634,8.9648,0.249761
187.82665,8.9725,0.247569
187.82696,8.9705,0.247657
187.82727,8.9678,0.293225
187.82758,8.9639,0.266217
187.82783,8.9668,0.266217
187.82814,8.9678,0.256249
187.82845,8.9621,0.260729
187.82876,8.9611,0.251553
187.82907,8.9648,0.257145
187.82938,8.9762,0.254353
187.82963,8.9678,0.254353
187.82994,8.9639,0.255937
187.83025,8.9564,0.299009
187.83056,8.9678,0.255353
187.83087,8.9648,0.255937
187.83118,8.9668,0.251849
187.83144,8.9668,0.251849
187.83175,8.9695,0.254433
187.83206,8.9688,0.252241
187.83237,8.9688,0.255745
187.83268,8.9555,0.289033
187.83293,8.9574,0.289033
187.83324,8.9658,0.295313
187.83355,8.9525,0.257833
187.83386,8.9762,0.261713
187.83417,8.9668,0.260521
187.83448,8.9648,0.260625
187.83473,8.9631,0.260625
187.83504,8.9602,0.251345
187.83535,8.9695,0.244273
187.83566,8.9678,0.247177
187.83597,8.9658,0.247865
187.83628,8.9639,0.256537
187.83653,8.9715,0.256537
187.83684,8.9648,0.251161
187.83715,8.9791,0.270305
187.83746,8.9564,0.260129
187.83777,8.9582,0.253241
187.83803,8.9715,0.253241
187.83834,8.9648,0.250449
187.83865,8.9658,0.252745
187.83896,8.9668,0.251849
187.83927,8.9639,0.252641
187.83958,8.9744,0.252161
187.83983,8.9678,0.252161
187.84014,8.9611,0.252553
187.84045,8.9668,0.256729
187.84076,8.9734,0.258337
187.84107,8.9611,0.256329
187.84138,8.9678,0.254033
187.84163,8.9592,0.254033
187.84194,8.9574,0.285849
187.84225,8.9771,0.253137
187.84256,8.9695,0.253345
187.84287,8.9668,0.253849
187.84318,8.9688,0.252241
187.84343,8.9695,0.252241
187.84374,8.9734,0.255145
187.84405,8.9697,0.254937
187.84436,8.9668,0.254745
187.84467,8.9678,0.294817
187.84493,8.9658,0.294817
187.84524,8.9697,0.271289
187.84555,8.9631,0.254249
187.84586,8.9705,0.253745
187.84616,8.9668,0.251657
187.84648,8.9639,0.253241
187.84673,8.9754,0.253241
187.84704,8.9678,0.247361
187.84735,8.9648,0.257537
187.84766,8.9574,0.255937
187.84797,8.9631,0.257121
187.84828,8.9639,0.259729
187.84853,8.9695,0.259729
187.84884,8.9648,0.257041
187.84915,8.9678,0.262025
187.84946,8.9602,0.292041
187.84977,8.9582,0.301193
187.85008,8.9611,0.287449
187.85033,8.9695,0.287449
187.85064,8.9631,0.249945
187.85095,8.9752,0.249761
187.85126,8.9715,0.240689
187.85157,8.9809,0.248865
187.85188,8.9658,0.248361
187.85213,8.9705,0.248361
187.85244,8.9744,0.248257
187.85275,8.9648,0.236289
187.85306,8.9705,0.234993
187.85337,8.9611,0.232617
187.85368,8.9734,0.236393
187.85394,8.9648,0.236393
187.85424,8.9705,0.228609
187.85455,8.9688,0.244673
187.85487,8.9555,0.267801
187.85518,8.9639,0.252345
187.85549,8.9725,0.255041
187.85574,8.9621,0.255041
187.85605,8.9688,0.280169
187.85636,8.9498,0.295625
187.85667,8.9715,0.250265
187.85698,8.9678,0.254745
187.85723,8.9592,0.254745
187.85755,8.9555,0.255537
187.85786,8.9695,0.253641
187.85816,8.9639,0.254937
187.85847,8.9688,0.255641
187.85878,8.9639,0.254537
187.85904,8.9762,0.254537
187.85935,8.9582,0.281361
187.85966,8.9725,0.284257
187.85997,8.9621,0.297209
187.86028,8.9555,0.292937
187.86058,8.9584,0.295417
187.86084,8.9621,0.295417
187.86115,8.9688,0.252745
187.86146,8.9631,0.263025
187.86177,8.9564,0.248761
187.86208,8.9668,0.250449
187.86233,8.9725,0.250449
187.86264,8.9744,0.250657
187.86295,8.9705,0.247073
187.86326,8.9668,0.249553
187.86357,8.9611,0.256329
187.86388,8.9658,0.262025
187.86413,8.9715,0.262025
187.86444,8.9678,0.275185
187.86475,8.9648,0.262609
187.86506,8.9705,0.249865
187.86537,8.9705,0.255937
187.86568,8.9688,0.253745
187.86594,8.9762,0.253745
187.86625,8.9658,0.254433
187.86656,8.9658,0.254537
187.86686,8.9678,0.253953
187.86718,8.9648,0.254537
187.86749,8.9688,0.255745
187.86774,8.9641,0.255745
187.86805,8.9658,0.257225
187.86836,8.9678,0.255145
187.86867,8.9658,0.259521
187.86898,8.9574,0.257145
187.86924,8.9631,0.257145
187.86954,8.9668,0.255937
187.86985,8.9621,0.250849
187.87016,8.9705,0.251553
187.87047,8.9688,0.260417
187.87078,8.9678,0.290249
187.87104,8.9695,0.290249
187.87135,8.9639,0.252449
187.87166,8.9668,0.251265
187.87197,8.9688,0.251265
187.87228,8.9592,0.250761
187.87259,8.9725,0.250761
187.87284,8.9592,0.250761
187.87315,8.9725,0.262217
187.87346,8.9658,0.261233
187.87377,8.9555,0.295129
187.87408,8.9668,0.253241
187.87433,8.9678,0.253241
187.87464,8.9705,0.255353
187.87495,8.9705,0.254537
187.87526,8.9658,0.255833
187.87557,8.9705,0.262921
187.87588,8.9658,0.254849
187.87614,8.9658,0.254849
187.87645,8.9631,0.256249
187.87676,8.9582,0.295129
187.87707,8.9545,0.292433
187.87738,8.9734,0.286745
187.87768,8.9525,0.263713
187.87794,8.9611,0.263713
187.87825,8.9695,0.246465
187.87856,8.9648,0.240481
187.87887,8.9695,0.251161
187.87918,8.9658,0.249465
187.87943,8.9688,0.249465
187.87974,8.9744,0.241185
187.88005,8.9688,0.235601
187.88036,8.9592,0.236601
187.88067,8.9725,0.236393
187.88098,8.9668,0.237681
187.88124,8.9705,0.237681
187.88154,8.9762,0.249361
187.88185,8.9705,0.248865
187.88216,8.9678,0.265321
187.88247,8.9705,0.270497
187.88278,8.9734,0.255433
187.88304,8.9621,0.255433
187.88335,8.9648,0.256833
187.88366,8.9611,0.255641
187.88397,8.9762,0.255537
187.88428,8.9725,0.252849
187.88453,8.9715,0.252849
187.88484,8.9648,0.251953
187.88515,8.9668,0.253241
187.88546,8.9658,0.251241
187.88577,8.9641,0.250953
187.88608,8.9621,0.249945
187.88633,8.9602,0.249945
187.88664,8.9621,0.253241
187.88695,8.9602,0.288849
187.88726,8.9555,0.284945
187.88757,8.9668,0.285553
187.88788,8.9631,0.250553
187.88813,8.9508,0.250553
187.88844,8.9648,0.303889
187.88875,8.9592,0.243673
187.88906,8.9744,0.244065
187.88937,8.9639,0.252161
187.88968,8.9668,0.249657
187.88993,8.9715,0.249657
187.89024,8.9688,0.246969
187.89055,8.9602,0.265009
187.89086,8.9688,0.267305
187.89117,8.9639,0.274185
187.89148,8.9535,0.269593
187.89174,8.9564,0.269593
187.89205,8.9658,0.261521
187.89236,8.9658,0.256433
187.89267,8.9695,0.254537
187.89298,8.9621,0.256145
187.89323,8.9621,0.256145
187.89354,8.9621,0.257937
187.89385,8.9715,0.255433
187.89416,8.9631,0.254353
187.89447,8.9658,0.255745
187.89478,8.9705,0.255249
187.89503,8.9602,0.255249
187.89534,8.9639,0.257145
187.89565,8.9621,0.257041
187.89596,8.9688,0.255937
187.89627,8.9678,0.258121
187.89658,8.9705,0.252745
187.89683,8.9668,0.252745
187.89714,8.9715,0.257937
187.89745,8.9639,0.259129
187.89777,8.9648,0.253241
187.89808,8.9688,0.255433
187.89833,8.9678,0.255433
187.89864,8.9602,0.255745
187.89895,8.9621,0.253745
187.89926,8.9658,0.253953
187.89957,8.9631,0.298217
187.89988,8.9527,0.269993
187.90013,8.9705,0.269993
187.90044,8.9611,0.254137
187.90075,8.9555,0.264321
187.90106,8.9611,0.250849
187.90137,8.9582,0.252449
187.90168,8.9715,0.253345
187.90193,8.9734,0.253345
187.90224,8.9631,0.254537
187.90255,8.9648,0.297609
187.90286,8.9602,0.255833
187.90317,8.9697,0.257041
187.90348,8.9631,0.250449
187.90374,8.9668,0.250449
187.90405,8.9715,0.249761
187.90436,8.9641,0.256225
187.90467,8.9668,0.256937
187.90498,8.9648,0.257729
187.90523,8.9641,0.257729
187.90554,8.9688,0.256145
187.90585,8.9688,0.254537
187.90616,8.9611,0.258937
187.90647,8.9648,0.255249
187.90678,8.9631,0.255433
187.90703,8.9725,0.255433
187.90734,8.9695,0.255833
187.90765,8.9678,0.253745
187.90796,8.9715,0.256041
187.90827,8.9592,0.253241
187.90858,8.9715,0.252345
187.90883,8.9639,0.252345
187.90914,8.9678,0.252057
187.90945,8.9725,0.251745
187.90976,8.9762,0.255745
187.91007,8.9688,0.256641
187.91033,8.9705,0.256641
187.91064,8.9678,0.259521
187.91095,8.9631,0.261417
187.91126,8.9734,0.259129
187.91157,8.9621,0.258937
187.91188,8.9668,0.259129
187.91213,8.9621,0.259129
187.91244,8.9725,0.256537
187.91275,8.9725,0.257729
187.91306,8.9668,0.253537
187.91337,8.9715,0.253345
187.91368,8.9621,0.254745
187.91393,8.9725,0.254745
187.91424,8.9545,0.311169
187.91455,8.9555,0.290041
187.91486,8.9688,0.289353
187.91517,8.9688,0.252161
187.91548,8.9678,0.243985
187.91573,8.9695,0.243985
187.91604,8.9688,0.245273
187.91636,8.9688,0.249049
187.91666,8.9668,0.250761
187.91697,8.9715,0.274689
187.91723,8.9631,0.274689
187.91754,8.9631,0.255433
187.91785,8.9725,0.239897
187.91816,8.9639,0.242481
187.91847,8.9697,0.251265
187.91878,8.9668,0.252241
187.91903,8.9688,0.252241
187.91934,8.9564,0.262217
187.91965,8.9715,0.252745
187.91996,8.9734,0.249761
187.92027,8.9688,0.246673
187.92058,8.9744,0.256329
187.92083,8.9678,0.256329
187.92114,8.9705,0.244961
187.92145,8.9771,0.252057
187.92176,8.9734,0.254137
187.92207,8.9678,0.253137
187.92233,8.9621,0.253137
187.92264,8.9648,0.252057
187.92295,8.9658,0.252641
187.92326,8.9621,0.254849
187.92357,8.9584,0.291937
187.92388,8.9525,0.295233
187.92413,8.9734,0.295233
187.92444,8.9705,0.293625
187.92475,8.9668,0.261713
187.92506,8.9592,0.263713
187.92537,8.9725,0.262425
187.92568,8.9771,0.252849
187.92593,8.9639,0.252849
187.92624,8.9611,0.246761
187.92655,8.9639,0.247569
187.92686,8.9744,0.260921
187.92717,8.9648,0.265009
187.92742,8.9602,0.265009
187.92774,8.9631,0.254937
187.92805,8.9668,0.277273
187.92836,8.9648,0.267801
187.92867,8.9582,0.294337
187.92898,8.9688,0.251161
187.92923,8.9705,0.251161
187.92954,8.9631,0.254537
187.92985,8.9695,0.254249
187.93016,8.9715,0.252953
187.93047,8.9631,0.253745
187.93072,8.9648,0.253745
187.93103,8.9611,0.256041
187.93134,8.9582,0.257833
187.93165,8.9592,0.296025
187.93196,8.9621,0.256537
187.93227,8.9582,0.257225
187.93252,8.9725,0.257225
187.93283,8.9648,0.257833
187.93314,8.9705,0.259625
187.93346,8.9705,0.255833
187.93377,8.9621,0.253345
187.93402,8.9688,0.253345
187.93433,8.9734,0.255249
187.93464,8.9631,0.256145
187.93495,8.9584,0.254433
187.93526,8.9715,0.253953
187.93557,8.9695,0.254641
187.93582,8.9695,0.254641
187.93613,8.9602,0.254457
187.93644,8.9678,0.256041
187.93675,8.9631,0.253553
187.93706,8.9762,0.247465
187.93737,8.9762,0.246177
187.93763,8.9639,0.246177
187.93793,8.9631,0.248153
187.93824,8.9715,0.257145
187.93855,8.9725,0.255353
187.93886,8.9668,0.255833
187.93917,8.9734,0.257937
187.93943,8.9705,0.257937
187.93974,8.9602,0.255537
187.94005,8.9828,0.253345
187.94036,8.9592,0.291433
187.94067,8.9592,0.296025
187.94092,8.9611,0.296025
187.94123,8.9639,0.286657
187.94154,8.9752,0.246257
187.94185,8.9648,0.252137
187.94216,8.9658,0.243569
187.94247,8.9705,0.253345
187.94273,8.9715,0.253345
187.94303,8.9648,0.249945
187.94334,8.9658,0.249257
187.94365,8.9648,0.240977
187.94396,8.9725,0.237889
187.94609,8.9555,0.312961
187.94785,8.9688,0.255249
187.94961,8.9725,0.253137
187.95137,8.9602,0.292433
187.95313,8.9705,0.252849
187.95489,8.9574,0.263921
187.95665,8.9582,0.253137
187.95841,8.9621,0.252641
187.95866,8.9725,0.252241
187.95897,8.9631,0.271097
187.95922,8.9602,0.271097
187.95953,8.9592,0.280673
187.95984,8.9725,0.255249
187.96015,8.9668,0.289353
187.96046,8.9639,0.299321
187.96077,8.9697,0.251345
187.96102,8.9658,0.251345
187.96133,8.9648,0.278169
187.96164,8.9648,0.254937
187.96195,8.9668,0.254353
187.96226,8.9705,0.286553
187.96257,8.9648,0.250953
187.96282,8.9744,0.250953
187.96313,8.9715,0.250953
187.96344,8.9658,0.265721
187.96375,8.9574,0.254249
187.96406,8.9648,0.252849
187.96437,8.9592,0.287537
187.96463,8.9715,0.287537
187.96493,8.9678,0.250553
187.96524,8.9648,0.286953
187.96556,8.9668,0.256433
187.96587,8.9658,0.252553
187.96612,8.9648,0.252553
187.96643,8.9658,0.263505
187.96674,8.9771,0.256433
187.96705,8.9602,0.254249
187.96736,8.9658,0.287449
187.96767,8.9688,0.257329
187.96792,8.9648,0.257329
187.96823,8.9621,0.254937
187.96854,8.9658,0.279857
187.96885,8.9705,0.250345
187.96916,8.9582,0.251449
187.96947,8.9641,0.284657
187.96972,8.9658,0.284657
187.97003,8.9725,0.252241
187.97034,8.9752,0.264425
187.97065,8.9574,0.275689
187.97096,8.9648,0.246569
187.97127,8.9688,0.254249
187.97153,8.9734,0.254249
187.97184,8.9705,0.288241
187.97215,8.9611,0.273897
187.97246,8.9648,0.282969
187.97277,8.9611,0.270497
187.97302,8.9715,0.270497
187.97333,8.9715,0.257329
187.97364,8.9648,0.290041
187.97395,8.9621,0.256329
187.97426,8.9648,0.258937
187.97457,8.9688,0.293729
187.97482,8.9611,0.293729
187.97513,8.9518,0.310689
187.97544,8.9658,0.259233
187.97575,8.9631,0.291641
187.97606,8.9658,0.254937
187.97637,8.9602,0.255537
187.97662,8.9725,0.255537
187.97693,8.9621,0.287057
187.97724,8.9564,0.255537
187.97756,8.9715,0.265505
187.97787,8.9527,0.286849
187.97812,8.9688,0.286849
187.97843,8.9611,0.253849
187.97874,8.9734,0.287057
187.97905,8.9498,0.254849
187.97936,8.9744,0.253057
187.97967,8.9725,0.272577
187.97992,8.9621,0.272577
187.98023,8.9688,0.282153
187.98054,8.9695,0.258833
187.98085,8.9582,0.289833
187.98116,8.9611,0.255641
187.98147,8.9639,0.256225
187.98172,8.9648,0.256225
187.98203,8.9762,0.280673
187.98234,8.9705,0.252345
187.98265,8.9648,0.253241
187.98296,8.9631,0.288745
187.98322,8.9668,0.288745
187.98353,8.9668,0.254537
187.98384,8.9641,0.283361
187.98415,8.9621,0.275481
187.98446,8.9678,0.254137
187.98477,8.9631,0.252345
187.98502,8.9658,0.252345
187.98533,8.9668,0.287449
187.98564,8.9611,0.255745
187.98595,8.9668,0.288537
187.98626,8.9611,0.279273
187.98657,8.9658,0.297105
187.98682,8.9678,0.297105
187.98713,8.9574,0.257937
187.98744,8.9715,0.251057
187.98775,8.9688,0.250953
187.98806,8.9641,0.287849
187.98837,8.9639,0.258337
187.98862,8.9725,0.258337
187.98893,8.9715,0.257729
187.98924,8.9574,0.315257
187.98955,8.9639,0.281969
187.98987,8.9695,0.253953
187.99012,8.9631,0.253953
187.99043,8.9648,0.290329
187.99074,8.9564,0.253745
187.99105,8.9678,0.275289
187.99136,8.9715,0.279169
187.99167,8.9631,0.254937
187.99192,8.9725,0.254937
187.99223,8.9688,0.253449
187.99254,8.9631,0.253953
187.99285,8.9555,0.253057
187.99316,8.9678,0.284257
187.99347,8.9658,0.265905
187.99372,8.9678,0.265905
187.99403,8.9641,0.254249
187.99434,8.9639,0.291729
187.99465,8.9611,0.255937
187.99496,8.9648,0.255433
187.99521,8.9668,0.255433
187.99553,8.9639,0.287553
187.99584,8.9592,0.255745
187.99615,8.9678,0.254033
187.99646,8.9648,0.286161
187.99671,8.9744,0.286161
187.99702,8.9744,0.249865
187.99733,8.9639,0.254137
187.99764,8.9658,0.253537
187.99795,8.9639,0.249945
187.99826,8.9631,0.260417
187.99851,8.9592,0.260417
187.99882,8.9688,0.293441
187.99913,8.9668,0.257433
187.99944,8.9668,0.240481
187.99975,8.9631,0.239897
188.00006,8.9678,0.238393
188.00032,8.9648,0.238393
188.00062,8.9678,0.240793
188.00093,8.9611,0.287057
188.00124,8.9668,0.248361
188.00156,8.9705,0.253057
188.00181,8.9697,0.253057
188.00212,8.9705,0.253953
188.00243,8.9574,0.266409
188.00274,8.9695,0.262321
188.00305,8.9715,0.252745
188.00336,8.9705,0.249945
188.00362,8.9688,0.249945
188.00392,8.9678,0.259129
188.00423,8.9688,0.248257
188.00454,8.9611,0.252849
188.00485,8.9725,0.248969
188.00516,8.9555,0.253345
188.00542,8.9574,0.253345
188.00573,8.9641,0.251057
188.00604,8.9734,0.252449
188.00635,8.9611,0.255833
188.00666,8.9611,0.290537
188.00697,8.9564,0.289537
188.00722,8.9602,0.289537
188.00753,8.9564,0.298425
188.00784,8.9801,0.260337
188.00815,8.9668,0.261625
188.00846,8.9631,0.262321
188.00872,8.9621,0.262321
188.00903,8.9705,0.246673
188.00934,8.9639,0.245777
188.00965,8.9688,0.249945
188.00995,8.9602,0.262529
188.01026,8.9678,0.261521
188.01052,8.9668,0.261521
188.01083,8.9695,0.258337
188.01114,8.9564,0.270305
188.01145,8.9688,0.266305
188.01176,8.9648,0.254033
188.01207,8.9668,0.249761
188.01232,8.9631,0.249761
188.01263,8.9639,0.253745
188.01294,8.9668,0.258729
188.01325,8.9697,0.251849
188.01356,8.9631,0.252553
188.01381,8.9555,0.252553
188.01412,8.9715,0.256937
188.01443,8.9715,0.252745
188.01474,8.9725,0.253137
188.01505,8.9621,0.255833
188.01536,8.9602,0.301513
188.01562,8.9592,0.301513
188.01593,8.9611,0.256833
188.01624,8.9611,0.258833
188.01655,8.9631,0.256937
188.01686,8.9641,0.254537
188.01717,8.9631,0.256729
188.01742,8.9611,0.256729
188.01773,8.9688,0.255041
188.01804,8.9688,0.255433
188.01835,8.9592,0.298009
188.01866,8.9668,0.254249
188.01891,8.9678,0.254249
188.01922,8.9648,0.256433
188.01953,8.9631,0.253137
188.01984,8.9621,0.254937
188.02016,8.9535,0.249153
188.02047,8.9688,0.248257
188.02072,8.9705,0.248257
188.02103,8.9678,0.257625
188.02134,8.9705,0.254249
188.02165,8.9734,0.254137
188.02196,8.9668,0.253745
188.02221,8.9602,0.253745
188.02252,8.9705,0.254137
188.02283,8.9592,0.258121
188.02314,8.9771,0.277585
188.02345,8.9678,0.291433
188.02376,8.9631,0.292329
188.02401,8.9592,0.292329
188.02432,8.9688,0.290833
188.02463,8.9648,0.252137
188.02494,8.9602,0.253345
188.02525,8.9705,0.244377
188.02556,8.9668,0.252449
188.02582,8.9695,0.252449
188.02613,8.9648,0.253137
188.02644,8.9648,0.233697
188.02675,8.9678,0.236497
188.02706,8.9688,0.232801
188.02731,8.9725,0.232801
188.02762,8.9688,0.239289
188.02793,8.9602,0.241585
188.02824,8.9592,0.248865
188.02855,8.9639,0.255041
188.02886,8.9648,0.262633
188.02911,8.9631,0.262633
188.02942,8.9725,0.269385
188.02973,8.9639,0.302201
188.03004,8.9621,0.270305
188.03035,8.9725,0.258833
188.03066,8.9705,0.259417
188.03091,8.9715,0.259417
188.03122,8.9648,0.257041
188.03154,8.9602,0.255249
188.03185,8.9762,0.254641
188.03216,8.9695,0.251161
188.03241,8.9658,0.251161
188.03272,8.9564,0.265905
188.03303,8.9545,0.255433
188.03334,8.9688,0.292225
188.03365,8.9508,0.292833
188.03396,8.9555,0.290537
188.03421,8.9564,0.290537
188.03452,8.9791,0.269305
188.03483,8.9621,0.261129
188.03514,8.9762,0.261921
188.03545,8.9678,0.242377
188.03576,8.9705,0.248761
188.03601,8.9648,0.248761
188.03632,8.9744,0.245569
188.03663,8.9725,0.253449
188.03694,8.9725,0.248865
188.03725,8.9658,0.259025
188.03757,8.9639,0.276873
188.03782,8.9602,0.276873
188.03813,8.9592,0.267305
188.03844,8.9639,0.250265
188.03875,8.9734,0.254537
188.03906,8.9809,0.249257
188.03931,8.9781,0.249257
188.03962,8.9695,0.251849
188.03993,8.9715,0.254745
188.04024,8.9592,0.253057
188.04055,8.9725,0.253137
188.04086,8.9715,0.249761
188.04111,8.9688,0.249761
188.04142,8.9602,0.252745
188.04173,8.9631,0.250553
188.04204,8.9611,0.253641
188.04235,8.9771,0.251057
188.04266,8.9658,0.253537
188.04291,8.9734,0.253537
188.04322,8.9762,0.252241
188.04354,8.9668,0.256329
188.04385,8.9725,0.255433
188.04416,8.9705,0.285849
188.04441,8.9611,0.285849
188.04472,8.9668,0.283153
188.04503,8.9818,0.249657
188.04534,8.9695,0.254249
188.04565,8.9621,0.252161
188.04596,8.9658,0.255641
188.04621,8.9715,0.255641
188.04652,8.9688,0.252953
188.04683,8.9715,0.252745
188.04714,8.9688,0.292225
188.04745,8.9602,0.272889
188.04776,8.9668,0.255745
188.04801,8.9688,0.255745
188.04832,8.9688,0.252849
188.04863,8.9715,0.251345
188.04894,8.9668,0.251345
188.04925,8.9734,0.254849
188.04956,8.9535,0.254137
188.04982,8.9688,0.254137
188.05013,8.9582,0.298009
188.05044,8.9545,0.298217
188.05075,8.9658,0.290041
188.05106,8.9648,0.259025
188.05131,8.9639,0.259025
188.05162,8.9678,0.250265
188.05193,8.9658,0.243481
188.05224,8.9744,0.250161
188.05255,8.9648,0.248761
188.05286,8.9631,0.242585
188.05311,8.9678,0.242585
188.05342,8.9744,0.242481
188.05373,8.9725,0.236497
188.05404,8.9744,0.235097
188.05435,8.9705,0.242193
188.05466,8.9658,0.251953
188.05491,8.9762,0.251953
188.05522,8.9688,0.252345
188.05553,8.9602,0.260817
188.05585,8.9631,0.272289
188.05616,8.9648,0.267801
188.05641,8.9688,0.267801
188.05672,8.9744,0.259233
188.05703,8.9697,0.259025
188.05734,8.9688,0.265321
188.05765,8.9611,0.260625
188.05796,8.9762,0.262529
188.05821,8.9648,0.262529
188.05852,8.9584,0.262609
188.05883,8.9611,0.307977
188.05914,8.9648,0.257433
188.05945,8.9648,0.261521
188.05976,8.9639,0.262609
188.06001,8.9611,0.262609
188.06032,8.9545,0.302593
188.06063,8.9715,0.305889
188.06094,8.9555,0.299009
188.06125,8.9658,0.262321
188.06151,8.9734,0.262321
188.06182,8.9564,0.298713
188.06213,8.9535,0.258041
188.06244,8.9705,0.257145
188.06275,8.9631,0.255937
188.06306,8.9668,0.250849
188.06331,8.9648,0.250849
188.06362,8.9697,0.255433
188.06393,8.9744,0.268409
188.06424,8.9584,0.271097
188.06455,8.9639,0.283049
188.06480,8.9592,0.283049
188.06511,8.9621,0.297321
188.06542,8.9658,0.272993
188.06573,8.9688,0.303201
188.06604,8.9574,0.301193
188.06635,8.9555,0.299217
188.06660,8.9631,0.299217
188.06692,8.9611,0.303905
188.06723,8.9658,0.304697
188.06754,8.9555,0.307393
188.06785,8.9574,0.267697
188.06810,8.9574,0.267697
188.06841,8.9631,0.266801
188.06872,8.9564,0.273577
188.06903,8.9555,0.310185
188.06934,8.9582,0.308081
188.06965,8.9611,0.309081
188.06990,8.9621,0.309081
188.07021,8.9592,0.309185
188.07052,8.9592,0.308897
188.07083,8.9602,0.258521
188.07114,8.9621,0.265801
188.07145,8.9611,0.270889
188.07171,8.9678,0.270889
188.07202,8.9658,0.271785
188.07233,8.9705,0.270201
188.07263,8.9648,0.311665
188.07294,8.9582,0.303801
188.07326,8.9545,0.347065
188.07351,8.9582,0.347065
188.07382,8.9658,0.302801
188.07413,8.9602,0.305601
188.07444,8.9658,0.304385
188.07475,8.9678,0.271097
188.07500,8.9734,0.271097
188.07531,8.9611,0.265505
188.07562,8.9678,0.255537
188.07593,8.9715,0.258625
188.07624,8.9488,0.299401
188.07655,8.9734,0.251553
188.07681,8.9658,0.251553
188.07711,8.9592,0.254937
188.07742,8.9734,0.254433
188.07773,8.9705,0.256249
188.07804,8.9695,0.254249
188.07835,8.9725,0.258521
188.07861,8.9564,0.258521
188.07892,8.9715,0.259025
188.07922,8.9639,0.257833
188.07954,8.9658,0.258441
188.07985,8.9592,0.254849
188.08010,8.9621,0.254849
188.08041,8.9678,0.252057
188.08072,8.9631,0.262217
188.08103,8.9668,0.254537
188.08134,8.9695,0.258041
188.08165,8.9658,0.253137
188.08190,8.9648,0.253137
188.08221,8.9734,0.252449
188.08252,8.9678,0.253345
188.08283,8.9648,0.250657
188.08314,8.9648,0.251657
188.08345,8.9631,0.252137
188.08371,8.9715,0.252137
188.08401,8.9611,0.251657
188.08432,8.9631,0.253137
188.08463,8.9678,0.250345
188.08494,8.9658,0.251657
188.08525,8.9752,0.253449
188.08551,8.9688,0.253449
188.08582,8.9668,0.253345
188.08613,8.9705,0.254745
188.08644,8.9668,0.255353
188.08675,8.9688,0.254641
188.08700,8.9631,0.254641
188.08731,8.9705,0.247569
188.08762,8.9631,0.336905
188.08793,8.9592,0.285553
188.08824,8.9678,0.286553
188.08855,8.9631,0.248553
188.08881,8.9688,0.248553
188.08911,8.9678,0.247865
188.08942,8.9648,0.241977
188.08973,8.9725,0.241481
188.09004,8.9641,0.248257
188.09035,8.9631,0.232905
188.09061,8.9631,0.232905
188.09092,8.9705,0.277881
188.09123,8.9688,0.237993
188.09154,8.9564,0.240289
188.09185,8.9648,0.247073
188.09210,8.9668,0.247073
188.09241,8.9648,0.253345
188.09272,8.9631,0.267801
188.09303,8.9582,0.254937
188.09334,8.9725,0.256145
188.09365,8.9744,0.268201
188.09390,8.9688,0.268201
188.09421,8.9705,0.255353
188.09452,8.9715,0.254137
188.09483,8.9678,0.253057
188.09514,8.9648,0.251745
188.09545,8.9688,0.252745
188.09570,8.9631,0.252745
188.09601,8.9648,0.253057
188.09632,8.9678,0.253849
188.09663,8.9705,0.248073
188.09694,8.9545,0.290729
188.09725,8.9518,0.294521
188.09751,8.9602,0.294521
188.09782,8.9518,0.293441
188.09813,8.9744,0.255537
188.09844,8.9668,0.260521
188.09875,8.9648,0.262217
188.09900,8.9688,0.262217
188.09931,8.9668,0.245777
188.09962,8.9658,0.247257
188.09993,8.9715,0.246465
188.10024,8.9564,0.251449
188.10055,8.9744,0.254457
188.10081,8.9781,0.254457
188.10111,8.9639,0.263817
188.10143,8.9688,0.274185
188.10174,8.9631,0.271201
188.10205,8.9621,0.292329
188.10235,8.9602,0.272993
188.10261,8.9725,0.272993
188.10292,8.9611,0.253057
188.10323,8.9668,0.253641
188.10354,8.9715,0.255249
188.10380,8.9688,0.255249
188.10411,8.9639,0.246257
188.10442,8.9621,0.253345
188.10473,8.9631,0.260025
188.10504,8.9639,0.295313
188.10535,8.9678,0.258121
188.10560,8.9725,0.258121
188.10591,8.9678,0.252849
188.10622,8.9668,0.254353
188.10653,8.9695,0.257225
188.10684,8.9602,0.257225
188.10715,8.9611,0.253241
188.10740,8.9631,0.253241
188.10771,8.9658,0.256041
188.10802,8.9744,0.255745
188.10833,8.9621,0.265401
188.10864,8.9574,0.252161
188.10895,8.9582,0.253745
188.10920,8.9648,0.253745
188.10951,8.9744,0.254745
188.10983,8.9631,0.253745
188.11014,8.9611,0.253345
188.11045,8.9611,0.254849
188.11070,8.9734,0.254849
188.11101,8.9715,0.253849
188.11132,8.9725,0.253953
188.11163,8.9621,0.254745
188.11194,8.9611,0.254353
188.11225,8.9602,0.254353
188.11250,8.9688,0.254353
188.11281,8.9658,0.254353
188.11312,8.9648,0.256329
188.11343,8.9639,0.257329
188.11374,8.9631,0.281465
188.11405,8.9668,0.292937
188.11430,8.9639,0.292937
188.11461,8.9592,0.298009
188.11492,8.9584,0.252745
188.11523,8.9621,0.246673
188.11554,8.9705,0.248657
188.11580,8.9582,0.248657
188.11611,8.9648,0.245169
188.11642,8.9639,0.270705
188.11673,8.9582,0.285345
188.11704,8.9648,0.237601
188.11735,8.9688,0.235993
188.11760,8.9648,0.235993
188.11791,8.9695,0.236889
188.11822,8.9762,0.235305
188.11853,8.9715,0.242377
188.11884,8.9688,0.250553
188.11915,8.9688,0.250449
188.11940,8.9678,0.250449
188.11971,8.9602,0.298609
188.12002,8.9648,0.253241
188.12033,8.9678,0.254137
188.12064,8.9705,0.249153
188.12095,8.9639,0.258937
188.12120,8.9611,0.258937
188.12151,8.9705,0.249657
188.12183,8.9697,0.253241
188.12214,8.9658,0.250761
188.12245,8.9658,0.253241
188.12270,8.9621,0.253241
188.12301,8.9648,0.250161
188.12332,8.9648,0.252137
188.12363,8.9631,0.257329
188.12394,8.9697,0.288849
188.12425,8.9678,0.292041
188.12450,8.9602,0.292041
188.12481,8.9582,0.290729
188.12512,8.9648,0.258937
188.12543,8.9668,0.259625
188.12574,8.9648,0.255041
188.12605,8.9695,0.244569
188.12630,8.9678,0.244569
188.12661,8.9695,0.245961
188.12692,8.9631,0.243481
188.12723,8.9688,0.247761
188.12754,8.9648,0.257329
188.12780,8.9545,0.257329
188.12811,8.9668,0.259521
188.12842,8.9695,0.276665
188.12873,8.9668,0.268993
188.12904,8.9648,0.253953
188.12935,8.9648,0.253449
188.12960,8.9725,0.253449
188.12991,8.9648,0.256249
188.13022,8.9648,0.249761
188.13053,8.9658,0.253537
188.13084,8.9678,0.288537
188.13115,8.9545,0.292937
188.13140,8.9725,0.292937
188.13171,8.9695,0.250953
188.13202,8.9611,0.267513
188.13233,8.9678,0.254137
188.13264,8.9648,0.254137
188.13289,8.9602,0.254137
188.13320,8.9621,0.286241
188.13351,8.9555,0.251057
188.13383,8.9639,0.313961
188.13414,8.9658,0.304489
188.13445,8.9602,0.254537
188.13470,8.9564,0.254537
188.13501,8.9611,0.259625
188.13532,8.9639,0.256329
188.13563,8.9574,0.253057
188.13594,8.9695,0.287345
188.13625,8.9592,0.256729
188.13650,8.9725,0.256729
188.13681,8.9658,0.251241
188.13712,8.9555,0.278777
188.13743,8.9725,0.241377
188.13774,8.9621,0.245673
188.13805,8.9631,0.278673
188.13830,8.9668,0.278673
188.13861,8.9695,0.252553
188.13892,8.9602,0.269889
188.13923,8.9611,0.277481
188.13954,8.9611,0.253137
188.13980,8.9762,0.253137
188.14011,8.9639,0.252745
188.14042,8.9639,0.255353
188.14073,8.9621,0.254249
188.14104,8.9705,0.279857
188.14135,8.9648,0.277665
188.14160,8.9688,0.277665
188.14191,8.9688,0.255353
188.14222,8.9602,0.291937
188.14253,8.9695,0.257537
188.14284,8.9705,0.256729
188.14315,8.9631,0.291225
188.14340,8.9535,0.291225
188.14371,8.9631,0.269889
188.14402,8.9715,0.256145
188.14433,8.9639,0.288849
188.14464,8.9639,0.253745
188.14489,8.9574,0.253745
188.14520,8.9535,0.255249
188.14551,8.9518,0.303409
188.14583,8.9621,0.252953
188.14614,8.9725,0.264009
188.14645,8.9602,0.288849
188.14670,8.9535,0.288849
188.14701,8.9695,0.254137
188.14732,8.9621,0.289745
188.14763,8.9508,0.256537
188.14794,8.9639,0.250449
188.14825,8.9678,0.273977
188.14850,8.9631,0.273977
188.14881,8.9535,0.330313
188.14912,8.9668,0.252345
188.14943,8.9639,0.292729
188.14974,8.9555,0.257329
188.14999,8.9705,0.257329
188.15030,8.9688,0.256041
188.15061,8.9592,0.277273
188.15092,8.9648,0.255537
188.15123,8.9695,0.261313
188.15154,8.9715,0.290641
188.15180,8.9602,0.290641
188.15211,8.9678,0.257433
188.15242,8.9631,0.283761
188.15273,8.9555,0.274289
188.15304,8.9648,0.257729
188.15335,8.9639,0.253849
188.15360,8.9648,0.253849
188.15391,8.9695,0.286849
188.15422,8.9754,0.252345
188.15453,8.9695,0.283257
188.15484,8.9621,0.261713
188.15509,8.9648,0.261713
188.15540,8.9752,0.255745
188.15571,8.9648,0.261025
188.15602,8.9639,0.257833
188.15633,8.9639,0.260417
188.15664,8.9582,0.291433
188.15689,8.9639,0.291433
188.15720,8.9668,0.262217
188.15751,8.9621,0.251657
188.15783,8.9582,0.287953
188.15814,8.9602,0.254033
188.15845,8.9658,0.254249
188.15870,8.9668,0.254249
188.15901,8.9668,0.286745
188.15932,8.9695,0.255833
188.15963,8.9621,0.271289
188.15994,8.9631,0.322745
188.16019,8.9574,0.322745
188.16050,8.9611,0.262921
188.16081,8.9648,0.256537
188.16112,8.9668,0.254745
188.16143,8.9678,0.255249
188.16174,8.9725,0.276273
188.16199,8.9678,0.276273
188.16230,8.9705,0.273977
188.16261,8.9695,0.255041
188.16292,8.9658,0.330233
188.16323,8.9574,0.253745
188.16354,8.9668,0.253641
188.16380,8.9648,0.253641
188.16411,8.9705,0.285449
188.16442,8.9574,0.251953
188.16473,8.9715,0.252161
188.16504,8.9668,0.284841
188.16529,8.9734,0.284841
188.16560,8.9648,0.250553
188.16591,8.9752,0.251953
188.16622,8.9564,0.259233
188.16653,8.9715,0.252057
188.16684,8.9725,0.257041
188.16709,8.9592,0.257041
188.16740,8.9648,0.288537
188.16771,8.9752,0.249465
188.16802,8.9705,0.286553
188.16833,8.9725,0.255145
188.16864,8.9734,0.252345
188.16889,8.9705,0.252345
188.16920,8.9648,0.265505
188.16951,8.9564,0.253241
188.16982,8.9705,0.252849
188.17013,8.9611,0.287449
188.17044,8.9631,0.255145
188.17070,8.9639,0.255145
188.17101,8.9641,0.247073
188.17132,8.9582,0.269489
188.17163,8.9621,0.243377
188.17194,8.9658,0.239081
188.17225,8.9658,0.241185
188.17250,8.9695,0.241185
188.17281,8.9715,0.240377
188.17312,8.9752,0.240793
188.17343,8.9688,0.233905
188.17374,8.9658,0.244673
188.17399,8.9705,0.244673
188.17430,8.9762,0.245777
188.17461,8.9658,0.282569
188.17492,8.9715,0.264113
188.17523,8.9705,0.253057
188.17554,8.9668,0.253449
188.17579,8.9648,0.253449
188.17611,8.9678,0.251553
188.17641,8.9621,0.252953
188.17673,8.9697,0.257537
188.17704,8.9734,0.254937
188.17735,8.9705,0.296025
188.17760,8.9658,0.296025
188.17791,8.9688,0.273793
188.17822,8.9678,0.253137
188.17853,8.9648,0.252953
188.17884,8.9781,0.253345
188.17909,8.9715,0.253345
188.17940,8.9582,0.267305
188.17971,8.9555,0.295625
188.18002,8.9648,0.289833
188.18033,8.9574,0.247865
188.18064,8.9592,0.263425
188.18089,8.9611,0.263425
188.18120,8.9678,0.260233
188.18151,8.9631,0.249865
188.18183,8.9668,0.245465
188.18214,8.9678,0.245361
188.18239,8.9678,0.245361
188.18270,8.9639,0.244777
188.18301,8.9791,0.248969
188.18332,8.9658,0.264713
188.18363,8.9564,0.274185
188.18394,8.9621,0.273497
188.18419,8.9648,0.273497
188.18450,8.9602,0.268009
188.18481,8.9688,0.256833
188.18512,8.9678,0.254849
188.18543,8.9734,0.254353
188.18574,8.9695,0.253953
188.18599,8.9695,0.253953
188.18630,8.9695,0.250345
188.18661,8.9678,0.253537
188.18692,8.9611,0.250553
188.18723,8.9631,0.245961
188.18754,8.9744,0.241185
188.18780,8.9705,0.241185
188.18811,8.9639,0.248465
188.18842,8.9725,0.251345
188.18872,8.9678,0.267113
188.18904,8.9621,0.295129
188.18929,8.9705,0.295129
188.18960,8.9582,0.251057
188.18991,8.9668,0.253345
188.19022,8.9639,0.254353
188.19053,8.9697,0.257225
188.19084,8.9734,0.256145
188.19109,8.9658,0.256145
188.19140,8.9744,0.258441
188.19171,8.9725,0.283049
188.19202,8.9621,0.284449
188.19233,8.9611,0.254353
188.19264,8.9631,0.255937
188.19289,8.9658,0.255937
188.19320,8.9592,0.258441
188.19351,8.9705,0.259337
188.19383,8.9621,0.254249
188.19414,8.9695,0.253953
188.19439,8.9648,0.253953
188.19470,8.9648,0.253241
188.19501,8.9678,0.255249
188.19532,8.9715,0.257729
188.19563,8.9574,0.254137
188.19594,8.9762,0.275377
188.19619,8.9592,0.275377
188.19650,8.9564,0.292433
188.19681,8.9639,0.291537
188.19712,8.9697,0.252953
188.19743,8.9564,0.247465
188.19774,8.9658,0.255041
188.19799,8.9639,0.255041
188.19830,8.9574,0.244881
188.19861,8.9678,0.253137
188.19892,8.9658,0.250049
188.19923,8.9688,0.237393
188.19949,8.9744,0.237393
188.19980,8.9734,0.235393
188.20011,8.9744,0.238105
188.20042,8.9762,0.235497
188.20073,8.9715,0.239689
188.20104,8.9648,0.254537
188.20129,8.9602,0.254537
188.20160,8.9602,0.256433
188.20191,8.9658,0.261025
188.20222,8.9658,0.252241
188.20253,8.9688,0.253345
188.20284,8.9668,0.250849
188.20309,8.9584,0.250849
188.20340,8.9564,0.253449
188.20371,8.9611,0.255745
188.20402,8.9715,0.249049
188.20433,8.9592,0.253537
188.20464,8.9705,0.248465
188.20489,8.9705,0.248465
188.20520,8.9648,0.255041
188.20551,8.9631,0.257329
188.20583,8.9705,0.257225
188.20614,8.9602,0.294233
188.20639,8.9535,0.294233
188.20670,8.9508,0.337993
188.20701,8.9555,0.249553
188.20732,8.9705,0.258121
188.20763,8.9705,0.257329
188.20789,8.9631,0.257329
188.20820,8.9744,0.257537
188.20851,8.9648,0.243881
188.20881,8.9611,0.242377
188.20913,8.9678,0.245065
188.20944,8.9688,0.248361
188.20969,8.9602,0.248361
188.21000,8.9611,0.251553
188.21031,8.9734,0.272497
188.21062,8.9668,0.272993
188.21093,8.9688,0.263217
188.21124,8.9631,0.254849
188.21149,8.9744,0.254849
188.21180,8.9631,0.258937
188.21211,8.9648,0.254745
188.21242,8.9688,0.255433
188.21273,8.9734,0.254937
188.21299,8.9611,0.254937
188.21330,8.9705,0.253449
188.21360,8.9592,0.252553
188.21392,8.9602,0.251241
188.21423,8.9715,0.251265
188.21454,8.9705,0.250449
188.21479,8.9648,0.250449
188.21510,8.9658,0.253449
188.21541,8.9695,0.252161
188.21572,8.9688,0.249945
188.21603,8.9695,0.249553
188.21634,8.9678,0.251553
188.21659,8.9631,0.251553
188.21690,8.9725,0.251745
188.21721,8.9648,0.253745
188.21752,8.9602,0.251849
188.21783,8.9639,0.293729
188.21809,8.9592,0.293729
188.21840,8.9648,0.257225
188.21871,8.9695,0.255041
188.21902,8.9621,0.253953
188.21933,8.9611,0.253641
188.21963,8.9564,0.255937
188.21989,8.9688,0.255937
188.22020,8.9762,0.254937
188.22051,8.9648,0.248657
188.22082,8.9639,0.288641
188.22113,8.9621,0.255537
188.22144,8.9668,0.248761
188.22169,8.9688,0.248761
188.22200,8.9688,0.252641
188.22231,8.9621,0.251265
188.22262,8.9631,0.253849
188.22293,8.9611,0.290249
188.22324,8.9611,0.294129
188.22349,8.9639,0.294129
188.22380,8.9668,0.288537
188.22411,8.9648,0.246177
188.22442,8.9641,0.249945
188.22473,8.9658,0.244377
188.22499,8.9838,0.244377
188.22530,8.9678,0.251345
188.22561,8.9678,0.256729
188.22591,8.9621,0.251345
188.22622,8.9715,0.237601
188.22653,8.9744,0.232113
188.22679,8.9582,0.232113
188.22710,8.9754,0.238185
188.22741,8.9668,0.240185
188.22772,8.9752,0.241377
188.22803,8.9668,0.249553
188.22834,8.9658,0.261921
188.22859,8.9611,0.261921
188.22890,8.9678,0.269097
188.22921,8.9631,0.251241
188.22952,8.9678,0.254641
188.22983,8.9715,0.252745
188.23009,8.9678,0.252745
188.23040,8.9648,0.252449
188.23070,8.9697,0.252641
188.23101,8.9688,0.252449
188.23132,8.9678,0.253057
188.23163,8.9725,0.256041
188.23189,8.9725,0.256041
188.23220,8.9725,0.252161
188.23251,8.9658,0.271393
188.23282,8.9678,0.289433
188.23313,8.9715,0.297025
188.23344,8.9574,0.293833
188.23369,8.9582,0.293833
188.23400,8.9658,0.293337
188.23431,8.9648,0.263113
188.23462,8.9602,0.258729
188.23493,8.9695,0.241873
188.23524,8.9688,0.287449
188.23549,8.9631,0.287449
188.23580,8.9631,0.243777
188.23611,8.9705,0.245065
188.23642,8.9668,0.247465
188.23673,8.9648,0.257329
188.23699,8.9658,0.257329
188.23729,8.9762,0.265505
188.23761,8.9668,0.268409
188.23792,8.9678,0.258729
188.23823,8.9705,0.251953
188.23853,8.9555,0.254033
188.23879,8.9658,0.254033
188.23910,8.9678,0.252849
188.23941,8.9602,0.253137
188.23972,8.9678,0.256833
188.24003,8.9639,0.254849
188.24034,8.9715,0.258041
188.24059,8.9705,0.258041
188.24090,8.9678,0.257937
188.24121,8.9648,0.253137
188.24152,8.9639,0.256833
188.24183,8.9631,0.251345
188.24208,8.9639,0.251345
188.24239,8.9658,0.252345
188.24270,8.9648,0.253745
188.24301,8.9592,0.256145
188.24332,8.9592,0.252745
188.24363,8.9688,0.254937
188.24389,8.9582,0.254937
188.24614,8.9648,0.252849
188.24790,8.9602,0.253953
188.24966,8.9725,0.289833
188.25142,8.9715,0.252553
188.25318,8.9715,0.252057
188.25494,8.9752,0.244569
188.25670,8.9658,0.254745
188.25846,8.9678,0.257625
188.25865,8.9592,0.251953
188.25891,8.9648,0.252641
188.25922,8.9668,0.252953
188.25952,8.9668,0.249945
188.25978,8.9658,0.249945
188.26009,8.9574,0.248553
188.26040,8.9621,0.281169
188.26071,8.9621,0.302097
188.26102,8.9631,0.293937
188.26133,8.9555,0.294625
188.26158,8.9648,0.294625
188.26189,8.9705,0.253057
188.26220,8.9668,0.241081
188.26251,8.9668,0.242377
188.26282,8.9668,0.244881
188.26313,8.9744,0.238897
188.26338,8.9734,0.238897
188.26369,8.9705,0.236601
188.26400,8.9725,0.254137
188.26431,8.9611,0.280465
188.26462,8.9648,0.246569
188.26493,8.9697,0.251265
188.26519,8.9668,0.251265
188.26550,8.9658,0.265609
188.26581,8.9631,0.255641
188.26611,8.9715,0.253345
188.26643,8.9648,0.253345
188.26668,8.9592,0.253345
188.26699,8.9678,0.250849
188.26730,8.9688,0.254937
188.26761,8.9668,0.255537
188.26792,8.9648,0.256537
188.26823,8.9668,0.257537
188.26848,8.9641,0.257537
188.26879,8.9705,0.253137
188.26910,8.9734,0.250049
188.26941,8.9762,0.252641
188.26972,8.9754,0.288745
188.27003,8.9592,0.293625
188.27028,8.9582,0.293625
188.27059,8.9535,0.288345
188.27090,8.9668,0.244377
188.27121,8.9658,0.265905
188.27152,8.9592,0.258521
188.27178,8.9705,0.258521
188.27209,8.9715,0.244169
188.27239,8.9762,0.243673
188.27271,8.9631,0.241769
188.27302,8.9705,0.256641
188.27333,8.9705,0.261921
188.27358,8.9668,0.261921
188.27389,8.9705,0.261129
188.27420,8.9697,0.277585
188.27451,8.9648,0.268489
188.27482,8.9611,0.261417
188.27508,8.9678,0.261417
188.27538,8.9688,0.256433
188.27569,8.9688,0.255249
188.27600,8.9668,0.256433
188.27631,8.9592,0.254537
188.27662,8.9688,0.258337
188.27688,8.9631,0.258337
188.27719,8.9641,0.251745
188.27750,8.9611,0.254937
188.27781,8.9574,0.254537
188.27812,8.9715,0.255833
188.27842,8.9734,0.255641
188.27868,8.9602,0.255641
188.27899,8.9639,0.297209
188.27930,8.9602,0.253449
188.27961,8.9658,0.255433
188.27992,8.9592,0.257937
188.28023,8.9648,0.255433
188.28048,8.9752,0.255433
188.28079,8.9734,0.254137
188.28110,8.9705,0.257537
188.28141,8.9658,0.256329
188.28172,8.9621,0.258337
188.28198,8.9688,0.258337
188.28228,8.9668,0.255641
188.28259,8.9648,0.255641
188.28290,8.9658,0.258041
188.28321,8.9639,0.255833
188.28352,8.9658,0.257833
188.28378,8.9725,0.257833
188.28409,8.9668,0.255353
188.28440,8.9725,0.257937
188.28471,8.9695,0.253849
188.28501,8.9678,0.253745
188.28533,8.9639,0.251265
188.28558,8.9668,0.251265
188.28589,8.9611,0.266409
188.28620,8.9611,0.251161
188.28651,8.9734,0.285449
188.28682,8.9574,0.285553
188.28708,8.9611,0.285553
188.28738,8.9658,0.286745
188.28769,8.9734,0.280673
188.28800,8.9688,0.243881
188.28831,8.9668,0.240481
188.28862,8.9535,0.245569
188.28888,8.9648,0.245569
188.28919,8.9641,0.251161
188.28950,8.9668,0.250953
188.28981,8.9639,0.236289
188.29012,8.9639,0.279273
188.29043,8.9592,0.237185
188.29068,8.9695,0.237185
188.29099,8.9734,0.237601
188.29130,8.9602,0.239585
188.29161,8.9631,0.251345
188.29192,8.9668,0.263321
188.29218,8.9639,0.263321
188.29248,8.9611,0.264505
188.29280,8.9658,0.252161
188.29311,8.9621,0.294337
188.29342,8.9611,0.251345
188.29372,8.9592,0.255833
188.29398,8.9752,0.255833
188.29429,8.9611,0.253345
188.29460,8.9668,0.253745
188.29491,8.9734,0.253137
188.29522,8.9744,0.253641
188.29553,8.9705,0.255537
188.29578,8.9668,0.255537
188.29609,8.9744,0.258041
188.29640,8.9744,0.282761
188.29671,8.9641,0.291329
188.29702,8.9535,0.291145
188.29733,8.9574,0.288241
188.29758,8.9648,0.288241
188.29789,8.9678,0.251745
188.29820,8.9648,0.255249
188.29851,8.9641,0.243777
188.29882,8.9602,0.245857
188.29907,8.9705,0.245857
188.29938,8.9725,0.247257
188.29969,8.9648,0.245673
188.30000,8.9639,0.243777
188.30031,8.9602,0.255041
188.30062,8.9658,0.258233
188.30088,8.9648,0.258233
188.30119,8.9658,0.270097
188.30150,8.9688,0.263609
188.30181,8.9611,0.253449
188.30211,8.9715,0.256833
188.30243,8.9762,0.256937
188.30268,8.9705,0.256937
188.30299,8.9734,0.252641
188.30330,8.9678,0.273793
188.30361,8.9582,0.278065
188.30392,8.9648,0.245169
188.30417,8.9648,0.245169
188.30448,8.9648,0.245273
188.30479,8.9564,0.273977
188.30510,8.9734,0.250553
188.30541,8.9658,0.279777
188.30572,8.9574,0.266009
188.30598,8.9658,0.266009
188.30629,8.9658,0.249361
188.30659,8.9668,0.286953
188.30690,8.9752,0.252553
188.30721,8.9639,0.255041
188.30752,8.9602,0.330713
188.30778,8.9631,0.330713
188.30809,8.9705,0.270497
188.30840,8.9658,0.255433
188.30870,8.9584,0.293625
188.30902,8.9648,0.253449
188.30933,8.9668,0.257041
188.30958,8.9611,0.257041
188.30989,8.9658,0.289353
188.31020,8.9705,0.257729
188.31051,8.9688,0.268697
188.31082,8.9582,0.290041
188.31107,8.9688,0.290041
188.31138,8.9631,0.254353
188.31169,8.9648,0.288641
188.31200,8.9631,0.254937
188.31231,8.9678,0.254537
188.31262,8.9688,0.269593
188.31288,8.9508,0.269593
188.31318,8.9695,0.279377
188.31350,8.9715,0.251953
188.31381,8.9658,0.287449
188.31412,8.9734,0.253641
188.31443,8.9602,0.252953
188.31468,8.9621,0.252953
188.31499,8.9678,0.280361
188.31530,8.9648,0.251657
188.31561,8.9678,0.256145
188.31592,8.9631,0.289033
188.31618,8.9631,0.289033
188.31649,8.9688,0.254745
188.31680,8.9857,0.288241
188.31711,8.9574,0.270889
188.31742,8.9762,0.257041
188.31773,8.9631,0.258233
188.31798,8.9611,0.258233
188.31829,8.9705,0.289537
188.31860,8.9648,0.252137
188.31891,8.9688,0.302305
188.31922,8.9574,0.299609
188.31947,8.9621,0.299609
188.31978,8.9658,0.251657
188.32009,8.9631,0.259921
188.32040,8.9695,0.253137
188.32071,8.9658,0.250761
188.32102,8.9648,0.279169
188.32127,8.9754,0.279169
188.32158,8.9611,0.256537
188.32190,8.9648,0.296521
188.32221,8.9602,0.310769
188.32252,8.9621,0.252849
188.32283,8.9678,0.252241
188.32308,8.9631,0.252241
188.32339,8.9611,0.290249
188.32370,8.9678,0.257625
188.32401,8.9678,0.279377
188.32432,8.9658,0.279777
188.32457,8.9611,0.279777
188.32488,8.9668,0.260337
188.32519,8.9621,0.257121
188.32550,8.9648,0.249945
188.32581,8.9611,0.252345
188.32612,8.9658,0.282569
188.32637,8.9678,0.282569
188.32668,8.9688,0.270393
188.32699,8.9697,0.263113
188.32730,8.9678,0.286553
188.32761,8.9648,0.254937
188.32792,8.9744,0.253849
188.32818,8.9725,0.253849
188.32849,8.9621,0.288849
188.32879,8.9564,0.253057
188.32910,8.9668,0.255833
188.32941,8.9658,0.287345
188.32972,8.9725,0.249761
188.32998,8.9602,0.249761
188.33029,8.9611,0.252745
188.33060,8.9602,0.256641
188.33091,8.9648,0.256041
188.33122,8.9744,0.263425
188.33147,8.9631,0.263425
188.33178,8.9658,0.285345
188.33209,8.9592,0.252745
188.33240,8.9648,0.283553
188.33271,8.9592,0.250953
188.33302,8.9621,0.250761
188.33327,8.9602,0.250761
188.33358,8.9525,0.266409
188.33389,8.9715,0.251953
188.33420,8.9668,0.250449
188.33451,8.9658,0.284153
188.33482,8.9602,0.249865
188.33508,8.9631,0.249865
188.33539,8.9648,0.250049
188.33570,8.9648,0.270601
188.33601,8.9754,0.244065
188.33632,8.9705,0.259129
188.33657,8.9592,0.259129
188.33688,8.9688,0.330817
188.33719,8.9678,0.251657
188.33750,8.9535,0.278777
188.33781,8.9574,0.264505
188.33812,8.9705,0.247761
188.33837,8.9734,0.247761
188.33868,8.9631,0.251745
188.33899,8.9648,0.253537
188.33930,8.9641,0.249657
188.33961,8.9715,0.284841
188.33992,8.9555,0.260921
188.34017,8.9658,0.260921
188.34048,8.9668,0.252553
188.34079,8.9688,0.284153
188.34110,8.9648,0.252953
188.34141,8.9668,0.253537
188.34167,8.9725,0.253537
188.34198,8.9518,0.287849
188.34229,8.9762,0.255041
188.34260,8.9762,0.266801
188.34290,8.9611,0.284841
188.34321,8.9818,0.252057
188.34347,8.9658,0.252057
188.34378,8.9688,0.250849
188.34409,8.9639,0.289641
188.34440,8.9639,0.242273
188.34471,8.9592,0.242193
188.34502,8.9705,0.242585
188.34527,8.9678,0.242585
188.34558,8.9695,0.244673
188.34589,8.9639,0.254249
188.34620,8.9631,0.238185
188.34651,8.9668,0.252553
188.34682,8.9688,0.256145
188.34707,8.9621,0.256145
188.34738,8.9639,0.250449
188.34769,8.9648,0.267513
188.34800,8.9574,0.296417
188.34831,8.9695,0.253449
188.34862,8.9648,0.253241
188.34887,8.9639,0.253241
188.34918,8.9611,0.252449
188.34949,8.9668,0.254353
188.34980,8.9535,0.253449
188.35011,8.9809,0.252849
188.35042,8.9648,0.252745
188.35068,8.9611,0.252745
188.35099,8.9658,0.253849
188.35129,8.9688,0.296713
188.35161,8.9631,0.257537
188.35192,8.9611,0.295025
188.35223,8.9525,0.294625
188.35248,8.9564,0.294625
188.35279,8.9592,0.293441
188.35310,8.9648,0.252953
188.35341,8.9648,0.259521
188.35372,8.9744,0.256329
188.35403,8.9621,0.243377
188.35428,8.9668,0.243377
188.35459,8.9648,0.250345
188.35490,8.9648,0.236497
188.35521,8.9658,0.240377
188.35552,8.9705,0.244961
188.35577,8.9752,0.244961
188.35608,8.9658,0.247073
188.35639,8.9602,0.260729
188.35670,8.9668,0.274393
188.35701,8.9668,0.267905
188.35732,8.9688,0.252161
188.35758,8.9639,0.252161
188.35789,8.9695,0.252241
188.35820,8.9658,0.256937
188.35851,8.9631,0.259025
188.35882,8.9648,0.256249
188.35907,8.9688,0.256249
188.35938,8.9621,0.258121
188.35969,8.9611,0.257537
188.36000,8.9648,0.256145
188.36031,8.9631,0.252953
188.36062,8.9611,0.254745
188.36088,8.9715,0.254745
188.36119,8.9668,0.254937
188.36150,8.9734,0.254137
188.36181,8.9648,0.252641
188.36211,8.9639,0.254849
188.36242,8.9621,0.297321
188.36268,8.9658,0.297321
188.36299,8.9705,0.262529
188.36330,8.9688,0.250849
188.36361,8.9631,0.255641
188.36392,8.9688,0.248761
188.36423,8.9668,0.252161
188.36448,8.9688,0.252161
188.36479,8.9611,0.256537
188.36510,8.9658,0.257937
188.36541,8.9668,0.297609
188.36572,8.9705,0.254937
188.36597,8.9611,0.254937
188.36628,8.9631,0.255833
188.36659,8.9705,0.256433
188.36690,8.9688,0.258545
188.36721,8.9658,0.252057
188.36752,8.9762,0.256225
188.36778,8.9725,0.256225
188.36809,8.9658,0.254745
188.36839,8.9639,0.255745
188.36871,8.9592,0.251849
188.36901,8.9668,0.278961
188.36932,8.9621,0.288745
188.36958,8.9621,0.288745
188.36989,8.9564,0.288137
188.37020,8.9688,0.249761
188.37051,8.9648,0.247865
188.37082,8.9725,0.243481
188.37108,8.9611,0.243481
188.37138,8.9697,0.233305
188.37170,8.9648,0.239081
188.37200,8.9715,0.243777
188.37231,8.9658,0.234409
188.37262,8.9688,0.235393
188.37288,8.9658,0.235393
188.37319,8.9744,0.235497
188.37350,8.9688,0.239001
188.37381,8.9695,0.244169
188.37412,8.9705,0.248553
188.37443,8.9631,0.256329
188.37468,8.9734,0.256329
188.37499,8.9611,0.261025
188.37530,8.9668,0.250449
188.37561,8.9697,0.249865
188.37592,8.9648,0.250761
188.37618,8.9621,0.250761
188.37649,8.9648,0.252241
188.37679,8.9611,0.279961
188.37710,8.9648,0.280673
188.37741,8.9648,0.250761
188.37772,8.9611,0.250953
188.37798,8.9648,0.250953
188.37829,8.9725,0.254249
188.37860,8.9754,0.256145
188.37891,8.9688,0.266009
188.37921,8.9602,0.292433
188.37953,8.9488,0.291041
188.37978,8.9631,0.291041
188.38009,8.9631,0.335905
188.38040,8.9688,0.262321
188.38071,8.9697,0.260129
188.38102,8.9582,0.252641
188.38133,8.9801,0.245065
188.38158,8.9695,0.245065
188.38189,8.9639,0.244065
188.38220,8.9658,0.243377
188.38251,8.9668,0.244273
188.38282,8.9725,0.253953
188.38307,8.9678,0.253953
188.38338,8.9678,0.256041
188.38369,8.9631,0.274873
188.38400,8.9678,0.262217
188.38431,8.9744,0.251161
188.38462,8.9621,0.247865
188.38488,8.9678,0.247865
188.38518,8.9631,0.249049
188.38549,8.9678,0.250161
188.38580,8.9688,0.250161
188.38611,8.9641,0.251657
188.38642,8.9725,0.252745
188.38668,8.9639,0.252745
188.38699,8.9695,0.252553
188.38730,8.9678,0.250849
188.38761,8.9678,0.250049
188.38792,8.9668,0.248761
188.38817,8.9611,0.248761
188.38848,8.9631,0.246761
188.38879,8.9781,0.250761
188.38910,8.9592,0.251745
188.38941,8.9678,0.252553
188.38972,8.9744,0.250449
188.38997,8.9658,0.250449
188.39028,8.9631,0.252745
188.39059,8.9688,0.251953
188.39090,8.9678,0.253641
188.39121,8.9705,0.265321
188.39152,8.9602,0.299905
188.39178,8.9621,0.299905
188.39208,8.9648,0.256041
188.39240,8.9668,0.254433
188.39271,8.9668,0.251657
188.39302,8.9621,0.256833
188.39333,8.9688,0.259129
188.39358,8.9715,0.259129
188.39389,8.9705,0.256641
188.39420,8.9818,0.282465
188.39451,8.9574,0.288033
188.39482,8.9688,0.257537
188.39507,8.9592,0.257537
188.39538,8.9658,0.253953
188.39569,8.9715,0.276873
188.39600,8.9631,0.289249
188.39631,8.9631,0.291641
188.39662,8.9744,0.288033
188.39688,8.9555,0.288033
188.39719,8.9688,0.249945
188.39750,8.9564,0.249153
188.39781,8.9734,0.243169
188.39811,8.9658,0.251745
188.39843,8.9838,0.247361
188.39868,8.9688,0.247361
188.39899,8.9631,0.242377
188.39930,8.9725,0.235305
188.39961,8.9678,0.237993
188.39992,8.9668,0.234705
188.40017,8.9668,0.234705
188.40048,8.9744,0.240481
188.40079,8.9621,0.252641
188.40110,8.9668,0.255249
188.40141,8.9725,0.266217
188.40172,8.9688,0.267409
188.40197,8.9688,0.267409
188.40228,8.9648,0.253953
188.40259,8.9658,0.253641
188.40290,8.9715,0.252241
188.40321,8.9658,0.251745
188.40352,8.9621,0.252745
188.40377,8.9582,0.252745
188.40408,8.9695,0.252345
188.40439,8.9678,0.247657
188.40470,8.9771,0.252641
188.40501,8.9555,0.247969
188.40532,8.9705,0.256641
188.40558,8.9658,0.256641
188.40589,8.9621,0.253137
188.40620,8.9518,0.297817
188.40651,8.9678,0.290249
188.40682,8.9584,0.274481
188.40707,8.9658,0.274481
188.40738,8.9678,0.260729
188.40769,8.9574,0.264113
188.40800,8.9658,0.249865
188.40831,8.9631,0.250657
188.40862,8.9611,0.265217
188.40887,8.9621,0.265217
188.40918,8.9582,0.292521
188.40949,8.9648,0.262713
188.40980,8.9725,0.261713
188.41011,8.9668,0.283465
188.41042,8.9582,0.273897
188.41067,8.9592,0.273897
188.41098,8.9621,0.270785
188.41129,8.9734,0.252745
188.41160,8.9762,0.252161
188.41192,8.9631,0.253345
188.41217,8.9715,0.253345
188.41248,8.9602,0.252745
188.41279,8.9744,0.251345
188.41310,8.9678,0.253345
188.41341,8.9754,0.250161
188.41372,8.9648,0.249049
188.41397,8.9668,0.249049
188.41428,8.9771,0.254537
188.41459,8.9658,0.254137
188.41490,8.9602,0.253345
188.41521,8.9611,0.255537
188.41552,8.9621,0.250553
188.41577,8.9734,0.250553
188.41608,8.9678,0.251849
188.41639,8.9715,0.250761
188.41670,8.9668,0.250553
188.41701,8.9705,0.251345
188.41732,8.9668,0.252241
188.41758,8.9725,0.252241
188.41789,8.9564,0.251553
188.41820,8.9611,0.249361
188.41851,8.9639,0.250761
188.41882,8.9611,0.252345
188.41907,8.9715,0.252345
188.41938,8.9695,0.250953
188.41969,8.9631,0.250161
188.42000,8.9658,0.250265
188.42031,8.9592,0.294025
188.42062,8.9744,0.251345
188.42087,8.9639,0.251345
188.42118,8.9611,0.247361
188.42149,8.9611,0.262921
188.42180,8.9648,0.249361
188.42211,8.9631,0.254137
188.42237,8.9564,0.254137
188.42268,8.9715,0.251345
188.42299,8.9734,0.253449
188.42330,8.9611,0.293441
188.42361,8.9602,0.251953
188.42392,8.9641,0.251265
188.42417,8.9602,0.251265
188.42448,8.9705,0.252137
188.42479,8.9639,0.249361
188.42510,8.9688,0.253449
188.42541,8.9697,0.250049
188.42572,8.9705,0.251057
188.42597,8.9631,0.251057
188.42628,8.9734,0.252553
188.42659,8.9715,0.253345
188.42690,8.9592,0.251345
188.42721,8.9688,0.253345
188.42746,8.9678,0.253345
188.42777,8.9725,0.251057
188.42808,8.9621,0.256833
188.42839,8.9705,0.254745
188.42870,8.9518,0.256833
188.42901,8.9668,0.256145
188.42927,8.9621,0.256145
188.42958,8.9639,0.255745
188.42989,8.9648,0.256937
188.43020,8.9658,0.252345
188.43051,8.9611,0.252241
188.43077,8.9688,0.252241
188.43107,8.9668,0.252345
188.43139,8.9678,0.251553
188.43170,8.9715,0.253137
188.43201,8.9688,0.252449
188.43231,8.9631,0.252553
188.43257,8.9688,0.252553
188.43288,8.9631,0.252953
188.43319,8.9688,0.292833
188.43350,8.9639,0.289745
188.43381,8.9574,0.289433
188.43412,8.9574,0.249761
188.43437,8.9705,0.249761
188.43468,8.9639,0.245569
188.43499,8.9621,0.262025
188.43530,8.9668,0.242193
188.43561,8.9668,0.256329
188.43586,8.9754,0.256329
188.43617,8.9688,0.238793
188.43648,8.9688,0.235993
188.43679,8.9688,0.239689
188.43710,8.9734,0.238897
188.43741,8.9781,0.237601
188.43767,8.9725,0.237601
188.43798,8.9631,0.286849
188.43829,8.9658,0.259129
188.43860,8.9639,0.248657
188.43890,8.9641,0.252553
188.43922,8.9611,0.250657
188.43947,8.9631,0.250657
188.43978,8.9648,0.254937
188.44009,8.9678,0.257625
188.44040,8.9631,0.251953
188.44071,8.9611,0.252849
188.44102,8.9611,0.252745
188.44127,8.9762,0.252745
188.44158,8.9734,0.255537
188.44189,8.9781,0.254249
188.44220,8.9725,0.255937
188.44251,8.9639,0.283049
188.44277,8.9545,0.283049
188.44308,8.9611,0.294129
188.44339,8.9631,0.290249
188.44369,8.9668,0.254249
188.44400,8.9678,0.264609
188.44431,8.9631,0.258937
188.44457,8.9658,0.258937
188.44488,8.9639,0.246065
188.44519,8.9715,0.246281
188.44550,8.9668,0.246569
188.44581,8.9725,0.248761
188.44612,8.9611,0.263113
188.44637,8.9688,0.263113
188.44668,8.9564,0.260337
188.44699,8.9678,0.272289
188.44730,8.9611,0.270097
188.44761,8.9658,0.259337
188.44787,8.9752,0.259337
188.44818,8.9705,0.253537
188.44849,8.9668,0.253641
188.44880,8.9678,0.253849
188.44911,8.9688,0.276665
188.44942,8.9602,0.290937
188.44967,8.9648,0.290937
188.44998,8.9621,0.267201
188.45029,8.9734,0.269993
188.45060,8.9574,0.270785
188.45091,8.9602,0.269809
188.45116,8.9695,0.269809
188.45147,8.9678,0.255937
188.45178,8.9631,0.262129
188.45209,8.9725,0.304993
188.45240,8.9602,0.265113
188.45271,8.9611,0.268905
188.45296,8.9658,0.268905
188.45327,8.9695,0.256937
188.45359,8.9668,0.253537
188.45390,8.9695,0.250761
188.45421,8.9641,0.246569
188.45452,8.9678,0.241873
188.45477,8.9621,0.241873
188.45508,8.9668,0.251449
188.45539,8.9648,0.246969
188.45570,8.9611,0.258937
188.45601,8.9639,0.250265
188.45626,8.9678,0.250265
188.45657,8.9631,0.250449
188.45688,8.9582,0.251657
188.45719,8.9631,0.251849
188.45750,8.9611,0.252241
188.45781,8.9668,0.252641
188.45806,8.9611,0.252641
188.45837,8.9621,0.248657
188.45868,8.9678,0.248761
188.45899,8.9771,0.249465
188.45930,8.9631,0.274481
188.45961,8.9611,0.284361
188.45987,8.9658,0.284361
188.46018,8.9648,0.284361
188.46049,8.9688,0.251449
188.46080,8.9668,0.243169
188.46111,8.9688,0.245569
188.46136,8.9715,0.245569
188.46167,8.9668,0.238793
188.46198,8.9658,0.249761
188.46229,8.9668,0.245465
188.46260,8.9631,0.234097
188.46291,8.9744,0.232617
188.46316,8.9752,0.232617
188.46347,8.9781,0.235705
188.46378,8.9697,0.235497
188.46409,8.9695,0.240289
188.46440,8.9688,0.251953
188.46471,8.9715,0.252241
188.46497,8.9688,0.252241
188.46527,8.9668,0.261625
188.46559,8.9688,0.249153
188.46590,8.9697,0.250761
188.46621,8.9705,0.250553
188.46646,8.9658,0.250553
188.46677,8.9621,0.246673
188.46708,8.9752,0.249657
188.46739,8.9734,0.247465
188.46770,8.9715,0.249153
188.46801,8.9762,0.247657
188.46826,8.9705,0.247657
188.46857,8.9688,0.246761
188.46888,8.9705,0.249257
188.46919,8.9535,0.255353
188.46950,8.9518,0.288449
188.46981,8.9621,0.287641
188.47006,8.9631,0.287641
188.47037,8.9725,0.288953
188.47068,8.9705,0.261625
188.47099,8.9621,0.258833
188.47130,8.9611,0.244169
188.47161,8.9695,0.235497
188.47187,8.9658,0.235497
188.47218,8.9705,0.226417
188.47249,8.9744,0.222225
188.47280,8.9639,0.221641
188.47311,8.9754,0.235889
188.47336,8.9715,0.235889
188.47367,8.9688,0.242481
188.47398,8.9725,0.251745
188.47429,8.9705,0.253537
188.47460,8.9725,0.227633
188.47491,8.9744,0.227713
188.47516,8.9611,0.227713
188.47547,8.9705,0.227529
188.47578,8.9621,0.229713
188.47609,8.9658,0.229921
188.47640,8.9715,0.229609
188.47671,8.9688,0.264505
188.47696,8.9715,0.264505
188.47727,8.9801,0.229025
188.47758,8.9639,0.254249
188.47790,8.9584,0.251345
188.47821,8.9705,0.231409
188.47846,8.9781,0.231409
188.47877,8.9611,0.230617
188.47908,8.9695,0.229025
188.47939,8.9678,0.227425
188.47970,8.9695,0.257329
188.48001,8.9592,0.243569
188.48026,8.9678,0.243569
188.48057,8.9744,0.228217
188.48088,8.9631,0.263113
188.48119,8.9695,0.228025
188.48150,8.9658,0.227817
188.48181,8.9715,0.261713
188.48207,8.9705,0.261713
188.48238,8.9818,0.234009
188.48268,8.9658,0.234809
188.48300,8.9639,0.264609
188.48331,8.9762,0.228817
188.48356,8.9801,0.228817
188.48387,8.9781,0.228321
188.48418,8.9555,0.232617
188.48449,8.9705,0.231009
188.48480,8.9678,0.243273
188.48511,8.9705,0.261025
188.48536,8.9668,0.261025
188.48567,8.9678,0.238393
188.48598,8.9648,0.265801
188.48629,8.9648,0.229609
188.48660,8.9715,0.228217
188.48691,8.9734,0.248257
188.48717,8.9564,0.248257
188.48747,8.9715,0.251449
188.48778,8.9762,0.230321
188.48809,8.9611,0.262129
188.48840,8.9639,0.231305
188.48866,8.9752,0.231305
188.48897,8.9678,0.228425
188.48928,8.9648,0.254457
188.48959,8.9762,0.226921
188.48990,8.9668,0.228609
188.49021,8.9648,0.263505
188.49046,8.9648,0.263505
188.49077,8.9752,0.229217
188.49108,8.9678,0.266513
188.49139,8.9639,0.244881
188.49170,8.9705,0.232305
188.49195,8.9715,0.232305
188.49227,8.9697,0.235305
188.49258,8.9695,0.269097
188.49288,8.9695,0.230009
188.49319,8.9678,0.258441
188.49350,8.9734,0.230905
188.49376,8.9658,0.230905
188.49407,8.9611,0.227817
188.49438,8.9555,0.236705
188.49469,8.9648,0.225729
188.49500,8.9725,0.230009
188.49531,8.9734,0.261313
188.49556,8.9639,0.261313
188.49587,8.9695,0.228713
188.49618,8.9725,0.239977
188.49649,8.9648,0.256145
188.49680,8.9734,0.226233
188.49706,8.9535,0.226233
188.49737,8.9631,0.228817
188.49768,8.9715,0.262713
188.49798,8.9688,0.226417
188.49830,8.9648,0.250553
188.49861,8.9621,0.250049
188.49886,8.9648,0.250049
188.49917,8.9744,0.229425
188.49948,8.9668,0.262529
188.49979,8.9668,0.228609
188.50010,8.9715,0.226129
188.50041,8.9678,0.256729
188.50066,8.9688,0.256729
188.50097,8.9688,0.228817
188.50128,8.9734,0.226313
188.50159,8.9639,0.263113
188.50190,8.9715,0.226521
188.50215,8.9715,0.226521
188.50246,8.9697,0.229217
188.50277,8.9611,0.261129
188.50308,8.9648,0.227025
188.50339,8.9744,0.230401
188.50370,8.9648,0.260337
188.50396,8.9697,0.260337
188.50427,8.9695,0.226633
188.50457,8.9678,0.227713
188.50489,8.9688,0.228025
188.50519,8.9725,0.227025
188.50550,8.9678,0.239585
188.50576,8.9611,0.239585
188.50607,8.9734,0.258521
188.50638,8.9762,0.226633
188.50669,8.9744,0.262129
188.50700,8.9631,0.228321
188.50731,8.9762,0.223337
188.50756,8.9725,0.223337
188.50787,8.9762,0.240793
188.50818,8.9688,0.225521
188.50849,8.9678,0.225729
188.50880,8.9678,0.257537
188.50911,8.9631,0.225729
188.50936,8.9762,0.225729
188.50967,8.9611,0.221937
188.50998,8.9658,0.243985
188.51029,8.9611,0.223041
188.51060,8.9678,0.223041
188.51085,8.9639,0.223041
188.51116,8.9631,0.258937
188.51147,8.9648,0.223937
188.51178,8.9688,0.255145
188.51209,8.9621,0.239481
188.51240,8.9715,0.227425
188.51265,8.9752,0.227425
188.51296,8.9631,0.225521
188.51327,8.9678,0.229009
188.51359,8.9639,0.227129
188.51390,8.9697,0.261921
188.51421,8.9621,0.232617
188.51446,8.9658,0.232617
188.51477,8.9725,0.227217
188.51508,8.9631,0.258937
188.51539,8.9725,0.225337
188.51570,8.9678,0.226417
188.51595,8.9621,0.226417
188.51626,8.9725,0.260129
188.51657,8.9668,0.229025
188.51688,8.9695,0.239689
188.51719,8.9648,0.260129
188.51750,8.9658,0.222145
188.51775,8.9725,0.222145
188.51806,8.9695,0.215161
188.51837,8.9895,0.216345
188.51868,8.9621,0.215761
188.51899,8.9688,0.220145
188.51930,8.9781,0.214361
188.51956,8.9744,0.214361
188.51987,8.9688,0.216345
188.52018,8.9734,0.229425
188.52049,8.9715,0.225833
188.52080,8.9658,0.236993
188.52111,8.9705,0.237681
188.52136,8.9688,0.237681
188.52167,8.9564,0.227217
188.52198,8.9715,0.226313
188.52229,8.9705,0.227321
188.52260,8.9697,0.226417
188.52285,8.9658,0.226417
188.52316,8.9658,0.226817
188.52347,8.9639,0.227529
188.52378,8.9715,0.227321
188.52409,8.9715,0.225233
188.52440,8.9725,0.226313
188.52465,8.9668,0.226313
188.52496,8.9705,0.229609
188.52527,8.9725,0.264609
188.52558,8.9744,0.266305
188.52590,8.9545,0.261921
188.52621,8.9688,0.253953
188.52646,8.9705,0.253953
188.52677,8.9564,0.235393
188.52708,8.9838,0.241873
188.52739,8.9754,0.223041
188.52770,8.9697,0.223545
188.52801,8.9781,0.217345
188.52826,8.9678,0.217345
188.52857,8.9695,0.223041
188.52888,8.9705,0.237289
188.52919,8.9725,0.234593
188.52950,8.9734,0.248553
188.52975,8.9648,0.248553
188.53006,8.9715,0.248257
188.53037,8.9621,0.238577
188.53068,8.9668,0.225729
188.53099,8.9688,0.227129
188.53130,8.9715,0.227025
188.53155,8.9631,0.227025
188.53186,8.9705,0.228713
188.53218,8.9705,0.226633
188.53249,8.9725,0.226129
188.53280,8.9744,0.227425
188.53310,8.9705,0.228321
188.53336,8.9715,0.228321
188.53367,8.9697,0.230505
188.53398,8.9725,0.227817
188.53429,8.9648,0.228713
188.53460,8.9762,0.230009
188.53491,8.9725,0.229817
188.53516,8.9781,0.229817
188.53547,8.9791,0.226233
188.53578,8.9725,0.226921
188.53609,8.9705,0.224937
188.53640,8.9695,0.221145
188.53665,8.9734,0.221145
188.53696,8.9602,0.228713
188.53727,8.9631,0.223625
188.53758,8.9611,0.226921
188.53789,8.9648,0.225417
188.53820,8.9725,0.225337
188.53846,8.9791,0.225337
188.53877,8.9658,0.222537
188.53908,8.9648,0.224025
188.53939,8.9762,0.221745
188.53970,8.9734,0.222433
188.54001,8.9639,0.226025
188.54026,8.9592,0.226025
188.54057,8.9715,0.226737
188.54088,8.9695,0.226417
188.54119,8.9668,0.227633
188.54150,8.9641,0.225833
188.54175,8.9715,0.225833
188.54206,8.9631,0.232305
188.54237,8.9641,0.265321
188.54268,8.9697,0.256641
188.54299,8.9631,0.222649
188.54330,8.9762,0.216449
188.54355,8.9715,0.216449
188.54387,8.9801,0.223441
188.54418,8.9715,0.218137
188.54631,8.9725,0.204081
188.54807,8.9695,0.239977
188.54983,8.9725,0.216553
188.55159,8.9658,0.219641
188.55335,8.9744,0.224025
188.55511,8.9658,0.208089
188.55687,8.9498,0.234809
188.55862,8.9734,0.222537
188.55888,8.9678,0.223129
188.55919,8.9678,0.222041
188.55949,8.9705,0.218953
188.55975,8.9771,0.218953
188.56006,8.9668,0.229817
188.56037,8.9611,0.219745
188.56068,8.9688,0.220849
188.56099,8.9695,0.223729
188.56130,8.9762,0.225833
188.56155,8.9695,0.225833
188.56186,8.9762,0.223337
188.56217,8.9688,0.224521
188.56248,8.9725,0.223545
188.56279,8.9705,0.222833
188.56310,8.9752,0.221641
188.56335,8.9705,0.221641
188.56366,8.9754,0.221249
188.56397,8.9754,0.226129
188.56429,8.9688,0.220745
188.56460,8.9705,0.223337
188.56485,8.9752,0.223337
188.56516,8.9744,0.222433
188.56547,8.9602,0.220745
188.56578,8.9734,0.222649
188.56609,8.9639,0.220849
188.56640,8.9705,0.222433
188.56665,8.9725,0.222433
188.56696,8.9725,0.221041
188.56727,8.9668,0.221041
188.56758,8.9734,0.221145
188.56789,8.9631,0.225625
188.56820,8.9762,0.225233
188.56845,8.9688,0.225233
188.56876,8.9592,0.225417
188.56907,8.9715,0.260337
188.56938,8.9582,0.265721
188.56969,8.9715,0.242881
188.56995,8.9715,0.242881
188.57026,8.9791,0.217745
188.57056,8.9762,0.219457
188.57087,8.9678,0.217241
188.57118,8.9791,0.218449
188.57149,8.9668,0.215049
188.57175,8.9744,0.215049
188.57206,8.9648,0.218345
188.57237,8.9668,0.205393
188.57268,8.9762,0.205481
188.57299,8.9688,0.204585
188.57330,8.9678,0.207481
188.57355,8.9725,0.207481
188.57386,8.9771,0.201993
188.57417,8.9744,0.229817
188.57448,8.9658,0.236601
188.57479,8.9668,0.225625
188.57510,8.9715,0.224937
188.57535,8.9771,0.224937
188.57566,8.9734,0.225233
188.57597,8.9734,0.225233
188.57628,8.9695,0.226921
188.57659,8.9668,0.225233
188.57685,8.9762,0.225233
188.57716,8.9641,0.224937
188.57747,8.9688,0.221745
188.57778,8.9725,0.221833
188.57809,8.9762,0.222833
188.57840,8.9668,0.221329
188.57865,8.9678,0.221329
188.57896,8.9715,0.249361
188.57927,8.9648,0.258441
188.57958,8.9658,0.259921
188.57989,8.9734,0.217849
188.58020,8.9715,0.227425
188.58045,8.9688,0.227425
188.58076,8.9658,0.226633
188.58107,8.9762,0.212569
188.58138,8.9705,0.209481
188.58169,8.9705,0.212865
188.58200,8.9744,0.222433
188.58225,8.9705,0.222433
188.58256,8.9631,0.228817
188.58287,8.9725,0.232617
188.58318,8.9715,0.240185
188.58349,8.9668,0.237601
188.58374,8.9828,0.237601
188.58406,8.9744,0.229609
188.58437,8.9752,0.218345
188.58467,8.9752,0.217745
188.58498,8.9734,0.220833
188.58529,8.9668,0.218641
188.58555,8.9734,0.218641
188.58586,8.9611,0.220249
188.58617,8.9678,0.218057
188.58648,8.9658,0.220537
188.58679,8.9715,0.218745
188.58710,8.9621,0.219249
188.58735,8.9631,0.219249
188.58766,8.9668,0.219537
188.58797,8.9668,0.217657
188.58828,8.9688,0.218849
188.58859,8.9725,0.218241
188.58885,8.9725,0.218241
188.58916,8.9725,0.217345
188.58947,8.9688,0.220249
188.58978,8.9754,0.224025
188.59009,8.9752,0.222041
188.59040,8.9725,0.219849
188.59065,8.9695,0.219849
188.59096,8.9762,0.220537
188.59127,8.9695,0.223441
188.59158,8.9688,0.218241
188.59189,8.9611,0.218641
188.59220,8.9611,0.220537
188.59245,8.9725,0.220537
188.59276,8.9734,0.219033
188.59307,8.9771,0.220249
188.59338,8.9688,0.217553
188.59369,8.9725,0.227425
188.59394,8.9715,0.227425
188.59425,8.9688,0.218561
188.59456,8.9809,0.213969
188.59487,8.9688,0.219537
188.59518,8.9668,0.223041
188.59549,8.9668,0.218561
188.59575,8.9801,0.218561
188.59605,8.9695,0.214657
188.59636,8.9641,0.229217
188.59667,8.9705,0.222329
188.59698,8.9734,0.224441
188.59729,8.9734,0.226025
188.59755,8.9781,0.226025
188.59786,8.9725,0.224521
188.59817,8.9762,0.219745
188.59848,8.9678,0.223441
188.59879,8.9695,0.222729
188.59910,8.9621,0.220849
188.59935,8.9695,0.220849
188.59966,8.9725,0.221937
188.59997,8.9762,0.219033
188.60028,8.9818,0.221249
188.60059,8.9668,0.221145
188.60084,8.9725,0.221145
188.60115,8.9705,0.224129
188.60146,8.9781,0.221833
188.60177,8.9648,0.222729
188.60208,8.9688,0.219353
188.60239,8.9678,0.222329
188.60264,8.9734,0.222329
188.60295,8.9734,0.222041
188.60326,8.9715,0.223833
188.60357,8.9715,0.226313
188.60388,8.9725,0.224625
188.60419,8.9648,0.225337
188.60444,8.9641,0.225337
188.60476,8.9695,0.225521
188.60506,8.9744,0.222041
188.60537,8.9648,0.220745
188.60568,8.9688,0.223729
188.60600,8.9715,0.257833
188.60625,8.9639,0.257833
188.60656,8.9631,0.256537
188.60687,8.9658,0.241689
188.60718,8.9781,0.211969
188.60749,8.9762,0.216657
188.60774,8.9668,0.216657
188.60805,8.9744,0.210377
188.60836,8.9668,0.220641
188.60867,8.9762,0.203289
188.60898,8.9781,0.205585
188.60929,8.9705,0.202705
188.60954,8.9639,0.202705
188.60985,8.9771,0.205185
188.61016,8.9762,0.211969
188.61047,8.9668,0.224441
188.61078,8.9678,0.224625
188.61109,8.9582,0.235497
188.61135,8.9744,0.235497
188.61166,8.9725,0.230617
188.61197,8.9697,0.221329
188.61228,8.9678,0.221937
188.61259,8.9668,0.222537
188.61285,8.9678,0.222537
188.61315,8.9762,0.222937
188.61346,8.9668,0.222329
188.61377,8.9688,0.222537
188.61408,8.9725,0.220249
188.61439,8.9762,0.223129
188.61465,8.9688,0.223129
188.61496,8.9705,0.227529
188.61527,8.9639,0.224441
188.61558,8.9668,0.271289
188.61589,8.9648,0.261713
188.61620,8.9639,0.258625
188.61645,8.9631,0.258625
188.61676,8.9715,0.220041
188.61707,8.9715,0.232409
188.61738,8.9744,0.223337
188.61769,8.9744,0.217657
188.61794,8.9688,0.217657
188.61825,8.9801,0.216265
188.61856,8.9725,0.219249
188.61887,8.9791,0.231113
188.61918,8.9631,0.228609
188.61949,8.9668,0.229025
188.61975,8.9705,0.229025
188.62006,8.9705,0.239185
188.62037,8.9744,0.233009
188.62068,8.9715,0.219745
188.62099,8.9705,0.218745
188.62129,8.9668,0.218849
188.62155,8.9791,0.218849
188.62186,8.9705,0.217745
188.62217,8.9688,0.217657
188.62248,8.9705,0.220433
188.62279,8.9725,0.218137
188.62304,8.9725,0.218137
188.62335,8.9688,0.211465
188.62366,8.9705,0.218057
188.62397,8.9631,0.220353
188.62429,8.9744,0.221249
188.62459,8.9809,0.220537
188.62485,8.9668,0.220537
188.62516,8.9695,0.221249
188.62547,8.9781,0.223441
188.62578,8.9754,0.221641
188.62609,8.9668,0.218449
188.62634,8.9688,0.218449
188.62665,8.9668,0.217953
188.62696,8.9648,0.218953
188.62727,8.9781,0.219953
188.62758,8.9762,0.220353
188.62789,8.9791,0.217345
188.62814,8.9791,0.217345
188.62845,8.9695,0.219457
188.62876,8.9688,0.220145
188.62907,8.9725,0.219033
188.62938,8.9631,0.217849
188.62969,8.9725,0.217553
188.62994,8.9771,0.217553
188.63025,8.9668,0.219537
188.63056,8.9688,0.218745
188.63087,8.9678,0.219249
188.63118,8.9715,0.220041
188.63149,8.9678,0.221249
188.63175,8.9639,0.221249
188.63206,8.9688,0.225729
188.63236,8.9705,0.261713
188.63268,8.9639,0.259625
188.63299,8.9688,0.257041
188.63324,8.9668,0.257041
188.63355,8.9725,0.218449
188.63386,8.9715,0.211569
188.63417,8.9678,0.207273
188.63448,8.9688,0.215049
188.63479,8.9695,0.212569
188.63504,8.9688,0.212569
188.63535,8.9678,0.214553
188.63566,8.9705,0.200809
188.63597,8.9631,0.199201
188.63628,8.9697,0.205081
188.63659,8.9715,0.205481
188.63684,8.9781,0.205481
188.63715,8.9771,0.211465
188.63746,8.9658,0.226233
188.63777,8.9725,0.235393
188.63808,8.9648,0.224833
188.63834,8.9621,0.224833
188.63864,8.9695,0.225129
188.63895,8.9697,0.227217
188.63927,8.9621,0.225233
188.63958,8.9639,0.224233
188.63989,8.9688,0.222937
188.64014,8.9744,0.222937
188.64045,8.9705,0.220641
188.64076,8.9602,0.222537
188.64107,8.9621,0.224025
188.64138,8.9658,0.221249
188.64169,8.9734,0.222433
188.64194,8.9705,0.222433
188.64225,8.9762,0.239185
188.64256,8.9648,0.258833
188.64287,8.9648,0.260025
188.64318,8.9631,0.218345
188.64343,8.9658,0.218345
188.64374,8.9688,0.231721
188.64405,8.9695,0.225025
188.64436,8.9725,0.214049
188.64467,8.9688,0.212073
188.64498,8.9697,0.212569
188.64524,8.9688,0.212569
188.64555,8.9688,0.219145
188.64586,8.9771,0.229921
188.64617,8.9771,0.229713
188.64648,8.9631,0.242585
188.64678,8.9688,0.244569
188.64704,8.9725,0.244569
188.64735,8.9648,0.226921
188.64766,8.9611,0.224337
188.64797,8.9725,0.219457
188.64828,8.9734,0.222225
188.64854,8.9762,0.222225
188.64885,8.9818,0.220041
188.64916,8.9639,0.225521
188.64946,8.9791,0.220641
188.64978,8.9744,0.220537
188.65009,8.9658,0.254137
188.65034,8.9668,0.254137
188.65065,8.9695,0.220641
188.65096,8.9648,0.232217
188.65127,8.9668,0.252953
188.65158,8.9725,0.217553
188.65189,8.9631,0.219745
188.65214,8.9705,0.219745
188.65245,8.9818,0.258937
188.65276,8.9771,0.222649
188.65307,8.9762,0.244673
188.65338,8.9631,0.246969
188.65369,8.9752,0.226633
188.65394,8.9668,0.226633
188.65425,8.9648,0.226313
188.65456,8.9611,0.225233
188.65487,8.9688,0.223129
188.65518,8.9715,0.245777
188.65544,8.9535,0.245777
188.65575,8.9725,0.239793
188.65605,8.9715,0.217161
188.65637,8.9648,0.258441
188.65668,8.9695,0.234009
188.65699,8.9865,0.221537
188.65724,8.9592,0.221537
188.65755,8.9639,0.252345
188.65786,8.9734,0.220249
188.65817,8.9818,0.224337
188.65848,8.9648,0.256249
188.65879,8.9715,0.219353
188.65904,8.9715,0.219353
188.65935,8.9668,0.222649
188.65966,8.9621,0.231009
188.65997,8.9781,0.224833
188.66028,8.9752,0.234009
188.66053,8.9621,0.234009
188.66085,8.9705,0.253137
188.66116,8.9725,0.218345
188.66146,8.9678,0.255249
188.66177,8.9762,0.220145
188.66208,8.9762,0.217553
188.66234,8.9715,0.217553
188.66265,8.9715,0.235201
188.66296,8.9771,0.218345
188.66327,8.9705,0.216553
188.66358,8.9705,0.253137
188.66388,8.9668,0.217657
188.66414,8.9725,0.217657
188.66445,8.9734,0.218561
188.66476,8.9678,0.240585
188.66507,8.9695,0.218161
188.66538,8.9705,0.218345
188.66569,8.9715,0.258041
188.66594,8.9695,0.258041
188.66625,8.9648,0.226313
188.66656,8.9658,0.251953
188.66687,8.9705,0.236889
188.66718,8.9754,0.218849
188.66743,8.9658,0.218849
188.66774,8.9631,0.221641
188.66805,8.9621,0.219849
188.66836,8.9734,0.221729
188.66867,8.9801,0.250449
188.66898,8.9688,0.229321
188.66924,8.9725,0.229321
188.66955,8.9668,0.219457
188.66986,8.9668,0.255249
188.67016,8.9611,0.218449
188.67047,8.9688,0.217745
188.67079,8.9648,0.252241
188.67104,8.9715,0.252241
188.67135,8.9648,0.221041
188.67166,8.9678,0.233009
188.67197,8.9621,0.249657
188.67228,8.9631,0.219353
188.67253,8.9668,0.219353
188.67284,8.9648,0.219641
188.67315,8.9715,0.222433
188.67346,8.9781,0.220937
188.67377,8.9668,0.239793
188.67408,8.9715,0.247177
188.67434,8.9725,0.247177
188.67465,8.9705,0.224625
188.67495,8.9631,0.257729
188.67526,8.9648,0.219537
188.67557,8.9705,0.220353
188.67588,8.9734,0.243089
188.67614,8.9688,0.243089
188.67645,8.9695,0.238393
188.67676,8.9744,0.218561
188.67707,8.9631,0.255433
188.67738,8.9725,0.218449
188.67769,8.9668,0.218241
188.67794,8.9639,0.218241
188.67825,8.9715,0.237185
188.67856,8.9725,0.221537
188.67887,8.9791,0.222649
188.67918,8.9688,0.256329
188.67944,8.9668,0.256329
188.67974,8.9705,0.221329
188.68006,8.9744,0.257433
188.68037,8.9658,0.229425
188.68067,8.9762,0.223937
188.68098,8.9621,0.233697
188.68124,8.9762,0.233697
188.68155,8.9744,0.258625
188.68186,8.9744,0.226025
188.68217,8.9715,0.255641
188.68248,8.9688,0.225337
188.68279,8.9688,0.221329
188.68304,8.9715,0.221329
188.68335,8.9611,0.234009
188.68366,8.9725,0.221329
188.68397,8.9744,0.220145
188.68428,8.9725,0.256249
188.68453,8.9801,0.256249
188.68484,8.9658,0.220641
188.68515,8.9781,0.240689
188.68546,8.9621,0.242273
188.68577,8.9781,0.221833
188.68608,8.9678,0.217241
188.68634,8.9695,0.217241
188.68665,8.9582,0.255641
188.68696,8.9734,0.222537
188.68726,8.9734,0.248657
188.68757,8.9678,0.242273
188.68788,8.9705,0.223041
188.68814,8.9648,0.223041
188.68845,8.9641,0.223441
188.68876,8.9611,0.223625
188.68907,8.9791,0.221937
188.68937,8.9688,0.252553
188.68963,8.9658,0.252553
188.68994,8.9734,0.227129
188.69025,8.9752,0.210377
188.69057,8.9611,0.211281
188.69088,8.9734,0.205977
188.69118,8.9734,0.209481
188.69144,8.9715,0.209481
188.69175,8.9734,0.216057
188.69206,8.9771,0.213569
188.69237,8.9648,0.216449
188.69268,8.9678,0.218345
188.69293,8.9725,0.218345
188.69324,8.9668,0.226817
188.69355,8.9752,0.230009
188.69386,8.9602,0.221041
188.69417,8.9725,0.223337
188.69448,8.9611,0.224625
188.69473,8.9725,0.224625
188.69504,8.9725,0.225921
188.69535,8.9648,0.224729
188.69566,8.9705,0.217745
188.69597,8.9695,0.225625
188.69628,8.9809,0.222329
188.69654,8.9668,0.222329
188.69684,8.9668,0.221041
188.69716,8.9744,0.221145
188.69747,8.9705,0.240081
188.69778,8.9754,0.267305
188.69803,8.9791,0.267305
188.69834,8.9621,0.257625
188.69865,8.9648,0.258441
188.69896,8.9648,0.229025
188.69927,8.9611,0.227529
188.69958,8.9668,0.215553
188.69983,8.9715,0.215553
188.70014,8.9688,0.215265
188.70045,8.9828,0.214553
188.70076,8.9705,0.221145
188.70107,8.9658,0.229713
188.70138,8.9641,0.230113
188.70163,8.9705,0.230113
188.70194,8.9715,0.230401
188.70225,8.9697,0.246177
188.70256,8.9725,0.232217
188.70287,8.9781,0.223625
188.70318,8.9668,0.223937
188.70343,8.9744,0.223937
188.70375,8.9705,0.219537
188.70406,8.9658,0.217345
188.70437,8.9631,0.222433
188.70467,8.9678,0.220433
188.70493,8.9668,0.220433
188.70524,8.9744,0.219953
188.70555,8.9658,0.221433
188.70586,8.9695,0.220537
188.70617,8.9857,0.218849
188.70648,8.9754,0.219953
188.70673,8.9762,0.219953
188.70704,8.9658,0.220041
188.70735,8.9791,0.219033
188.70766,8.9752,0.218241
188.70797,8.9715,0.221745
188.70828,8.9695,0.223729
188.70853,8.9639,0.223729
188.70884,8.9781,0.221249
188.70915,8.9762,0.223441
188.70946,8.9781,0.222833
188.70977,8.9592,0.226129
188.71008,8.9668,0.221641
188.71033,8.9631,0.221641
188.71064,8.9688,0.221537
188.71095,8.9621,0.214361
188.71126,8.9781,0.215553
188.71157,8.9658,0.221745
188.71183,8.9688,0.221745
188.71214,8.9791,0.219641
188.71245,8.9668,0.219641
188.71276,8.9725,0.219849
188.71306,8.9762,0.218137
188.71338,8.9725,0.219849
188.71363,8.9809,0.219849
188.71394,8.9678,0.220249
188.71425,8.9648,0.256537
188.71456,8.9611,0.257537
188.71487,8.9678,0.253641
188.71513,8.9734,0.253641
188.71544,8.9705,0.262425
188.71575,8.9715,0.220353
188.71606,8.9715,0.212673
188.71637,8.9715,0.217449
188.71668,8.9725,0.225233
188.71693,8.9658,0.225233
188.71724,8.9611,0.217449
188.71755,8.9715,0.202889
188.71786,8.9762,0.202601
188.71817,8.9697,0.200409
188.71848,8.9771,0.206873
188.71873,8.9678,0.206873
188.71904,8.9705,0.208169
188.71935,8.9715,0.216449
188.71966,8.9631,0.229025
188.71997,8.9705,0.231009
188.72023,8.9754,0.231009
188.72053,8.9734,0.221249
188.72084,8.9705,0.222537
188.72115,8.9658,0.222225
188.72146,8.9688,0.222041
188.72177,8.9705,0.222145
188.72203,8.9791,0.222145
188.72234,8.9734,0.223833
188.72265,8.9688,0.222433
188.72296,8.9725,0.224521
188.72327,8.9668,0.225025
188.72357,8.9697,0.225417
188.72383,8.9715,0.225417
188.72414,8.9771,0.224025
188.72445,8.9582,0.256537
188.72476,8.9668,0.258233
188.72507,8.9688,0.258041
188.72538,8.9611,0.220353
188.72563,8.9725,0.220353
188.72594,8.9611,0.231801
188.72625,8.9725,0.212865
188.72656,8.9668,0.215161
188.72688,8.9744,0.215049
188.72713,8.9705,0.215049
188.72744,8.9725,0.214553
188.72775,8.9695,0.218057
188.72806,8.9715,0.229217
188.72837,8.9744,0.227321
188.72868,8.9631,0.239481
188.72893,8.9621,0.239481
188.72924,8.9744,0.233305
188.72955,8.9725,0.224441
188.72986,8.9678,0.223937
188.73017,8.9695,0.222649
188.73048,8.9705,0.222329
188.73073,8.9734,0.222329
188.73104,8.9658,0.222329
188.73135,8.9705,0.221145
188.73166,8.9648,0.222145
188.73197,8.9695,0.218449
188.73223,8.9734,0.218449
188.73254,8.9697,0.221537
188.73284,8.9734,0.221041
188.73315,8.9705,0.221833
188.73347,8.9744,0.221041
188.73377,8.9725,0.220641
188.73403,8.9715,0.220641
188.73434,8.9725,0.221249
188.73465,8.9752,0.223833
188.73496,8.9771,0.220353
188.73527,8.9762,0.221329
188.73558,8.9762,0.221145
188.73583,8.9678,0.221145
188.73614,8.9695,0.220849
188.73645,8.9771,0.223545
188.73676,8.9668,0.226025
188.73707,8.9658,0.224441
188.73738,8.9734,0.226817
188.73763,8.9678,0.226817
188.73794,8.9762,0.223545
188.73826,8.9744,0.221433
188.73857,8.9762,0.231409
188.73888,8.9648,0.223233
188.73913,8.9725,0.223233
188.73944,8.9695,0.216265
188.73975,8.9762,0.218641
188.74006,8.9734,0.223937
188.74037,8.9668,0.221833
188.74068,8.9725,0.219033
188.74093,8.9818,0.219033
188.74124,8.9564,0.253345
188.74155,8.9639,0.257937
188.74186,8.9621,0.258521
188.74217,8.9744,0.219745
188.74248,8.9705,0.216953
188.74273,8.9725,0.216953
188.74304,8.9668,0.213569
188.74335,8.9648,0.218745
188.74366,8.9838,0.217241
188.74398,8.9734,0.222041
188.74423,8.9771,0.222041
188.74454,8.9705,0.205977
188.74485,8.9809,0.205585
188.74516,8.9791,0.199305
188.74547,8.9658,0.205289
188.74572,8.9744,0.205289
188.74603,8.9678,0.208673
188.74634,8.9705,0.216657
188.74665,8.9725,0.234993
188.74696,8.9725,0.219641
188.74727,8.9697,0.218345
188.74752,8.9725,0.218345
188.74783,8.9715,0.221745
188.74814,8.9715,0.220249
188.74845,8.9791,0.219249
188.74876,8.9734,0.217849
188.74907,8.9715,0.220249
188.74933,8.9688,0.220249
188.74964,8.9725,0.218641
188.74995,8.9705,0.217241
188.75026,8.9697,0.224441
188.75057,8.9715,0.223625
188.75088,8.9801,0.243673
188.75113,8.9695,0.243673
188.75144,8.9697,0.266905
188.75175,8.9631,0.260921
188.75206,8.9688,0.214761
188.75237,8.9744,0.230217
188.75262,8.9715,0.230217
188.75293,8.9705,0.226025
188.75324,8.9705,0.214361
188.75355,8.9762,0.209481
188.75386,8.9734,0.210777
188.75417,8.9725,0.212865
188.75442,8.9744,0.212865
188.75473,8.9705,0.213969
188.75504,8.9688,0.225337
188.75535,8.9715,0.240377
188.75566,8.9631,0.241289
188.75598,8.9658,0.229425
188.75623,8.9744,0.229425
188.75654,8.9744,0.217345
188.75685,8.9658,0.219353
188.75716,8.9725,0.222225
188.75747,8.9678,0.220745
188.75772,8.9744,0.220745
188.75803,8.9678,0.220353
188.75834,8.9697,0.221041
188.75865,8.9688,0.221329
188.75896,8.9592,0.222225
188.75927,8.9668,0.216553
188.75952,8.9809,0.216553
188.75983,8.9678,0.217241
188.76014,8.9734,0.217657
188.76045,8.9715,0.220537
188.76076,8.9781,0.219457
188.76107,8.9744,0.219457
188.76132,8.9668,0.219457
188.76163,8.9658,0.219641
188.76195,8.9725,0.218641
188.76226,8.9744,0.217449
188.76256,8.9688,0.216345
188.76287,8.9648,0.218641
188.76313,8.9668,0.218641
188.76344,8.9631,0.218849
188.76375,8.9668,0.220433
188.76406,8.9705,0.221641
188.76437,8.9658,0.221833
188.76462,8.9744,0.221833
188.76493,8.9695,0.222329
188.76524,8.9771,0.223937
188.76555,8.9734,0.224337
188.76586,8.9695,0.222145
188.76617,8.9734,0.221433
188.76642,8.9762,0.221433
188.76673,8.9781,0.221145
188.76704,8.9725,0.219849
188.76735,8.9688,0.221329
188.76766,8.9631,0.227921
188.76798,8.9725,0.225833
188.76823,8.9744,0.225833
188.76854,8.9744,0.221329
188.76885,8.9752,0.221433
188.76916,8.9658,0.221041
188.76947,8.9744,0.220249
188.76972,8.9688,0.220249
188.77003,8.9762,0.220849
188.77034,8.9668,0.220433
188.77065,8.9678,0.220745
188.77096,8.9715,0.220641
188.77127,8.9658,0.225337
188.77152,8.9695,0.225337
188.77183,8.9715,0.224441
188.77214,8.9752,0.223833
188.77245,8.9744,0.219249
188.77276,8.9725,0.224729
188.77307,8.9725,0.220433
188.77332,8.9695,0.220433
188.77363,8.9771,0.223233
188.77394,8.9695,0.220849
188.77425,8.9582,0.222433
188.77456,8.9688,0.224833
188.77487,8.9734,0.221537
188.77513,8.9725,0.221537
188.77544,8.9658,0.221641
188.77574,8.9762,0.221833
188.77605,8.9734,0.221729
188.77636,8.9678,0.223233
188.77667,8.9744,0.220433
188.77693,8.9725,0.220433
188.77724,8.9564,0.224441
188.77755,8.9688,0.223833
188.77786,8.9725,0.230825
188.77817,8.9734,0.262713
188.77842,8.9678,0.262713
188.77873,8.9639,0.260729
188.77904,8.9695,0.260025
188.77935,8.9725,0.218449
188.77966,8.9744,0.234489
188.77997,8.9771,0.215369
188.78022,8.9744,0.215369
188.78053,8.9631,0.214257
188.78084,8.9762,0.203105
188.78115,8.9752,0.204289
188.78146,8.9752,0.202097
188.78177,8.9678,0.204497
188.78202,8.9801,0.204497
188.78234,8.9725,0.208273
188.78265,8.9801,0.220249
188.78296,8.9744,0.229817
188.78327,8.9648,0.234913
188.78352,8.9639,0.234913
188.78383,8.9715,0.221041
188.78414,8.9744,0.218849
188.78445,8.9725,0.220145
188.78476,8.9688,0.223833
188.78507,8.9809,0.222433
188.78532,8.9781,0.222433
188.78563,8.9865,0.225833
188.78594,8.9688,0.223441
188.78625,8.9705,0.225921
188.78656,8.9734,0.225625
188.78687,8.9705,0.223937
188.78712,8.9762,0.223937
188.78743,8.9678,0.222833
188.78774,8.9705,0.260729
188.78805,8.9688,0.260921
188.78836,8.9631,0.256729
188.78867,8.9631,0.215161
188.78892,8.9639,0.215161
188.78923,8.9658,0.230505
188.78954,8.9648,0.212569
188.78985,8.9771,0.211777
188.79016,8.9705,0.206977
188.79047,8.9705,0.211465
188.79072,8.9762,0.211465
188.79103,8.9771,0.211673
188.79134,8.9744,0.228321
188.79165,8.9688,0.228609
188.79197,8.9705,0.239977
188.79222,8.9688,0.239977
188.79253,8.9762,0.235201
188.79284,8.9744,0.220249
188.79315,8.9668,0.221433
188.79346,8.9611,0.220537
188.79377,8.9752,0.221937
188.79402,8.9725,0.221937
188.79433,8.9688,0.220249
188.79464,8.9762,0.221145
188.79495,8.9688,0.219537
188.79526,8.9715,0.219457
188.79557,8.9697,0.215049
188.79582,8.9705,0.215049
188.79613,8.9725,0.220641
188.79644,8.9621,0.219745
188.79675,8.9725,0.219145
188.79706,8.9725,0.220433
188.79732,8.9715,0.220433
188.79763,8.9688,0.217553
188.79794,8.9697,0.220537
188.79825,8.9639,0.218953
188.79856,8.9801,0.218561
188.79887,8.9678,0.221433
188.79912,8.9715,0.221433
188.79943,8.9762,0.228529
188.79974,8.9697,0.224625
188.80005,8.9725,0.223729
188.80036,8.9688,0.223833
188.80067,8.9725,0.221433
188.80092,8.9762,0.221433
188.80123,8.9818,0.222833
188.80154,8.9762,0.218849
188.80185,8.9695,0.220641
188.80216,8.9678,0.219641
188.80241,8.9695,0.219641
188.80272,8.9762,0.219457
188.80303,8.9771,0.222537
188.80334,8.9715,0.218849
188.80366,8.9658,0.217345
188.80397,8.9639,0.219849
188.80422,8.9705,0.219849
188.80453,8.9545,0.253137
188.80484,8.9611,0.260337
188.80515,8.9744,0.253745
188.80546,8.9809,0.216057
188.80572,8.9744,0.216057
188.80603,8.9688,0.220145
188.80634,8.9715,0.221641
188.80665,8.9678,0.219641
188.80696,8.9781,0.217057
188.80726,8.9752,0.225833
188.80752,8.9705,0.225833
188.80783,8.9668,0.207089
188.80814,8.9791,0.204585
188.80845,8.9734,0.203689
188.80876,8.9668,0.208089
188.80907,8.9621,0.208169
188.80932,8.9744,0.208169
188.80963,8.9754,0.219641
188.80994,8.9697,0.232905
188.81025,8.9631,0.227921
188.81056,8.9668,0.222145
188.81081,8.9668,0.222145
188.81112,8.9688,0.222649
188.81143,8.9705,0.219145
188.81174,8.9631,0.220641
188.81205,8.9734,0.220537
188.81236,8.9688,0.220937
188.81261,8.9818,0.220937
188.81292,8.9688,0.220641
188.81323,8.9668,0.223937
188.81354,8.9725,0.226129
188.81385,8.9725,0.227713
188.81416,8.9658,0.233113
188.81442,8.9574,0.233113
188.81473,8.9574,0.262321
188.81504,8.9648,0.259129
188.81534,8.9648,0.216449
188.81566,8.9688,0.231009
188.81592,8.9781,0.231009
188.81623,8.9678,0.228713
188.81654,8.9744,0.214553
188.81685,8.9781,0.214049
188.81716,8.9762,0.210065
188.81747,8.9705,0.215161
188.81772,8.9725,0.215161
188.81803,8.9648,0.228217
188.81834,8.9744,0.230617
188.81865,8.9715,0.244777
188.81896,8.9639,0.248657
188.81921,8.9668,0.248657
188.81952,8.9762,0.236393
188.81983,8.9771,0.218241
188.82014,8.9688,0.223441
188.82045,8.9648,0.223233
188.82076,8.9688,0.228921
188.82101,8.9744,0.228921
188.82132,8.9668,0.225233
188.82163,8.9705,0.224025
188.82195,8.9639,0.225233
188.82225,8.9705,0.245169
188.82256,8.9678,0.243569
188.82282,8.9621,0.243569
188.82313,8.9611,0.220353
188.82344,8.9648,0.258233
188.82375,8.9688,0.222329
188.82406,8.9715,0.220353
188.82436,8.9744,0.249465
188.82462,8.9621,0.249465
188.82493,8.9715,0.236601
188.82524,8.9754,0.222537
188.82555,8.9725,0.255937
188.82586,8.9611,0.221329
188.82617,8.9668,0.219745
188.82642,8.9781,0.219745
188.82673,8.9705,0.255249
188.82704,8.9771,0.222833
188.82735,8.9658,0.230009
188.82766,8.9668,0.256537
188.82791,8.9695,0.256537
188.82822,8.9744,0.224729
188.82854,8.9781,0.256145
188.82884,8.9744,0.225337
188.82915,8.9734,0.218561
188.82946,8.9725,0.230113
188.82972,8.9744,0.230113
188.83003,8.9705,0.250761
188.83034,8.9705,0.221329
188.83065,8.9631,0.252161
188.83095,8.9705,0.219537
188.83127,8.9715,0.220145
188.83152,8.9734,0.220145
188.83183,8.9688,0.240585
188.83214,8.9715,0.217345
188.83245,8.9658,0.219033
188.83276,8.9668,0.252641
188.83301,8.9668,0.252641
188.83332,8.9678,0.220937
188.83363,8.9688,0.243481
188.83394,8.9744,0.237289
188.83425,8.9688,0.219849
188.83456,8.9715,0.221433
188.83482,8.9621,0.221433
188.83513,8.9668,0.257225
188.83544,8.9658,0.217161
188.83575,8.9688,0.252849
188.83606,8.9639,0.233009
188.83631,8.9678,0.233009
188.83662,8.9715,0.219537
188.83693,8.9678,0.224129
188.83724,8.9611,0.214865
188.83755,8.9762,0.219457
188.83786,8.9697,0.254433
188.83811,8.9678,0.254433
188.83842,8.9781,0.226025
188.83873,8.9695,0.216553
188.83904,8.9688,0.255833
188.83935,8.9592,0.219537
188.83966,8.9621,0.218849
188.83992,8.9762,0.218849
188.84023,8.9734,0.253537
188.84054,8.9611,0.219145
188.84085,8.9658,0.238577
188.84116,8.9555,0.252241
188.84141,8.9688,0.252241
188.84172,8.9648,0.222937
188.84203,8.9771,0.222729
188.84234,8.9621,0.223129
188.84265,8.9762,0.221145
188.84296,8.9762,0.241377
188.84321,8.9639,0.241377
188.84352,8.9688,0.240481
188.84383,8.9658,0.217657
188.84414,8.9574,0.253537
188.84634,8.9592,0.256641
188.84810,8.9688,0.228921
188.84986,8.9725,0.224233
188.85162,8.9715,0.253449
188.85338,8.9639,0.220745
188.85514,8.9688,0.221041
188.85689,8.9658,0.236289
188.85865,8.9771,0.257225
188.85885,8.9631,0.225337
188.85916,8.9791,0.220537
188.85947,8.9734,0.232113
188.85972,8.9695,0.232113
188.86003,8.9725,0.255641
188.86034,8.9752,0.221537
188.86065,8.9715,0.255433
188.86096,8.9574,0.223833
188.86127,8.9752,0.221641
188.86152,8.9771,0.221641
188.86183,8.9648,0.243569
188.86214,8.9744,0.219145
188.86245,8.9611,0.211361
188.86276,8.9695,0.217745
188.86307,8.9725,0.213657
188.86332,8.9705,0.213657
188.86363,8.9752,0.212673
188.86394,8.9715,0.207481
188.86425,8.9771,0.211569
188.86456,8.9801,0.213073
188.86487,8.9734,0.219537
188.86512,8.9771,0.219537
188.86543,8.9695,0.218057
188.86574,8.9688,0.226817
188.86606,8.9781,0.219849
188.86637,8.9678,0.220145
188.86662,8.9705,0.220145
188.86693,8.9705,0.221041
188.86724,8.9771,0.222729
188.86755,8.9754,0.219745
188.86786,8.9668,0.223233
188.86817,8.9695,0.221041
188.86842,8.9695,0.221041
188.86873,8.9744,0.221249
188.86904,8.9705,0.223833
188.86935,8.9725,0.221641
188.86966,8.9695,0.236393
188.86997,8.9688,0.263321
188.87022,8.9658,0.263321
188.87053,8.9621,0.268009
188.87084,8.9631,0.219353
188.87115,8.9705,0.228713
188.87146,8.9715,0.227321
188.87172,8.9668,0.227321
188.87203,8.9705,0.219849
188.87234,8.9658,0.212761
188.87265,8.9725,0.207689
188.87296,8.9744,0.210273
188.87321,8.9695,0.210273
188.87352,8.9668,0.225521
188.87383,8.9668,0.231113
188.87414,8.9648,0.239585
188.87445,8.9697,0.241481
188.87476,8.9602,0.231801
188.87502,8.9668,0.231801
188.87532,8.9668,0.217553
188.87564,8.9744,0.227817
188.87595,8.9678,0.217849
188.87625,8.9631,0.222833
188.87656,8.9648,0.222537
188.87682,8.9639,0.222537
188.87713,8.9791,0.221833
188.87744,8.9631,0.222649
188.87775,8.9725,0.222833
188.87806,8.9857,0.219353
188.87831,8.9734,0.219353
188.87862,8.9744,0.218745
188.87893,8.9725,0.220249
188.87924,8.9658,0.218953
188.87955,8.9688,0.217745
188.87986,8.9734,0.218449
188.88012,8.9781,0.218449
188.88043,8.9734,0.222225
188.88074,8.9762,0.218953
188.88105,8.9668,0.216657
188.88135,8.9744,0.218449
188.88166,8.9771,0.219033
188.88192,8.9631,0.219033
188.88223,8.9734,0.220745
188.88254,8.9734,0.221329
188.88285,8.9641,0.221041
188.88316,8.9705,0.221249
188.88347,8.9752,0.225337
188.88372,8.9744,0.225337
188.88403,8.9705,0.220537
188.88434,8.9688,0.222225
188.88465,8.9697,0.222041
188.88496,8.9752,0.221145
188.88522,8.9695,0.221145
188.88553,8.9705,0.217241
188.88584,8.9725,0.219457
188.88614,8.9715,0.220249
188.88645,8.9648,0.235393
188.88676,8.9725,0.255537
188.88702,8.9688,0.255537
188.88733,8.9668,0.259625
188.88764,8.9678,0.216953
188.88795,8.9695,0.212761
188.88826,8.9705,0.218953
188.88857,8.9648,0.208377
188.88882,8.9705,0.208377
188.88913,8.9688,0.219745
188.88944,8.9744,0.209377
188.88975,8.9668,0.205585
188.89006,8.9678,0.204497
188.89032,8.9695,0.204497
188.89063,8.9744,0.205585
188.89094,8.9752,0.207193
188.89125,8.9668,0.211865
188.89156,8.9574,0.215265
188.89187,8.9715,0.219145
188.89212,8.9658,0.219145
188.89243,8.9705,0.232113
188.89274,8.9695,0.221833
188.89305,8.9668,0.220249
188.89336,8.9734,0.221937
188.89361,8.9688,0.221937
188.89392,8.9678,0.227425
188.89423,8.9715,0.220353
188.89454,8.9725,0.221729
188.89485,8.9678,0.221433
188.89516,8.9688,0.221041
188.89541,8.9678,0.221041
188.89572,8.9715,0.220249
188.89604,8.9744,0.221641
188.89635,8.9639,0.221249
188.89666,8.9771,0.256225
188.89697,8.9715,0.257537
188.89722,8.9648,0.257537
188.89753,8.9668,0.260417
188.89784,8.9688,0.223233
188.89815,8.9639,0.231113
188.89846,8.9658,0.231009
188.89871,8.9734,0.231009
188.89902,8.9734,0.217057
188.89933,8.9697,0.214153
188.89964,8.9715,0.213073
188.89995,8.9678,0.224521
188.90026,8.9744,0.229217
188.90051,8.9641,0.229217
188.90082,8.9705,0.228921
188.90113,8.9602,0.230113
188.90144,8.9688,0.234305
188.90175,8.9762,0.223545
188.90207,8.9648,0.220641
188.90232,8.9688,0.220641
188.90263,8.9668,0.219033
188.90294,8.9705,0.219745
188.90325,8.9678,0.222649
188.90356,8.9715,0.219937
188.90381,8.9611,0.219937
188.90412,8.9801,0.223041
188.90443,8.9725,0.228529
188.90474,8.9744,0.224833
188.90505,8.9658,0.225833
188.90536,8.9744,0.226737
188.90561,8.9658,0.226737
188.90592,8.9688,0.225233
188.90623,8.9715,0.220145
188.90654,8.9744,0.219249
188.90685,8.9668,0.218745
188.90716,8.9705,0.221249
188.90741,8.9631,0.221249
188.90772,8.9678,0.217449
188.90804,8.9725,0.220353
188.90835,8.9631,0.219937
188.90866,8.9734,0.220641
188.90897,8.9791,0.221537
188.90922,8.9725,0.221537
188.90953,8.9555,0.219457
188.90984,8.9715,0.219953
188.91015,8.9695,0.221249
188.91046,8.9688,0.218449
188.91071,8.9752,0.218449
188.91102,8.9621,0.219745
188.91133,8.9658,0.218561
188.91164,8.9688,0.222537
188.91195,8.9744,0.220849
188.91226,8.9631,0.221249
188.91251,8.9762,0.221249
188.91282,8.9688,0.223545
188.91313,8.9705,0.224441
188.91344,8.9668,0.254641
188.91375,8.9621,0.256433
188.91407,8.9668,0.256041
188.91432,8.9639,0.256041
188.91463,8.9801,0.241273
188.91494,8.9771,0.216745
188.91525,8.9697,0.208377
188.91556,8.9725,0.215161
188.91581,8.9744,0.215161
188.91612,8.9744,0.213865
188.91643,8.9715,0.215265
188.91674,8.9705,0.202289
188.91705,8.9695,0.201705
188.91736,8.9771,0.201993
188.91761,8.9771,0.201993
188.91792,8.9668,0.207481
188.91823,8.9695,0.223833
188.91854,8.9648,0.221745
188.91885,8.9781,0.231113
188.91916,8.9668,0.233697
188.91941,8.9734,0.233697
188.91972,8.9678,0.225233
188.92004,8.9695,0.222145
188.92035,8.9697,0.218641
188.92066,8.9725,0.226233
188.92091,8.9658,0.226233
188.92122,8.9695,0.218953
188.92153,8.9752,0.221145
188.92184,8.9744,0.221641
188.92215,8.9781,0.219641
188.92246,8.9688,0.220353
188.92271,8.9734,0.220353
188.92302,8.9641,0.219057
188.92333,8.9715,0.260025
188.92364,8.9631,0.264217
188.92395,8.9688,0.256537
188.92426,8.9705,0.257937
188.92451,8.9801,0.257937
188.92482,8.9705,0.222145
188.92513,8.9639,0.229609
188.92544,8.9752,0.214361
188.92576,8.9678,0.212465
188.92601,8.9705,0.212465
188.92632,8.9715,0.217057
188.92663,8.9574,0.213657
188.92694,8.9697,0.220937
188.92725,8.9668,0.227921
188.92756,8.9715,0.229713
188.92781,8.9611,0.229713
188.92812,8.9695,0.239897
188.92843,8.9715,0.223145
188.92874,8.9705,0.223729
188.92905,8.9771,0.220745
188.92936,8.9762,0.220145
188.92961,8.9678,0.220145
188.92992,8.9705,0.221745
188.93023,8.9695,0.222041
188.93054,8.9791,0.219353
188.93085,8.9688,0.216849
188.93116,8.9744,0.221641
188.93141,8.9658,0.221641
188.93173,8.9781,0.220433
188.93204,8.9658,0.224129
188.93235,8.9809,0.226817
188.93266,8.9705,0.223233
188.93291,8.9725,0.223233
188.93322,8.9695,0.224337
188.93353,8.9744,0.224233
188.93384,8.9688,0.223041
188.93415,8.9705,0.221641
188.93446,8.9648,0.222145
188.93472,8.9725,0.222145
188.93503,8.9762,0.221249
188.93533,8.9648,0.215049
188.93564,8.9641,0.226233
188.93595,8.9725,0.223545
188.93621,8.9744,0.223545
188.93652,8.9658,0.220641
188.93683,8.9695,0.220145
188.93714,8.9705,0.220537
188.93745,8.9809,0.219145
188.93776,8.9762,0.220249
188.93801,8.9762,0.220249
188.93832,8.9754,0.219953
188.93863,8.9725,0.222041
188.93894,8.9715,0.222041
188.93925,8.9688,0.218641
188.93956,8.9744,0.224441
188.93981,8.9678,0.224441
188.94012,8.9639,0.223625
188.94043,8.9678,0.224025
188.94074,8.9771,0.223937
188.94105,8.9621,0.222225
188.94130,8.9754,0.222225
188.94161,8.9744,0.220353
188.94192,8.9752,0.220041
188.94223,8.9734,0.218449
188.94254,8.9648,0.220641
188.94285,8.9695,0.217953
188.94311,8.9791,0.217953
188.94342,8.9688,0.224729
188.94373,8.9688,0.219849
188.94404,8.9678,0.218641
188.94435,8.9688,0.220433
188.94466,8.9658,0.220641
188.94491,8.9705,0.220641
188.94522,8.9725,0.219849
188.94553,8.9705,0.222649
188.94584,8.9695,0.221937
188.94615,8.9678,0.225337
188.94646,8.9781,0.221433
188.94671,8.9688,0.221433
188.94702,8.9725,0.221249
188.94733,8.9592,0.222041
188.94764,8.9678,0.223833
188.94795,8.9771,0.225025
188.94826,8.9725,0.218449
188.94851,8.9762,0.218449
188.94882,8.9705,0.221041
188.94913,8.9725,0.221249
188.94944,8.9791,0.222225
188.94975,8.9695,0.220145
188.95001,8.9725,0.220145
188.95032,8.9725,0.221433
188.95063,8.9688,0.259233
188.95094,8.9631,0.255833
188.95125,8.9611,0.258337
188.95156,8.9688,0.219033
188.95181,8.9705,0.219033
188.95212,8.9762,0.215049
188.95243,8.9754,0.211177
188.95274,8.9678,0.213865
188.95305,8.9688,0.215657
188.95336,8.9668,0.207481
188.95361,8.9725,0.207481
188.95392,8.9688,0.205689
188.95423,8.9744,0.209673
188.95454,8.9648,0.211569
188.95485,8.9688,0.214657
188.95510,8.9668,0.214657
188.95541,8.9611,0.216849
188.95572,8.9621,0.233513
188.95604,8.9801,0.219953
188.95635,8.9762,0.219033
188.95666,8.9715,0.220537
188.95691,8.9535,0.220537
188.95722,8.9592,0.219249
188.95753,8.9705,0.220433
188.95784,8.9695,0.220745
188.95815,8.9668,0.219937
188.95846,8.9688,0.220353
188.95871,8.9715,0.220353
188.95902,8.9734,0.219033
188.95933,8.9771,0.218745
188.95964,8.9688,0.219249
188.95995,8.9658,0.249257
188.96020,8.9744,0.249257
188.96051,8.9658,0.260417
188.96082,8.9734,0.258937
188.96113,8.9639,0.223041
188.96144,8.9762,0.233305
188.96175,8.9688,0.227817
188.96201,8.9791,0.227817
188.96232,8.9725,0.213073
188.96263,8.9688,0.211865
188.96294,8.9688,0.212177
188.96325,8.9771,0.212969
188.96356,8.9781,0.218561
188.96381,8.9697,0.218561
188.96412,8.9715,0.231113
188.96443,8.9744,0.239185
188.96474,8.9695,0.235201
188.96505,8.9725,0.221041
188.96536,8.9688,0.219249
188.96561,8.9631,0.219249
188.96592,8.9688,0.218057
188.96623,8.9752,0.218849
188.96654,8.9715,0.220433
188.96685,8.9725,0.216345
188.96710,8.9744,0.216345
188.96741,8.9648,0.220145
188.96772,8.9754,0.222329
188.96804,8.9734,0.220145
188.96835,8.9648,0.221041
188.96866,8.9697,0.222833
188.96891,8.9744,0.222833
188.96922,8.9734,0.221833
188.96953,8.9592,0.218137
188.96984,8.9668,0.222249
188.97015,8.9695,0.218449
188.97040,8.9688,0.218449
188.97071,8.9697,0.219745
188.97102,8.9688,0.218241
188.97133,8.9744,0.218057
188.97164,8.9648,0.226233
188.97195,8.9734,0.230721
188.97220,8.9744,0.230721
188.97251,8.9678,0.222145
188.97282,8.9715,0.221833
188.97313,8.9678,0.223041
188.97344,8.9705,0.221433
188.97375,8.9801,0.220249
188.97401,8.9705,0.220249
188.97432,8.9725,0.223545
188.97463,8.9668,0.223625
188.97494,8.9762,0.223545
188.97525,8.9648,0.218641
188.97556,8.9631,0.223833
188.97581,8.9695,0.223833
188.97612,8.9668,0.227321
188.97643,8.9639,0.221041
188.97674,8.9668,0.257433
188.97705,8.9621,0.258833
188.97730,8.9611,0.258833
188.97761,8.9592,0.259337
188.97792,8.9848,0.247865
188.97823,8.9705,0.219641
188.97854,8.9648,0.210065
188.97885,8.9668,0.218345
188.97910,8.9697,0.218345
188.97941,8.9602,0.215657
188.97972,8.9725,0.218241
188.98004,8.9695,0.204001
188.98035,8.9641,0.200889
188.98066,8.9715,0.201705
188.98091,8.9725,0.201705
188.98122,8.9695,0.202097
188.98153,8.9648,0.210377
188.98184,8.9678,0.221537
188.98215,8.9668,0.235497
188.98240,8.9828,0.235497
188.98271,8.9648,0.235889
188.98302,8.9688,0.223441
188.98333,8.9744,0.218849
188.98364,8.9762,0.221833
188.98395,8.9611,0.219745
188.98420,8.9725,0.219745
188.98451,8.9648,0.223937
188.98482,8.9791,0.220353
188.98513,8.9771,0.220641
188.98544,8.9781,0.219641
188.98575,8.9744,0.220353
188.98601,8.9668,0.220353
188.98632,8.9697,0.222537
188.98663,8.9744,0.258337
188.98694,8.9631,0.266801
188.98725,8.9725,0.258233
188.98750,8.9697,0.258233
188.98781,8.9865,0.261233
188.98812,8.9762,0.221937
188.98843,8.9668,0.229505
188.98874,8.9631,0.218137
188.98905,8.9705,0.217241
188.98930,8.9695,0.217241
188.98961,8.9801,0.217057
188.98992,8.9631,0.218057
188.99023,8.9678,0.217449
188.99054,8.9725,0.228425
188.99085,8.9648,0.232305
188.99110,8.9771,0.232305
188.99141,8.9678,0.238289
188.99172,8.9725,0.226921
188.99204,8.9658,0.219745
188.99235,8.9771,0.220849
188.99260,8.9668,0.220849
188.99291,8.9781,0.218345
188.99322,8.9648,0.219937
188.99353,8.9725,0.248073
188.99384,8.9695,0.246177
188.99415,8.9688,0.222937
188.99440,8.9705,0.222937
188.99471,8.9641,0.219745
188.99502,8.9648,0.255537
188.99533,8.9705,0.219745
188.99564,8.9715,0.252161
188.99595,8.9705,0.237681
188.99620,8.9725,0.237681
188.99651,8.9688,0.224521
188.99682,8.9695,0.256537
188.99713,8.9705,0.219249
188.99744,8.9695,0.218345
188.99775,8.9705,0.252745
188.99801,8.9678,0.252745
188.99832,8.9658,0.229025
188.99863,8.9725,0.224833
188.99894,8.9762,0.252641
188.99925,8.9631,0.218561
188.99950,8.9611,0.218561
188.99981,8.9668,0.220353
189.00012,8.9688,0.252553
189.00043,8.9688,0.220641
189.00074,8.9734,0.231409
189.00105,8.9791,0.251345
189.00130,8.9668,0.251345
189.00161,8.9734,0.218345
189.00192,8.9668,0.255641
189.00223,8.9705,0.224441
189.00254,8.9688,0.223233
189.00285,8.9639,0.239689
189.00310,8.9668,0.239689
189.00341,8.9658,0.251745
189.00372,8.9762,0.231905
189.00404,8.9592,0.253641
189.00435,8.9668,0.220353
189.00460,8.9592,0.220353
189.00491,8.9695,0.222433
189.00522,8.9668,0.246177
189.00553,8.9715,0.218137
189.00584,8.9744,0.220249
189.00615,8.9668,0.253057
189.00640,8.9697,0.253057
189.00671,8.9752,0.216657
189.00702,8.9754,0.244065
189.00733,8.9705,0.233409
189.00764,8.9744,0.220353
189.00795,8.9648,0.220041
189.00820,8.9668,0.220041
189.00851,8.9705,0.252161
189.00882,8.9688,0.218057
189.00913,8.9715,0.257833
189.00944,8.9678,0.232513
189.00975,8.9791,0.222433
189.01001,8.9688,0.222433
189.01032,8.9574,0.229113
189.01063,8.9754,0.221041
189.01094,8.9668,0.220849
189.01125,8.9658,0.250953
189.01150,8.9592,0.250953
189.01181,8.9762,0.221433
189.01212,8.9705,0.232697
189.01243,8.9705,0.250161
189.01274,8.9695,0.217657
189.01305,8.9574,0.216761
189.01330,8.9688,0.216761
189.01361,8.9744,0.254137
189.01392,8.9668,0.219849
189.01423,8.9744,0.240689
189.01454,8.9725,0.245569
189.01485,8.9715,0.223041
189.01510,8.9752,0.223041
189.01541,8.9705,0.215761
189.01572,8.9668,0.220353
189.01604,8.9734,0.221329
189.01635,8.9678,0.251449
189.01660,8.9734,0.251449
189.01691,8.9744,0.240585
189.01722,8.9725,0.224833
189.01753,8.9771,0.258041
189.01784,8.9631,0.223337
189.01815,8.9725,0.222145
189.01840,8.9725,0.222145
189.01871,8.9678,0.252057
189.01902,8.9688,0.219457
189.01933,8.9725,0.223233
189.01964,8.9658,0.256937
189.01995,8.9715,0.219745
189.02020,8.9715,0.219745
189.02051,8.9658,0.222225
189.02082,8.9602,0.224337
189.02113,8.9695,0.218849
189.02144,8.9752,0.229217
189.02169,8.9639,0.229217
189.02201,8.9725,0.254433
189.02232,8.9697,0.220641
189.02263,8.9744,0.261521
189.02294,8.9592,0.222041
189.02325,8.9678,0.224625
189.02350,8.9688,0.224625
189.02381,8.9725,0.240689
189.02412,8.9695,0.221833
189.02443,8.9734,0.224025
189.02474,8.9631,0.258121
189.02499,8.9631,0.258121
189.02530,8.9705,0.221433
189.02561,8.9734,0.220041
189.02592,8.9697,0.241185
189.02623,8.9715,0.221433
189.02654,8.9695,0.218449
189.02680,8.9611,0.218449
189.02710,8.9725,0.255937
189.02741,8.9668,0.223729
189.02772,8.9695,0.252241
189.02804,8.9648,0.235201
189.02835,8.9678,0.220433
189.02860,8.9688,0.220433
189.02891,8.9648,0.225625
189.02922,8.9631,0.221729
189.02953,8.9639,0.222041
189.02984,8.9688,0.256329
189.03015,8.9668,0.230825
189.03040,8.9668,0.230825
189.03071,8.9648,0.224025
189.03102,8.9762,0.256145
189.03133,8.9697,0.224025
189.03164,8.9705,0.223833
189.03195,8.9678,0.256329
189.03220,8.9705,0.256329
189.03251,8.9801,0.226313
189.03282,8.9744,0.232905
189.03313,8.9648,0.253537
189.03344,8.9705,0.219457
189.03370,8.9715,0.219457
189.03401,8.9705,0.220849
189.03432,8.9715,0.217241
189.03463,8.9781,0.209881
189.03494,8.9725,0.208985
189.03525,8.9658,0.209961
189.03550,8.9725,0.209961
189.03581,8.9697,0.212865
189.03612,8.9678,0.221745
189.03643,8.9801,0.207193
189.03674,8.9705,0.212569
189.03699,8.9809,0.212569
189.03730,8.9744,0.219641
189.03761,8.9668,0.220249
189.03792,8.9648,0.236097
189.03823,8.9641,0.221537
189.03854,8.9705,0.224729
189.03879,8.9715,0.224729
189.03910,8.9744,0.222537
189.03941,8.9734,0.218449
189.03972,8.9658,0.218849
189.04004,8.9781,0.217449
189.04035,8.9658,0.218953
189.04060,8.9678,0.218953
189.04091,8.9725,0.219937
189.04122,8.9725,0.220641
189.04153,8.9648,0.219249
189.04184,8.9734,0.220937
189.04209,8.9648,0.220937
189.04240,8.9705,0.259521
189.04271,8.9734,0.263113
189.04302,8.9631,0.251849
189.04333,8.9725,0.224129
189.04364,8.9695,0.228217
189.04389,8.9688,0.228217
189.04420,8.9705,0.229817
189.04451,8.9781,0.214657
189.04482,8.9668,0.215265
189.04513,8.9648,0.218137
189.04544,8.9725,0.227817
189.04570,8.9752,0.227817
189.04601,8.9678,0.233305
189.04632,8.9641,0.234593
189.04663,8.9641,0.243673
189.04694,8.9715,0.233097
189.04719,8.9771,0.233097
189.04750,8.9752,0.218449
189.04781,8.9725,0.218745
189.04812,8.9752,0.217345
189.04843,8.9762,0.218345
189.04874,8.9715,0.218641
189.04899,8.9697,0.218641
189.04930,8.9762,0.219033
189.04961,8.9678,0.216657
189.04992,8.9705,0.220041
189.05023,8.9734,0.219145
189.05054,8.9668,0.216449
189.05080,8.9688,0.216449
189.05111,8.9715,0.217849
189.05141,8.9744,0.219249
189.05172,8.9678,0.221833
189.05204,8.9631,0.222433
189.05235,8.9602,0.222433
189.05260,8.9818,0.222433
189.05291,8.9762,0.222433
189.05322,8.9695,0.219641
189.05353,8.9602,0.218849
189.05384,8.9734,0.219849
189.05409,8.9688,0.219849
189.05440,8.9744,0.212761
189.05471,8.9762,0.219953
189.05502,8.9631,0.218561
189.05533,8.9762,0.217849
189.05564,8.9695,0.219249
189.05589,8.9705,0.219249
189.05620,8.9688,0.220433
189.05651,8.9631,0.223625
189.05682,8.9678,0.219745
189.05713,8.9715,0.222145
189.05744,8.9744,0.221537
189.05769,8.9734,0.221537
189.05801,8.9688,0.220041
189.05832,8.9715,0.220849
189.05863,8.9695,0.225833
189.05894,8.9668,0.264817
189.05919,8.9611,0.264817
189.05950,8.9621,0.267201
189.05981,8.9668,0.229609
189.06012,8.9752,0.216761
189.06043,8.9725,0.219849
189.06074,8.9648,0.209881
189.06099,8.9697,0.209881
189.06130,8.9725,0.218449
189.06161,8.9705,0.211281
189.06192,8.9762,0.212761
189.06223,8.9725,0.204897
189.06254,8.9762,0.205289
189.06280,8.9668,0.205289
189.06310,8.9705,0.202497
189.06341,8.9734,0.207585
189.06372,8.9688,0.216449
189.06404,8.9744,0.217057
189.06435,8.9639,0.232409
189.06460,8.9668,0.232409
189.06491,8.9725,0.231305
189.06522,8.9725,0.224025
189.06553,8.9809,0.223041
189.06584,8.9697,0.222433
189.06609,8.9688,0.222433
189.06640,8.9631,0.221249
189.06671,8.9668,0.223833
189.06702,8.9781,0.223833
189.06733,8.9688,0.222937
189.06764,8.9705,0.225129
189.06789,8.9631,0.225129
189.06820,8.9668,0.218449
189.06851,8.9602,0.221433
189.06882,8.9715,0.261521
189.06913,8.9658,0.267201
189.06944,8.9668,0.258729
189.06969,8.9621,0.258729
189.07001,8.9725,0.258625
189.07032,8.9705,0.230401
189.07063,8.9639,0.229025
189.07094,8.9744,0.214657
189.07119,8.9648,0.214657
189.07150,8.9762,0.213865
189.07181,8.9678,0.212465
189.07212,8.9695,0.217241
189.07243,8.9697,0.223041
189.07274,8.9705,0.233305
189.07299,8.9762,0.233305
189.07330,8.9781,0.233009
189.07361,8.9678,0.244377
189.07392,8.9697,0.233009
189.07423,8.9705,0.223233
189.07454,8.9695,0.221433
189.07479,8.9705,0.221433
189.07510,8.9621,0.222249
189.07541,8.9695,0.221833
189.07572,8.9857,0.221833
189.07604,8.9715,0.220041
189.07629,8.9688,0.220041
189.07660,8.9639,0.221537
189.07691,8.9631,0.222329
189.07722,8.9715,0.221641
189.07753,8.9695,0.224441
189.07784,8.9648,0.221937
189.07809,8.9678,0.221937
189.07840,8.9771,0.222433
189.07871,8.9695,0.221745
189.07902,8.9801,0.219745
189.07933,8.9688,0.218449
189.07964,8.9754,0.225025
189.07989,8.9725,0.225025
189.08020,8.9762,0.222041
189.08051,8.9705,0.222937
189.08082,8.9668,0.222041
189.08113,8.9734,0.220145
189.08139,8.9688,0.220145
189.08170,8.9744,0.218745
189.08201,8.9697,0.220537
189.08232,8.9648,0.218849
189.08263,8.9705,0.216849
189.08294,8.9771,0.219537
189.08319,8.9762,0.219537
189.08350,8.9801,0.218161
189.08381,8.9678,0.220641
189.08412,8.9734,0.220433
189.08443,8.9705,0.218953
189.08474,8.9668,0.220641
189.08499,8.9762,0.220641
189.08530,8.9621,0.221329
189.08561,8.9668,0.257433
189.08592,8.9639,0.262529
189.08623,8.9725,0.257729
189.08654,8.9648,0.253241
189.08679,8.9631,0.253241
189.08710,8.9762,0.219249
189.08741,8.9715,0.209569
189.08772,8.9725,0.217745
189.08804,8.9678,0.218137
189.08829,8.9688,0.218137
189.08860,8.9725,0.211865
189.08891,8.9725,0.201993
189.08922,8.9734,0.200409
189.08953,8.9705,0.200497
189.08984,8.9762,0.204497
189.09009,8.9744,0.204497
189.09040,8.9809,0.204977
189.09071,8.9725,0.218137
189.09102,8.9648,0.229609
189.09133,8.9668,0.230401
189.09164,8.9818,0.218241
189.09189,8.9688,0.218241
189.09220,8.9705,0.219145
189.09251,8.9715,0.219033
189.09282,8.9752,0.218241
189.09313,8.9744,0.220249
189.09344,8.9725,0.220849
189.09370,8.9648,0.220849
189.09401,8.9752,0.221641
189.09432,8.9744,0.220641
189.09463,8.9725,0.222329
189.09494,8.9688,0.222145
189.09519,8.9695,0.222145
189.09550,8.9678,0.219457
189.09581,8.9668,0.263113
189.09612,8.9582,0.256537
189.09643,8.9688,0.256537
189.09674,8.9688,0.223729
189.09699,8.9695,0.223729
189.09730,8.9744,0.228921
189.09761,8.9648,0.214465
189.09792,8.9668,0.216761
189.09823,8.9658,0.212673
189.09848,8.9705,0.212673
189.09879,8.9865,0.214257
189.09910,8.9771,0.214761
189.09941,8.9631,0.232113
189.09972,8.9574,0.234809
189.10004,8.9648,0.245169
189.10029,8.9762,0.245169
189.10060,8.9668,0.236889
189.10091,8.9725,0.225921
189.10122,8.9705,0.222937
189.10153,8.9734,0.222433
189.10184,8.9734,0.223937
189.10209,8.9648,0.223937
189.10240,8.9744,0.219849
189.10271,8.9734,0.220641
189.10302,8.9715,0.220745
189.10333,8.9752,0.220433
189.10358,8.9508,0.220433
189.10389,8.9678,0.221537
189.10420,8.9688,0.221537
189.10451,8.9818,0.221249
189.10482,8.9668,0.223129
189.10513,8.9744,0.221329
189.10539,8.9695,0.221329
189.10570,8.9734,0.223337
189.10601,8.9818,0.219353
189.10632,8.9715,0.217953
189.10663,8.9752,0.223545
189.10694,8.9639,0.221041
189.10719,8.9725,0.221041
189.10750,8.9781,0.223625
189.10781,8.9678,0.224833
189.10812,8.9668,0.225129
189.10843,8.9705,0.224625
189.10874,8.9695,0.225921
189.10899,8.9688,0.225921
189.10930,8.9639,0.221937
189.10961,8.9771,0.224833
189.10992,8.9688,0.221329
189.11023,8.9705,0.220353
189.11048,8.9705,0.220353
189.11079,8.9725,0.221249
189.11110,8.9791,0.215865
189.11141,8.9734,0.219457
189.11172,8.9688,0.223337
189.11203,8.9752,0.222041
189.11229,8.9734,0.222041
189.11260,8.9734,0.221833
189.11290,8.9648,0.223145
189.11322,8.9725,0.221041
189.11353,8.9781,0.221937
189.11384,8.9678,0.223729
189.11409,8.9771,0.223729
189.11440,8.9648,0.222329
189.11471,8.9771,0.228217
189.11502,8.9715,0.224337
189.11533,8.9648,0.226129
189.11564,8.9631,0.224521
189.11589,8.9781,0.224521
189.11620,8.9611,0.226817
189.11651,8.9695,0.220641
189.11682,8.9668,0.223625
189.11713,8.9744,0.220145
189.11744,8.9678,0.222833
189.11769,8.9668,0.222833
189.11801,8.9648,0.221433
189.11832,8.9688,0.221833
189.11863,8.9762,0.222041
189.11894,8.9725,0.222937
189.11919,8.9648,0.222937
189.11950,8.9678,0.225417
189.11981,8.9734,0.221433
189.12012,8.9705,0.220641
189.12043,8.9621,0.218849
189.12074,8.9668,0.222649
189.12099,8.9688,0.222649
189.12130,8.9705,0.223441
189.12161,8.9762,0.227233
189.12192,8.9695,0.221249
189.12223,8.9744,0.223833
189.12248,8.9725,0.223833
189.12279,8.9611,0.236201
189.12310,8.9715,0.263505
189.12341,8.9678,0.253449
189.12372,8.9658,0.212761
189.12404,8.9695,0.210673
189.12429,8.9678,0.210673
189.12460,8.9752,0.217657
189.12491,8.9668,0.214465
189.12522,8.9734,0.217241
189.12553,8.9762,0.202705
189.12578,8.9744,0.202705
189.12609,8.9705,0.201305
189.12640,8.9668,0.199305
189.12671,8.9725,0.207273
189.12702,8.9744,0.210673
189.12733,8.9725,0.215865
189.12758,8.9725,0.215865
189.12789,8.9564,0.225129
189.12820,8.9678,0.233201
189.12851,8.9688,0.223233
189.12882,8.9725,0.222937
189.12913,8.9744,0.221641
189.12938,8.9705,0.221641
189.12969,8.9705,0.218745
189.13000,8.9781,0.222833
189.13032,8.9678,0.222225
189.13062,8.9752,0.228529
189.13093,8.9744,0.219145
189.13119,8.9791,0.219145
189.13150,8.9809,0.219353
189.13181,8.9658,0.219953
189.13212,8.9705,0.255433
189.13243,8.9678,0.262217
189.13274,8.9648,0.259233
189.13299,8.9621,0.259233
189.13330,8.9725,0.257329
189.13361,8.9688,0.225417
189.13392,8.9678,0.224521
189.13423,8.9705,0.211177
189.13448,8.9771,0.211177
189.13479,8.9801,0.215049
189.13510,8.9744,0.210273
189.13541,8.9781,0.215049
189.13572,8.9641,0.218641
189.13603,8.9734,0.227425
189.13629,8.9725,0.227425
189.13659,8.9611,0.232905
189.13691,8.9705,0.232801
189.13722,8.9725,0.222649
189.13753,8.9705,0.219745
189.13783,8.9678,0.218745
189.13809,8.9678,0.218745
189.13840,8.9678,0.218641
189.13871,8.9688,0.221937
189.13902,8.9781,0.220641
189.13933,8.9705,0.223441
189.13958,8.9678,0.223441
189.13989,8.9734,0.221433
189.14020,8.9688,0.221145
189.14051,8.9715,0.222433
189.14082,8.9678,0.222041
189.14113,8.9621,0.221833
189.14138,8.9668,0.221833
189.14169,8.9695,0.224441
189.14200,8.9639,0.223337
189.14231,8.9781,0.225233
189.14262,8.9678,0.226129
189.14293,8.9639,0.224233
189.14318,8.9725,0.224233
189.14350,8.9668,0.226921
189.14381,8.9695,0.223233
189.14412,8.9781,0.222937
189.14637,8.9658,0.222433
189.14813,8.9781,0.221833
189.14989,8.9668,0.251745
189.15164,8.9744,0.217057
189.15341,8.9695,0.204689
189.15517,8.9705,0.215049
189.15692,8.9639,0.222833
189.15868,8.9668,0.220937
189.15888,8.9725,0.217553
189.15913,8.9725,0.235809
189.15938,8.9678,0.235809
189.15969,8.9695,0.255353
189.16000,8.9705,0.258121
189.16031,8.9762,0.216553
189.16062,8.9744,0.228425
189.16093,8.9725,0.229321
189.16118,8.9715,0.229321
189.16149,8.9611,0.223545
189.16180,8.9725,0.210273
189.16211,8.9801,0.207985
189.16242,8.9688,0.212865
189.16268,8.9688,0.212865
189.16298,8.9678,0.213257
189.16329,8.9621,0.226817
189.16360,8.9744,0.241977
189.16391,8.9658,0.240481
189.16422,8.9658,0.229609
189.16448,8.9648,0.229609
189.16479,8.9715,0.221329
189.16510,8.9801,0.222729
189.16541,8.9734,0.217657
189.16572,8.9658,0.217657
189.16602,8.9668,0.223729
189.16628,8.9668,0.223729
189.16659,8.9744,0.256537
189.16690,8.9705,0.217057
189.16721,8.9668,0.256145
189.16752,8.9695,0.219353
189.16783,8.9678,0.219457
189.16808,8.9631,0.219457
189.16839,8.9678,0.232009
189.16870,8.9695,0.218449
189.16901,8.9809,0.218641
189.16932,8.9688,0.253241
189.16958,8.9688,0.253241
189.16989,8.9744,0.220745
189.17020,8.9695,0.218745
189.17051,8.9688,0.246465
189.17081,8.9771,0.221041
189.17113,8.9715,0.223441
189.17138,8.9668,0.223441
189.17169,8.9705,0.258521
189.17200,8.9678,0.222729
189.17231,8.9754,0.246361
189.17262,8.9678,0.240081
189.17293,8.9771,0.221249
189.17318,8.9752,0.221249
189.17349,8.9611,0.221041
189.17380,8.9678,0.221041
189.17411,8.9678,0.218745
189.17442,8.9639,0.252553
189.17468,8.9725,0.252553
189.17498,8.9828,0.229609
189.17529,8.9705,0.219249
189.17560,8.9688,0.260025
189.17591,8.9658,0.230321
189.17622,8.9744,0.220145
189.17648,8.9695,0.220145
189.17679,8.9688,0.253449
189.17710,8.9611,0.221145
189.17740,8.9648,0.231409
189.17772,8.9658,0.256433
189.17803,8.9725,0.220745
189.17828,8.9668,0.220745
189.17859,8.9611,0.220937
189.17890,8.9715,0.224025
189.17921,8.9648,0.221041
189.17952,8.9744,0.236393
189.17983,8.9574,0.249945
189.18008,8.9762,0.249945
189.18039,8.9705,0.221249
189.18070,8.9715,0.253641
189.18101,8.9678,0.221329
189.18132,8.9648,0.222537
189.18158,8.9631,0.222537
189.18188,8.9631,0.244777
189.18220,8.9752,0.222433
189.18250,8.9695,0.224129
189.18281,8.9715,0.256833
189.18312,8.9678,0.222433
189.18338,8.9734,0.222433
189.18369,8.9705,0.220249
189.18400,8.9621,0.238289
189.18431,8.9771,0.223041
189.18462,8.9752,0.224937
189.18493,8.9744,0.259921
189.18518,8.9752,0.259921
189.18549,8.9688,0.222225
189.18580,8.9695,0.256145
189.18611,8.9621,0.229905
189.18642,8.9734,0.221041
189.18667,8.9648,0.221041
189.18698,8.9744,0.223833
189.18729,8.9678,0.255249
189.18760,8.9734,0.220249
189.18791,8.9658,0.254641
189.18822,8.9584,0.223041
189.18847,8.9621,0.223041
189.18878,8.9688,0.219641
189.18909,8.9648,0.233201
189.18940,8.9734,0.218561
189.18971,8.9715,0.226129
189.19002,8.9602,0.251553
189.19027,8.9602,0.251553
189.19058,8.9658,0.223337
189.19089,8.9744,0.223441
189.19120,8.9695,0.251241
189.19151,8.9781,0.224521
189.19183,8.9648,0.223145
189.19208,8.9762,0.223145
189.19239,8.9631,0.259233
189.19270,8.9582,0.223441
189.19301,8.9695,0.246969
189.19332,8.9688,0.239977
189.19357,8.9771,0.239977
189.19388,8.9621,0.232905
189.19419,8.9668,0.255745
189.19450,8.9668,0.223041
189.19481,8.9744,0.219849
189.19512,8.9715,0.252745
189.19538,8.9697,0.252745
189.19569,8.9668,0.228817
189.19600,8.9668,0.224833
189.19630,8.9725,0.257329
189.19662,8.9725,0.221433
189.19693,8.9705,0.223441
189.19718,8.9602,0.223441
189.19749,8.9648,0.254537
189.19780,8.9678,0.221433
189.19811,8.9621,0.229817
189.19842,8.9648,0.258337
189.19867,8.9602,0.258337
189.19898,8.9688,0.224441
189.19929,8.9668,0.227025
189.19960,8.9752,0.224337
189.19991,8.9762,0.225729
189.20022,8.9705,0.235305
189.20047,8.9705,0.235305
189.20078,8.9734,0.250345
189.20109,8.9592,0.221041
189.20140,8.9648,0.254353
189.20171,8.9658,0.222537
189.20202,8.9781,0.218849
189.20227,8.9885,0.218849
189.20258,8.9611,0.239393
189.20289,8.9744,0.218561
189.20320,8.9734,0.224233
189.20351,8.9828,0.254433
189.20383,8.9641,0.218745
189.20408,8.9658,0.218745
189.20439,8.9725,0.247257
189.20470,8.9668,0.235889
189.20501,8.9781,0.221937
189.20532,8.9705,0.223129
189.20557,8.9639,0.223129
189.20588,8.9695,0.258121
189.20619,8.9695,0.224625
189.20650,8.9725,0.257041
189.20681,8.9705,0.226737
189.20712,8.9715,0.207377
189.20737,8.9631,0.207377
189.20768,8.9762,0.208777
189.20799,8.9771,0.208377
189.20830,8.9705,0.202785
189.20861,8.9705,0.212073
189.20892,8.9705,0.207273
189.20918,8.9631,0.207273
189.20949,8.9658,0.217849
189.20980,8.9697,0.214657
189.21011,8.9668,0.227921
189.21042,8.9695,0.232009
189.21067,8.9695,0.232009
189.21098,8.9762,0.216553
189.21129,8.9734,0.219457
189.21160,8.9734,0.221249
189.21191,8.9705,0.219249
189.21222,8.9752,0.221433
189.21247,8.9725,0.221433
189.21278,8.9678,0.222937
189.21309,8.9668,0.224025
189.21340,8.9631,0.221641
189.21371,8.9752,0.220041
189.21402,8.9809,0.220937
189.21428,8.9771,0.220937
189.21459,8.9715,0.216761
189.21490,8.9688,0.262321
189.21520,8.9715,0.255145
189.21551,8.9564,0.254641
189.21577,8.9744,0.254641
189.21608,8.9658,0.213657
189.21639,8.9752,0.225025
189.21671,8.9762,0.214257
189.21702,8.9602,0.209673
189.21727,8.9754,0.209673
189.21758,8.9705,0.211073
189.21789,8.9791,0.212569
189.21820,8.9695,0.225921
189.21851,8.9744,0.227025
189.21882,8.9688,0.226233
189.21907,8.9602,0.226233
189.21938,8.9801,0.243881
189.21969,8.9688,0.235993
189.22000,8.9715,0.222833
189.22031,8.9602,0.221937
189.22062,8.9658,0.220641
189.22087,8.9744,0.220641
189.22118,8.9744,0.222833
189.22149,8.9752,0.221537
189.22180,8.9688,0.223233
189.22212,8.9734,0.222329
189.22237,8.9678,0.222329
189.22268,8.9695,0.222329
189.22299,8.9781,0.222937
189.22330,8.9658,0.221641
189.22361,8.9668,0.221329
189.22392,8.9705,0.221145
189.22417,8.9734,0.221145
189.22448,8.9688,0.221249
189.22479,8.9744,0.220353
189.22510,8.9678,0.221729
189.22541,8.9705,0.221249
189.22572,8.9695,0.221833
189.22597,8.9631,0.221833
189.22628,8.9658,0.222833
189.22659,8.9771,0.231305
189.22690,8.9668,0.225625
189.22721,8.9715,0.225025
189.22752,8.9705,0.224625
189.22777,8.9688,0.224625
189.22809,8.9668,0.223545
189.22840,8.9838,0.219849
189.22871,8.9695,0.221041
189.22902,8.9752,0.220937
189.22927,8.9688,0.220937
189.22958,8.9688,0.219849
189.22989,8.9584,0.215657
189.23020,8.9725,0.220145
189.23051,8.9725,0.222537
189.23082,8.9744,0.220433
189.23107,8.9725,0.220433
189.23138,8.9658,0.220145
189.23169,8.9725,0.259025
189.23200,8.9639,0.257537
189.23231,8.9611,0.258337
189.23262,8.9725,0.221433
189.23287,8.9715,0.221433
189.23318,8.9648,0.216657
189.23349,8.9734,0.219249
189.23380,8.9801,0.216057
189.23412,8.9715,0.218641
189.23437,8.9734,0.218641
189.23468,8.9678,0.224521
189.23499,8.9762,0.206289
189.23530,8.9801,0.203689
189.23561,8.9639,0.210065
189.23592,8.9668,0.204393
189.23617,8.9791,0.204393
189.23648,8.9734,0.209377
189.23679,8.9752,0.227425
189.23710,8.9762,0.233513
189.23741,8.9648,0.227129
189.23772,8.9678,0.223041
189.23797,8.9715,0.223041
189.23828,8.9648,0.221641
189.23859,8.9715,0.217953
189.23890,8.9695,0.222433
189.23921,8.9695,0.224337
189.23952,8.9771,0.220641
189.23977,8.9715,0.220641
189.24009,8.9658,0.225833
189.24040,8.9648,0.224129
189.24071,8.9695,0.226633
189.24102,8.9754,0.223041
189.24127,8.9668,0.223041
189.24158,8.9639,0.242193
189.24189,8.9641,0.260521
189.24220,8.9744,0.260129
189.24251,8.9631,0.220641
189.24282,8.9668,0.231409
189.24307,8.9695,0.231409
189.24338,8.9705,0.226417
189.24369,8.9744,0.215761
189.24400,8.9725,0.213465
189.24431,8.9715,0.214657
189.24456,8.9668,0.214657
189.24487,8.9734,0.213153
189.24518,8.9715,0.216657
189.24549,8.9715,0.228217
189.24580,8.9725,0.240081
189.24612,8.9668,0.237393
189.24637,8.9639,0.237393
189.24668,8.9744,0.229217
189.24699,8.9762,0.221833
189.24730,8.9678,0.221249
189.24761,8.9641,0.221745
189.24792,8.9725,0.225337
189.24817,8.9725,0.225337
189.24848,8.9678,0.221537
189.24879,8.9668,0.223441
189.24910,8.9725,0.218849
189.24941,8.9658,0.219745
189.24972,8.9705,0.214361
189.24997,8.9752,0.214361
189.25028,8.9678,0.219745
189.25059,8.9678,0.220641
189.25090,8.9695,0.220433
189.25121,8.9781,0.219641
189.25152,8.9658,0.219457
189.25177,8.9744,0.219457
189.25208,8.9725,0.222041
189.25239,8.9715,0.222225
189.25271,8.9725,0.218449
189.25302,8.9688,0.219849
189.25327,8.9754,0.219849
189.25358,8.9688,0.218953
189.25389,8.9695,0.221329
189.25420,8.9648,0.226233
189.25451,8.9725,0.223833
189.25482,8.9705,0.221249
189.25507,8.9771,0.221249
189.25538,8.9734,0.222537
189.25569,8.9658,0.222145
189.25600,8.9697,0.223833
189.25631,8.9639,0.218561
189.25662,8.9621,0.222649
189.25687,8.9838,0.222649
189.25718,8.9715,0.219145
189.25749,8.9705,0.217953
189.25780,8.9648,0.218449
189.25811,8.9744,0.252161
189.25837,8.9658,0.252161
189.25868,8.9781,0.264609
189.25898,8.9592,0.255041
189.25930,8.9734,0.218449
189.25961,8.9734,0.215865
189.25992,8.9744,0.212257
189.26017,8.9705,0.212257
189.26048,8.9705,0.212969
189.26079,8.9752,0.213969
189.26110,8.9678,0.220745
189.26141,8.9658,0.205481
189.26172,8.9631,0.207193
189.26197,8.9744,0.207193
189.26228,8.9631,0.204585
189.26259,8.9734,0.209961
189.26290,8.9752,0.212673
189.26321,8.9668,0.218849
189.26352,8.9725,0.230217
189.26377,8.9715,0.230217
189.26409,8.9678,0.218449
189.26440,8.9771,0.220353
189.26471,8.9658,0.219537
189.26502,8.9762,0.220041
189.26527,8.9611,0.220041
189.26558,8.9752,0.222041
189.26589,8.9688,0.221329
189.26620,8.9744,0.220145
189.26651,8.9734,0.222329
189.26676,8.9752,0.222329
189.26707,8.9715,0.220641
189.26738,8.9809,0.221145
189.26769,8.9734,0.221249
189.26800,8.9705,0.248553
189.26831,8.9705,0.263817
189.26856,8.9678,0.263817
189.26887,8.9592,0.262425
189.26918,8.9697,0.261129
189.26949,8.9715,0.235097
189.26980,8.9705,0.230401
189.27012,8.9688,0.215449
189.27037,8.9705,0.215449
189.27068,8.9715,0.212761
189.27099,8.9715,0.212865
189.27130,8.9754,0.213969
189.27161,8.9762,0.231009
189.27192,8.9705,0.226233
189.27217,8.9705,0.226233
189.27248,8.9752,0.229425
189.27279,8.9648,0.243673
189.27310,8.9688,0.228217
189.27341,8.9688,0.221745
189.27366,8.9658,0.221745
189.27397,8.9715,0.218449
189.27428,8.9715,0.223233
189.27459,8.9705,0.219849
189.27490,8.9648,0.219745
189.27521,8.9705,0.223337
189.27546,8.9621,0.223337
189.27577,8.9695,0.221833
189.27608,8.9705,0.222833
189.27640,8.9639,0.225833
189.27671,8.9725,0.224833
189.27702,8.9791,0.224625
189.27727,8.9695,0.224625
189.27758,8.9648,0.221937
189.27789,8.9697,0.235305
189.27820,8.9715,0.220433
189.27851,8.9668,0.217553
189.27882,8.9648,0.220433
189.27907,8.9658,0.220433
189.27938,8.9705,0.221641
189.27969,8.9688,0.222649
189.28000,8.9705,0.220433
189.28031,8.9705,0.221249
189.28056,8.9648,0.221249
189.28087,8.9818,0.221937
189.28118,8.9752,0.221329
189.28149,8.9705,0.222649
189.28180,8.9725,0.220537
189.28211,8.9688,0.227129
189.28237,8.9697,0.227129
189.28268,8.9715,0.223833
189.28299,8.9658,0.222833
189.28330,8.9734,0.224129
189.28361,8.9668,0.224441
189.28391,8.9678,0.222833
189.28417,8.9809,0.222833
189.28448,8.9705,0.220041
189.28479,8.9631,0.222145
189.28510,8.9725,0.222145
189.28541,8.9744,0.223129
189.28566,8.9658,0.223129
189.28597,8.9668,0.216657
189.28628,8.9688,0.220641
189.28659,8.9639,0.225729
189.28690,8.9725,0.220745
189.28721,8.9809,0.219745
189.28746,8.9762,0.219745
189.28777,8.9574,0.220433
189.28808,8.9639,0.221041
189.28839,8.9705,0.218241
189.28870,8.9781,0.219937
189.28901,8.9695,0.221745
189.28927,8.9668,0.221745
189.28958,8.9725,0.222537
189.28989,8.9744,0.222041
189.29020,8.9639,0.224833
189.29051,8.9744,0.223833
189.29076,8.9678,0.223833
189.29107,8.9725,0.222833
189.29138,8.9734,0.219953
189.29169,8.9744,0.218241
189.29200,8.9611,0.219033
189.29231,8.9668,0.219537
189.29256,8.9725,0.219537
189.29287,8.9781,0.221145
189.29318,8.9734,0.218241
189.29349,8.9695,0.219537
189.29380,8.9668,0.218561
189.29411,8.9781,0.218561
189.29437,8.9857,0.218561
189.29468,8.9688,0.219849
189.29498,8.9715,0.219537
189.29529,8.9688,0.254353
189.29561,8.9658,0.261417
189.29586,8.9678,0.261417
189.29617,8.9648,0.265401
189.29648,8.9715,0.255433
189.29679,8.9791,0.219249
189.29710,8.9744,0.210465
189.29741,8.9705,0.216761
189.29766,8.9695,0.216761
189.29797,8.9611,0.220353
189.29828,8.9715,0.204793
189.29859,8.9752,0.202601
189.29890,8.9715,0.201497
189.29921,8.9602,0.204289
189.29946,8.9752,0.204289
189.29977,8.9752,0.203105
189.30009,8.9781,0.219033
189.30040,8.9715,0.228113
189.30071,8.9734,0.224729
189.30096,8.9668,0.224729
189.30127,8.9754,0.219353
189.30158,8.9762,0.217241
189.30189,8.9658,0.225233
189.30220,8.9688,0.220041
189.30251,8.9678,0.217953
189.30276,8.9791,0.217953
189.30307,8.9688,0.219641
189.30338,8.9705,0.222729
189.30369,8.9725,0.228425
189.30400,8.9734,0.223625
189.30431,8.9734,0.221145
189.30456,8.9658,0.221145
189.30487,8.9592,0.225025
189.30518,8.9688,0.257537
189.30549,8.9734,0.259729
189.30580,8.9678,0.229113
189.30611,8.9762,0.228609
189.30636,8.9668,0.228609
189.30668,8.9705,0.227921
189.30699,8.9695,0.212361
189.30730,8.9715,0.214657
189.30760,8.9668,0.217161
189.30786,8.9734,0.217161
189.30817,8.9744,0.213257
189.30848,8.9678,0.217161
189.30879,8.9744,0.227321
189.30910,8.9668,0.237601
189.30941,8.9695,0.237289
189.30966,8.9641,0.237289
189.30997,8.9688,0.235393
189.31028,8.9668,0.226025
189.31059,8.9668,0.223441
189.31090,8.9771,0.225129
189.31121,8.9762,0.225129
189.31146,8.9725,0.225129
189.31177,8.9688,0.226025
189.31208,8.9715,0.223833
189.31239,8.9668,0.223129
189.31270,8.9734,0.229609
189.31296,8.9725,0.229609
189.31327,8.9771,0.221745
189.31358,8.9752,0.222649
189.31389,8.9744,0.219249
189.31420,8.9658,0.221249
189.31451,8.9631,0.220937
189.31476,8.9752,0.220937
189.31507,8.9688,0.219641
189.31538,8.9705,0.222225
189.31569,8.9715,0.217745
189.31600,8.9715,0.219353
189.31631,8.9725,0.221249
189.31656,8.9725,0.221249
189.31687,8.9725,0.220641
189.31718,8.9781,0.224521
189.31749,8.9744,0.224833
189.31780,8.9705,0.223337
189.31806,8.9688,0.223337
189.31837,8.9715,0.224625
189.31868,8.9744,0.223729
189.31899,8.9744,0.220041
189.31930,8.9678,0.221537
189.31961,8.9621,0.225625
189.31986,8.9771,0.225625
189.32017,8.9715,0.221145
189.32048,8.9705,0.222041
189.32079,8.9715,0.223625
189.32110,8.9678,0.225521
189.32141,8.9734,0.227529
189.32166,8.9648,0.227529
189.32197,8.9715,0.264609
189.32228,8.9631,0.255145
189.32259,8.9668,0.223441
189.32290,8.9791,0.215865
189.32321,8.9818,0.221041
189.32346,8.9771,0.221041
189.32377,8.9752,0.209673
189.32408,8.9744,0.219849
189.32439,8.9744,0.218057
189.32470,8.9631,0.209673
189.32496,8.9631,0.209673
189.32527,8.9668,0.206289
189.32558,8.9791,0.206377
189.32589,8.9744,0.206873
189.32620,8.9801,0.207089
189.32651,8.9688,0.215657
189.32676,8.9762,0.215657
189.32707,8.9762,0.220041
189.32738,8.9631,0.231905
189.32769,8.9678,0.222537
189.32800,8.9725,0.220041
189.32831,8.9668,0.222937
189.32856,8.9744,0.222937
189.32887,8.9688,0.225337
189.32918,8.9762,0.221745
189.32949,8.9678,0.221537
189.32980,8.9695,0.219353
189.33006,8.9762,0.219353
189.33037,8.9734,0.218561
189.33068,8.9678,0.220433
189.33099,8.9678,0.220937
189.33130,8.9621,0.221145
189.33161,8.9697,0.263713
189.33186,8.9658,0.263713
189.33217,8.9648,0.268305
189.33248,8.9705,0.252241
189.33279,8.9734,0.228921
189.33310,8.9688,0.226129
189.33341,8.9705,0.229025
189.33366,8.9725,0.229025
189.33397,8.9734,0.210377
189.33428,8.9857,0.208985
189.33459,8.9762,0.214761
189.33490,8.9771,0.214153
189.33515,8.9725,0.214153
189.33546,8.9771,0.218057
189.33578,8.9752,0.239289
189.33609,8.9744,0.240793
189.33640,8.9648,0.231513
189.33671,8.9668,0.218057
189.33696,8.9725,0.218057
189.33727,8.9705,0.215449
189.33758,8.9752,0.215449
189.33789,8.9715,0.219745
189.33820,8.9648,0.223937
189.33845,8.9639,0.223937
189.33876,8.9697,0.258729
189.33907,8.9744,0.221745
189.33938,8.9725,0.240481
189.33969,8.9592,0.251057
189.34000,8.9705,0.220745
189.34025,8.9771,0.220745
189.34056,8.9688,0.219457
189.34087,8.9611,0.218057
189.34118,8.9725,0.218745
189.34149,8.9705,0.244777
189.34180,8.9715,0.240081
189.34206,8.9715,0.240081
189.34237,8.9771,0.218449
189.34268,8.9648,0.253537
189.34299,8.9688,0.217745
189.34330,8.9678,0.216953
189.34361,8.9744,0.251449
189.34386,8.9545,0.251449
189.34417,8.9752,0.230617
189.34448,8.9828,0.222329
189.34479,8.9688,0.252161
189.34510,8.9705,0.221329
189.34535,8.9715,0.221329
189.34566,8.9725,0.222937
189.34597,8.9705,0.254937
189.34628,8.9715,0.220145
189.34659,8.9744,0.232617
189.34690,8.9648,0.258441
189.34715,8.9705,0.258441
189.34746,8.9771,0.220537
189.34777,8.9592,0.255249
189.34809,8.9744,0.223129
189.34839,8.9688,0.221433
189.34871,8.9801,0.236289
189.34896,8.9631,0.236289
189.34927,8.9695,0.249945
189.34958,8.9725,0.222833
189.34989,8.9648,0.258833
189.35020,8.9688,0.219353
189.35051,8.9781,0.222833
189.35082,8.9668,0.247465
189.35107,8.9688,0.247465
189.35138,8.9734,0.243169
189.35169,8.9725,0.222329
189.35200,8.9678,0.258121
189.35231,8.9705,0.225417
189.35256,8.9688,0.225417
189.35287,8.9762,0.225233
189.35318,8.9658,0.256433
189.35349,8.9611,0.230217
189.35380,8.9688,0.226025
189.35411,8.9611,0.257225
189.35436,8.9715,0.257225
189.35467,8.9744,0.219953
189.35498,8.9697,0.254137
189.35529,8.9688,0.228025
189.35560,8.9658,0.221833
189.35591,8.9791,0.226521
189.35616,8.9602,0.226521
189.35647,8.9648,0.253137
189.35678,8.9611,0.220537
189.35709,8.9631,0.255641
189.35740,8.9705,0.224025
189.35771,8.9688,0.218137
189.35797,8.9678,0.218137
189.35827,8.9574,0.234409
189.35858,8.9781,0.219145
189.35889,8.9781,0.219849
189.35920,8.9744,0.258041
189.35951,8.9602,0.225833
189.35977,8.9734,0.225833
189.36008,8.9705,0.242585
189.36039,8.9705,0.248465
189.36070,8.9705,0.223441
189.36101,8.9705,0.223337
189.36126,8.9678,0.223337
189.36157,8.9695,0.257433
189.36188,8.9631,0.219745
189.36219,8.9705,0.248553
189.36250,8.9621,0.239585
189.36281,8.9705,0.221745
189.36307,8.9762,0.221745
189.36337,8.9695,0.220041
189.36369,8.9648,0.221041
189.36400,8.9611,0.221145
189.36431,8.9771,0.256329
189.36461,8.9658,0.232305
189.36487,8.9762,0.232305
189.36518,8.9695,0.223625
189.36549,8.9658,0.256833
189.36580,8.9658,0.223833
189.36611,8.9771,0.228425
189.36636,8.9668,0.228425
189.36667,8.9611,0.257145
189.36698,8.9705,0.230617
189.36729,8.9688,0.233201
189.36760,8.9631,0.259729
189.36791,8.9734,0.225521
189.36816,8.9715,0.225521
189.36847,8.9678,0.221433
189.36878,8.9725,0.223041
189.36909,8.9648,0.221745
189.36940,8.9725,0.239689
189.36971,8.9648,0.252849
189.36996,8.9621,0.252849
189.37027,8.9801,0.225625
189.37058,8.9668,0.257537
189.37089,8.9705,0.222249
189.37120,8.9734,0.220641
189.37151,8.9715,0.247465
189.37176,8.9658,0.247465
189.37208,8.9771,0.243377
189.37239,8.9641,0.225417
189.37270,8.9688,0.257145
189.37301,8.9725,0.224129
189.37326,8.9744,0.224129
189.37357,8.9734,0.224233
189.37388,8.9631,0.256329
189.37419,8.9658,0.221329
189.37450,8.9648,0.224833
189.37481,8.9668,0.259921
189.37506,8.9648,0.259921
189.37537,8.9705,0.223233
189.37568,8.9621,0.255937
189.37599,8.9631,0.230113
189.37630,8.9678,0.223129
189.37661,8.9678,0.229217
189.37686,8.9621,0.229217
189.37717,8.9658,0.258833
189.37748,8.9611,0.224441
189.37779,8.9744,0.258121
189.37811,8.9631,0.227713
189.37836,8.9705,0.227713
189.37867,8.9725,0.225337
189.37898,8.9658,0.232113
189.37929,8.9801,0.212073
189.37960,8.9771,0.215553
189.37991,8.9715,0.222041
189.38016,8.9752,0.222041
189.38047,8.9688,0.212257
189.38078,8.9695,0.211073
189.38109,8.9715,0.206289
189.38140,8.9762,0.217745
189.38171,8.9762,0.216449
189.38196,8.9725,0.216449
189.38227,8.9688,0.218745
189.38258,8.9715,0.232905
189.38289,8.9688,0.221641
189.38320,8.9762,0.217657
189.38351,8.9754,0.221745
189.38376,8.9791,0.221745
189.38408,8.9744,0.218849
189.38439,8.9668,0.219849
189.38470,8.9725,0.218561
189.38501,8.9695,0.215761
189.38526,8.9658,0.215761
189.38557,8.9781,0.218849
189.38588,8.9592,0.219457
189.38619,8.9752,0.218849
189.38650,8.9695,0.219849
189.38681,8.9697,0.230401
189.38706,8.9631,0.230401
189.38737,8.9555,0.261129
189.38768,8.9688,0.257729
189.38799,8.9611,0.216553
189.38830,8.9705,0.228817
189.38861,8.9621,0.233009
189.38886,8.9631,0.233009
189.38917,8.9715,0.222729
189.38948,8.9688,0.214049
189.38980,8.9668,0.213969
189.39011,8.9771,0.213569
189.39036,8.9648,0.213569
189.39067,8.9762,0.228609
189.39098,8.9631,0.225337
189.39129,8.9621,0.240977
189.39160,8.9705,0.247177
189.39191,8.9555,0.234489
189.39216,8.9695,0.234489
189.39247,8.9648,0.221433
189.39278,8.9752,0.220433
189.39309,8.9658,0.221329
189.39340,8.9648,0.221833
189.39365,8.9734,0.221833
189.39396,8.9715,0.223041
189.39427,8.9744,0.223041
189.39458,8.9734,0.241377
189.39489,8.9791,0.224521
189.39520,8.9725,0.223545
189.39546,8.9744,0.223545
189.39577,8.9648,0.226633
189.39608,8.9752,0.221249
189.39639,8.9744,0.222937
189.39670,8.9658,0.218745
189.39701,8.9744,0.221641
189.39726,8.9715,0.221641
189.39757,8.9744,0.220937
189.39788,8.9734,0.219249
189.39819,8.9648,0.222249
189.39850,8.9678,0.222145
189.39875,8.9621,0.222145
189.39906,8.9725,0.221249
189.39937,8.9752,0.221041
189.39968,8.9705,0.220353
189.39999,8.9705,0.219249
189.40030,8.9688,0.220041
189.40056,8.9658,0.220041
189.40087,8.9705,0.224729
189.40117,8.9678,0.224337
189.40149,8.9592,0.223833
189.40180,8.9744,0.223337
189.40211,8.9762,0.223441
189.40236,8.9602,0.223441
189.40267,8.9705,0.222833
189.40298,8.9658,0.223625
189.40329,8.9734,0.220849
189.40360,8.9631,0.231801
189.40385,8.9668,0.231801
189.40416,8.9564,0.260625
189.40447,8.9678,0.264113
189.40478,8.9602,0.216761
189.40509,8.9658,0.214465
189.40540,8.9688,0.218745
189.40565,8.9658,0.218745
189.40596,8.9744,0.209169
189.40627,8.9734,0.218641
189.40658,8.9715,0.213257
189.40689,8.9658,0.209065
189.40720,8.9705,0.203793
189.40746,8.9621,0.203793
189.40777,8.9688,0.203105
189.40808,8.9678,0.205873
189.40839,8.9695,0.213257
189.40870,8.9705,0.217745
189.40901,8.9734,0.219745
189.40926,8.9648,0.219745
189.40957,8.9725,0.235305
189.40988,8.9688,0.220433
189.41019,8.9648,0.216849
189.41050,8.9678,0.221041
189.41081,8.9744,0.219745
189.41106,8.9715,0.219745
189.41137,8.9715,0.220849
189.41168,8.9725,0.221249
189.41199,8.9771,0.218561
189.41230,8.9744,0.220641
189.41255,8.9762,0.220641
189.41286,8.9658,0.219745
189.41317,8.9725,0.220353
189.41348,8.9725,0.218953
189.41379,8.9678,0.256537
189.41411,8.9648,0.262425
189.41436,8.9631,0.262425
189.41467,8.9631,0.256937
189.41498,8.9744,0.225417
189.41529,8.9695,0.230321
189.41560,8.9705,0.229025
189.41585,8.9688,0.229025
189.41616,8.9678,0.215049
189.41647,8.9801,0.215553
189.41678,8.9695,0.215657
189.41709,8.9658,0.226737
189.41740,8.9791,0.229505
189.41765,8.9648,0.229505
189.41796,8.9697,0.226233
189.41827,8.9639,0.241185
189.41858,8.9744,0.233009
189.41889,8.9668,0.218849
189.41920,8.9762,0.219641
189.41946,8.9762,0.219641
189.41977,8.9688,0.219537
189.42008,8.9762,0.220537
189.42039,8.9752,0.218745
189.42070,8.9715,0.219537
189.42101,8.9725,0.217953
189.42126,8.9678,0.217953
189.42157,8.9688,0.220249
189.42188,8.9752,0.217449
189.42219,8.9781,0.217657
189.42250,8.9648,0.216761
189.42275,8.9668,0.216761
189.42306,8.9771,0.223441
189.42337,8.9678,0.223233
189.42368,8.9762,0.220641
189.42399,8.9668,0.220537
189.42430,8.9695,0.218745
189.42455,8.9641,0.218745
189.42486,8.9762,0.222649
189.42517,8.9725,0.220937
189.42548,8.9754,0.218641
189.42579,8.9658,0.220041
189.42610,8.9688,0.223233
189.42636,8.9801,0.223233
189.42666,8.9771,0.219353
189.42697,8.9725,0.219537
189.42728,8.9678,0.221249
189.42759,8.9695,0.220937
189.42790,8.9705,0.222041
189.42816,8.9744,0.222041
189.42846,8.9678,0.219745
189.42878,8.9734,0.220641
189.42909,8.9715,0.224441
189.42940,8.9688,0.227921
189.42971,8.9715,0.225129
189.42996,8.9668,0.225129
189.43027,8.9715,0.226521
189.43058,8.9658,0.270705
189.43089,8.9545,0.269201
189.43120,8.9641,0.256433
189.43145,8.9668,0.256433
189.43176,8.9641,0.224129
189.43207,8.9762,0.220745
189.43238,8.9658,0.204185
189.43269,8.9809,0.218641
189.43300,8.9762,0.217161
189.43325,8.9781,0.217161
189.43357,8.9734,0.214465
189.43388,8.9715,0.202889
189.43419,8.9668,0.204001
189.43449,8.9744,0.204081
189.43481,8.9762,0.205081
189.43506,8.9781,0.205081
189.43537,8.9695,0.207777
189.43568,8.9695,0.225129
189.43599,8.9648,0.232009
189.43630,8.9678,0.238793
189.43655,8.9631,0.238793
189.43686,8.9715,0.222329
189.43717,8.9668,0.223833
189.43748,8.9668,0.223337
189.43779,8.9631,0.223729
189.43810,8.9705,0.221041
189.43835,8.9658,0.221041
189.43866,8.9688,0.219457
189.43897,8.9715,0.222729
189.43928,8.9705,0.222225
189.43959,8.9762,0.221833
189.43990,8.9734,0.221937
189.44016,8.9641,0.221937
189.44047,8.9734,0.221537
189.44078,8.9715,0.266409
189.44108,8.9668,0.258121
189.44139,8.9564,0.258121
189.44170,8.9695,0.225025
189.44196,8.9752,0.225025
189.44227,8.9725,0.229217
189.44258,8.9771,0.214257
189.44289,8.9744,0.214465
189.44320,8.9725,0.216161
189.44345,8.9668,0.216161
189.44376,8.9648,0.215865
189.44407,8.9715,0.232801
189.44438,8.9621,0.233097
189.44652,8.9762,0.223441
189.44828,8.9801,0.222329
189.45004,8.9744,0.221249
189.45180,8.9744,0.223129
189.45355,8.9809,0.219033
189.45531,8.9648,0.220937
189.45707,8.9752,0.222041
189.45883,8.9705,0.228425
189.45908,8.9641,0.219641
189.45939,8.9734,0.219849
189.45970,8.9744,0.219745
189.45995,8.9688,0.219745
189.46026,8.9791,0.218241
189.46057,8.9705,0.218641
189.46088,8.9762,0.224337
189.46119,8.9639,0.220145
189.46150,8.9648,0.219457
189.46175,8.9697,0.219457
189.46206,8.9705,0.223041
189.46237,8.9725,0.221537
189.46268,8.9668,0.220353
189.46299,8.9791,0.219249
189.46324,8.9715,0.219249
189.46356,8.9658,0.220745
189.46386,8.9744,0.221041
189.46418,8.9631,0.223233
189.46449,8.9688,0.222937
189.46480,8.9695,0.222041
189.46505,8.9695,0.222041
189.46536,8.9762,0.222041
189.46567,8.9695,0.226313
189.46598,8.9695,0.224833
189.46629,8.9752,0.220353
189.46660,8.9725,0.221249
189.46685,8.9744,0.221249
189.46716,8.9734,0.220433
189.46747,8.9754,0.241977
189.46778,8.9734,0.257433
189.46809,8.9744,0.257433
189.46840,8.9639,0.254745
189.46865,8.9631,0.254745
189.46896,8.9734,0.215553
189.46927,8.9771,0.209273
189.46958,8.9781,0.211865
189.46989,8.9705,0.211281
189.47015,8.9668,0.211281
189.47046,8.9734,0.211177
189.47077,8.9771,0.206081
189.47108,8.9668,0.204585
189.47139,8.9705,0.203393
189.47170,8.9688,0.212969
189.47195,8.9668,0.212969
189.47226,8.9848,0.217241
189.47257,8.9695,0.233697
189.47288,8.9725,0.234993
189.47319,8.9688,0.221041
189.47350,8.9648,0.222145
189.47375,8.9668,0.222145
189.47406,8.9771,0.221641
189.47437,8.9678,0.221329
189.47468,8.9611,0.222329
189.47499,8.9734,0.221641
189.47524,8.9695,0.221641
189.47555,8.9725,0.220641
189.47586,8.9678,0.222537
189.47618,8.9621,0.221433
189.47649,8.9725,0.223233
189.47680,8.9734,0.221641
189.47705,8.9705,0.221641
189.47736,8.9574,0.262025
189.47767,8.9611,0.260337
189.47798,8.9715,0.254249
189.47829,8.9725,0.230617
189.47860,8.9734,0.233801
189.47885,8.9639,0.233801
189.47916,8.9752,0.232409
189.47947,8.9678,0.216345
189.47978,8.9648,0.213257
189.48009,8.9762,0.212673
189.48034,8.9705,0.212673
189.48065,8.9734,0.216345
189.48096,8.9725,0.220641
189.48127,8.9752,0.236785
189.48158,8.9668,0.250657
189.48189,8.9648,0.245169
189.48215,8.9725,0.245169
189.48246,8.9705,0.220937
189.48277,8.9688,0.220041
189.48308,8.9611,0.220145
189.48339,8.9705,0.220641
189.48370,8.9715,0.220641
189.48395,8.9715,0.220641
189.48426,8.9697,0.220249
189.48457,8.9688,0.220849
189.48488,8.9725,0.221041
189.48519,8.9725,0.226233
189.48544,8.9602,0.226233
189.48575,8.9705,0.224441
189.48606,8.9688,0.223833
189.48637,8.9695,0.224233
189.48668,8.9781,0.224921
189.48699,8.9705,0.220745
189.48724,8.9762,0.220745
189.48755,8.9762,0.217849
189.48786,8.9801,0.219953
189.48818,8.9801,0.222833
189.48849,8.9781,0.219745
189.48880,8.9678,0.222225
189.48905,8.9744,0.222225
189.48936,8.9762,0.221249
189.48967,8.9771,0.222225
189.48998,8.9688,0.220849
189.49029,8.9725,0.223337
189.49060,8.9621,0.222729
189.49085,8.9688,0.222729
189.49116,8.9762,0.222041
189.49147,8.9705,0.224337
189.49178,8.9641,0.221937
189.49209,8.9697,0.224337
189.49234,8.9725,0.224337
189.49265,8.9705,0.227025
189.49296,8.9611,0.226817
189.49327,8.9688,0.227529
189.49358,8.9602,0.239001
189.49389,8.9631,0.262129
189.49415,8.9602,0.262129
189.49446,8.9648,0.251553
189.49477,8.9574,0.219537
189.49508,8.9648,0.213361
189.49539,8.9725,0.216057
189.49570,8.9762,0.209273
189.49595,8.9715,0.209273
189.49626,8.9705,0.214553
189.49657,8.9725,0.215161
189.49688,8.9762,0.205393
189.49719,8.9744,0.201705
189.49744,8.9678,0.201705
189.49775,8.9668,0.200497
189.49806,8.9725,0.200705
189.49837,8.9762,0.218241
189.49868,8.9715,0.219537
189.49899,8.9734,0.217161
189.49924,8.9715,0.217161
189.49955,8.9668,0.233305
189.49986,8.9631,0.219849
189.50018,8.9734,0.220433
189.50049,8.9715,0.221145
189.50080,8.9648,0.223833
189.50105,8.9781,0.223833
189.50136,8.9715,0.220041
189.50167,8.9668,0.220745
189.50198,8.9762,0.219953
189.50229,8.9715,0.221041
189.50254,8.9611,0.221041
189.50285,8.9715,0.219953
189.50316,8.9754,0.219457
189.50347,8.9744,0.219849
189.50378,8.9668,0.257729
189.50409,8.9658,0.263217
189.50434,8.9631,0.263217
189.50465,8.9631,0.255641
189.50496,8.9639,0.224937
189.50527,8.9715,0.228713
189.50558,8.9744,0.226417
189.50589,8.9688,0.211361
189.50615,8.9725,0.211361
189.50646,8.9744,0.214153
189.50677,8.9725,0.216265
189.50708,8.9725,0.216553
189.50739,8.9688,0.219537
189.50764,8.9648,0.219537
189.50795,8.9621,0.228713
189.50826,8.9695,0.242481
189.50857,8.9715,0.234809
189.50888,8.9631,0.220745
189.50919,8.9697,0.218241
189.50945,8.9791,0.218241
189.50975,8.9705,0.219033
189.51006,8.9715,0.218057
189.51037,8.9639,0.218745
189.51068,8.9678,0.252345
189.51099,8.9678,0.220433
189.51125,8.9668,0.220433
189.51156,8.9744,0.219145
189.51187,8.9668,0.249945
189.51218,8.9705,0.218345
189.51249,8.9695,0.218561
189.51274,8.9705,0.218561
189.51305,8.9639,0.251657
189.51336,8.9705,0.222041
189.51367,8.9705,0.245673
189.51398,8.9715,0.247361
189.51429,8.9762,0.222729
189.51454,8.9631,0.222729
189.51485,8.9631,0.225417
189.51516,8.9705,0.220433
189.51547,8.9648,0.221433
189.51578,8.9828,0.246065
189.51609,8.9621,0.241081
189.51634,8.9695,0.241081
189.51665,8.9752,0.220145
189.51696,8.9621,0.255041
189.51727,8.9715,0.220745
189.51758,8.9668,0.232009
189.51784,8.9715,0.232009
189.51815,8.9801,0.253057
189.51846,8.9771,0.222041
189.51877,8.9734,0.223337
189.51908,8.9555,0.255353
189.51939,8.9668,0.221537
189.51964,8.9688,0.221537
189.51995,8.9705,0.223545
189.52026,8.9705,0.228217
189.52057,8.9734,0.222225
189.52088,8.9648,0.233009
189.52119,8.9678,0.260233
189.52144,8.9648,0.260233
189.52175,8.9754,0.221641
189.52206,8.9648,0.255353
189.52237,8.9678,0.223441
189.52268,8.9715,0.220433
189.52299,8.9658,0.233593
189.52325,8.9658,0.233593
189.52356,8.9688,0.248865
189.52387,8.9695,0.221537
189.52418,8.9762,0.252161
189.52449,8.9705,0.222225
189.52474,8.9631,0.222225
189.52505,8.9688,0.218953
189.52536,8.9705,0.243481
189.52567,8.9688,0.223233
189.52598,8.9688,0.221937
189.52629,8.9641,0.257225
189.52654,8.9668,0.257225
189.52685,8.9705,0.225417
189.52716,8.9715,0.250265
189.52747,8.9715,0.240081
189.52778,8.9744,0.225625
189.52809,8.9695,0.224625
189.52835,8.9564,0.224625
189.52865,8.9725,0.261129
189.52896,8.9641,0.224025
189.52927,8.9688,0.254353
189.52958,8.9695,0.228713
189.52984,8.9715,0.228713
189.53015,8.9752,0.220745
189.53046,8.9705,0.258233
189.53077,8.9688,0.221641
189.53108,8.9705,0.220641
189.53139,8.9695,0.256833
189.53164,8.9621,0.256833
189.53195,8.9592,0.221537
189.53226,8.9688,0.232305
189.53257,8.9641,0.260921
189.53288,8.9688,0.224729
189.53313,8.9648,0.224729
189.53344,8.9631,0.221249
189.53375,8.9734,0.254641
189.53406,8.9762,0.225129
189.53437,8.9771,0.239481
189.53468,8.9639,0.250449
189.53494,8.9705,0.250449
189.53525,8.9678,0.224625
189.53555,8.9668,0.224025
189.53587,8.9668,0.224937
189.53618,8.9744,0.220249
189.53649,8.9762,0.243089
189.53674,8.9695,0.243089
189.53705,8.9705,0.239689
189.53736,8.9734,0.220353
189.53767,8.9648,0.256833
189.53798,8.9658,0.232113
189.53829,8.9695,0.221745
189.53854,8.9715,0.221745
189.53885,8.9592,0.251057
189.53916,8.9695,0.216553
189.53947,8.9705,0.222537
189.53978,8.9639,0.253641
189.54003,8.9668,0.253641
189.54034,8.9734,0.215657
189.54065,8.9744,0.219849
189.54096,8.9648,0.227025
189.54127,8.9725,0.222329
189.54158,8.9705,0.227321
189.54184,8.9648,0.227321
189.54215,8.9725,0.255745
189.54246,8.9688,0.224025
189.54277,8.9658,0.266697
189.54308,8.9705,0.220937
189.54339,8.9744,0.219353
189.54364,8.9658,0.219353
189.54395,8.9688,0.230825
189.54426,8.9688,0.220641
189.54457,8.9688,0.217745
189.54488,8.9678,0.252449
189.54513,8.9781,0.252449
189.54544,8.9744,0.223041
189.54575,8.9734,0.220433
189.54606,8.9658,0.244961
189.54637,8.9771,0.218641
189.54668,8.9734,0.218849
189.54693,8.9791,0.218849
189.54724,8.9705,0.252345
189.54755,8.9688,0.221041
189.54787,8.9668,0.244273
189.54818,8.9611,0.239185
189.54849,8.9818,0.222537
189.54874,8.9688,0.222537
189.54905,8.9641,0.222649
189.54936,8.9725,0.220353
189.54967,8.9697,0.222729
189.54998,8.9744,0.254433
189.55023,8.9641,0.254433
189.55054,8.9668,0.229505
189.55085,8.9705,0.219457
189.55116,8.9678,0.255745
189.55147,8.9781,0.216345
189.55178,8.9744,0.204689
189.55203,8.9678,0.204689
189.55234,8.9695,0.208089
189.55265,8.9688,0.206793
189.55296,8.9781,0.207273
189.55327,8.9734,0.206689
189.55358,8.9744,0.208089
189.55384,8.9715,0.208089
189.55415,8.9668,0.216761
189.55446,8.9725,0.215953
189.55477,8.9668,0.227217
189.55508,8.9695,0.232697
189.55533,8.9658,0.232697
189.55564,8.9705,0.223625
189.55595,8.9734,0.224521
189.55626,8.9648,0.225025
189.55657,8.9695,0.225833
189.55688,8.9631,0.225921
189.55714,8.9695,0.225921
189.55744,8.9621,0.223625
189.55775,8.9791,0.218561
189.55806,8.9695,0.218241
189.55837,8.9688,0.221937
189.55868,8.9705,0.230009
189.55894,8.9695,0.230009
189.55925,8.9695,0.219849
189.55956,8.9639,0.265801
189.55987,8.9602,0.258441
189.56018,8.9754,0.244065
189.56043,8.9688,0.244065
189.56074,8.9705,0.227217
189.56105,8.9678,0.230905
189.56136,8.9781,0.215449
189.56167,8.9791,0.213569
189.56198,8.9668,0.214761
189.56223,8.9697,0.214761
189.56254,8.9648,0.217657
189.56285,8.9658,0.232617
189.56316,8.9734,0.228921
189.56347,8.9668,0.244065
189.56378,8.9697,0.245857
189.56404,8.9695,0.245857
189.56434,8.9791,0.234097
189.56465,8.9762,0.219849
189.56496,8.9695,0.218241
189.56527,8.9697,0.221041
189.56558,8.9705,0.220849
189.56584,8.9865,0.220849
189.56615,8.9744,0.221433
189.56646,8.9668,0.221937
189.56677,8.9688,0.221833
189.56708,8.9668,0.221937
189.56733,8.9857,0.221937
189.56764,8.9678,0.220745
189.56795,8.9744,0.223441
189.56826,8.9705,0.223625
189.56857,8.9641,0.222329
189.56888,8.9734,0.220745
189.56914,8.9695,0.220745
189.56944,8.9658,0.227217
189.56975,8.9734,0.225521
189.57006,8.9648,0.223625
189.57037,8.9648,0.223937
189.57068,8.9574,0.224129
189.57094,8.9602,0.224129
189.57125,8.9725,0.225921
189.57155,8.9725,0.225337
189.57187,8.9639,0.221041
189.57218,8.9668,0.220937
189.57243,8.9639,0.220937
189.57274,8.9631,0.220433
189.57305,8.9678,0.221833
189.57336,8.9762,0.221745
189.57367,8.9688,0.224521
189.57398,8.9734,0.219849
189.57424,8.9781,0.219849
189.57454,8.9705,0.217345
189.57485,8.9705,0.218745
189.57516,8.9725,0.222329
189.57547,8.9725,0.224129
189.57578,8.9754,0.224025
189.57604,8.9725,0.224025
189.57635,8.9639,0.264817
189.57666,8.9611,0.259129
189.57697,8.9611,0.230401
189.57728,8.9762,0.220145
189.57758,8.9621,0.222833
189.57784,8.9631,0.222833
189.57815,8.9715,0.211465
189.57846,8.9725,0.216265
189.57877,8.9715,0.214553
189.57908,8.9705,0.205585
189.57933,8.9771,0.205585
189.57964,8.9725,0.202097
189.57995,8.9791,0.202097
189.58026,8.9838,0.205585
189.58057,8.9705,0.205977
189.58088,8.9752,0.213761
189.58113,8.9697,0.213761
189.58144,8.9648,0.215369
189.58175,8.9678,0.233009
189.58206,8.9715,0.220249
189.58237,8.9734,0.219249
189.58268,8.9725,0.219145
189.58293,8.9688,0.219145
189.58324,8.9715,0.219641
189.58355,8.9754,0.226737
189.58387,8.9762,0.234809
189.58418,8.9744,0.219849
189.58443,8.9734,0.219849
189.58474,8.9818,0.222329
189.58505,8.9592,0.221145
189.58536,8.9695,0.220433
189.58567,8.9688,0.220145
189.58598,8.9715,0.258833
189.58624,8.9648,0.258833
189.58654,8.9592,0.262321
189.58685,8.9564,0.248553
189.58716,8.9697,0.222537
189.58747,8.9621,0.226817
189.58778,8.9668,0.222833
189.58804,8.9705,0.222833
189.58835,8.9762,0.209961
189.58866,8.9865,0.207193
189.58897,8.9715,0.213865
189.58928,8.9744,0.214657
189.58953,8.9725,0.214657
189.58984,8.9744,0.216849
189.59015,8.9781,0.238289
189.59046,8.9611,0.246673
189.59077,8.9658,0.234993
189.59108,8.9781,0.222041
189.59134,8.9668,0.222041
189.59164,8.9781,0.220849
189.59196,8.9744,0.220849
189.59226,8.9725,0.219249
189.59257,8.9705,0.221249
189.59283,8.9744,0.221249
189.59314,8.9715,0.217057
189.59345,8.9688,0.219033
189.59376,8.9602,0.218745
189.59407,8.9678,0.217345
189.59438,8.9744,0.218849
189.59463,8.9801,0.218849
189.59494,8.9631,0.219249
189.59525,8.9752,0.220145
189.59556,8.9668,0.219849
189.59587,8.9725,0.218241
189.59618,8.9744,0.217057
189.59643,8.9781,0.217057
189.59674,8.9631,0.221145
189.59705,8.9668,0.224337
189.59736,8.9688,0.225417
189.59767,8.9715,0.224025
189.59798,8.9725,0.224129
189.59823,8.9695,0.224129
189.59854,8.9678,0.224937
189.59885,8.9648,0.224625
189.59916,8.9695,0.220641
189.59947,8.9734,0.224521
189.59978,8.9639,0.222833
189.60003,8.9641,0.222833
189.60034,8.9715,0.222041
189.60065,8.9688,0.220849
189.60096,8.9668,0.221433
189.60127,8.9688,0.221745
189.60153,8.9668,0.221745
189.60184,8.9648,0.219745
189.60215,8.9695,0.222729
189.60246,8.9697,0.220537
189.60277,8.9715,0.261817
189.60308,8.9621,0.251953
189.60333,8.9678,0.251953
189.60364,8.9658,0.262713
189.60395,8.9658,0.216761
189.60426,8.9705,0.223441
189.60457,8.9752,0.215761
189.60488,8.9781,0.221145
189.60513,8.9762,0.221145
189.60544,8.9621,0.219457
189.60575,8.9752,0.216265
189.60606,8.9688,0.202497
189.60637,8.9744,0.203897
189.60662,8.9752,0.203897
189.60693,8.9771,0.205289
189.60724,8.9658,0.203185
189.60755,8.9668,0.211865
189.60787,8.9574,0.217657
189.60818,8.9744,0.234009
189.60843,8.9715,0.234009
189.60874,8.9809,0.234809
189.60905,8.9715,0.220145
189.60936,8.9695,0.220745
189.60967,8.9725,0.221937
189.60998,8.9688,0.223441
189.61023,8.9697,0.223441
189.61054,8.9688,0.220249
189.61085,8.9695,0.225233
189.61116,8.9611,0.223625
189.61147,8.9678,0.226417
189.61178,8.9781,0.224337
189.61203,8.9688,0.224337
189.61234,8.9705,0.222937
189.61265,8.9658,0.261129
189.61296,8.9705,0.267697
189.61327,8.9725,0.257937
189.61352,8.9668,0.257937
189.61383,8.9705,0.262713
189.61415,8.9695,0.231513
189.61446,8.9725,0.233593
189.61477,8.9668,0.215049
189.61508,8.9688,0.213073
189.61533,8.9697,0.213073
189.61564,8.9744,0.212465
189.61595,8.9715,0.214657
189.61626,8.9639,0.217241
189.61657,8.9611,0.228425
189.61688,8.9715,0.234705
189.61713,8.9639,0.234705
189.61744,8.9611,0.243377
189.61775,8.9781,0.223441
189.61806,8.9678,0.224129
189.61837,8.9762,0.223545
189.61862,8.9611,0.223545
189.61893,8.9705,0.224441
189.61924,8.9631,0.223041
189.61955,8.9641,0.224337
189.61987,8.9631,0.222433
189.62018,8.9658,0.219849
189.62043,8.9705,0.219849
189.62074,8.9744,0.220641
189.62105,8.9555,0.220249
189.62136,8.9744,0.219745
189.62167,8.9695,0.222729
189.62192,8.9688,0.222729
189.62223,8.9762,0.218745
189.62254,8.9705,0.217057
189.62285,8.9695,0.219249
189.62316,8.9781,0.220353
189.62347,8.9688,0.218745
189.62372,8.9725,0.218745
189.62403,8.9648,0.217345
189.62434,8.9734,0.217745
189.62465,8.9695,0.219033
189.62496,8.9752,0.219641
189.62527,8.9725,0.221041
189.62552,8.9734,0.221041
189.62583,8.9678,0.220041
189.62615,8.9715,0.217161
189.62646,8.9678,0.220433
189.62677,8.9695,0.221937
189.62708,8.9725,0.219849
189.62733,8.9688,0.219849
189.62764,8.9688,0.218953
189.62795,8.9695,0.218449
189.62826,8.9688,0.218953
189.62857,8.9697,0.219745
189.62882,8.9705,0.219745
189.62913,8.9762,0.220433
189.62944,8.9771,0.221329
189.62975,8.9678,0.220641
189.63006,8.9762,0.219745
189.63037,8.9688,0.220041
189.63062,8.9705,0.220041
189.63093,8.9688,0.221745
189.63124,8.9668,0.218849
189.63155,8.9744,0.220937
189.63186,8.9668,0.219745
189.63218,8.9809,0.221433
189.63243,8.9725,0.221433
189.63274,8.9668,0.223441
189.63305,8.9611,0.221641
189.63336,8.9752,0.223233
189.63367,8.9762,0.221041
189.63398,8.9678,0.219745
189.63423,8.9762,0.219745
189.63454,8.9705,0.220145
189.63485,8.9715,0.224729
189.63516,8.9668,0.219145
189.63547,8.9828,0.220249
189.63572,8.9809,0.220249
189.63603,8.9744,0.220537
189.63634,8.9688,0.221041
189.63665,8.9688,0.221041
189.63696,8.9725,0.221745
189.63727,8.9725,0.226025
189.63752,8.9771,0.226025
189.63783,8.9725,0.221537
189.63814,8.9715,0.223729
189.63846,8.9631,0.221249
189.63877,8.9658,0.224025
189.63908,8.9754,0.225417
189.63933,8.9848,0.225417
189.63964,8.9695,0.226025
189.63995,8.9631,0.258521
189.64026,8.9574,0.261025
189.64057,8.9688,0.271497
189.64082,8.9658,0.271497
189.64113,8.9648,0.221833
189.64144,8.9697,0.216953
189.64175,8.9725,0.211569
189.64206,8.9725,0.212465
189.64237,8.9734,0.213257
189.64262,8.9705,0.213257
189.64293,8.9678,0.204897
189.64324,8.9771,0.203393
189.64355,8.9688,0.204081
189.64386,8.9744,0.209273
189.64418,8.9725,0.211073
189.64443,8.9752,0.211073
189.64474,8.9695,0.219457
189.64505,8.9668,0.233009
189.64536,8.9631,0.217953
189.64567,8.9695,0.219953
189.64592,8.9631,0.219953
189.64623,8.9791,0.222729
189.64654,8.9734,0.222729
189.64685,8.9631,0.224521
189.64716,8.9781,0.221145
189.64747,8.9621,0.224441
189.64772,8.9621,0.224441
189.64803,8.9734,0.222833
189.64834,8.9734,0.221041
189.64865,8.9658,0.222225
189.64896,8.9688,0.220433
189.64927,8.9668,0.256937
189.64952,8.9611,0.256937
189.64983,8.9688,0.264713
189.65015,8.9574,0.259417
189.65046,8.9734,0.221729
189.65077,8.9611,0.231905
189.65102,8.9734,0.231905
189.65133,8.9678,0.226025
189.65164,8.9744,0.216057
189.65195,8.9725,0.212361
189.65226,8.9762,0.213073
189.65257,8.9791,0.213153
189.65282,8.9639,0.213153
189.65313,8.9705,0.211569
189.65344,8.9668,0.218561
189.65375,8.9678,0.218241
189.65406,8.9641,0.244881
189.65437,8.9582,0.228217
189.65462,8.9695,0.228217
189.65493,8.9705,0.224521
189.65524,8.9705,0.225025
189.65555,8.9631,0.222329
189.65586,8.9705,0.220537
189.65618,8.9705,0.219641
189.65643,8.9744,0.219641
189.65674,8.9695,0.219849
189.65705,8.9725,0.221641
189.65736,8.9734,0.224025
189.65767,8.9771,0.219353
189.65792,8.9705,0.219353
189.65823,8.9688,0.222537
189.65854,8.9762,0.219353
189.65885,8.9705,0.222041
189.65916,8.9705,0.219849
189.65947,8.9725,0.220849
189.65972,8.9631,0.220849
189.66003,8.9762,0.221041
189.66034,8.9639,0.224521
189.66065,8.9602,0.223729
189.66096,8.9611,0.221329
189.66127,8.9734,0.221833
189.66152,8.9801,0.221833
189.66183,8.9734,0.224233
189.66214,8.9725,0.217345
189.66246,8.9744,0.217953
189.66277,8.9648,0.220937
189.66302,8.9648,0.220937
189.66333,8.9668,0.217849
189.66364,8.9648,0.217553
189.66395,8.9734,0.217553
189.66426,8.9725,0.220849
189.66457,8.9621,0.220145
189.66482,8.9688,0.220145
189.66513,8.9668,0.219953
189.66544,8.9639,0.219537
189.66575,8.9715,0.219249
189.66606,8.9715,0.225233
189.66637,8.9754,0.218241
189.66662,8.9648,0.218241
189.66693,8.9705,0.233201
189.66724,8.9574,0.263505
189.66755,8.9611,0.263113
189.66786,8.9818,0.216161
189.66812,8.9771,0.216161
189.66843,8.9705,0.214761
189.66874,8.9695,0.208169
189.66905,8.9705,0.218449
189.66936,8.9688,0.215761
189.66967,8.9688,0.208673
189.66992,8.9668,0.208673
189.67023,8.9791,0.202201
189.67054,8.9734,0.201097
189.67085,8.9781,0.203897
189.67116,8.9715,0.205081
189.67147,8.9678,0.206977
189.67172,8.9688,0.206977
189.67203,8.9705,0.216849
189.67234,8.9668,0.229009
189.67265,8.9688,0.230825
189.67296,8.9725,0.220249
189.67327,8.9705,0.219145
189.67352,8.9801,0.219145
189.67383,8.9734,0.218449
189.67415,8.9695,0.222041
189.67446,8.9725,0.220353
189.67477,8.9678,0.221145
189.67502,8.9818,0.221145
189.67533,8.9744,0.221041
189.67564,8.9695,0.222041
189.67595,8.9734,0.221041
189.67626,8.9752,0.219537
189.67657,8.9639,0.222729
189.67682,8.9725,0.222729
189.67713,8.9725,0.257041
189.67744,8.9705,0.254745
189.67775,8.9705,0.241081
189.67806,8.9582,0.219033
189.67837,8.9725,0.229217
189.67862,8.9744,0.229217
189.67893,8.9734,0.230825
189.67924,8.9668,0.215265
189.67955,8.9678,0.217345
189.67986,8.9705,0.215161
189.68012,8.9639,0.215161
189.68043,8.9695,0.216161
189.68074,8.9725,0.228321
189.68105,8.9715,0.235809
189.68136,8.9725,0.244377
189.68167,8.9668,0.249049
189.68192,8.9631,0.249049
189.68223,8.9715,0.226025
189.68254,8.9668,0.223937
189.68285,8.9715,0.226313
189.68316,8.9668,0.221745
189.68347,8.9715,0.222833
189.68372,8.9705,0.222833
189.68403,8.9648,0.252057
189.68434,8.9688,0.219249
189.68465,8.9725,0.225417
189.68496,8.9688,0.256937
189.68527,8.9688,0.220249
189.68552,8.9695,0.220249
189.68583,8.9668,0.223937
189.68615,8.9602,0.225729
189.68646,8.9715,0.221041
189.68677,8.9705,0.232009
189.68702,8.9697,0.232009
189.68733,8.9734,0.252745
189.68764,8.9781,0.221537
189.68795,8.9725,0.253449
189.68826,8.9725,0.224025
189.68857,8.9695,0.223833
189.68882,8.9752,0.223833
189.68913,8.9695,0.242081
189.68944,8.9744,0.222145
189.68975,8.9715,0.221433
189.69006,8.9668,0.256329
189.69031,8.9602,0.256329
189.69062,8.9762,0.219745
189.69093,8.9705,0.222225
189.69124,8.9695,0.242985
189.69155,8.9744,0.221249
189.69186,8.9668,0.220145
189.69212,8.9678,0.220145
189.69243,8.9648,0.255537
189.69274,8.9639,0.220641
189.69305,8.9678,0.251265
189.69336,8.9545,0.236201
189.69367,8.9658,0.228817
189.69392,8.9762,0.228817
189.69423,8.9592,0.220145
189.69454,8.9639,0.221833
189.69485,8.9678,0.223625
189.69516,8.9705,0.256833
189.69547,8.9639,0.228609
189.69572,8.9725,0.228609
189.69603,8.9752,0.223041
189.69634,8.9582,0.258041
189.69665,8.9828,0.222937
189.69696,8.9688,0.223729
189.69721,8.9658,0.223729
189.69752,8.9678,0.254849
189.69783,8.9695,0.221937
189.69815,8.9705,0.234809
189.69846,8.9688,0.252953
189.69877,8.9781,0.219745
189.69902,8.9648,0.219745
189.69933,8.9631,0.219249
189.69964,8.9648,0.222329
189.69995,8.9752,0.221249
189.70026,8.9725,0.239793
189.70057,8.9574,0.244273
189.70082,8.9678,0.244273
189.70113,8.9631,0.219745
189.70144,8.9705,0.253057
189.70175,8.9734,0.217745
189.70206,8.9688,0.226521
189.70231,8.9754,0.226521
189.70262,8.9715,0.249153
189.70293,8.9678,0.240585
189.70324,8.9695,0.222329
189.70355,8.9658,0.258041
189.70386,8.9725,0.224025
189.70412,8.9818,0.224025
189.70443,8.9695,0.220537
189.70474,8.9631,0.231305
189.70505,8.9695,0.221145
189.70536,8.9715,0.223625
189.70561,8.9639,0.223625
189.70592,8.9688,0.252161
189.70623,8.9641,0.221745
189.70654,8.9762,0.254937
189.70685,8.9725,0.221537
189.70716,8.9584,0.221041
189.70741,8.9715,0.221041
189.70772,8.9658,0.232201
189.70803,8.9734,0.254745
189.70834,8.9752,0.221537
189.70865,8.9734,0.255041
189.70896,8.9621,0.224833
189.70921,8.9715,0.224833
189.70952,8.9771,0.227025
189.70984,8.9555,0.255249
189.71015,8.9715,0.225417
189.71046,8.9641,0.226313
189.71071,8.9611,0.226313
189.71102,8.9658,0.259833
189.71133,8.9668,0.222937
189.71164,8.9762,0.242377
189.71195,8.9631,0.242193
189.71226,8.9781,0.219457
189.71251,8.9744,0.219457
189.71282,8.9725,0.219537
189.71313,8.9695,0.221433
189.71344,8.9639,0.221433
189.71375,8.9744,0.249153
189.71406,8.9697,0.237681
189.71432,8.9734,0.237681
189.71463,8.9762,0.217745
189.71493,8.9639,0.253641
189.71524,8.9631,0.215369
189.71555,8.9734,0.218137
189.71586,8.9574,0.251345
189.71612,8.9668,0.251345
189.71643,8.9752,0.232201
189.71674,8.9762,0.226025
189.71705,8.9678,0.257225
189.71736,8.9725,0.221433
189.71761,8.9678,0.221433
189.71792,8.9574,0.220745
189.71823,8.9688,0.221249
189.71854,8.9725,0.220537
189.71885,8.9725,0.233201
189.71916,8.9631,0.252241
189.71941,8.9781,0.252241
189.71972,8.9771,0.222833
189.72003,8.9658,0.253641
189.72034,8.9734,0.223233
189.72065,8.9762,0.221641
189.72096,8.9631,0.239481
189.72122,8.9668,0.239481
189.72152,8.9688,0.249865
189.72183,8.9658,0.223441
189.72215,8.9705,0.258625
189.72246,8.9697,0.222833
189.72276,8.9781,0.223337
189.72302,8.9564,0.223337
189.72333,8.9631,0.246465
189.72364,8.9658,0.225729
189.72395,8.9801,0.223441
189.72426,8.9725,0.258233
189.72451,8.9695,0.258233
189.72482,8.9715,0.222649
189.72513,8.9725,0.213657
189.72544,8.9781,0.212177
189.72575,8.9688,0.211281
189.72606,8.9781,0.210169
189.72631,8.9809,0.210169
189.72662,8.9715,0.219537
189.72693,8.9688,0.203289
189.72724,8.9715,0.221249
189.72755,8.9688,0.216657
189.72786,8.9658,0.233593
189.72812,8.9678,0.233593
189.72843,8.9801,0.234097
189.72874,8.9801,0.218849
189.72905,8.9725,0.219145
189.72936,8.9648,0.223041
189.72961,8.9678,0.223041
189.72992,8.9744,0.218641
189.73023,8.9781,0.225625
189.73054,8.9705,0.222041
189.73085,8.9668,0.223441
189.73116,8.9695,0.225025
189.73141,8.9744,0.225025
189.73172,8.9752,0.224233
189.73203,8.9695,0.223129
189.73234,8.9697,0.259417
189.73265,8.9631,0.265801
189.73296,8.9781,0.259521
189.73321,8.9631,0.259521
189.73352,8.9611,0.255937
189.73383,8.9744,0.230721
189.73414,8.9715,0.230505
189.73446,8.9771,0.212361
189.73471,8.9744,0.212361
189.73502,8.9602,0.213865
189.73533,8.9752,0.212865
189.73564,8.9734,0.227425
189.73595,8.9668,0.230617
189.73626,8.9658,0.229817
189.73651,8.9688,0.229817
189.73682,8.9648,0.235993
189.73713,8.9744,0.247761
189.73744,8.9744,0.223625
189.73775,8.9688,0.222249
189.73806,8.9715,0.226521
189.73831,8.9762,0.226521
189.73862,8.9762,0.222537
189.73893,8.9752,0.222225
189.73924,8.9705,0.223545
189.73955,8.9801,0.223441
189.73986,8.9818,0.225521
189.74011,8.9744,0.225521
189.74042,8.9725,0.221641
189.74073,8.9734,0.221745
189.74104,8.9688,0.220745
189.74135,8.9762,0.224441
189.74166,8.9648,0.223441
189.74192,8.9688,0.223441
189.74222,8.9734,0.218953
189.74254,8.9744,0.220849
189.74285,8.9705,0.219745
189.74316,8.9678,0.217657
189.74341,8.9639,0.217657
189.74372,8.9668,0.219057
189.74403,8.9781,0.220745
189.74434,8.9715,0.221145
189.74654,8.9715,0.219745
189.74830,8.9648,0.218449
189.75006,8.9744,0.247177
189.75182,8.9725,0.220041
189.75358,8.9734,0.201705
189.75533,8.9744,0.230825
189.75709,8.9791,0.218849
189.75885,8.9725,0.221329
189.75904,8.9705,0.220041
189.75935,8.9744,0.260129
189.75961,8.9688,0.260129
189.75992,8.9705,0.265009
189.76023,8.9611,0.255249
189.76054,8.9752,0.225833
189.76085,8.9762,0.225521
189.76116,8.9695,0.226233
189.76141,8.9744,0.226233
189.76172,8.9688,0.205689
189.76203,8.9639,0.213073
189.76234,8.9734,0.214153
189.76265,8.9715,0.223937
189.76296,8.9744,0.229609
189.76321,8.9678,0.229609
189.76352,8.9658,0.229113
189.76383,8.9762,0.244377
189.76414,8.9678,0.236201
189.76445,8.9705,0.219953
189.76476,8.9725,0.219033
189.76501,8.9648,0.219033
189.76532,8.9705,0.222649
189.76563,8.9715,0.222937
189.76594,8.9668,0.223337
189.76626,8.9744,0.225625
189.76651,8.9611,0.225625
189.76682,8.9668,0.223545
189.76713,8.9688,0.220145
189.76744,8.9771,0.220641
189.76775,8.9688,0.221249
189.76806,8.9715,0.219249
189.76831,8.9705,0.219249
189.76862,8.9695,0.220145
189.76893,8.9752,0.219457
189.76924,8.9695,0.221433
189.76955,8.9725,0.220433
189.76986,8.9668,0.218953
189.77011,8.9734,0.218953
189.77042,8.9658,0.221745
189.77073,8.9688,0.221041
189.77104,8.9725,0.221145
189.77135,8.9715,0.220249
189.77160,8.9705,0.220249
189.77191,8.9695,0.218953
189.77223,8.9734,0.224441
189.77254,8.9688,0.227633
189.77285,8.9734,0.223233
189.77316,8.9725,0.224441
189.77341,8.9818,0.224441
189.77372,8.9744,0.225129
189.77403,8.9725,0.222649
189.77434,8.9744,0.216057
189.77465,8.9725,0.221249
189.77496,8.9705,0.224233
189.77521,8.9725,0.224233
189.77552,8.9658,0.221937
189.77583,8.9678,0.224833
189.77614,8.9697,0.257729
189.77645,8.9695,0.257937
189.77670,8.9611,0.257937
189.77701,8.9744,0.255833
189.77732,8.9705,0.238577
189.77763,8.9715,0.221249
189.77794,8.9658,0.210673
189.77826,8.9762,0.216265
189.77851,8.9715,0.216265
189.77882,8.9631,0.217849
189.77913,8.9725,0.216265
189.77944,8.9762,0.207689
189.77975,8.9688,0.207273
189.78006,8.9688,0.205289
189.78031,8.9752,0.205289
189.78062,8.9801,0.205977
189.78093,8.9725,0.211777
189.78124,8.9771,0.216953
189.78155,8.9725,0.234809
189.78180,8.9688,0.234809
189.78211,8.9752,0.234305
189.78242,8.9715,0.222833
189.78273,8.9734,0.221833
189.78304,8.9705,0.219249
189.78335,8.9695,0.220353
189.78360,8.9688,0.220353
189.78391,8.9611,0.223129
189.78423,8.9725,0.221145
189.78454,8.9688,0.222833
189.78485,8.9705,0.219849
189.78516,8.9705,0.219641
189.78541,8.9695,0.219641
189.78572,8.9715,0.221329
189.78603,8.9668,0.258625
189.78634,8.9648,0.266305
189.78665,8.9639,0.260921
189.78690,8.9668,0.260921
189.78721,8.9734,0.260625
189.78752,8.9648,0.222329
189.78783,8.9818,0.238689
189.78814,8.9639,0.212465
189.78845,8.9678,0.215161
189.78870,8.9752,0.215161
189.78901,8.9762,0.211865
189.78932,8.9762,0.210273
189.78963,8.9658,0.213153
189.78994,8.9744,0.216849
189.79020,8.9762,0.216849
189.79051,8.9771,0.225417
189.79082,8.9678,0.226417
189.79113,8.9592,0.232617
189.79144,8.9695,0.218345
189.79175,8.9668,0.219353
189.79200,8.9639,0.219353
189.79231,8.9725,0.219457
189.79262,8.9648,0.218745
189.79293,8.9695,0.220353
189.79324,8.9648,0.223937
189.79355,8.9771,0.230401
189.79380,8.9725,0.230401
189.79411,8.9658,0.223833
189.79442,8.9752,0.220849
189.79473,8.9648,0.223337
189.79504,8.9658,0.220249
189.79535,8.9725,0.217745
189.79560,8.9744,0.217745
189.79591,8.9695,0.219745
189.79623,8.9734,0.219249
189.79654,8.9744,0.220145
189.79685,8.9734,0.219953
189.79710,8.9801,0.219953
189.79741,8.9725,0.220433
189.79772,8.9688,0.218641
189.79803,8.9678,0.222041
189.79834,8.9705,0.215369
189.79865,8.9695,0.220433
189.79890,8.9705,0.220433
189.79921,8.9678,0.219537
189.79952,8.9725,0.219537
189.79983,8.9678,0.220641
189.80014,8.9697,0.219745
189.80045,8.9752,0.222145
189.80070,8.9611,0.222145
189.80101,8.9725,0.222329
189.80132,8.9791,0.224025
189.80163,8.9715,0.222729
189.80195,8.9602,0.226025
189.80220,8.9705,0.226025
189.80251,8.9744,0.217057
189.80282,8.9725,0.223625
189.80313,8.9641,0.221041
189.80344,8.9801,0.221433
189.80375,8.9715,0.223129
189.80400,8.9648,0.223129
189.80431,8.9695,0.226129
189.80462,8.9715,0.236497
189.80493,8.9705,0.220433
189.80524,8.9688,0.220849
189.80555,8.9725,0.222937
189.80580,8.9695,0.222937
189.80611,8.9781,0.221041
189.80642,8.9695,0.221329
189.80673,8.9705,0.222329
189.80704,8.9678,0.223041
189.80735,8.9791,0.223833
189.80760,8.9602,0.223833
189.80792,8.9508,0.224937
189.80823,8.9725,0.226025
189.80854,8.9705,0.225233
189.80885,8.9678,0.225417
189.80910,8.9828,0.225417
189.80941,8.9668,0.221833
189.80972,8.9668,0.220641
189.81003,8.9725,0.222433
189.81034,8.9734,0.216657
189.81065,8.9631,0.222537
189.81091,8.9705,0.222537
189.81121,8.9715,0.230113
189.81152,8.9744,0.223625
189.81183,8.9771,0.222833
189.81214,8.9678,0.220145
189.81240,8.9678,0.220145
189.81271,8.9631,0.222145
189.81302,8.9725,0.220937
189.81333,8.9678,0.224041
189.81363,8.9715,0.258121
189.81395,8.9611,0.265505
189.81420,8.9688,0.265505
189.81451,8.9648,0.262713
189.81482,8.9715,0.220353
189.81513,8.9592,0.222729
189.81544,8.9725,0.214553
189.81575,8.9697,0.213657
189.81600,8.9695,0.213657
189.81631,8.9725,0.221729
189.81662,8.9688,0.205081
189.81693,8.9688,0.203393
189.81724,8.9752,0.205689
189.81750,8.9828,0.205689
189.81781,8.9744,0.206793
189.81812,8.9695,0.212569
189.81842,8.9688,0.230113
189.81873,8.9582,0.234305
189.81904,8.9658,0.222145
189.81930,8.9705,0.222145
189.81961,8.9715,0.220849
189.81992,8.9762,0.222537
189.82023,8.9574,0.220849
189.82054,8.9678,0.220849
189.82085,8.9771,0.222833
189.82110,8.9828,0.222833
189.82141,8.9754,0.225521
189.82172,8.9734,0.225025
189.82203,8.9715,0.224233
189.82234,8.9715,0.226921
189.82265,8.9771,0.223041
189.82290,8.9744,0.223041
189.82321,8.9734,0.247257
189.82352,8.9592,0.260521
189.82383,8.9668,0.257625
189.82414,8.9705,0.220249
189.82440,8.9695,0.220249
189.82470,8.9678,0.229713
189.82501,8.9621,0.226025
189.82533,8.9648,0.211281
189.82564,8.9762,0.212865
189.82595,8.9762,0.211969
189.82620,8.9752,0.211969
189.82651,8.9668,0.223545
189.82682,8.9734,0.231513
189.82713,8.9791,0.230905
189.82744,8.9744,0.238185
189.82769,8.9705,0.238185
189.82801,8.9688,0.235809
189.82832,8.9752,0.225025
189.82862,8.9725,0.220537
189.82893,8.9771,0.221745
189.82924,8.9658,0.222537
189.82950,8.9668,0.222537
189.82981,8.9695,0.223833
189.83012,8.9705,0.218137
189.83043,8.9705,0.219145
189.83074,8.9695,0.221433
189.83104,8.9648,0.219249
189.83130,8.9658,0.219249
189.83161,8.9678,0.217241
189.83192,8.9762,0.218561
189.83223,8.9791,0.217849
189.83254,8.9678,0.218241
189.83279,8.9771,0.218241
189.83310,8.9801,0.219849
189.83341,8.9688,0.218745
189.83372,8.9621,0.217057
189.83403,8.9715,0.218241
189.83434,8.9631,0.217553
189.83460,8.9715,0.217553
189.83491,8.9658,0.220145
189.83522,8.9752,0.223625
189.83552,8.9725,0.222537
189.83584,8.9641,0.224729
189.83614,8.9705,0.221329
189.83640,8.9678,0.221329
189.83671,8.9705,0.224729
189.83702,8.9734,0.221145
189.83733,8.9715,0.219353
189.83764,8.9697,0.218241
189.83795,8.9734,0.220353
189.83820,8.9648,0.220353
189.83851,8.9715,0.222537
189.83882,8.9631,0.227633
189.83913,8.9695,0.219353
189.83944,8.9688,0.218561
189.83970,8.9705,0.218561
189.84001,8.9658,0.256833
189.84031,8.9734,0.252953
189.84063,8.9602,0.244569
189.84094,8.9781,0.215761
189.84125,8.9658,0.218057
189.84150,8.9705,0.218057
189.84181,8.9791,0.210857
189.84212,8.9705,0.215049
189.84243,8.9705,0.215161
189.84274,8.9688,0.221433
189.84305,8.9744,0.205481
189.84330,8.9744,0.205481
189.84361,8.9705,0.204393
189.84392,8.9781,0.207881
189.84423,8.9695,0.203105
189.84454,8.9688,0.213569
189.84479,8.9658,0.213569
189.84510,8.9641,0.216265
189.84541,8.9715,0.232009
189.84572,8.9631,0.230721
189.84603,8.9688,0.221537
189.84634,8.9688,0.215953
189.84660,8.9695,0.215953
189.84691,8.9744,0.221329
189.84722,8.9734,0.222537
189.84753,8.9705,0.222937
189.84784,8.9658,0.223729
189.84814,8.9697,0.222329
189.84840,8.9678,0.222329
189.84871,8.9668,0.222145
189.84902,8.9781,0.222649
189.84933,8.9631,0.226233
189.84964,8.9592,0.257145
189.84995,8.9611,0.270305
189.85020,8.9678,0.270305
189.85052,8.9648,0.261921
189.85082,8.9734,0.223041
189.85113,8.9658,0.229905
189.85145,8.9762,0.227425
189.85176,8.9715,0.214657
189.85201,8.9734,0.214657
189.85232,8.9648,0.214361
189.85263,8.9734,0.209881
189.85294,8.9752,0.212969
189.85325,8.9715,0.211673
189.85356,8.9791,0.212569
189.85381,8.9668,0.212569
189.85412,8.9688,0.218449
189.85443,8.9725,0.228609
189.85474,8.9791,0.235497
189.85505,8.9695,0.231513
189.85536,8.9725,0.220353
189.85561,8.9705,0.220353
189.85592,8.9705,0.219937
189.85624,8.9658,0.223129
189.85655,8.9744,0.224233
189.85685,8.9648,0.224441
189.85711,8.9695,0.224441
189.85742,8.9658,0.231113
189.85773,8.9725,0.226025
189.85804,8.9734,0.222537
189.85835,8.9705,0.254137
189.85866,8.9648,0.223337
189.85891,8.9744,0.223337
189.85922,8.9744,0.222649
189.85953,8.9668,0.252641
189.85984,8.9725,0.220937
189.86015,8.9631,0.221249
189.86040,8.9631,0.221249
189.86071,8.9688,0.255937
189.86102,8.9715,0.221937
189.86133,8.9715,0.241377
189.86164,8.9602,0.246969
189.86195,8.9695,0.219953
189.86221,8.9705,0.219953
189.86252,8.9582,0.220433
189.86283,8.9688,0.221433
189.86314,8.9658,0.223729
189.86345,8.9752,0.247073
189.86376,8.9621,0.241377
189.86401,8.9744,0.241377
189.86432,8.9705,0.222145
189.86463,8.9631,0.260817
189.86494,8.9639,0.223233
189.86525,8.9697,0.221433
189.86550,8.9545,0.221433
189.86581,8.9592,0.253449
189.86612,8.9705,0.231217
189.86643,8.9818,0.221937
189.86674,8.9725,0.255353
189.86705,8.9658,0.220249
189.86730,8.9744,0.220249
189.86761,8.9631,0.219953
189.86792,8.9584,0.226633
189.86823,8.9705,0.220537
189.86855,8.9658,0.228025
189.86886,8.9639,0.252849
189.86911,8.9695,0.252849
189.86942,8.9725,0.219033
189.86973,8.9752,0.249553
189.87004,8.9678,0.218345
189.87035,8.9809,0.223625
189.87060,8.9668,0.223625
189.87091,8.9648,0.238577
189.87122,8.9668,0.250953
189.87153,8.9705,0.224025
189.87184,8.9725,0.255641
189.87215,8.9705,0.220353
189.87240,8.9744,0.220353
189.87271,8.9678,0.219249
189.87302,8.9602,0.242193
189.87333,8.9678,0.219641
189.87364,8.9725,0.221041
189.87395,8.9592,0.253137
189.87421,8.9734,0.253137
189.87452,8.9688,0.218161
189.87483,8.9734,0.246865
189.87514,8.9791,0.234201
189.87545,8.9705,0.219033
189.87570,8.9744,0.219033
189.87601,8.9695,0.219353
189.87632,8.9752,0.220041
189.87663,8.9762,0.219249
189.87694,8.9771,0.254537
189.87725,8.9631,0.231721
189.87750,8.9688,0.231721
189.87781,8.9639,0.225129
189.87812,8.9658,0.258521
189.87843,8.9752,0.223041
189.87874,8.9621,0.223041
189.87905,8.9725,0.255745
189.87930,8.9611,0.255745
189.87961,8.9668,0.226129
189.87993,8.9668,0.232201
189.88024,8.9688,0.255641
189.88055,8.9658,0.222833
189.88080,8.9801,0.222833
189.88111,8.9658,0.221745
189.88142,8.9705,0.223625
189.88173,8.9641,0.224441
189.88204,8.9695,0.241377
189.88235,8.9641,0.245673
189.88260,8.9752,0.245673
189.88291,8.9715,0.224337
189.88322,8.9715,0.257729
189.88353,8.9705,0.222937
189.88384,8.9725,0.223129
189.88415,8.9631,0.251657
189.88440,8.9688,0.251657
189.88471,8.9658,0.244465
189.88502,8.9705,0.227129
189.88533,8.9668,0.261817
189.88564,8.9688,0.229505
189.88590,8.9688,0.229505
189.88621,8.9582,0.229321
189.88652,8.9705,0.247257
189.88683,8.9658,0.219537
189.88714,8.9668,0.221641
189.88745,8.9621,0.256641
189.88770,8.9771,0.256641
189.88801,8.9695,0.220849
189.88832,8.9648,0.257625
189.88863,8.9639,0.223233
189.88894,8.9658,0.220745
189.88925,8.9621,0.228321
189.88950,8.9668,0.228321
189.88981,8.9695,0.259921
189.89012,8.9734,0.223937
189.89043,8.9697,0.253641
189.89074,8.9678,0.224233
189.89100,8.9658,0.224233
189.89131,8.9631,0.223625
189.89162,8.9602,0.237681
189.89193,8.9744,0.222649
189.89224,8.9762,0.223729
189.89255,8.9754,0.257937
189.89280,8.9631,0.257937
189.89311,8.9668,0.223833
189.89342,8.9725,0.241377
189.89373,8.9602,0.241977
189.89404,8.9752,0.218641
189.89430,8.9754,0.218641
189.89460,8.9621,0.221833
189.89491,8.9715,0.255353
189.89522,8.9725,0.220145
189.89553,8.9781,0.248969
189.89584,8.9688,0.238393
189.89610,8.9678,0.238393
189.89640,8.9648,0.220833
189.89672,8.9705,0.221249
189.89703,8.9688,0.219457
189.89734,8.9705,0.221433
189.89765,8.9801,0.250345
189.89790,8.9668,0.250345
189.89821,8.9621,0.229817
189.89852,8.9688,0.212673
189.89883,8.9695,0.214465
189.89914,8.9668,0.211177
189.89939,8.9771,0.211177
189.89971,8.9752,0.212465
189.90002,8.9715,0.216657
189.90033,8.9695,0.220433
189.90063,8.9715,0.224521
189.90095,8.9715,0.218449
189.90120,8.9725,0.218449
189.90151,8.9678,0.227217
189.90182,8.9781,0.222041
189.90213,8.9725,0.219849
189.90244,8.9678,0.220145
189.90275,8.9678,0.221729
189.90300,8.9611,0.221729
189.90331,8.9695,0.219849
189.90362,8.9771,0.221041
189.90393,8.9678,0.220145
189.90424,8.9631,0.220849
189.90450,8.9725,0.220849
189.90480,8.9695,0.221745
189.90511,8.9725,0.218345
189.90542,8.9715,0.226129
189.90573,8.9754,0.249657
189.90604,8.9705,0.261417
189.90630,8.9621,0.261417
189.90661,8.9648,0.260921
189.90692,8.9678,0.218137
189.90723,8.9705,0.233513
189.90754,8.9621,0.226737
189.90785,8.9725,0.212673
189.90810,8.9668,0.212673
189.90841,8.9734,0.212465
189.90872,8.9668,0.207881
189.90903,8.9668,0.219145
189.90934,8.9648,0.225921
189.90965,8.9631,0.227921
189.90990,8.9621,0.227921
189.91021,8.9641,0.229921
189.91052,8.9639,0.235809
189.91083,8.9725,0.225833
189.91114,8.9705,0.215865
189.91140,8.9668,0.215865
189.91170,8.9574,0.219033
189.91201,8.9725,0.221433
189.91233,8.9744,0.219849
189.91263,8.9725,0.220537
189.91294,8.9678,0.220745
189.91320,8.9668,0.220745
189.91351,8.9695,0.223041
189.91382,8.9725,0.221745
189.91413,8.9688,0.213465
189.91444,8.9631,0.217345
189.91475,8.9668,0.221433
189.91500,8.9744,0.221433
189.91531,8.9744,0.218641
189.91562,8.9688,0.217745
189.91593,8.9705,0.219457
189.91624,8.9639,0.219745
189.91655,8.9762,0.221249
189.91680,8.9771,0.221249
189.91711,8.9715,0.216657
189.91742,8.9762,0.216553
189.91773,8.9752,0.216953
189.91804,8.9715,0.219849
189.91829,8.9744,0.219849
189.91860,8.9715,0.220849
189.91891,8.9705,0.219353
189.91922,8.9725,0.221937
189.91953,8.9744,0.224233
189.91984,8.9648,0.221433
189.92009,8.9639,0.221433
189.92040,8.9695,0.223833
189.92071,8.9809,0.221729
189.92102,8.9801,0.221041
189.92133,8.9611,0.219033
189.92164,8.9744,0.221249
189.92190,8.9631,0.221249
189.92221,8.9688,0.220641
189.92252,8.9791,0.251553
189.92283,8.9602,0.254849
189.92314,8.9641,0.253057
189.92340,8.9611,0.253057
189.92370,8.9584,0.257833
189.92401,8.9725,0.218241
189.92432,8.9752,0.209065
189.92463,8.9838,0.212073
189.92494,8.9715,0.211465
189.92520,8.9762,0.211465
189.92551,8.9705,0.213569
189.92582,8.9734,0.201705
189.92613,8.9828,0.204793
189.92644,8.9818,0.205289
189.92675,8.9771,0.207881
189.92700,8.9744,0.207881
189.92731,8.9818,0.209377
189.92762,8.9592,0.236097
189.92793,8.9752,0.234993
189.92824,8.9648,0.235201
189.92850,8.9734,0.235201
189.92881,8.9781,0.224729
189.92912,8.9762,0.222145
189.92943,8.9695,0.223041
189.92974,8.9688,0.221641
189.93005,8.9631,0.223625
189.93030,8.9648,0.223625
189.93061,8.9715,0.220833
189.93092,8.9734,0.220745
189.93123,8.9715,0.221641
189.93154,8.9752,0.220041
189.93185,8.9695,0.220249
189.93210,8.9695,0.220249
189.93241,8.9734,0.221641
189.93272,8.9725,0.260313
189.93303,8.9621,0.262817
189.93334,8.9648,0.260521
189.93359,8.9762,0.260521
189.93390,8.9631,0.222225
189.93422,8.9705,0.228025
189.93453,8.9582,0.216449
189.93484,8.9791,0.217953
189.93515,8.9668,0.214049
189.93540,8.9715,0.214049
189.93571,8.9734,0.212865
189.93602,8.9715,0.227529
189.93633,8.9734,0.227425
189.93664,8.9752,0.227529
189.93689,8.9705,0.227529
189.93720,8.9688,0.240793
189.93751,8.9781,0.236993
189.93782,8.9809,0.216657
189.93813,8.9678,0.219033
189.93844,8.9668,0.219537
189.93869,8.9658,0.219537
189.93900,8.9641,0.219745
189.93931,8.9688,0.221433
189.93962,8.9771,0.221833
189.93993,8.9678,0.222433
189.94024,8.9688,0.225337
189.94050,8.9688,0.225337
189.94081,8.9688,0.227921
189.94112,8.9688,0.223625
189.94143,8.9725,0.223233
189.94174,8.9705,0.224833
189.94199,8.9725,0.224833
189.94230,8.9688,0.221041
189.94261,8.9705,0.220849
189.94292,8.9791,0.221641
189.94323,8.9725,0.221329
189.94354,8.9762,0.223129
189.94379,8.9648,0.223129
189.94410,8.9781,0.224025
189.94441,8.9592,0.223833
189.94472,8.9688,0.224921
189.94503,8.9801,0.221329
189.94534,8.9801,0.218641
189.94559,8.9621,0.218641
189.94590,8.9734,0.217657
189.94621,8.9744,0.222729
189.94653,8.9678,0.222537
189.94684,8.9762,0.223337
189.94709,8.9744,0.223337
189.94740,8.9697,0.225833
189.94771,8.9809,0.224729
189.94802,8.9678,0.224521
189.94833,8.9848,0.226633
189.94864,8.9678,0.222937
189.94889,8.9648,0.222937
189.94920,8.9715,0.224729
189.94951,8.9688,0.256937
189.94982,8.9762,0.257433
189.95013,8.9678,0.252449
189.95044,8.9762,0.216849
189.95069,8.9705,0.216849
189.95100,8.9781,0.218953
189.95131,8.9715,0.215865
189.95162,8.9668,0.214657
189.95193,8.9781,0.215657
189.95224,8.9678,0.219745
189.95250,8.9705,0.219745
189.95281,8.9752,0.203497
189.95312,8.9678,0.201393
189.95343,8.9762,0.201785
189.95374,8.9725,0.204497
189.95399,8.9744,0.204497
189.95430,8.9668,0.207777
189.95461,8.9611,0.219641
189.95492,8.9705,0.232201
189.95523,8.9725,0.233593
189.95554,8.9668,0.223441
189.95579,8.9688,0.223441
189.95610,8.9781,0.220249
189.95641,8.9658,0.216057
189.95672,8.9762,0.221433
189.95703,8.9688,0.220353
189.95734,8.9744,0.212257
189.95759,8.9678,0.212257
189.95790,8.9705,0.219641
189.95822,8.9688,0.216553
189.95853,8.9752,0.221537
189.95884,8.9678,0.222329
189.95909,8.9752,0.222329
189.95940,8.9648,0.218953
189.95971,8.9648,0.262817
189.96002,8.9754,0.255833
189.96033,8.9744,0.256729
189.96064,8.9762,0.217849
189.96089,8.9762,0.217849
189.96120,8.9734,0.228921
189.96151,8.9678,0.215865
189.96182,8.9744,0.216849
189.96213,8.9781,0.214945
189.96244,8.9762,0.215865
189.96269,8.9705,0.215865
189.96300,8.9648,0.226025
189.96331,8.9658,0.225233
189.96362,8.9602,0.233905
189.96393,8.9592,0.240873
189.96419,8.9715,0.240873
189.96450,8.9678,0.230825
189.96481,8.9715,0.218561
189.96512,8.9658,0.219033
189.96543,8.9801,0.218745
189.96574,8.9744,0.220849
189.96599,8.9705,0.220849
189.96630,8.9668,0.219745
189.96661,8.9744,0.220745
189.96692,8.9744,0.216657
189.96723,8.9535,0.220041
189.96754,8.9621,0.218449
189.96779,8.9705,0.218449
189.96810,8.9734,0.218345
189.96841,8.9678,0.220537
189.96872,8.9695,0.225129
189.96903,8.9678,0.222937
189.96934,8.9695,0.224129
189.96959,8.9658,0.224129
189.96990,8.9762,0.224025
189.97021,8.9715,0.221329
189.97053,8.9725,0.224233
189.97084,8.9688,0.223129
189.97109,8.9725,0.223129
189.97140,8.9762,0.221145
189.97171,8.9678,0.221937
189.97202,8.9705,0.221145
189.97233,8.9621,0.221937
189.97264,8.9705,0.219849
189.97289,8.9781,0.219849
189.97320,8.9688,0.219641
189.97351,8.9668,0.220537
189.97382,8.9705,0.223545
189.97413,8.9809,0.221433
189.97444,8.9695,0.220641
189.97469,8.9688,0.220641
189.97500,8.9725,0.220249
189.97531,8.9668,0.223545
189.97562,8.9611,0.223729
189.97593,8.9801,0.224233
189.97618,8.9744,0.224233
189.97650,8.9631,0.226313
189.97681,8.9762,0.225729
189.97712,8.9697,0.219145
189.97743,8.9734,0.225233
189.97773,8.9715,0.220937
189.97799,8.9631,0.220937
189.97830,8.9648,0.224625
189.97861,8.9801,0.224129
189.97892,8.9705,0.222145
189.97923,8.9705,0.223441
189.97954,8.9631,0.223625
189.97979,8.9752,0.223625
189.98010,8.9809,0.222041
189.98041,8.9875,0.222833
189.98072,8.9744,0.222937
189.98103,8.9818,0.224129
189.98134,8.9715,0.224025
189.98159,8.9668,0.224025
189.98190,8.9678,0.224937
189.98221,8.9688,0.226921
189.98253,8.9734,0.229321
189.98284,8.9791,0.223233
189.98309,8.9734,0.223233
189.98340,8.9688,0.227817
189.98371,8.9641,0.230009
189.98402,8.9658,0.227217
189.98433,8.9725,0.225233
189.98464,8.9744,0.222433
189.98489,8.9715,0.222433
189.98520,8.9574,0.222729
189.98551,8.9695,0.223041
189.98582,8.9705,0.219537
189.98613,8.9648,0.223041
189.98644,8.9734,0.243169
189.98669,8.9678,0.243169
189.98700,8.9744,0.260233
189.98731,8.9734,0.255745
189.98762,8.9668,0.217345
189.98793,8.9688,0.214945
189.98818,8.9695,0.214945
189.98850,8.9781,0.220937
189.98880,8.9809,0.215161
189.98912,8.9725,0.216553
189.98943,8.9695,0.207777
189.98974,8.9658,0.207881
189.98999,8.9734,0.207881
189.99030,8.9762,0.204793
189.99061,8.9752,0.210377
189.99092,8.9648,0.221433
189.99123,8.9715,0.217449
189.99154,8.9648,0.239585
189.99179,8.9705,0.239585
189.99210,8.9602,0.239185
189.99241,8.9688,0.222729
189.99272,8.9688,0.222225
189.99303,8.9695,0.219953
189.99334,8.9695,0.221249
189.99359,8.9771,0.221249
189.99390,8.9705,0.230617
189.99422,8.9857,0.217745
189.99453,8.9771,0.221433
189.99484,8.9695,0.219745
189.99509,8.9705,0.219745
189.99540,8.9695,0.219849
189.99571,8.9781,0.217745
189.99602,8.9695,0.261817
189.99633,8.9668,0.266801
189.99664,8.9688,0.260521
189.99689,8.9582,0.260521
189.99720,8.9791,0.251657
189.99751,8.9658,0.230905
189.99782,8.9725,0.232305
189.99813,8.9688,0.211865
189.99838,8.9744,0.211865
189.99869,8.9688,0.212673
189.99900,8.9725,0.208673
189.99931,8.9695,0.212969
189.99962,8.9668,0.217241
189.99993,8.9828,0.225833
190.00019,8.9705,0.225833
190.00050,8.9697,0.234593
190.00081,8.9621,0.231617
190.00112,8.9734,0.219033
190.00143,8.9781,0.217849
190.00168,8.9734,0.217849
190.00199,8.9781,0.219537
190.00230,8.9688,0.220145
190.00261,8.9678,0.221833
190.00292,8.9668,0.217745
190.00323,8.9639,0.224233
190.00348,8.9705,0.224233
190.00379,8.9631,0.222433
190.00410,8.9744,0.227321
190.00441,8.9734,0.219849
190.00472,8.9734,0.223337
190.00503,8.9725,0.223729
190.00529,8.9744,0.223729
190.00559,8.9791,0.221745
190.00591,8.9705,0.228025
190.00622,8.9648,0.218449
190.00653,8.9631,0.221641
190.00678,8.9688,0.221641
190.00709,8.9734,0.219457
190.00740,8.9658,0.218241
190.00771,8.9725,0.219537
190.00802,8.9621,0.219145
190.00833,8.9668,0.220353
190.00859,8.9725,0.220353
190.00889,8.9734,0.219249
190.00921,8.9574,0.219849
190.00951,8.9705,0.227713
190.00982,8.9688,0.219745
190.01013,8.9744,0.220249
190.01039,8.9639,0.220249
190.01070,8.9705,0.220249
190.01101,8.9705,0.225129
190.01132,8.9695,0.222833
190.01163,8.9688,0.223729
190.01188,8.9771,0.223729
190.01219,8.9688,0.224625
190.01250,8.9658,0.225025
190.01281,8.9621,0.259337
190.01312,8.9611,0.257937
190.01343,8.9688,0.260337
190.01368,8.9631,0.260337
190.01399,8.9668,0.235497
190.01430,8.9678,0.220249
190.01461,8.9801,0.210273
190.01492,8.9695,0.215761
190.01523,8.9658,0.218641
190.01548,8.9705,0.218641
190.01580,8.9725,0.215761
190.01611,8.9678,0.203689
190.01642,8.9744,0.202785
190.01672,8.9725,0.205185
190.01704,8.9752,0.207089
190.01729,8.9848,0.207089
190.01760,8.9631,0.210169
190.01791,8.9754,0.223233
190.01822,8.9752,0.235601
190.01853,8.9734,0.235097
190.01878,8.9838,0.235097
190.01909,8.9725,0.223441
190.01940,8.9668,0.222329
190.01971,8.9648,0.221833
190.02002,8.9678,0.222537
190.02033,8.9648,0.220745
190.02058,8.9648,0.220745
190.02089,8.9725,0.222249
190.02120,8.9648,0.221745
190.02151,8.9725,0.223145
190.02182,8.9715,0.222145
190.02213,8.9688,0.221433
190.02239,8.9695,0.221433
190.02269,8.9744,0.222729
190.02300,8.9648,0.259233
190.02331,8.9611,0.258625
190.02362,8.9668,0.263113
190.02388,8.9688,0.263113
190.02419,8.9715,0.217953
190.02450,8.9744,0.230321
190.02481,8.9648,0.217553
190.02512,8.9705,0.219457
190.02543,8.9705,0.216761
190.02568,8.9781,0.216761
190.02599,8.9791,0.217849
190.02630,8.9688,0.229321
190.02661,8.9621,0.232009
190.02692,8.9688,0.232801
190.02723,8.9678,0.241977
190.02748,8.9582,0.241977
190.02779,8.9688,0.232113
190.02810,8.9744,0.222537
190.02841,8.9631,0.219537
190.02872,8.9658,0.219353
190.02903,8.9809,0.221433
190.02929,8.9678,0.221433
190.02959,8.9705,0.221433
190.02991,8.9678,0.244465
190.03022,8.9705,0.220641
190.03053,8.9639,0.223625
190.03078,8.9688,0.223625
190.03109,8.9668,0.254537
190.03140,8.9678,0.223729
190.03171,8.9762,0.251953
190.03202,8.9631,0.240977
190.03233,8.9658,0.225729
190.03258,8.9688,0.225729
190.03289,8.9648,0.224937
190.03320,8.9771,0.221041
190.03351,8.9762,0.226633
190.03382,8.9801,0.251657
190.03413,8.9688,0.231009
190.03438,8.9744,0.231009
190.03469,8.9611,0.218849
190.03500,8.9725,0.253449
190.03531,8.9658,0.221041
190.03562,8.9705,0.219849
190.03588,8.9715,0.219849
190.03619,8.9695,0.251449
190.03650,8.9744,0.216953
190.03681,8.9688,0.230401
190.03712,8.9678,0.249361
190.03743,8.9688,0.215953
190.03768,8.9771,0.215953
190.03799,8.9715,0.219457
190.03830,8.9611,0.224233
190.03861,8.9695,0.221641
190.03892,8.9648,0.239289
190.03923,8.9668,0.247569
190.03948,8.9668,0.247569
190.03979,8.9705,0.221641
190.04010,8.9648,0.257937
190.04041,8.9648,0.219457
190.04072,8.9715,0.219937
190.04098,8.9688,0.219937
190.04129,8.9602,0.245361
190.04160,8.9744,0.240585
190.04191,8.9621,0.222145
190.04222,8.9695,0.254353
190.04253,8.9752,0.224833
190.04278,8.9648,0.224833
190.04309,8.9715,0.226521
190.04340,8.9648,0.231217
190.04371,8.9695,0.217449
190.04402,8.9648,0.220641
190.04433,8.9668,0.252745
190.04458,8.9648,0.252745
190.04672,8.9592,0.222225
190.04848,8.9631,0.234489
190.05024,8.9648,0.220145
190.05200,8.9639,0.220537
190.05376,8.9658,0.258833
190.05552,8.9809,0.223833
190.05728,8.9809,0.220249
190.05904,8.9668,0.226417
190.05929,8.9705,0.226417
190.05960,8.9838,0.240081
190.05991,8.9582,0.252161
190.06022,8.9744,0.225025
190.06053,8.9705,0.222225
190.06078,8.9592,0.222225
190.06109,8.9545,0.259233
190.06140,8.9838,0.223545
190.06171,8.9678,0.245065
190.06202,8.9705,0.239081
190.06228,8.9611,0.239081
190.06259,8.9801,0.220745
190.06290,8.9658,0.257833
190.06321,8.9725,0.221329
190.06352,8.9705,0.222729
190.06383,8.9762,0.252345
190.06408,8.9658,0.252345
190.06439,8.9752,0.238793
190.06470,8.9875,0.221745
190.06501,8.9648,0.257833
190.06532,8.9695,0.222329
190.06563,8.9744,0.222433
190.06588,8.9631,0.222433
190.06619,8.9705,0.255433
190.06650,8.9641,0.229505
190.06681,8.9678,0.233409
190.06712,8.9695,0.262321
190.06737,8.9781,0.262321
190.06768,8.9678,0.226737
190.06799,8.9828,0.261313
190.06831,8.9658,0.226633
190.06862,8.9639,0.227713
190.06893,8.9668,0.238689
190.06918,8.9592,0.238689
190.06949,8.9658,0.254457
190.06980,8.9771,0.227633
190.07011,8.9725,0.259233
190.07042,8.9639,0.218345
190.07073,8.9678,0.209673
190.07098,8.9592,0.209673
190.07129,8.9762,0.211465
190.07160,8.9688,0.211073
190.07191,8.9725,0.210273
190.07222,8.9678,0.220537
190.07253,8.9771,0.203289
190.07278,8.9678,0.203289
190.07309,8.9725,0.215761
190.07340,8.9715,0.223833
190.07371,8.9771,0.231409
190.07402,8.9725,0.235993
190.07428,8.9688,0.235993
190.07459,8.9695,0.223937
190.07490,8.9688,0.222225
190.07521,8.9791,0.221249
190.07552,8.9752,0.223145
190.07583,8.9658,0.220353
190.07608,8.9752,0.220353
190.07639,8.9791,0.224025
190.07670,8.9668,0.220937
190.07701,8.9791,0.220249
190.07732,8.9688,0.221745
190.07757,8.9734,0.221745
190.07788,8.9734,0.220849
190.07819,8.9725,0.219457
190.07850,8.9658,0.260817
190.07881,8.9582,0.256433
190.07912,8.9648,0.258121
190.07937,8.9648,0.258121
190.07968,8.9668,0.216057
190.08000,8.9725,0.228529
190.08031,8.9688,0.214257
190.08062,8.9715,0.216161
190.08093,8.9744,0.211569
190.08118,8.9744,0.211569
190.08149,8.9678,0.212569
190.08180,8.9668,0.229321
190.08211,8.9592,0.225233
190.08242,8.9678,0.229113
190.08267,8.9688,0.229113
190.08298,8.9621,0.236993
190.08329,8.9734,0.233697
190.08360,8.9734,0.217057
190.08391,8.9762,0.219953
190.08422,8.9658,0.218241
190.08447,8.9725,0.218241
190.08478,8.9734,0.220641
190.08509,8.9762,0.217345
190.08540,8.9695,0.217953
190.08571,8.9668,0.218641
190.08602,8.9678,0.217161
190.08628,8.9791,0.217161
190.08659,8.9752,0.218641
190.08690,8.9648,0.218057
190.08721,8.9639,0.221641
190.08752,8.9705,0.223937
190.08783,8.9631,0.220145
190.08808,8.9641,0.220145
190.08839,8.9602,0.222433
190.08870,8.9705,0.225625
190.08901,8.9715,0.221937
190.08932,8.9752,0.218241
190.08957,8.9725,0.218241
190.08988,8.9658,0.217241
190.09019,8.9648,0.218449
190.09050,8.9688,0.217953
190.09081,8.9744,0.217241
190.09112,8.9762,0.218449
190.09137,8.9697,0.218449
190.09168,8.9705,0.219457
190.09199,8.9809,0.219457
190.09230,8.9695,0.217241
190.09261,8.9725,0.222729
190.09292,8.9771,0.220353
190.09318,8.9658,0.220353
190.09349,8.9715,0.219849
190.09380,8.9734,0.234705
190.09411,8.9668,0.225921
190.09442,8.9639,0.226633
190.09472,8.9592,0.220537
190.09498,8.9648,0.220537
190.09529,8.9574,0.257729
190.09560,8.9592,0.260417
190.09591,8.9688,0.259729
190.09622,8.9715,0.219641
190.09647,8.9754,0.219641
190.09678,8.9771,0.222329
190.09709,8.9648,0.209777
190.09740,8.9744,0.217553
190.09771,8.9602,0.215657
190.09802,8.9715,0.220433
190.09827,8.9715,0.220433
190.09858,8.9781,0.205873
190.09889,8.9752,0.205689
190.09920,8.9621,0.201889
190.09951,8.9688,0.209481
190.09982,8.9678,0.210273
190.10008,8.9695,0.210273
190.10038,8.9678,0.220537
190.10069,8.9697,0.234489
190.10100,8.9678,0.225921
190.10131,8.9631,0.223937
190.10162,8.9668,0.223233
190.10188,8.9705,0.223233
190.10219,8.9752,0.222041
190.10250,8.9678,0.223337
190.10281,8.9658,0.224025
190.10311,8.9688,0.223833
190.10337,8.9734,0.223833
190.10368,8.9762,0.218345
190.10399,8.9668,0.230401
190.10430,8.9611,0.220641
190.10461,8.9602,0.222433
190.10492,8.9725,0.234809
190.10517,8.9715,0.234809
190.10548,8.9621,0.260129
190.10579,8.9705,0.256329
190.10610,8.9648,0.215657
190.10641,8.9639,0.234097
190.10672,8.9688,0.227129
190.10698,8.9639,0.227129
190.10728,8.9762,0.221041
190.10759,8.9705,0.214945
190.10790,8.9744,0.214465
190.10821,8.9688,0.207089
190.10847,8.9668,0.207089
190.10878,8.9715,0.220145
190.10909,8.9668,0.226417
190.10939,8.9658,0.244377
190.10971,8.9678,0.246969
190.11002,8.9648,0.235993
190.11027,8.9771,0.235993
190.11058,8.9762,0.222833
190.11089,8.9734,0.221537
190.11120,8.9705,0.221433
190.11151,8.9705,0.221937
190.11177,8.9762,0.221937
190.11208,8.9781,0.222537
190.11239,8.9705,0.222329
190.11270,8.9762,0.221833
190.11301,8.9715,0.220249
190.11332,8.9715,0.222649
190.11357,8.9715,0.222649
190.11388,8.9668,0.224521
190.11419,8.9639,0.220937
190.11450,8.9705,0.220937
190.11481,8.9705,0.220641
190.11512,8.9781,0.222433
190.11537,8.9781,0.222433
190.11568,8.9631,0.224729
190.11599,8.9602,0.223441
190.11630,8.9668,0.221833
190.11661,8.9754,0.224521
190.11692,8.9725,0.223129
190.11717,8.9705,0.223129
190.11748,8.9715,0.217241
190.11779,8.9715,0.219353
190.11810,8.9725,0.218849
190.11841,8.9752,0.218849
190.11866,8.9574,0.218849
190.11898,8.9688,0.220249
190.11929,8.9725,0.219249
190.11959,8.9762,0.217953
190.11990,8.9801,0.219641
190.12021,8.9592,0.219641
190.12047,8.9705,0.219641
190.12078,8.9725,0.220641
190.12109,8.9752,0.221329
190.12140,8.9668,0.220745
190.12171,8.9631,0.235889
190.12202,8.9631,0.258041
190.12227,8.9688,0.258041
190.12258,8.9658,0.263609
190.12289,8.9658,0.215161
190.12320,8.9725,0.214657
190.12351,8.9668,0.220537
190.12377,8.9648,0.220537
190.12408,8.9621,0.211465
190.12439,8.9697,0.210169
190.12469,8.9744,0.210961
190.12500,8.9754,0.197617
190.12531,8.9705,0.199913
190.12557,8.9725,0.199913
190.12588,8.9734,0.204689
190.12619,8.9695,0.205873
190.12650,8.9688,0.205793
190.12681,8.9715,0.215369
190.12712,8.9744,0.217849
190.12737,8.9688,0.217849
190.12768,8.9725,0.228217
190.12799,8.9648,0.219745
190.12830,8.9631,0.218449
190.12861,8.9648,0.218241
190.12887,8.9602,0.218241
190.12918,8.9668,0.219537
190.12948,8.9801,0.225729
190.12979,8.9621,0.222225
190.13010,8.9734,0.220041
190.13041,8.9734,0.226233
190.13067,8.9752,0.226233
190.13098,8.9734,0.223129
190.13129,8.9744,0.220353
190.13160,8.9678,0.221145
190.13191,8.9639,0.257937
190.13222,8.9705,0.255745
190.13247,8.9725,0.255745
190.13278,8.9621,0.260337
190.13309,8.9688,0.227025
190.13340,8.9725,0.227921
190.13371,8.9648,0.228817
190.13402,8.9668,0.213361
190.13427,8.9744,0.213361
190.13458,8.9705,0.212673
190.13490,8.9762,0.214865
190.13521,8.9781,0.216657
190.13551,8.9734,0.221833
190.13577,8.9668,0.221833
190.13608,8.9695,0.227217
190.13639,8.9695,0.250265
190.13670,8.9611,0.238577
190.13701,8.9725,0.223545
190.13732,8.9678,0.225625
190.13757,8.9705,0.225625
190.13788,8.9734,0.225625
190.13819,8.9715,0.222041
190.13850,8.9639,0.226921
190.13881,8.9695,0.221329
190.13912,8.9631,0.223729
190.13937,8.9725,0.223729
190.13968,8.9828,0.222729
190.13999,8.9725,0.219537
190.14030,8.9715,0.222329
190.14061,8.9678,0.222329
190.14087,8.9809,0.222329
190.14118,8.9734,0.222329
190.14149,8.9715,0.219849
190.14180,8.9705,0.218561
190.14210,8.9668,0.219953
190.14242,8.9725,0.221537
190.14267,8.9668,0.221537
190.14298,8.9602,0.221537
190.14329,8.9639,0.224521
190.14360,8.9678,0.227217
190.14391,8.9678,0.222729
190.14422,8.9678,0.223937
190.14447,8.9688,0.223937
190.14478,8.9734,0.228217
190.14509,8.9631,0.222041
190.14540,8.9752,0.222433
190.14571,8.9602,0.215265
190.14602,8.9705,0.221145
190.14627,8.9668,0.221145
190.14658,8.9678,0.221433
190.14689,8.9744,0.220849
190.14720,8.9809,0.220041
190.14751,8.9648,0.221329
190.14776,8.9725,0.221329
190.14807,8.9695,0.221329
190.14838,8.9752,0.221745
190.14869,8.9705,0.222833
190.14900,8.9734,0.221041
190.14931,8.9631,0.222145
190.14957,8.9744,0.222145
190.14987,8.9668,0.216265
190.15018,8.9752,0.226633
190.15049,8.9678,0.224441
190.15080,8.9658,0.224025
190.15111,8.9705,0.225521
190.15137,8.9668,0.225521
190.15168,8.9715,0.225233
190.15199,8.9678,0.224625
190.15230,8.9762,0.220849
190.15261,8.9695,0.222249
190.15287,8.9801,0.222249
190.15317,8.9564,0.219145
190.15348,8.9697,0.221145
190.15379,8.9668,0.221745
190.15410,8.9809,0.222729
190.15441,8.9668,0.222041
190.15467,8.9688,0.222041
190.15497,8.9668,0.220937
190.15529,8.9705,0.221329
190.15560,8.9744,0.222145
190.15591,8.9744,0.221145
190.15621,8.9705,0.221041
190.15647,8.9781,0.221041
190.15678,8.9762,0.220353
190.15709,8.9705,0.222433
190.15740,8.9715,0.225337
190.15771,8.9631,0.217849
190.15796,8.9648,0.217849
190.15827,8.9762,0.217553
190.15858,8.9705,0.222329
190.15889,8.9611,0.255353
190.15920,8.9695,0.262217
190.15951,8.9641,0.258833
190.15977,8.9639,0.258833
190.16008,8.9734,0.255041
190.16039,8.9678,0.214257
190.16070,8.9762,0.216761
190.16100,8.9828,0.210273
190.16132,8.9688,0.215849
190.16157,8.9752,0.215849
190.16188,8.9754,0.207273
190.16219,8.9705,0.199513
190.16250,8.9695,0.204689
190.16281,8.9678,0.204289
190.16312,8.9838,0.206585
190.16337,8.9705,0.206585
190.16368,8.9781,0.218345
190.16399,8.9734,0.231217
190.16431,8.9809,0.232905
190.16462,8.9715,0.221329
190.16487,8.9688,0.221329
190.16518,8.9715,0.221641
190.16549,8.9734,0.222729
190.16580,8.9602,0.221145
190.16611,8.9781,0.221329
190.16636,8.9781,0.221329
190.16667,8.9688,0.218057
190.16698,8.9771,0.217657
190.16729,8.9658,0.218345
190.16760,8.9734,0.220849
190.16791,8.9678,0.223833
190.16816,8.9838,0.223833
190.16847,8.9621,0.221145
190.16878,8.9678,0.258121
190.16909,8.9582,0.257329
190.16940,8.9621,0.239977
190.16971,8.9668,0.227129
190.16996,8.9705,0.227129
190.17027,8.9688,0.229113
190.17059,8.9715,0.211569
190.17090,8.9744,0.212761
190.17121,8.9744,0.214865
190.17146,8.9734,0.214865
190.17177,8.9725,0.217449
190.17208,8.9631,0.217449
190.17239,8.9658,0.229113
190.17270,8.9725,0.244065
190.17301,8.9771,0.243089
190.17326,8.9658,0.243089
190.17357,8.9705,0.231409
190.17388,8.9762,0.232113
190.17419,8.9688,0.218953
190.17450,8.9734,0.222041
190.17481,8.9715,0.220145
190.17506,8.9695,0.220145
190.17537,8.9734,0.220641
190.17568,8.9762,0.219457
190.17599,8.9678,0.220745
190.17630,8.9781,0.218745
190.17656,8.9705,0.218745
190.17687,8.9725,0.222937
190.17718,8.9668,0.219641
190.17749,8.9648,0.215369
190.17780,8.9688,0.219537
190.17811,8.9734,0.225625
190.17836,8.9734,0.225625
190.17867,8.9734,0.224833
190.17898,8.9658,0.224833
190.17929,8.9668,0.226025
190.17960,8.9705,0.224521
190.17991,8.9648,0.224129
190.18016,8.9725,0.224129
190.18047,8.9715,0.221745
190.18078,8.9752,0.219145
190.18109,8.9818,0.221329
190.18140,8.9744,0.220145
190.18171,8.9771,0.217345
190.18196,8.9668,0.217345
190.18228,8.9705,0.227217
190.18259,8.9725,0.220433
190.18290,8.9771,0.221041
190.18321,8.9715,0.221433
190.18346,8.9678,0.221433
190.18377,8.9705,0.220641
190.18408,8.9648,0.220849
190.18439,8.9725,0.220641
190.18470,8.9688,0.222649
190.18501,8.9744,0.242193
190.18526,8.9639,0.242193
190.18557,8.9658,0.262217
190.18588,8.9688,0.258041
190.18619,8.9715,0.219537
190.18650,8.9611,0.218561
190.18681,8.9668,0.220145
190.18706,8.9762,0.220145
190.18737,8.9734,0.210465
190.18768,8.9838,0.218241
190.18799,8.9771,0.211569
190.18831,8.9705,0.202393
190.18856,8.9762,0.202393
190.18887,8.9725,0.206377
190.18918,8.9752,0.203585
190.18949,8.9734,0.205689
190.18980,8.9801,0.208777
190.19011,8.9752,0.219145
190.19036,8.9715,0.219145
190.19067,8.9688,0.219033
190.19098,8.9695,0.229505
190.19129,8.9658,0.220145
190.19160,8.9762,0.221641
190.19191,8.9725,0.219641
190.19216,8.9668,0.219641
190.19247,8.9771,0.224729
190.19278,8.9744,0.224833
190.19309,8.9658,0.224337
190.19340,8.9621,0.225921
190.19371,8.9668,0.226313
190.19396,8.9648,0.226313
190.19427,8.9705,0.223441
190.19458,8.9678,0.225129
190.19489,8.9695,0.223833
190.19520,8.9648,0.259521
190.19546,8.9752,0.259521
190.19576,8.9631,0.266697
190.19608,8.9584,0.267113
190.19639,8.9648,0.227025
190.19670,8.9688,0.228217
190.19700,8.9734,0.226313
190.19726,8.9678,0.226313
190.19757,8.9752,0.215657
190.19788,8.9725,0.212073
190.19819,8.9688,0.215657
190.19850,8.9715,0.218641
190.19881,8.9744,0.222225
190.19906,8.9688,0.222225
190.19937,8.9705,0.229425
190.19968,8.9809,0.246761
190.19999,8.9734,0.231905
190.20030,8.9705,0.221329
190.20055,8.9744,0.221329
190.20086,8.9688,0.223441
190.20117,8.9744,0.220937
190.20148,8.9688,0.221433
190.20179,8.9705,0.220641
190.20210,8.9781,0.256249
190.20235,8.9648,0.256249
190.20266,8.9762,0.221329
190.20297,8.9809,0.221041
190.20328,8.9602,0.237785
190.20359,8.9658,0.219457
190.20390,8.9762,0.219537
190.20416,8.9688,0.219537
190.20447,8.9648,0.251265
190.20478,8.9838,0.216657
190.20509,8.9744,0.248073
190.20540,8.9725,0.232409
190.20571,8.9715,0.218641
190.20596,8.9715,0.218641
190.20627,8.9648,0.222225
190.20658,8.9648,0.227633
190.20689,8.9705,0.222937
190.20720,8.9752,0.254641
190.20746,8.9639,0.254641
190.20777,8.9715,0.224625
190.20808,8.9705,0.227217
190.20838,8.9715,0.254937
190.20870,8.9715,0.220145
190.20901,8.9592,0.218057
190.20926,8.9678,0.218057
190.20957,8.9611,0.250049
190.20988,8.9762,0.220745
190.21019,8.9715,0.236305
190.21050,8.9631,0.249153
190.21081,8.9744,0.220145
190.21106,8.9754,0.220145
190.21137,8.9791,0.221729
190.21168,8.9574,0.220433
190.21199,8.9762,0.217657
190.21230,8.9715,0.240689
190.21256,8.9621,0.240689
190.21287,8.9678,0.242081
190.21318,8.9715,0.221041
190.21349,8.9725,0.256433
190.21380,8.9754,0.222433
190.21411,8.9791,0.222329
190.21436,8.9648,0.222329
190.21467,8.9639,0.246257
190.21498,8.9668,0.221537
190.21529,8.9668,0.218953
190.21560,8.9697,0.257433
190.21591,8.9734,0.217849
190.21616,8.9705,0.217849
190.21647,8.9678,0.218137
190.21678,8.9658,0.227217
190.21709,8.9725,0.219641
190.21740,8.9725,0.224025
190.21765,8.9762,0.224025
190.21796,8.9648,0.257041
190.21828,8.9771,0.219745
190.21859,8.9715,0.255041
190.21889,8.9715,0.223937
190.21920,8.9668,0.219537
190.21946,8.9631,0.219537
190.21977,8.9678,0.229921
190.22008,8.9695,0.222329
190.22039,8.9744,0.223233
190.22070,8.9688,0.257625
190.22101,8.9639,0.223337
190.22126,8.9734,0.223337
190.22157,8.9668,0.223337
190.22188,8.9668,0.252553
190.22219,8.9744,0.222041
190.22250,8.9744,0.223041
190.22281,8.9695,0.256937
190.22306,8.9639,0.256937
190.22337,8.9697,0.222225
190.22368,8.9744,0.244569
190.22399,8.9545,0.241977
190.22430,8.9818,0.222041
190.22456,8.9715,0.222041
190.22487,8.9602,0.222729
190.22518,8.9639,0.221433
190.22549,8.9705,0.219457
190.22580,8.9648,0.249761
190.22611,8.9592,0.236201
190.22636,8.9648,0.236201
190.22667,8.9688,0.222729
190.22698,8.9734,0.259337
190.22729,8.9734,0.225233
190.22760,8.9648,0.227217
190.22785,8.9744,0.227217
190.22816,8.9695,0.260625
190.22847,8.9734,0.234489
190.22878,8.9801,0.229817
190.22909,8.9668,0.259625
190.22940,8.9648,0.224625
190.22965,8.9744,0.224625
190.22996,8.9668,0.224441
190.23028,8.9631,0.226521
190.23059,8.9648,0.223441
190.23090,8.9744,0.238081
190.23115,8.9582,0.238081
190.23146,8.9715,0.255833
190.23177,8.9678,0.225233
190.23208,8.9715,0.260129
190.23239,8.9734,0.228025
190.23270,8.9791,0.226921
190.23295,8.9781,0.226921
190.23326,8.9668,0.245361
190.23357,8.9715,0.226921
190.23388,8.9715,0.225833
190.23419,8.9705,0.265321
190.23450,8.9695,0.230009
190.23475,8.9818,0.230009
190.23506,8.9715,0.230505
190.23537,8.9668,0.247257
190.23568,8.9678,0.231801
190.23600,8.9791,0.227425
190.23625,8.9668,0.227425
190.23656,8.9725,0.261921
190.23687,8.9715,0.227713
190.23718,8.9602,0.261129
190.23749,8.9678,0.240481
190.23780,8.9771,0.220745
190.23805,8.9688,0.220745
190.23836,8.9752,0.223833
190.23867,8.9744,0.219937
190.23898,8.9705,0.222041
190.23929,8.9752,0.253745
190.23960,8.9631,0.225337
190.23986,8.9688,0.225337
190.24016,8.9695,0.220641
190.24047,8.9611,0.254849
190.24078,8.9658,0.219537
190.24109,8.9648,0.224441
190.24140,8.9715,0.259129
190.24166,8.9695,0.259129
190.24197,8.9648,0.222729
190.24228,8.9688,0.238289
190.24259,8.9695,0.254937
190.24290,8.9809,0.215449
190.24315,8.9668,0.215449
190.24346,8.9705,0.200889
190.24377,8.9725,0.209273
190.24408,8.9752,0.204977
190.24439,8.9771,0.208169
190.24470,8.9762,0.202601
190.24496,8.9781,0.202601
190.24526,8.9715,0.214657
190.24557,8.9725,0.220641
190.24588,8.9695,0.222433
190.24619,8.9668,0.232697
190.24650,8.9648,0.223937
190.24676,8.9688,0.223937
190.24707,8.9688,0.230905
190.24737,8.9734,0.216657
190.24769,8.9715,0.219353
190.24800,8.9725,0.221041
190.24825,8.9658,0.221041
190.24856,8.9734,0.220937
190.24887,8.9725,0.220937
190.24918,8.9725,0.223337
190.24949,8.9771,0.219145
190.24980,8.9725,0.223145
190.25005,8.9762,0.223145
190.25036,8.9697,0.218449
190.25067,8.9771,0.259833
190.25098,8.9631,0.258121
190.25129,8.9631,0.256729
190.25160,8.9658,0.216265
190.25186,8.9762,0.216265
190.25217,8.9688,0.229817
190.25248,8.9639,0.220537
190.25279,8.9725,0.212969
190.25310,8.9744,0.210961
190.25335,8.9648,0.210961
190.25366,8.9715,0.212361
190.25397,8.9668,0.212465
190.25428,8.9678,0.215369
190.25459,8.9705,0.217657
190.25490,8.9639,0.226025
190.25516,8.9781,0.226025
190.25547,8.9678,0.242193
190.25578,8.9678,0.222145
190.25609,8.9715,0.219745
190.25639,8.9734,0.221641
190.25665,8.9734,0.221641
190.25696,8.9695,0.221937
190.25727,8.9715,0.223625
190.25758,8.9762,0.221745
190.25789,8.9678,0.219849
190.25820,8.9744,0.218953
190.25845,8.9695,0.218953
190.25876,8.9818,0.219849
190.25907,8.9725,0.218953
190.25938,8.9668,0.221433
190.25969,8.9631,0.221537
190.26000,8.9678,0.218641
190.26025,8.9715,0.218641
190.26056,8.9678,0.218953
190.26087,8.9668,0.221249
190.26118,8.9781,0.221433
190.26149,8.9705,0.223833
190.26180,8.9688,0.220249
190.26205,8.9648,0.220249
190.26236,8.9771,0.224729
190.26267,8.9688,0.225521
190.26298,8.9734,0.225025
190.26329,8.9771,0.223833
190.26360,8.9639,0.222937
190.26385,8.9715,0.222937
190.26416,8.9705,0.223833
190.26447,8.9678,0.224041
190.26478,8.9725,0.222041
190.26509,8.9725,0.220641
190.26535,8.9734,0.220641
190.26566,8.9705,0.217745
190.26597,8.9781,0.220041
190.26628,8.9725,0.218641
190.26659,8.9697,0.223337
190.26690,8.9658,0.222833
190.26715,8.9781,0.222833
190.26746,8.9688,0.222041
190.26777,8.9602,0.261233
190.26808,8.9648,0.259921
190.26839,8.9611,0.257537
190.26864,8.9781,0.257537
190.26895,8.9678,0.216449
190.26926,8.9715,0.214465
190.26957,8.9695,0.213257
190.26988,8.9641,0.221833
190.27019,8.9678,0.221537
190.27045,8.9771,0.221537
190.27076,8.9688,0.213865
190.27106,8.9744,0.208377
190.27138,8.9688,0.203289
190.27169,8.9734,0.202201
190.27200,8.9781,0.201097
190.27225,8.9715,0.201097
190.27256,8.9809,0.206977
190.27287,8.9688,0.215553
190.27318,8.9725,0.233593
190.27349,8.9668,0.235393
190.27374,8.9715,0.235393
190.27405,8.9688,0.220433
190.27436,8.9705,0.222649
190.27467,8.9762,0.220249
190.27498,8.9715,0.222833
190.27529,8.9734,0.221833
190.27555,8.9705,0.221833
190.27586,8.9695,0.225233
190.27617,8.9725,0.221641
190.27648,8.9762,0.227529
190.27679,8.9725,0.224521
190.27709,8.9658,0.226737
190.27735,8.9668,0.226737
190.27766,8.9602,0.226921
190.27797,8.9695,0.268489
190.27828,8.9545,0.261521
190.27859,8.9639,0.260625
190.27890,8.9705,0.227529
190.27915,8.9762,0.227529
190.27946,8.9725,0.228921
190.27977,8.9688,0.214945
190.28008,8.9744,0.208481
190.28039,8.9791,0.212969
190.28064,8.9781,0.212969
190.28095,8.9705,0.205977
190.28126,8.9648,0.216849
190.28157,8.9705,0.226737
190.28188,8.9734,0.234809
190.28219,8.9715,0.243881
190.28245,8.9688,0.243881
190.28276,8.9602,0.236601
190.28306,8.9725,0.223625
190.28337,8.9725,0.224129
190.28368,8.9658,0.223937
190.28400,8.9678,0.222145
190.28425,8.9715,0.222145
190.28456,8.9725,0.223441
190.28487,8.9781,0.221537
190.28518,8.9734,0.218953
190.28549,8.9734,0.220145
190.28574,8.9678,0.220145
190.28605,8.9762,0.219937
190.28636,8.9688,0.220641
190.28667,8.9695,0.218057
190.28698,8.9658,0.219953
190.28729,8.9744,0.220433
190.28755,8.9705,0.220433
190.28786,8.9744,0.220745
190.28817,8.9754,0.221433
190.28848,8.9688,0.219849
190.28879,8.9771,0.218849
190.28910,8.9725,0.219745
190.28935,8.9678,0.219745
190.28966,8.9715,0.214465
190.28997,8.9658,0.221041
190.29028,8.9752,0.222729
190.29059,8.9715,0.220353
190.29085,8.9658,0.220353
190.29115,8.9639,0.221249
190.29147,8.9752,0.224521
190.29178,8.9688,0.222649
190.29209,8.9611,0.220353
190.29239,8.9648,0.220041
190.29265,8.9762,0.220041
190.29296,8.9725,0.222649
190.29327,8.9725,0.220745
190.29358,8.9639,0.223937
190.29389,8.9781,0.218137
190.29420,8.9688,0.221433
190.29445,8.9678,0.221433
190.29476,8.9705,0.259521
190.29507,8.9688,0.252641
190.29538,8.9668,0.235809
190.29569,8.9688,0.212569
190.29600,8.9715,0.218849
190.29625,8.9734,0.218849
190.29656,8.9715,0.227025
190.29687,8.9688,0.212673
190.29718,8.9668,0.218449
190.29749,8.9818,0.219641
190.29775,8.9734,0.219641
190.29805,8.9791,0.212177
190.29836,8.9809,0.206793
190.29867,8.9705,0.209065
190.29898,8.9801,0.210465
190.29929,8.9809,0.207777
190.29955,8.9762,0.207777
190.29986,8.9688,0.221745
190.30017,8.9715,0.231801
190.30048,8.9725,0.218849
190.30078,8.9725,0.217241
190.30110,8.9705,0.217849
190.30135,8.9705,0.217849
190.30166,8.9705,0.221641
190.30197,8.9715,0.220537
190.30228,8.9688,0.219537
190.30259,8.9688,0.220249
190.30285,8.9744,0.220249
190.30315,8.9744,0.222329
190.30346,8.9715,0.218641
190.30377,8.9668,0.226025
190.30408,8.9695,0.222833
190.30439,8.9688,0.253057
190.30465,8.9648,0.253057
190.30496,8.9705,0.264713
190.30526,8.9641,0.263025
190.30558,8.9705,0.225921
190.30589,8.9668,0.234489
190.30620,8.9715,0.220937
190.30645,8.9725,0.220937
190.30676,8.9688,0.214865
190.30707,8.9695,0.213153
190.30738,8.9809,0.212177
190.30769,8.9658,0.213657
190.30794,8.9715,0.213657
190.30825,8.9621,0.215761
190.30856,8.9639,0.230721
190.30887,8.9734,0.241769
190.30918,8.9715,0.236785
190.30949,8.9828,0.227025
190.30975,8.9705,0.227025
190.31005,8.9744,0.221937
190.31037,8.9705,0.218241
190.31068,8.9695,0.221249
190.31099,8.9658,0.221729
190.31129,8.9752,0.222433
190.31155,8.9678,0.222433
190.31186,8.9725,0.224729
190.31217,8.9688,0.224129
190.31248,8.9725,0.223041
190.31279,8.9678,0.224833
190.31304,8.9695,0.224833
190.31335,8.9734,0.217449
190.31366,8.9688,0.218849
190.31397,8.9688,0.221745
190.31428,8.9744,0.221041
190.31460,8.9752,0.222225
190.31485,8.9781,0.222225
190.31516,8.9678,0.219353
190.31547,8.9762,0.220433
190.31578,8.9678,0.220353
190.31609,8.9668,0.219145
190.31634,8.9705,0.219145
190.31665,8.9631,0.221041
190.31696,8.9658,0.220433
190.31727,8.9678,0.222937
190.31758,8.9828,0.222041
190.31789,8.9631,0.218849
190.31814,8.9705,0.218849
190.31845,8.9648,0.225337
190.31876,8.9762,0.224129
190.31907,8.9678,0.226233
190.31938,8.9744,0.223937
190.31969,8.9705,0.226129
190.31994,8.9715,0.226129
190.32026,8.9602,0.223337
190.32057,8.9734,0.226817
190.32088,8.9771,0.220745
190.32119,8.9754,0.220249
190.32144,8.9725,0.220249
190.32175,8.9705,0.224025
190.32206,8.9695,0.218449
190.32237,8.9725,0.220145
190.32268,8.9631,0.220745
190.32299,8.9621,0.222041
190.32324,8.9688,0.222041
190.32355,8.9705,0.220937
190.32386,8.9744,0.220641
190.32417,8.9648,0.220537
190.32448,8.9725,0.222145
190.32479,8.9705,0.221145
190.32504,8.9705,0.221145
190.32535,8.9678,0.222041
190.32566,8.9668,0.224129
190.32597,8.9602,0.224233
190.32628,8.9639,0.221249
190.32654,8.9744,0.221249
190.32685,8.9678,0.220937
190.32716,8.9631,0.223441
190.32747,8.9762,0.220937
190.32778,8.9754,0.218057
190.32809,8.9705,0.218057
190.32834,8.9678,0.218057
190.32865,8.9648,0.219033
190.32896,8.9705,0.222937
190.32927,8.9744,0.219057
190.32958,8.9688,0.219537
190.32989,8.9668,0.219849
190.33014,8.9734,0.219849
190.33045,8.9705,0.219953
190.33076,8.9668,0.219145
190.33107,8.9705,0.220145
190.33138,8.9695,0.218561
190.33169,8.9668,0.256641
190.33194,8.9574,0.256641
190.33226,8.9639,0.256145
190.33257,8.9611,0.231409
190.33288,8.9791,0.217657
190.33318,8.9695,0.220937
190.33344,8.9695,0.220937
190.33375,8.9688,0.215865
190.33406,8.9725,0.214361
190.33437,8.9648,0.200889
190.33468,8.9734,0.201201
190.33499,8.9678,0.200497
190.33524,8.9648,0.200497
190.33555,8.9791,0.207377
190.33586,8.9725,0.208169
190.33617,8.9705,0.212865
190.33648,8.9705,0.230721
190.33679,8.9621,0.230217
190.33704,8.9648,0.230217
190.33735,8.9574,0.222145
190.33766,8.9725,0.225025
190.33797,8.9705,0.221041
190.33828,8.9658,0.217345
190.33854,8.9734,0.217345
190.33885,8.9725,0.223041
190.33916,8.9715,0.223729
190.33947,8.9705,0.222537
190.33978,8.9678,0.222649
190.34009,8.9725,0.220433
190.34034,8.9648,0.220433
190.34065,8.9592,0.220745
190.34096,8.9668,0.253953
190.34127,8.9648,0.259521
190.34158,8.9611,0.261625
190.34189,8.9695,0.256329
190.34214,8.9744,0.256329
190.34245,8.9734,0.217345
190.34276,8.9734,0.224441
190.34307,8.9658,0.211865
190.34338,8.9715,0.209377
190.34369,8.9771,0.214049
190.34394,8.9715,0.214049
190.34425,8.9762,0.210857
190.34456,8.9762,0.220353
190.34677,8.9754,0.224025
190.34853,8.9801,0.225521
190.35029,8.9688,0.220937
190.35205,8.9762,0.221745
190.35380,8.9668,0.224025
190.35556,8.9715,0.219849
190.35732,8.9762,0.220641
190.35908,8.9668,0.220041
190.35928,8.9762,0.219457
190.35959,8.9762,0.215865
190.35990,8.9781,0.215761
190.36015,8.9648,0.215761
190.36046,8.9695,0.220641
190.36077,8.9791,0.224441
190.36108,8.9801,0.206377
190.36139,8.9688,0.207377
190.36170,8.9771,0.206289
190.36195,8.9658,0.206289
190.36226,8.9705,0.207673
190.36257,8.9678,0.210569
190.36288,8.9688,0.221041
190.36319,8.9801,0.220041
190.36350,8.9705,0.231905
190.36375,8.9658,0.231905
190.36406,8.9631,0.227025
190.36438,8.9648,0.222729
190.36469,8.9725,0.222225
190.36500,8.9668,0.219033
190.36525,8.9725,0.219033
190.36556,8.9648,0.221329
190.36587,8.9611,0.222225
190.36618,8.9762,0.220353
190.36649,8.9801,0.222537
190.36680,8.9734,0.220433
190.36705,8.9668,0.220433
190.36736,8.9771,0.222041
190.36767,8.9781,0.224129
190.36798,8.9668,0.260129
190.36829,8.9639,0.259417
190.36854,8.9658,0.259417
190.36885,8.9555,0.259129
190.36916,8.9695,0.233113
190.36947,8.9678,0.228609
190.36978,8.9762,0.225833
190.37009,8.9564,0.211865
190.37035,8.9658,0.211865
190.37066,8.9744,0.212569
190.37097,8.9725,0.213361
190.37128,8.9791,0.212761
190.37159,8.9678,0.220249
190.37184,8.9668,0.220249
190.37215,8.9678,0.224729
190.37246,8.9705,0.239393
190.37277,8.9688,0.229921
190.37308,8.9734,0.217449
190.37339,8.9781,0.218057
190.37364,8.9754,0.218057
190.37395,8.9734,0.218641
190.37426,8.9658,0.219849
190.37457,8.9658,0.223441
190.37488,8.9678,0.256145
190.37519,8.9658,0.223937
190.37544,8.9762,0.223937
190.37575,8.9584,0.221641
190.37606,8.9668,0.247969
190.37638,8.9725,0.218241
190.37669,8.9688,0.220745
190.37700,8.9631,0.252241
190.37725,8.9545,0.252241
190.37756,8.9695,0.223545
190.37787,8.9725,0.241585
190.37818,8.9602,0.239393
190.37849,8.9762,0.224025
190.37874,8.9658,0.224025
190.37905,8.9621,0.219849
190.37936,8.9648,0.253745
190.37967,8.9648,0.218449
190.37998,8.9705,0.250657
190.38029,8.9668,0.234593
190.38054,8.9734,0.234593
190.38085,8.9762,0.219537
190.38116,8.9705,0.254433
190.38147,8.9715,0.219745
190.38178,8.9678,0.221041
190.38209,8.9668,0.252953
190.38235,8.9725,0.252953
190.38266,8.9695,0.229113
190.38297,8.9602,0.226417
190.38328,8.9678,0.255145
190.38359,8.9725,0.220041
190.38384,8.9715,0.220041
190.38415,8.9688,0.216657
190.38446,8.9631,0.252449
190.38477,8.9744,0.221041
190.38508,8.9688,0.236097
190.38539,8.9715,0.253345
190.38564,8.9705,0.253345
190.38595,8.9715,0.221145
190.38626,8.9648,0.220433
190.38657,8.9695,0.223041
190.38688,8.9744,0.220849
190.38719,8.9744,0.241377
190.38744,8.9781,0.241377
190.38775,8.9744,0.248153
190.38806,8.9725,0.223625
190.38838,8.9658,0.259337
190.38869,8.9641,0.224025
190.38894,8.9695,0.224025
190.38925,8.9688,0.224129
190.38956,8.9715,0.250761
190.38987,8.9762,0.225729
190.39018,8.9715,0.221833
190.39049,8.9611,0.259233
190.39074,8.9621,0.259233
190.39105,8.9668,0.222329
190.39136,8.9734,0.222433
190.39167,8.9678,0.233993
190.39198,8.9668,0.220937
190.39229,8.9734,0.225625
190.39254,8.9725,0.225625
190.39285,8.9678,0.259337
190.39316,8.9631,0.221833
190.39347,8.9631,0.258121
190.39378,8.9648,0.226313
190.39409,8.9762,0.219457
190.39434,8.9744,0.219457
190.39466,8.9639,0.231305
190.39496,8.9639,0.220249
190.39527,8.9631,0.223625
190.39558,8.9631,0.257833
190.39589,8.9705,0.222729
190.39615,8.9752,0.222729
190.39646,8.9744,0.225025
190.39677,8.9688,0.251161
190.39708,8.9762,0.222537
190.39739,8.9715,0.221433
190.39764,8.9631,0.221433
190.39795,8.9648,0.256249
190.39826,8.9715,0.221745
190.39857,8.9801,0.241273
190.39888,8.9611,0.240873
190.39919,8.9705,0.221537
190.39944,8.9762,0.221537
190.39975,8.9754,0.224233
190.40006,8.9734,0.221641
190.40037,8.9715,0.222649
190.40068,8.9688,0.249049
190.40099,8.9658,0.236393
190.40125,8.9818,0.236393
190.40155,8.9752,0.219849
190.40187,8.9678,0.256537
190.40218,8.9762,0.222329
190.40249,8.9715,0.222329
190.40274,8.9744,0.222329
190.40305,8.9648,0.254033
190.40336,8.9688,0.234705
190.40367,8.9678,0.228113
190.40398,8.9668,0.257145
190.40429,8.9734,0.219953
190.40454,8.9688,0.219953
190.40485,8.9725,0.225233
190.40516,8.9688,0.256641
190.40547,8.9678,0.222225
190.40578,8.9631,0.233905
190.40609,8.9611,0.248465
190.40634,8.9752,0.248465
190.40665,8.9734,0.219641
190.40696,8.9734,0.252849
190.40727,8.9582,0.222225
190.40758,8.9744,0.222537
190.40789,8.9648,0.237993
190.40815,8.9641,0.237993
190.40845,8.9857,0.244673
190.40876,8.9705,0.221329
190.40907,8.9725,0.257729
190.40938,8.9658,0.224937
190.40964,8.9715,0.224937
190.40995,8.9705,0.220849
190.41026,8.9621,0.246761
190.41057,8.9744,0.223937
190.41088,8.9621,0.222649
190.41118,8.9801,0.252449
190.41144,8.9715,0.252449
190.41175,8.9688,0.221145
190.41206,8.9648,0.250265
190.41237,8.9668,0.232201
190.41268,8.9678,0.218137
190.41299,8.9648,0.218449
190.41324,8.9705,0.218449
190.41355,8.9658,0.250657
190.41386,8.9678,0.217849
190.41417,8.9809,0.251553
190.41448,8.9574,0.225233
190.41479,8.9725,0.219033
190.41504,8.9678,0.219033
190.41535,8.9688,0.229817
190.41566,8.9715,0.212969
190.41597,8.9781,0.209273
190.41628,8.9744,0.211969
190.41654,8.9725,0.211969
190.41685,8.9754,0.213361
190.41716,8.9715,0.212465
190.41746,8.9725,0.205185
190.41777,8.9695,0.217553
190.41809,8.9838,0.217953
190.41834,8.9678,0.217953
190.41865,8.9658,0.216953
190.41896,8.9668,0.230009
190.41927,8.9688,0.223625
190.41958,8.9725,0.231217
190.41989,8.9725,0.218745
190.42014,8.9678,0.218745
190.42045,8.9688,0.219145
190.42076,8.9744,0.219537
190.42107,8.9725,0.219145
190.42138,8.9715,0.218345
190.42163,8.9734,0.218345
190.42194,8.9668,0.219249
190.42225,8.9734,0.219745
190.42256,8.9752,0.221537
190.42287,8.9762,0.219145
190.42318,8.9762,0.232305
190.42344,8.9695,0.232305
190.42374,8.9574,0.263713
190.42406,8.9697,0.261521
190.42437,8.9611,0.213865
190.42468,8.9695,0.233409
190.42499,8.9705,0.228425
190.42524,8.9688,0.228425
190.42555,8.9668,0.219537
190.42586,8.9695,0.215849
190.42617,8.9752,0.212361
190.42648,8.9678,0.214361
190.42679,8.9715,0.226633
190.42704,8.9715,0.226633
190.42735,8.9725,0.229609
190.42766,8.9688,0.239977
190.42797,8.9525,0.243777
190.42828,8.9668,0.234201
190.42853,8.9771,0.234201
190.42884,8.9668,0.221145
190.42915,8.9725,0.222145
190.42946,8.9744,0.220641
190.42977,8.9734,0.222041
190.43008,8.9639,0.224129
190.43034,8.9658,0.224129
190.43065,8.9688,0.223337
190.43096,8.9705,0.224441
190.43127,8.9695,0.224521
190.43158,8.9688,0.225337
190.43183,8.9705,0.225337
190.43214,8.9705,0.224625
190.43245,8.9658,0.221833
190.43276,8.9631,0.217953
190.43307,8.9678,0.218345
190.43338,8.9744,0.220849
190.43363,8.9658,0.220849
190.43394,8.9734,0.219249
190.43425,8.9705,0.220849
190.43456,8.9641,0.220745
190.43487,8.9744,0.221249
190.43518,8.9752,0.222225
190.43544,8.9602,0.222225
190.43574,8.9688,0.220353
190.43606,8.9715,0.221537
190.43637,8.9734,0.221641
190.43668,8.9688,0.217657
190.43693,8.9801,0.217657
190.43724,8.9688,0.221249
190.43755,8.9705,0.218449
190.43786,8.9582,0.223129
190.43817,8.9771,0.224129
190.43848,8.9639,0.224833
190.43873,8.9752,0.224833
190.43904,8.9715,0.225729
190.43935,8.9688,0.223337
190.43966,8.9744,0.221937
190.43997,8.9695,0.239793
190.44028,8.9688,0.263025
190.44054,8.9592,0.263025
190.44085,8.9611,0.263713
190.44115,8.9809,0.215865
190.44146,8.9688,0.214153
190.44177,8.9734,0.219849
190.44208,8.9631,0.208673
190.44234,8.9621,0.208673
190.44265,8.9715,0.218449
190.44296,8.9801,0.210465
190.44327,8.9648,0.202993
190.44358,8.9762,0.202785
190.44389,8.9744,0.202289
190.44414,8.9668,0.202289
190.44445,8.9668,0.205977
190.44476,8.9791,0.209273
190.44507,8.9697,0.220433
190.44538,8.9725,0.222833
190.44563,8.9771,0.222833
190.44594,8.9678,0.235705
190.44625,8.9715,0.226921
190.44656,8.9678,0.223625
190.44687,8.9639,0.223129
190.44718,8.9668,0.219353
190.44743,8.9715,0.219353
190.44774,8.9695,0.221537
190.44805,8.9705,0.224025
190.44837,8.9668,0.219537
190.44868,8.9658,0.220145
190.44898,8.9678,0.221249
190.44924,8.9848,0.221249
190.44955,8.9668,0.219249
190.44986,8.9725,0.221145
190.45017,8.9678,0.255537
190.45048,8.9695,0.257537
190.45079,8.9668,0.266409
190.45104,8.9631,0.266409
190.45135,8.9715,0.233697
190.45166,8.9734,0.230825
190.45197,8.9631,0.226025
190.45228,8.9678,0.217345
190.45253,8.9668,0.217345
190.45284,8.9695,0.216057
190.45315,8.9648,0.214465
190.45346,8.9771,0.214153
190.45377,8.9688,0.217849
190.45408,8.9725,0.213865
190.45433,8.9754,0.213865
190.45465,8.9762,0.226129
190.45496,8.9648,0.240377
190.45527,8.9668,0.225921
190.45557,8.9725,0.219849
190.45589,8.9734,0.216161
190.45614,8.9744,0.216161
190.45645,8.9688,0.220937
190.45676,8.9678,0.218449
190.45707,8.9705,0.226025
190.45738,8.9771,0.218057
190.45763,8.9678,0.218057
190.45794,8.9695,0.219953
190.45825,8.9705,0.219537
190.45856,8.9754,0.223937
190.45887,8.9725,0.222329
190.45918,8.9611,0.222041
190.45943,8.9668,0.222041
190.45974,8.9762,0.222649
190.46005,8.9705,0.221433
190.46036,8.9705,0.220849
190.46067,8.9678,0.226233
190.46098,8.9771,0.218449
190.46124,8.9705,0.218449
190.46154,8.9715,0.215369
190.46185,8.9752,0.220745
190.46216,8.9705,0.217449
190.46247,8.9678,0.221833
190.46278,8.9695,0.218561
190.46304,8.9715,0.218561
190.46335,8.9715,0.220041
190.46366,8.9688,0.220041
190.46397,8.9771,0.218161
190.46428,8.9752,0.217657
190.46453,8.9781,0.217657
190.46484,8.9688,0.218849
190.46515,8.9688,0.219953
190.46546,8.9705,0.223041
190.46577,8.9771,0.221937
190.46608,8.9715,0.222145
190.46633,8.9725,0.222145
190.46664,8.9695,0.219745
190.46695,8.9697,0.218953
190.46726,8.9668,0.257225
190.46757,8.9715,0.260025
190.46788,8.9688,0.254353
190.46814,8.9668,0.254353
190.46844,8.9688,0.254033
190.46875,8.9734,0.219745
190.46906,8.9744,0.208377
190.46937,8.9734,0.216553
190.46968,8.9695,0.220041
190.46994,8.9754,0.220041
190.47024,8.9771,0.213969
190.47056,8.9791,0.204289
190.47087,8.9744,0.203601
190.47118,8.9695,0.204289
190.47143,8.9762,0.204289
190.47174,8.9715,0.205289
190.47205,8.9658,0.206585
190.47236,8.9725,0.222729
190.47267,8.9688,0.233305
190.47298,8.9695,0.235889
190.47323,8.9621,0.235889
190.47354,8.9752,0.223625
190.47385,8.9725,0.223233
190.47416,8.9762,0.221145
190.47447,8.9734,0.223041
190.47478,8.9668,0.221041
190.47503,8.9668,0.221041
190.47535,8.9611,0.221433
190.47566,8.9678,0.223129
190.47596,8.9771,0.219745
190.47627,8.9744,0.219641
190.47653,8.9695,0.219641
190.47684,8.9781,0.221641
190.47715,8.9705,0.220249
190.47746,8.9668,0.259417
190.47777,8.9639,0.256433
190.47808,8.9535,0.258729
190.47833,8.9678,0.258729
190.47864,8.9705,0.217449
190.47895,8.9734,0.224833
190.47926,8.9639,0.218241
190.47957,8.9688,0.215657
190.47988,8.9857,0.215049
190.48014,8.9781,0.215049
190.48045,8.9771,0.215761
190.48076,8.9631,0.218641
190.48106,8.9648,0.229609
190.48138,8.9725,0.225921
190.48163,8.9668,0.225921
190.48194,8.9602,0.241377
190.48225,8.9762,0.245169
190.48256,8.9668,0.220537
190.48287,8.9744,0.220849
190.48318,8.9688,0.219249
190.48343,8.9705,0.219249
190.48374,8.9688,0.220641
190.48405,8.9752,0.221249
190.48436,8.9762,0.220849
190.48467,8.9781,0.219249
190.48493,8.9688,0.219249
190.48523,8.9791,0.219145
190.48554,8.9715,0.220937
190.48585,8.9678,0.222537
190.48616,8.9705,0.224129
190.48647,8.9697,0.226025
190.48673,8.9688,0.226025
190.48704,8.9678,0.224833
190.48735,8.9734,0.224441
190.48766,8.9715,0.225233
190.48797,8.9678,0.223937
190.48828,8.9715,0.224729
190.48853,8.9715,0.224729
190.48884,8.9801,0.221937
190.48915,8.9695,0.219033
190.48946,8.9715,0.223545
190.48977,8.9725,0.221937
190.49008,8.9705,0.222833
190.49033,8.9668,0.222833
190.49064,8.9695,0.222329
190.49095,8.9705,0.222729
190.49126,8.9705,0.221537
190.49157,8.9734,0.224937
190.49183,8.9688,0.224937
190.49213,8.9725,0.221937
190.49245,8.9762,0.221937
190.49276,8.9725,0.223233
190.49307,8.9688,0.216553
190.49338,8.9705,0.225233
190.49363,8.9725,0.225233
190.49394,8.9631,0.227817
190.49425,8.9771,0.223937
190.49456,8.9668,0.222433
190.49487,8.9641,0.219745
190.49518,8.9602,0.218241
190.49543,8.9725,0.218241
190.49574,8.9744,0.221833
190.49605,8.9734,0.219537
190.49636,8.9688,0.218345
190.49667,8.9771,0.218953
190.49698,8.9752,0.220249
190.49723,8.9705,0.220249
190.49754,8.9715,0.219249
190.49785,8.9705,0.220145
190.49816,8.9752,0.220145
190.49847,8.9668,0.219353
190.49872,8.9725,0.219353
190.49903,8.9771,0.220641
190.49934,8.9697,0.219849
190.49965,8.9838,0.219249
190.49996,8.9705,0.220937
190.50027,8.9705,0.223625
190.50052,8.9725,0.223625
190.50084,8.9658,0.224625
190.50115,8.9668,0.221041
190.50146,8.9678,0.222329
190.50176,8.9705,0.229217
190.50208,8.9734,0.226737
190.50233,8.9705,0.226737
190.50264,8.9592,0.222729
190.50295,8.9678,0.222649
190.50326,8.9715,0.220433
190.50357,8.9771,0.219641
190.50388,8.9744,0.219457
190.50413,8.9678,0.219457
190.50444,8.9725,0.217241
190.50475,8.9744,0.258441
190.50506,8.9631,0.256937
190.50537,8.9621,0.239185
190.50562,8.9697,0.239185
190.50593,8.9762,0.215761
190.50624,8.9762,0.216953
190.50655,8.9695,0.209673
190.50686,8.9668,0.216345
190.50717,8.9631,0.203793
190.50743,8.9771,0.203793
190.50773,8.9705,0.204289
190.50805,8.9695,0.204897
190.50836,8.9592,0.206873
190.50867,8.9678,0.209481
190.50892,8.9781,0.209481
190.50923,8.9697,0.218745
190.50954,8.9648,0.235601
190.50985,8.9752,0.223833
190.51016,8.9695,0.218745
190.51047,8.9744,0.222729
190.51073,8.9715,0.222729
190.51104,8.9648,0.220937
190.51135,8.9801,0.222225
190.51166,8.9781,0.221249
190.51197,8.9762,0.220641
190.51228,8.9744,0.220937
190.51253,8.9752,0.220937
190.51284,8.9668,0.224441
190.51315,8.9781,0.221833
190.51346,8.9744,0.221041
190.51377,8.9734,0.234305
190.51402,8.9678,0.234305
190.51434,8.9611,0.264113
190.51465,8.9668,0.261129
190.51496,8.9688,0.217449
190.51526,8.9611,0.235601
190.51557,8.9697,0.231409
190.51583,8.9648,0.231409
190.51614,8.9668,0.222225
190.51645,8.9752,0.213073
190.51676,8.9754,0.211969
190.51707,8.9648,0.213761
190.51738,8.9734,0.214865
190.51763,8.9725,0.214865
190.51794,8.9838,0.219537
190.51825,8.9715,0.242193
190.51856,8.9658,0.245961
190.51887,8.9752,0.232201
190.51912,8.9734,0.232201
190.51943,8.9688,0.219849
190.51974,8.9678,0.221433
190.52005,8.9744,0.221537
190.52036,8.9744,0.220249
190.52067,8.9715,0.220249
190.52093,8.9658,0.220249
190.52124,8.9688,0.221833
190.52155,8.9744,0.225625
190.52185,8.9648,0.221937
190.52217,8.9678,0.225233
190.52248,8.9668,0.224337
190.52273,8.9752,0.224337
190.52304,8.9678,0.224729
190.52335,8.9809,0.219249
190.52366,8.9648,0.222145
190.52397,8.9715,0.221249
190.52428,8.9705,0.221537
190.52453,8.9725,0.221537
190.52484,8.9705,0.222329
190.52515,8.9621,0.217745
190.52546,8.9771,0.221937
190.52577,8.9744,0.221433
190.52602,8.9668,0.221433
190.52633,8.9771,0.221937
190.52664,8.9705,0.220849
190.52695,8.9715,0.222145
190.52726,8.9688,0.223041
190.52757,8.9828,0.221329
190.52782,8.9535,0.221329
190.52813,8.9678,0.223233
190.52844,8.9734,0.226025
190.52875,8.9668,0.225921
190.52906,8.9725,0.222937
190.52937,8.9734,0.222433
190.52963,8.9668,0.222433
190.52994,8.9705,0.222145
190.53024,8.9744,0.224233
190.53056,8.9715,0.221537
190.53087,8.9705,0.261233
190.53118,8.9648,0.263921
190.53143,8.9668,0.263921
190.53174,8.9725,0.258121
190.53205,8.9688,0.214257
190.53236,8.9621,0.220849
190.53267,8.9725,0.210465
190.53292,8.9668,0.210465
190.53323,8.9678,0.220433
190.53354,8.9734,0.212177
190.53385,8.9658,0.209273
190.53416,8.9688,0.202201
190.53447,8.9734,0.204497
190.53472,8.9744,0.204497
190.53503,8.9801,0.201097
190.53534,8.9781,0.210961
190.53565,8.9678,0.213153
190.53596,8.9695,0.218953
190.53627,8.9725,0.232409
190.53653,8.9697,0.232409
190.53683,8.9688,0.234993
190.53715,8.9648,0.220041
190.53746,8.9658,0.219745
190.53777,8.9715,0.217745
190.53807,8.9705,0.217161
190.53833,8.9678,0.217161
190.53864,8.9688,0.218561
190.53895,8.9762,0.220641
190.53926,8.9744,0.217345
190.53957,8.9688,0.218849
190.53982,8.9734,0.218849
190.54013,8.9695,0.218449
190.54044,8.9705,0.220745
190.54075,8.9678,0.255537
190.54106,8.9574,0.262529
190.54137,8.9631,0.258041
190.54162,8.9695,0.258041
190.54193,8.9715,0.259129
190.54224,8.9762,0.227129
190.54255,8.9705,0.235097
190.54286,8.9695,0.216449
190.54317,8.9752,0.217657
190.54342,8.9725,0.217657
190.54373,8.9648,0.215449
190.54405,8.9715,0.228529
190.54436,8.9668,0.229425
190.54467,8.9688,0.225729
190.54492,8.9791,0.225729
190.54523,8.9705,0.235497
190.54554,8.9705,0.232905
190.54585,8.9695,0.220041
190.54616,8.9688,0.219457
190.54647,8.9715,0.218953
190.54672,8.9705,0.218953
190.54703,8.9744,0.218849
190.54734,8.9715,0.216657
190.54765,8.9744,0.252241
190.54796,8.9668,0.223041
190.54827,8.9752,0.223441
190.54853,8.9631,0.223441
190.54883,8.9668,0.225625
190.54914,8.9809,0.220849
190.54945,8.9648,0.222041
190.54976,8.9658,0.256145
190.55002,8.9602,0.256145
190.55033,8.9715,0.223337
190.55064,8.9801,0.236705
190.55095,8.9695,0.251057
190.55126,8.9705,0.220041
190.55157,8.9771,0.223625
190.55183,8.9715,0.223625
190.55213,8.9752,0.253745
190.55245,8.9631,0.220745
190.55276,8.9725,0.250345
190.55307,8.9611,0.243089
190.55332,8.9752,0.243089
190.55363,8.9734,0.224833
190.55394,8.9658,0.221329
190.55425,8.9648,0.221433
190.55456,8.9725,0.221833
190.55487,8.9658,0.250761
190.55512,8.9705,0.250761
190.55543,8.9734,0.237601
190.55574,8.9818,0.222225
190.55605,8.9658,0.260233
190.55636,8.9705,0.225337
190.55667,8.9762,0.223729
190.55693,8.9744,0.223729
190.55723,8.9602,0.258121
190.55754,8.9715,0.224833
190.55785,8.9705,0.228713
190.55816,8.9648,0.257433
190.55842,8.9631,0.257433
190.55873,8.9705,0.224025
190.55904,8.9668,0.221433
190.55935,8.9621,0.223625
190.55966,8.9695,0.220641
190.55996,8.9715,0.234489
190.56022,8.9621,0.234489
190.56053,8.9781,0.253241
190.56084,8.9771,0.223337
190.56115,8.9688,0.256249
190.56146,8.9695,0.223337
190.56177,8.9668,0.220745
190.56202,8.9725,0.220745
190.56233,8.9678,0.240185
190.56264,8.9715,0.220849
190.56295,8.9697,0.225025
190.56326,8.9668,0.261921
190.56351,8.9611,0.261921
190.56382,8.9688,0.224337
190.56413,8.9621,0.226233
190.56444,8.9639,0.245273
190.56475,8.9762,0.227817
190.56506,8.9668,0.225729
190.56532,8.9648,0.225729
190.56563,8.9639,0.258625
190.56594,8.9705,0.225337
190.56624,8.9658,0.256729
190.56656,8.9668,0.237601
190.56687,8.9582,0.224441
190.56712,8.9639,0.224441
190.56743,8.9725,0.227713
190.56774,8.9688,0.226633
190.56805,8.9744,0.226129
190.56836,8.9658,0.259129
190.56867,8.9611,0.233697
190.56892,8.9715,0.233697
190.56923,8.9725,0.228321
190.56954,8.9592,0.259417
190.56985,8.9648,0.225921
190.57016,8.9725,0.233113
190.57041,8.9734,0.233113
190.57072,8.9678,0.264425
190.57103,8.9762,0.231009
190.57134,8.9639,0.244961
190.57165,8.9621,0.261921
190.57196,8.9697,0.231513
190.57222,8.9678,0.231513
190.57253,8.9648,0.228921
190.57283,8.9678,0.258521
190.57314,8.9715,0.218449
190.57345,8.9791,0.240793
190.57376,8.9715,0.243881
190.57402,8.9725,0.243881
190.57433,8.9611,0.217161
190.57464,8.9754,0.254537
190.57495,8.9762,0.222329
190.57526,8.9791,0.219457
190.57552,8.9744,0.219457
190.57583,8.9705,0.248761
190.57614,8.9678,0.219937
190.57645,8.9715,0.213153
190.57676,8.9648,0.255833
190.57706,8.9668,0.218849
190.57732,8.9725,0.218849
190.57763,8.9715,0.223937
190.57794,8.9602,0.234409
190.57825,8.9592,0.221433
190.57856,8.9688,0.226521
190.57887,8.9668,0.256249
190.57912,8.9715,0.256249
190.57943,8.9754,0.219249
190.57974,8.9705,0.252345
190.58005,8.9631,0.222833
190.58036,8.9705,0.217449
190.58062,8.9705,0.217449
190.58092,8.9705,0.227529
190.58123,8.9725,0.251345
190.58154,8.9695,0.218561
190.58185,8.9564,0.251849
190.58216,8.9695,0.219249
190.58242,8.9744,0.219249
190.58273,8.9648,0.219849
190.58304,8.9695,0.246065
190.58335,8.9621,0.217953
190.58365,8.9695,0.228217
190.58397,8.9641,0.254457
190.58422,8.9762,0.254457
190.58453,8.9734,0.221329
190.58484,8.9658,0.245777
190.58515,8.9582,0.244273
190.58546,8.9678,0.221537
190.58577,8.9688,0.221249
190.58602,8.9752,0.221249
190.58633,8.9688,0.254745
190.58664,8.9848,0.219249
190.58695,8.9668,0.249657
190.58726,8.9611,0.234593
190.58752,8.9715,0.234593
190.58783,8.9781,0.219457
190.58813,8.9658,0.252057
190.58845,8.9695,0.216057
190.58876,8.9668,0.207777
190.58907,8.9678,0.207777
190.58932,8.9695,0.207777
190.58963,8.9771,0.207273
190.58994,8.9668,0.207881
190.59025,8.9734,0.211969
190.59056,8.9734,0.208481
190.59087,8.9668,0.215953
190.59112,8.9762,0.215953
190.59143,8.9641,0.222649
190.59174,8.9668,0.231009
190.59205,8.9678,0.234993
190.59236,8.9781,0.221329
190.59261,8.9725,0.221329
190.59292,8.9734,0.221745
190.59323,8.9648,0.220041
190.59354,8.9705,0.230217
190.59385,8.9725,0.217849
190.59416,8.9725,0.222329
190.59441,8.9725,0.222329
190.59472,8.9688,0.222833
190.59503,8.9734,0.221329
190.59534,8.9715,0.221433
190.59565,8.9715,0.222145
190.59596,8.9695,0.222329
190.59621,8.9725,0.222329
190.59652,8.9744,0.261713
190.59683,8.9705,0.260625
190.59714,8.9621,0.232113
190.59745,8.9828,0.229817
190.59776,8.9705,0.221937
190.59802,8.9734,0.221937
190.59833,8.9791,0.226417
190.59864,8.9744,0.218161
190.59895,8.9658,0.216657
190.59926,8.9705,0.220041
190.59951,8.9752,0.220041
190.59982,8.9744,0.231409
190.60013,8.9725,0.229817
190.60044,8.9678,0.240081
190.60075,8.9658,0.245273
190.60106,8.9688,0.234201
190.60131,8.9678,0.234201
190.60162,8.9688,0.219953
190.60193,8.9781,0.221537
190.60224,8.9715,0.218745
190.60255,8.9725,0.220745
190.60286,8.9762,0.219849
190.60312,8.9688,0.219849
190.60343,8.9715,0.221041
190.60374,8.9705,0.233201
190.60405,8.9771,0.232617
190.60436,8.9744,0.221145
190.60461,8.9658,0.221145
190.60492,8.9715,0.218057
190.60523,8.9752,0.223729
190.60554,8.9621,0.226233
190.60585,8.9695,0.223129
190.60616,8.9697,0.225337
190.60642,8.9725,0.225337
190.60672,8.9781,0.227817
190.60703,8.9715,0.220745
190.60734,8.9668,0.221729
190.60765,8.9668,0.222225
190.60796,8.9695,0.222225
190.60822,8.9752,0.222225
190.60853,8.9744,0.220849
190.60883,8.9725,0.222937
190.60914,8.9678,0.221041
190.60946,8.9688,0.223545
190.60977,8.9801,0.226417
190.61002,8.9658,0.226417
190.61033,8.9705,0.221145
190.61064,8.9744,0.222433
190.61095,8.9781,0.222329
190.61126,8.9668,0.222329
190.61152,8.9697,0.222329
190.61182,8.9688,0.222225
190.61214,8.9725,0.225625
190.61245,8.9762,0.223545
190.61276,8.9658,0.228817
190.61306,8.9592,0.259337
190.61332,8.9555,0.259337
190.61363,8.9639,0.261417
190.61394,8.9752,0.226025
190.61425,8.9734,0.218745
190.61456,8.9734,0.224937
190.61481,8.9688,0.224937
190.61512,8.9752,0.209569
190.61543,8.9697,0.217953
190.61574,8.9688,0.216449
190.61605,8.9725,0.209481
190.61636,8.9744,0.203497
190.61661,8.9734,0.203497
190.61692,8.9801,0.203105
190.61723,8.9688,0.203601
190.61754,8.9678,0.206289
190.61785,8.9734,0.214945
190.61816,8.9705,0.214945
190.61841,8.9695,0.214945
190.61872,8.9631,0.232113
190.61903,8.9621,0.223337
190.61934,8.9725,0.220937
190.61965,8.9762,0.222433
190.61996,8.9695,0.222329
190.62021,8.9705,0.222329
190.62053,8.9705,0.223441
190.62084,8.9752,0.221937
190.62115,8.9752,0.217849
190.62145,8.9752,0.220249
190.62171,8.9734,0.220249
190.62202,8.9678,0.219033
190.62233,8.9734,0.220641
190.62264,8.9725,0.218641
190.62295,8.9734,0.256729
190.62326,8.9621,0.263217
190.62351,8.9715,0.263217
190.62382,8.9592,0.256937
190.62413,8.9648,0.223833
190.62444,8.9678,0.225417
190.62475,8.9688,0.235393
190.62506,8.9744,0.212465
190.62531,8.9865,0.212465
190.62562,8.9762,0.213657
190.62593,8.9725,0.212865
190.62624,8.9688,0.227921
190.62655,8.9602,0.235201
190.62686,8.9762,0.230009
190.62712,8.9688,0.230009
190.62743,8.9744,0.234913
190.62773,8.9525,0.236497
190.62805,8.9639,0.222225
190.62836,8.9744,0.217057
190.62861,8.9678,0.217057
190.62892,8.9695,0.219745
190.62923,8.9762,0.221833
190.62954,8.9695,0.220537
190.62985,8.9621,0.218849
190.63016,8.9744,0.219057
190.63041,8.9688,0.219057
190.63072,8.9715,0.220833
190.63103,8.9688,0.219145
190.63134,8.9734,0.220641
190.63165,8.9725,0.218345
190.63191,8.9715,0.218345
190.63222,8.9781,0.219849
190.63252,8.9734,0.219145
190.63283,8.9725,0.221249
190.63315,8.9688,0.223233
190.63346,8.9688,0.222537
190.63371,8.9688,0.222537
190.63402,8.9762,0.224625
190.63433,8.9688,0.223545
190.63464,8.9631,0.221641
190.63495,8.9697,0.222833
190.63526,8.9791,0.224729
190.63551,8.9725,0.224729
190.63582,8.9631,0.221329
190.63613,8.9752,0.221833
190.63644,8.9621,0.228425
190.63675,8.9781,0.222225
190.63706,8.9734,0.216449
190.63731,8.9801,0.216449
190.63762,8.9705,0.222041
190.63793,8.9688,0.220145
190.63824,8.9668,0.222729
190.63855,8.9705,0.222041
190.63886,8.9744,0.223937
190.63911,8.9678,0.223937
190.63942,8.9781,0.223145
190.63973,8.9658,0.259337
190.64004,8.9688,0.260129
190.64036,8.9611,0.258121
190.64061,8.9688,0.258121
190.64092,8.9734,0.250761
190.64123,8.9631,0.224833
190.64154,8.9762,0.214361
190.64185,8.9809,0.220537
190.64216,8.9631,0.218137
190.64241,8.9705,0.218137
190.64272,8.9688,0.214553
190.64303,8.9752,0.202289
190.64334,8.9705,0.204289
190.64365,8.9715,0.203601
190.64396,8.9734,0.205873
190.64421,8.9734,0.205873
190.64452,8.9801,0.205793
190.64678,8.9695,0.218849
190.64854,8.9771,0.224521
190.65030,8.9639,0.259625
190.65206,8.9752,0.222729
190.65382,8.9809,0.216849
190.65557,8.9725,0.224025
190.65733,8.9752,0.220745
190.65909,8.9695,0.220041
190.65928,8.9695,0.219745
190.65954,8.9762,0.222225
190.65985,8.9744,0.220537
190.66016,8.9734,0.217553
190.66041,8.9752,0.217553
190.66072,8.9697,0.220041
190.66103,8.9631,0.217953
190.66134,8.9648,0.220145
190.66165,8.9688,0.223041
190.66196,8.9592,0.222433
190.66221,8.9695,0.222433
190.66252,8.9715,0.224521
190.66283,8.9752,0.220745
190.66314,8.9781,0.219537
190.66345,8.9602,0.220537
190.66370,8.9648,0.220537
190.66401,8.9771,0.220353
190.66432,8.9771,0.222329
190.66463,8.9668,0.219953
190.66494,8.9725,0.222649
190.66525,8.9705,0.221937
190.66550,8.9801,0.221937
190.66581,8.9688,0.229921
190.66613,8.9668,0.219145
190.66644,8.9688,0.221249
190.66675,8.9695,0.215657
190.66700,8.9705,0.215657
190.66731,8.9648,0.221145
190.66762,8.9715,0.217849
190.66793,8.9648,0.219849
190.66824,8.9688,0.222433
190.66855,8.9715,0.223441
190.66880,8.9668,0.223441
190.66911,8.9705,0.231801
190.66942,8.9715,0.221329
190.66973,8.9695,0.218449
190.67004,8.9715,0.222433
190.67035,8.9725,0.220145
190.67061,8.9688,0.220145
190.67092,8.9648,0.219537
190.67123,8.9705,0.217849
190.67153,8.9688,0.220641
190.67185,8.9715,0.219033
190.67216,8.9678,0.219641
190.67241,8.9771,0.219641
190.67272,8.9754,0.221937
190.67303,8.9668,0.220249
190.67334,8.9668,0.220145
190.67365,8.9688,0.221729
190.67390,8.9695,0.221729
190.67421,8.9744,0.218849
190.67452,8.9668,0.217057
190.67483,8.9725,0.220249
190.67514,8.9781,0.224729
190.67545,8.9688,0.224441
190.67570,8.9744,0.224441
190.67601,8.9678,0.223833
190.67632,8.9658,0.223833
190.67663,8.9631,0.224833
190.67694,8.9648,0.227217
190.67725,8.9752,0.220641
190.67751,8.9641,0.220641
190.67781,8.9639,0.252161
190.67813,8.9611,0.263217
190.67844,8.9762,0.257625
190.67875,8.9791,0.217849
190.67900,8.9725,0.217849
190.67931,8.9631,0.216161
190.67962,8.9715,0.211969
190.67993,8.9762,0.216553
190.68024,8.9688,0.206481
190.68055,8.9752,0.205481
190.68080,8.9744,0.205481
190.68111,8.9801,0.203497
190.68142,8.9695,0.201993
190.68173,8.9678,0.220353
190.68204,8.9744,0.221145
190.68235,8.9697,0.221745
190.68260,8.9602,0.221745
190.68291,8.9744,0.230401
190.68322,8.9744,0.223545
190.68353,8.9658,0.221937
190.68384,8.9734,0.223041
190.68415,8.9602,0.221249
190.68441,8.9725,0.221249
190.68472,8.9648,0.221745
190.68503,8.9658,0.223041
190.68534,8.9752,0.218449
190.68565,8.9688,0.220433
190.68590,8.9744,0.220433
190.68621,8.9668,0.221329
190.68652,8.9668,0.221537
190.68683,8.9715,0.223833
190.68714,8.9752,0.244273
190.68745,8.9848,0.259921
190.68770,8.9648,0.259921
190.68801,8.9611,0.259025
190.68832,8.9668,0.215865
190.68863,8.9754,0.233513
190.68894,8.9762,0.227425
190.68925,8.9668,0.216657
190.68950,8.9688,0.216657
190.68981,8.9688,0.218057
190.69013,8.9725,0.215265
190.69044,8.9715,0.216849
190.69075,8.9658,0.219641
190.69100,8.9678,0.219641
190.69131,8.9762,0.231113
190.69162,8.9678,0.242273
190.69193,8.9715,0.235305
190.69224,8.9771,0.229025
190.69255,8.9762,0.219537
190.69280,8.9678,0.219537
190.69311,8.9828,0.217345
190.69342,8.9744,0.219249
190.69373,8.9658,0.221249
190.69404,8.9725,0.222225
190.69435,8.9715,0.222833
190.69461,8.9809,0.222833
190.69492,8.9678,0.221433
190.69522,8.9744,0.221433
190.69554,8.9744,0.220537
190.69585,8.9725,0.223129
190.69610,8.9639,0.223129
190.69641,8.9688,0.223937
190.69672,8.9648,0.222833
190.69703,8.9688,0.224041
190.69734,8.9734,0.225833
190.69765,8.9725,0.229113
190.69790,8.9668,0.229113
190.69821,8.9791,0.223041
190.69852,8.9875,0.223337
190.69883,8.9809,0.219353
190.69914,8.9725,0.220145
190.69940,8.9695,0.220145
190.69971,8.9705,0.220641
190.70002,8.9734,0.220849
190.70033,8.9705,0.218561
190.70064,8.9648,0.222145
190.70095,8.9705,0.217849
190.70120,8.9725,0.217849
190.70151,8.9771,0.219745
190.70182,8.9705,0.221433
190.70213,8.9771,0.219537
190.70244,8.9705,0.221537
190.70275,8.9668,0.220249
190.70300,8.9695,0.220249
190.70331,8.9752,0.222433
190.70362,8.9715,0.224625
190.70393,8.9658,0.258041
190.70424,8.9734,0.257329
190.70449,8.9631,0.257329
190.70481,8.9592,0.256433
190.70512,8.9668,0.255041
190.70542,8.9705,0.218561
190.70573,8.9781,0.216657
190.70604,8.9695,0.214465
190.70630,8.9658,0.214465
190.70661,8.9668,0.219353
190.70692,8.9734,0.227217
190.70723,8.9725,0.202289
190.70754,8.9809,0.202097
190.70784,8.9715,0.200809
190.70810,8.9752,0.200809
190.70841,8.9725,0.203601
190.70872,8.9801,0.209089
190.70903,8.9744,0.216057
190.70934,8.9648,0.228921
190.70960,8.9695,0.228921
190.70991,8.9734,0.234009
190.71022,8.9744,0.220641
190.71052,8.9725,0.220937
190.71084,8.9668,0.222649
190.71115,8.9734,0.224337
190.71140,8.9744,0.224337
190.71171,8.9781,0.222649
190.71202,8.9744,0.222329
190.71233,8.9648,0.216657
190.71264,8.9631,0.221833
190.71295,8.9725,0.215049
190.71320,8.9705,0.215049
190.71351,8.9648,0.220249
190.71382,8.9715,0.242481
190.71413,8.9639,0.260625
190.71444,8.9688,0.255937
190.71470,8.9715,0.255937
190.71501,8.9725,0.254137
190.71531,8.9697,0.212865
190.71562,8.9658,0.224441
190.71593,8.9744,0.216953
190.71624,8.9781,0.210377
190.71650,8.9715,0.210377
190.71681,8.9688,0.211361
190.71711,8.9688,0.211073
190.71743,8.9658,0.216849
190.71774,8.9865,0.235201
190.71805,8.9658,0.234593
190.71830,8.9648,0.234593
190.71861,8.9648,0.246761
190.71892,8.9744,0.233513
190.71923,8.9725,0.219953
190.71954,8.9648,0.222729
190.71985,8.9705,0.221833
190.72010,8.9648,0.221833
190.72041,8.9668,0.221145
190.72072,8.9639,0.229817
190.72103,8.9658,0.257329
190.72134,8.9744,0.221745
190.72159,8.9809,0.221745
190.72190,8.9648,0.221641
190.72221,8.9631,0.253345
190.72252,8.9734,0.220433
190.72283,8.9705,0.236705
190.72314,8.9611,0.252057
190.72339,8.9639,0.252057
190.72370,8.9705,0.219457
190.72401,8.9668,0.223937
190.72432,8.9639,0.224833
190.72463,8.9725,0.223041
190.72494,8.9771,0.242985
190.72520,8.9678,0.242985
190.72551,8.9744,0.245673
190.72582,8.9648,0.222649
190.72613,8.9639,0.254937
190.72644,8.9688,0.221833
190.72669,8.9678,0.221833
190.72701,8.9697,0.220641
190.72731,8.9631,0.236993
190.72762,8.9725,0.219953
190.72793,8.9658,0.221329
190.72824,8.9631,0.255641
190.72850,8.9734,0.255641
190.72881,8.9752,0.221537
190.72912,8.9734,0.252449
190.72943,8.9582,0.230505
190.72973,8.9801,0.220145
190.73005,8.9715,0.223545
190.73030,8.9678,0.223545
190.73061,8.9715,0.255745
190.73092,8.9688,0.220937
190.73123,8.9752,0.259729
190.73154,8.9639,0.228713
190.73185,8.9678,0.225129
190.73210,8.9715,0.225129
190.73241,8.9641,0.259129
190.73273,8.9678,0.224729
190.73304,8.9705,0.221249
190.73335,8.9648,0.254745
190.73360,8.9705,0.254745
190.73391,8.9678,0.220433
190.73422,8.9668,0.237681
190.73453,8.9725,0.250761
190.73484,8.9715,0.221145
190.73515,8.9725,0.223833
190.73540,8.9584,0.223833
190.73571,8.9678,0.257537
190.73602,8.9668,0.221745
190.73633,8.9809,0.243377
190.73664,8.9695,0.242881
190.73689,8.9648,0.242881
190.73720,8.9838,0.222649
190.73751,8.9688,0.221937
190.73782,8.9678,0.220641
190.73813,8.9668,0.225337
190.73844,8.9725,0.256641
190.73870,8.9705,0.256641
190.73901,8.9809,0.239185
190.73932,8.9705,0.222833
190.73963,8.9602,0.260729
190.73994,8.9678,0.225833
190.74025,8.9725,0.223145
190.74050,8.9705,0.223145
190.74081,8.9592,0.256537
190.74112,8.9744,0.216553
190.74143,8.9695,0.224625
190.74174,8.9658,0.255433
190.74199,8.9688,0.255433
190.74230,8.9639,0.219849
190.74261,8.9668,0.220745
190.74292,8.9631,0.222649
190.74323,8.9752,0.218561
190.74354,8.9678,0.233593
190.74379,8.9648,0.233593
190.74410,8.9771,0.253449
190.74442,8.9744,0.224441
190.74473,8.9752,0.254849
190.74503,8.9668,0.222225
190.74534,8.9762,0.223545
190.74560,8.9621,0.223545
190.74591,8.9668,0.243777
190.74622,8.9715,0.224129
190.74653,8.9705,0.224025
190.74684,8.9697,0.258041
190.74715,8.9695,0.221249
190.74740,8.9678,0.221249
190.74771,8.9715,0.220353
190.74802,8.9648,0.237185
190.74833,8.9631,0.220641
190.74864,8.9725,0.219249
190.74889,8.9592,0.219249
190.74920,8.9715,0.250953
190.74951,8.9725,0.220433
190.74982,8.9648,0.248657
190.75013,8.9688,0.232905
190.75044,8.9734,0.220849
190.75070,8.9688,0.220849
190.75101,8.9602,0.221833
190.75131,8.9695,0.217161
190.75163,8.9658,0.220353
190.75194,8.9688,0.254137
190.75225,8.9688,0.228113
190.75250,8.9688,0.228113
190.75281,8.9744,0.221249
190.75312,8.9611,0.256833
190.75343,8.9705,0.221641
190.75374,8.9771,0.221329
190.75399,8.9725,0.221329
190.75430,8.9631,0.254137
190.75461,8.9754,0.220937
190.75492,8.9715,0.234201
190.75523,8.9668,0.248361
190.75554,8.9791,0.219145
190.75579,8.9602,0.219145
190.75610,8.9658,0.218345
190.75641,8.9658,0.221433
190.75672,8.9688,0.227713
190.75703,8.9754,0.238081
190.75734,8.9801,0.242673
190.75760,8.9781,0.242673
190.75790,8.9631,0.218561
190.75821,8.9705,0.253137
190.75852,8.9631,0.219249
190.75883,8.9688,0.218641
190.75914,8.9734,0.246361
190.75940,8.9621,0.246361
190.75971,8.9715,0.242481
190.76002,8.9658,0.222833
190.76033,8.9658,0.258121
190.76064,8.9781,0.223441
190.76094,8.9705,0.222225
190.76120,8.9734,0.222225
190.76151,8.9648,0.251953
190.76182,8.9744,0.209065
190.76213,8.9791,0.209065
190.76244,8.9744,0.210569
190.76269,8.9744,0.210569
190.76300,8.9734,0.210569
190.76331,8.9791,0.210169
190.76362,8.9781,0.205793
190.76393,8.9658,0.217953
190.76424,8.9688,0.221433
190.76449,8.9611,0.221433
190.76480,8.9744,0.220353
190.76511,8.9688,0.234809
190.76542,8.9631,0.221329
190.76573,8.9648,0.223625
190.76604,8.9715,0.224129
190.76630,8.9688,0.224129
190.76661,8.9725,0.223625
190.76692,8.9705,0.224233
190.76723,8.9668,0.225025
190.76753,8.9781,0.221937
190.76779,8.9688,0.221937
190.76810,8.9678,0.222145
190.76841,8.9611,0.221537
190.76872,8.9705,0.223833
190.76903,8.9582,0.218641
190.76934,8.9762,0.242777
190.76959,8.9631,0.242777
190.76990,8.9602,0.263713
190.77021,8.9658,0.259625
190.77052,8.9754,0.216449
190.77083,8.9648,0.228529
190.77114,8.9697,0.227025
190.77140,8.9611,0.227025
190.77171,8.9678,0.215953
190.77202,8.9781,0.209065
190.77232,8.9688,0.213969
190.77263,8.9771,0.216345
190.77289,8.9695,0.216345
190.77320,8.9725,0.228217
190.77351,8.9744,0.235305
190.77382,8.9688,0.244777
190.77413,8.9744,0.240081
190.77444,8.9648,0.229025
190.77469,8.9695,0.229025
190.77500,8.9725,0.224521
190.77531,8.9705,0.224521
190.77562,8.9668,0.221537
190.77593,8.9695,0.223625
190.77624,8.9744,0.223041
190.77649,8.9725,0.223041
190.77680,8.9648,0.220353
190.77711,8.9668,0.224521
190.77742,8.9678,0.222833
190.77773,8.9688,0.222649
190.77799,8.9762,0.222649
190.77830,8.9791,0.220353
190.77860,8.9639,0.220537
190.77892,8.9715,0.221329
190.77923,8.9695,0.222537
190.77953,8.9668,0.220937
190.77979,8.9705,0.220937
190.78010,8.9705,0.221145
190.78041,8.9734,0.225337
190.78072,8.9715,0.223729
190.78103,8.9648,0.222729
190.78134,8.9611,0.226633
190.78159,8.9705,0.226633
190.78190,8.9688,0.233801
190.78221,8.9762,0.222729
190.78252,8.9791,0.222537
190.78283,8.9648,0.219353
190.78314,8.9658,0.221937
190.78339,8.9688,0.221937
190.78370,8.9762,0.218641
190.78401,8.9762,0.219953
190.78432,8.9678,0.217745
190.78463,8.9725,0.217953
190.78489,8.9641,0.217953
190.78519,8.9688,0.218561
190.78551,8.9715,0.218449
190.78581,8.9688,0.218241
190.78613,8.9771,0.249257
190.78644,8.9611,0.253745
190.78669,8.9668,0.253745
190.78700,8.9705,0.249945
190.78731,8.9695,0.218561
190.78762,8.9697,0.213657
190.78793,8.9668,0.213361
190.78824,8.9744,0.212073
190.78849,8.9754,0.212073
190.78880,8.9658,0.222649
190.78911,8.9715,0.213969
190.78942,8.9725,0.203105
190.78973,8.9695,0.202497
190.78998,8.9695,0.202497
190.79029,8.9725,0.201889
190.79060,8.9791,0.206481
190.79091,8.9762,0.208777
190.79122,8.9658,0.217849
190.79153,8.9744,0.222145
190.79178,8.9734,0.222145
190.79210,8.9705,0.231217
190.79241,8.9678,0.217161
190.79272,8.9754,0.219953
190.79303,8.9725,0.218745
190.79334,8.9688,0.219145
190.79359,8.9744,0.219145
190.79390,8.9771,0.221641
190.79421,8.9744,0.223337
190.79452,8.9705,0.224129
190.79483,8.9725,0.221433
190.79514,8.9715,0.219353
190.79539,8.9648,0.219353
190.79570,8.9734,0.222833
190.79601,8.9705,0.232009
190.79632,8.9648,0.258337
190.79663,8.9641,0.254137
190.79688,8.9688,0.254137
190.79719,8.9648,0.258041
190.79750,8.9705,0.216953
190.79781,8.9715,0.226025
190.79812,8.9791,0.218561
190.79844,8.9725,0.211865
190.79869,8.9668,0.211865
190.79900,8.9752,0.211569
190.79931,8.9734,0.213569
190.79962,8.9668,0.224921
190.79993,8.9658,0.229609
190.80024,8.9639,0.227025
190.80049,8.9688,0.227025
190.80080,8.9771,0.239585
190.80111,8.9715,0.237889
190.80142,8.9781,0.223337
190.80173,8.9725,0.222649
190.80204,8.9752,0.222041
190.80229,8.9639,0.222041
190.80260,8.9715,0.223233
190.80291,8.9678,0.225833
190.80322,8.9678,0.231009
190.80353,8.9781,0.223041
190.80378,8.9668,0.223041
190.80409,8.9725,0.222041
190.80441,8.9611,0.221641
190.80471,8.9771,0.220145
190.80502,8.9754,0.219145
190.80534,8.9658,0.218849
190.80559,8.9611,0.218849
190.80590,8.9744,0.220833
190.80621,8.9725,0.223625
190.80652,8.9734,0.225729
190.80683,8.9697,0.220937
190.80714,8.9705,0.222329
190.80739,8.9584,0.222329
190.80770,8.9752,0.221729
190.80801,8.9688,0.225025
190.80832,8.9695,0.227217
190.80863,8.9668,0.224233
190.80894,8.9781,0.223833
190.80919,8.9725,0.223833
190.80950,8.9592,0.221537
190.80981,8.9762,0.223545
190.81012,8.9781,0.220041
190.81043,8.9705,0.220641
190.81068,8.9695,0.220641
190.81099,8.9857,0.221329
190.81130,8.9658,0.220041
190.81161,8.9725,0.219249
190.81192,8.9668,0.222729
190.81223,8.9725,0.220249
190.81248,8.9695,0.220249
190.81279,8.9705,0.219641
190.81310,8.9574,0.257729
190.81341,8.9668,0.256225
190.81372,8.9697,0.254137
190.81403,8.9752,0.221041
190.81428,8.9641,0.221041
190.81460,8.9648,0.215849
190.81490,8.9752,0.212073
190.81521,8.9771,0.221249
190.81552,8.9762,0.218953
190.81583,8.9762,0.219953
190.81609,8.9678,0.219953
190.81640,8.9715,0.209169
190.81671,8.9678,0.206377
190.81702,8.9762,0.206689
190.81733,8.9781,0.204793
190.81758,8.9838,0.204793
190.81789,8.9791,0.208169
190.81820,8.9828,0.211177
190.81851,8.9762,0.243481
190.81882,8.9639,0.233305
190.81913,8.9705,0.222833
190.81938,8.9725,0.222833
190.81969,8.9715,0.219249
190.82000,8.9734,0.218561
190.82031,8.9592,0.220145
190.82062,8.9688,0.220433
190.82093,8.9695,0.222649
190.82118,8.9725,0.222649
190.82149,8.9725,0.222833
190.82180,8.9715,0.223041
190.82211,8.9639,0.223833
190.82243,8.9744,0.222225
190.82268,8.9715,0.222225
190.82299,8.9592,0.224129
190.82330,8.9688,0.259337
190.82361,8.9535,0.259625
190.82392,8.9715,0.260817
190.82423,8.9688,0.217953
190.82448,8.9688,0.217953
190.82479,8.9668,0.233201
190.82510,8.9705,0.225729
190.82541,8.9744,0.212073
190.82572,8.9678,0.212657
190.82603,8.9801,0.210465
190.82628,8.9658,0.210465
190.82659,8.9762,0.224729
190.82690,8.9725,0.225417
190.82721,8.9688,0.232801
190.82752,8.9535,0.238577
190.82783,8.9725,0.230825
190.82809,8.9715,0.230825
190.82840,8.9688,0.223729
190.82871,8.9838,0.221041
190.82902,8.9668,0.219457
190.82933,8.9754,0.220433
190.82958,8.9688,0.220433
190.82989,8.9715,0.236201
190.83020,8.9678,0.220745
190.83051,8.9725,0.224625
190.83082,8.9715,0.222833
190.83113,8.9781,0.218449
190.83138,8.9697,0.218449
190.83169,8.9602,0.217345
190.83200,8.9695,0.220041
190.83231,8.9658,0.218241
190.83262,8.9668,0.217657
190.83293,8.9639,0.224833
190.83318,8.9771,0.224833
190.83349,8.9762,0.219937
190.83380,8.9705,0.220641
190.83412,8.9762,0.218241
190.83443,8.9752,0.217449
190.83468,8.9639,0.217449
190.83499,8.9771,0.220353
190.83530,8.9744,0.219641
190.83561,8.9734,0.217849
190.83592,8.9744,0.220537
190.83623,8.9668,0.223729
190.83648,8.9705,0.223729
190.83679,8.9762,0.221745
190.83710,8.9639,0.222937
190.83741,8.9688,0.217449
190.83772,8.9725,0.224025
190.83803,8.9744,0.217745
190.83828,8.9734,0.217745
190.83859,8.9688,0.219249
190.83890,8.9668,0.219457
190.83921,8.9697,0.220353
190.83952,8.9781,0.218745
190.83983,8.9734,0.219745
190.84008,8.9734,0.219745
190.84040,8.9688,0.218745
190.84071,8.9828,0.221433
190.84102,8.9668,0.222145
190.84133,8.9705,0.220353
190.84158,8.9754,0.220353
190.84189,8.9668,0.223937
190.84220,8.9715,0.222833
190.84251,8.9688,0.226417
190.84282,8.9602,0.222937
190.84313,8.9705,0.225417
190.84338,8.9639,0.225417
190.84369,8.9781,0.227217
190.84400,8.9688,0.224521
190.84431,8.9631,0.227129
190.84462,8.9705,0.227025
190.84493,8.9715,0.228217
190.84518,8.9752,0.228217
190.84549,8.9725,0.224833
190.84580,8.9688,0.226025
190.84612,8.9725,0.224625
190.84643,8.9771,0.224233
190.84668,8.9688,0.224233
190.84699,8.9668,0.224729
190.84730,8.9695,0.224729
190.84761,8.9592,0.224337
190.84792,8.9695,0.225625
190.84823,8.9734,0.226521
190.84848,8.9688,0.226521
190.84879,8.9658,0.226417
190.84910,8.9688,0.227025
190.84941,8.9734,0.228113
190.84972,8.9705,0.229025
190.85003,8.9725,0.236705
190.85034,8.9648,0.267409
190.85059,8.9639,0.267409
190.85090,8.9678,0.265401
190.85121,8.9611,0.215865
190.85152,8.9744,0.217657
190.85183,8.9639,0.222433
190.85214,8.9688,0.211177
190.85240,8.9688,0.211177
190.85271,8.9695,0.215369
190.85302,8.9641,0.201601
190.85333,8.9705,0.204689
190.85364,8.9734,0.205393
190.85389,8.9791,0.205393
190.85420,8.9734,0.204497
190.85451,8.9688,0.210065
190.85482,8.9762,0.221145
190.85513,8.9744,0.217449
190.85544,8.9688,0.230505
190.85569,8.9744,0.230505
190.85600,8.9648,0.229817
190.85631,8.9801,0.221145
190.85662,8.9715,0.219249
190.85693,8.9678,0.221937
190.85724,8.9678,0.223937
190.85749,8.9781,0.223937
190.85780,8.9762,0.228921
190.85811,8.9734,0.226129
190.85842,8.9697,0.223545
190.85873,8.9611,0.230721
190.85899,8.9744,0.230721
190.85930,8.9744,0.224337
190.85961,8.9725,0.221041
190.85992,8.9631,0.261313
190.86023,8.9631,0.263025
190.86054,8.9648,0.259417
190.86079,8.9744,0.259417
190.86110,8.9809,0.235497
190.86141,8.9734,0.229425
190.86172,8.9705,0.226521
190.86203,8.9771,0.214049
190.86234,8.9715,0.215953
190.86259,8.9705,0.215953
190.86290,8.9734,0.213153
190.86321,8.9668,0.227025
190.86352,8.9725,0.231305
190.86383,8.9695,0.227321
190.86414,8.9678,0.246761
190.86439,8.9715,0.246761
190.86470,8.9621,0.243881
190.86501,8.9688,0.220641
190.86532,8.9752,0.224041
190.86563,8.9762,0.224025
190.86589,8.9678,0.224025
190.86619,8.9744,0.221041
190.86650,8.9744,0.217849
190.86681,8.9791,0.218345
190.86712,8.9848,0.218561
190.86743,8.9715,0.219641
190.86769,8.9705,0.219641
190.86800,8.9668,0.219145
190.86830,8.9744,0.210377
190.86862,8.9725,0.218849
190.86893,8.9658,0.219849
190.86924,8.9631,0.218745
190.86949,8.9648,0.218745
190.86980,8.9668,0.221145
190.87011,8.9705,0.214465
190.87042,8.9762,0.218953
190.87073,8.9555,0.220249
190.87098,8.9715,0.220249
190.87129,8.9705,0.221433
190.87160,8.9762,0.221145
190.87191,8.9639,0.221641
190.87222,8.9641,0.223729
190.87253,8.9678,0.227129
190.87278,8.9744,0.227129
190.87309,8.9725,0.221537
190.87340,8.9725,0.221329
190.87371,8.9697,0.219953
190.87402,8.9678,0.218641
190.87433,8.9705,0.218561
190.87459,8.9688,0.218561
190.87490,8.9695,0.218745
190.87521,8.9631,0.220041
190.87552,8.9781,0.219849
190.87583,8.9725,0.221641
190.87613,8.9678,0.217745
190.87639,8.9705,0.217745
190.87670,8.9715,0.237785
190.87701,8.9668,0.262129
190.87732,8.9715,0.254137
190.87763,8.9744,0.216265
190.87788,8.9715,0.216265
190.87819,8.9809,0.213073
190.87850,8.9725,0.220249
190.87881,8.9781,0.219033
190.87912,8.9791,0.221145
190.87943,8.9725,0.207481
190.87968,8.9762,0.207481
190.87999,8.9781,0.203497
190.88030,8.9744,0.203185
190.88061,8.9668,0.203105
190.88092,8.9705,0.204897
190.88123,8.9621,0.207777
190.88148,8.9725,0.207777
190.88179,8.9621,0.218057
190.88211,8.9715,0.230009
190.88242,8.9744,0.230401
190.88273,8.9641,0.220849
190.88299,8.9752,0.220849
190.88330,8.9695,0.221041
190.88360,8.9809,0.221329
190.88391,8.9688,0.216953
190.88422,8.9801,0.221329
190.88453,8.9688,0.220641
190.88479,8.9641,0.220641
190.88510,8.9744,0.224441
190.88540,8.9771,0.226417
190.88571,8.9688,0.221249
190.88603,8.9688,0.222329
190.88634,8.9688,0.224625
190.88659,8.9678,0.224625
190.88690,8.9744,0.261921
190.88721,8.9678,0.257145
190.88752,8.9611,0.233409
190.88783,8.9648,0.229505
190.88814,8.9725,0.229609
190.88839,8.9658,0.229609
190.88870,8.9762,0.223337
190.88901,8.9705,0.213465
190.88932,8.9678,0.213073
190.88963,8.9688,0.214153
190.88988,8.9621,0.214153
190.89019,8.9688,0.230505
190.89050,8.9611,0.227217
190.89081,8.9611,0.241585
190.89112,8.9641,0.242585
190.89143,8.9744,0.231305
190.89169,8.9695,0.231305
190.89199,8.9688,0.219849
190.89231,8.9697,0.225625
190.89261,8.9734,0.223545
190.89292,8.9695,0.222329
190.89323,8.9771,0.223625
190.89349,8.9639,0.223625
190.89380,8.9744,0.266113
190.89411,8.9668,0.219249
190.89442,8.9678,0.253449
190.89473,8.9678,0.229025
190.89498,8.9688,0.229025
190.89529,8.9695,0.220641
190.89560,8.9648,0.227921
190.89591,8.9781,0.220249
190.89622,8.9771,0.222145
190.89653,8.9678,0.254745
190.89678,8.9602,0.254745
190.89709,8.9648,0.224441
190.89740,8.9639,0.230721
190.89771,8.9631,0.253953
190.89802,8.9762,0.219353
190.89833,8.9762,0.221833
190.89858,8.9725,0.221833
190.89889,8.9611,0.254537
190.89920,8.9725,0.225129
190.89951,8.9752,0.240585
190.89982,8.9705,0.250049
190.90013,8.9762,0.224233
190.90039,8.9582,0.224233
190.90070,8.9725,0.222937
190.90101,8.9688,0.224129
190.90132,8.9658,0.219457
190.90163,8.9762,0.240977
190.90188,8.9582,0.240977
190.90219,8.9611,0.240185
190.90250,8.9791,0.222145
190.90281,8.9621,0.254641
190.90312,8.9648,0.222937
190.90343,8.9688,0.223441
190.90368,8.9744,0.223441
190.90399,8.9734,0.253953
190.90430,8.9781,0.220937
190.90461,8.9734,0.228113
190.90492,8.9639,0.256433
190.90523,8.9725,0.222433
190.90548,8.9781,0.222433
190.90579,8.9639,0.222041
190.90610,8.9715,0.232801
190.90641,8.9744,0.224833
190.90672,8.9744,0.228113
190.90703,8.9631,0.256145
190.90729,8.9734,0.256145
190.90760,8.9658,0.225521
190.90791,8.9725,0.258041
190.90822,8.9658,0.225625
190.90853,8.9725,0.225233
190.90878,8.9801,0.225233
190.90909,8.9602,0.234409
190.90940,8.9688,0.251449
190.90971,8.9668,0.227529
190.91002,8.9734,0.252345
190.91033,8.9734,0.223729
190.91058,8.9658,0.223729
190.91089,8.9688,0.218849
190.91120,8.9734,0.243569
190.91151,8.9668,0.224833
190.91182,8.9678,0.220145
190.91213,8.9668,0.253537
190.91239,8.9715,0.253537
190.91269,8.9725,0.219457
190.91300,8.9801,0.248657
190.91331,8.9639,0.242273
190.91362,8.9648,0.223233
190.91388,8.9688,0.223233
190.91419,8.9678,0.222329
190.91450,8.9801,0.256937
190.91481,8.9648,0.223129
190.91512,8.9648,0.252953
190.91543,8.9602,0.232409
190.91568,8.9848,0.232409
190.91599,8.9715,0.217057
190.91630,8.9705,0.225625
190.91661,8.9688,0.217657
190.91692,8.9658,0.218241
190.91723,8.9754,0.245777
190.91748,8.9639,0.245777
190.91779,8.9695,0.223041
190.91810,8.9668,0.230905
190.91841,8.9791,0.255353
190.91872,8.9715,0.216657
190.91898,8.9734,0.216657
190.91929,8.9715,0.218641
190.91960,8.9631,0.254249
190.91991,8.9705,0.217553
190.92022,8.9801,0.239977
190.92053,8.9658,0.248865
190.92078,8.9641,0.248865
190.92109,8.9678,0.222649
190.92140,8.9715,0.257225
190.92171,8.9725,0.221641
190.92202,8.9725,0.221145
190.92233,8.9781,0.240793
190.92258,8.9725,0.240793
190.92289,8.9602,0.239689
190.92320,8.9744,0.222225
190.92351,8.9611,0.256041
190.92382,8.9658,0.221433
190.92413,8.9705,0.223041
190.92439,8.9688,0.223041
190.92470,8.9695,0.250265
190.92501,8.9705,0.223129
190.92531,8.9744,0.220537
190.92563,8.9631,0.255041
190.92588,8.9744,0.255041
190.92619,8.9705,0.218953
190.92650,8.9639,0.254249
190.92681,8.9648,0.229217
190.92712,8.9695,0.224233
190.92743,8.9734,0.228817
190.92768,8.9602,0.228817
190.92799,8.9744,0.258625
190.92830,8.9525,0.226417
190.92861,8.9631,0.257833
190.92892,8.9754,0.227129
190.92923,8.9715,0.222145
190.92948,8.9705,0.222145
190.92979,8.9668,0.235889
190.93010,8.9781,0.219249
190.93041,8.9705,0.220641
190.93073,8.9592,0.254849
190.93098,8.9715,0.254849
190.93129,8.9705,0.221329
190.93160,8.9648,0.239481
190.93191,8.9639,0.244961
190.93222,8.9725,0.220849
190.93253,8.9734,0.221433
190.93278,8.9688,0.221433
190.93309,8.9725,0.255833
190.93340,8.9695,0.220937
190.93371,8.9592,0.246257
190.93402,8.9641,0.239977
190.93433,8.9771,0.210673
190.93458,8.9762,0.210673
190.93489,8.9734,0.212465
190.93520,8.9658,0.212361
190.93551,8.9648,0.213657
190.93582,8.9752,0.212761
190.93607,8.9734,0.212761
190.93638,8.9725,0.202993
190.93670,8.9658,0.215265
190.93701,8.9762,0.226633
190.93732,8.9705,0.220849
190.93763,8.9631,0.233305
190.93788,8.9658,0.233305
190.93819,8.9621,0.227633
190.93850,8.9688,0.222433
190.93881,8.9611,0.220041
190.93912,8.9705,0.218449
190.93943,8.9695,0.220145
190.93968,8.9695,0.220145
190.93999,8.9705,0.220145
190.94030,8.9705,0.221145
190.94061,8.9715,0.221041
190.94092,8.9752,0.221833
190.94123,8.9771,0.226921
190.94148,8.9791,0.226921
190.94179,8.9754,0.224625
190.94210,8.9582,0.262609
190.94241,8.9602,0.266305
190.94272,8.9678,0.261713
190.94297,8.9688,0.261713
190.94328,8.9762,0.217161
190.94359,8.9705,0.231905
190.94390,8.9584,0.221433
190.94421,8.9688,0.214153
190.94452,8.9809,0.212569
190.94478,8.9658,0.212569
190.94693,8.9631,0.234705
190.94869,8.9715,0.222649
190.95044,8.9734,0.217657
190.95220,8.9752,0.222225
190.95396,8.9668,0.219457
190.95572,8.9695,0.221729
190.95748,8.9688,0.217449
190.95923,8.9688,0.261817
190.95949,8.9668,0.261817
190.95980,8.9639,0.216057
190.96011,8.9744,0.210961
190.96042,8.9848,0.217345
190.96073,8.9734,0.212865
190.96098,8.9754,0.212865
190.96129,8.9734,0.215369
190.96160,8.9715,0.212073
190.96191,8.9781,0.202097
190.96222,8.9688,0.206377
190.96247,8.9734,0.206377
190.96278,8.9818,0.206873
190.96309,8.9725,0.206185
190.96340,8.9678,0.221041
190.96371,8.9715,0.219745
190.96402,8.9801,0.218641
190.96428,8.9705,0.218641
190.96458,8.9705,0.229025
190.96489,8.9688,0.220041
190.96520,8.9678,0.219953
190.96551,8.9734,0.221833
190.96582,8.9705,0.222329
190.96608,8.9668,0.222329
190.96639,8.9705,0.219033
190.96670,8.9668,0.221641
190.96700,8.9705,0.221249
190.96732,8.9744,0.221329
190.96763,8.9781,0.222225
190.96788,8.9668,0.222225
190.96819,8.9678,0.221537
190.96850,8.9715,0.220537
190.96881,8.9602,0.259729
190.96912,8.9631,0.265609
190.96937,8.9688,0.265609
190.96968,8.9688,0.258729
190.96999,8.9678,0.254849
190.97030,8.9705,0.231513
190.97061,8.9648,0.235201
190.97092,8.9695,0.217345
190.97117,8.9678,0.217345
190.97148,8.9771,0.213361
190.97179,8.9658,0.214969
190.97210,8.9734,0.215265
190.97241,8.9762,0.218849
190.97272,8.9678,0.228025
190.97297,8.9715,0.228025
190.97328,8.9752,0.232113
190.97359,8.9648,0.235497
190.97390,8.9621,0.220937
190.97421,8.9688,0.220745
190.97447,8.9688,0.220745
190.97478,8.9744,0.221433
190.97509,8.9725,0.219353
190.97540,8.9648,0.220145
190.97571,8.9695,0.219953
190.97602,8.9781,0.223625
190.97627,8.9771,0.223625
190.97658,8.9668,0.222433
190.97689,8.9725,0.226025
190.97720,8.9639,0.224025
190.97751,8.9705,0.223129
190.97782,8.9695,0.216265
190.97807,8.9678,0.216265
190.97838,8.9695,0.219745
190.97869,8.9688,0.222433
190.97900,8.9715,0.220433
190.97931,8.9678,0.220433
190.97962,8.9715,0.219033
190.97988,8.9762,0.219033
190.98019,8.9725,0.222145
190.98050,8.9791,0.220537
190.98081,8.9762,0.220937
190.98112,8.9648,0.224337
190.98137,8.9705,0.224337
190.98168,8.9734,0.222649
190.98199,8.9781,0.221433
190.98230,8.9688,0.224441
190.98261,8.9678,0.224233
190.98292,8.9641,0.222729
190.98317,8.9695,0.222729
190.98348,8.9752,0.226129
190.98379,8.9744,0.225729
190.98410,8.9744,0.224833
190.98441,8.9781,0.228425
190.98472,8.9705,0.221641
190.98497,8.9771,0.221641
190.98528,8.9744,0.221249
190.98559,8.9697,0.256145
190.98590,8.9688,0.261025
190.98621,8.9678,0.256329
190.98647,8.9648,0.256329
190.98678,8.9621,0.259025
190.98709,8.9648,0.220745
190.98740,8.9734,0.211673
190.98771,8.9725,0.212761
190.98802,8.9621,0.217345
190.98827,8.9658,0.217345
190.98858,8.9705,0.204689
190.98889,8.9725,0.202289
190.98920,8.9838,0.202889
190.98951,8.9725,0.199097
190.98982,8.9705,0.205185
190.99008,8.9705,0.205185
190.99038,8.9678,0.208089
190.99069,8.9705,0.218137
190.99100,8.9801,0.230905
190.99131,8.9705,0.235097
190.99157,8.9752,0.235097
190.99188,8.9705,0.225337
190.99219,8.9678,0.222937
190.99250,8.9705,0.224625
190.99281,8.9762,0.218137
190.99312,8.9715,0.217657
190.99337,8.9697,0.217657
190.99368,8.9725,0.219353
190.99399,8.9734,0.218449
190.99430,8.9688,0.219745
190.99461,8.9744,0.220249
190.99492,8.9715,0.219457
190.99517,8.9705,0.219457
190.99548,8.9648,0.218953
190.99579,8.9639,0.260625
190.99610,8.9641,0.256329
190.99641,8.9574,0.255537
190.99667,8.9725,0.255537
190.99697,8.9705,0.220641
190.99728,8.9668,0.230617
190.99759,8.9744,0.217345
190.99790,8.9631,0.216553
190.99822,8.9725,0.215657
190.99847,8.9678,0.215657
190.99878,8.9754,0.215369
190.99909,8.9744,0.214553
190.99940,8.9744,0.226817
190.99971,8.9574,0.227529
191.00002,8.9695,0.239081
191.00027,8.9584,0.239081
191.00058,8.9725,0.240289
191.00089,8.9688,0.217953
191.00120,8.9809,0.215449
191.00151,8.9668,0.219249
191.00176,8.9725,0.219249
191.00208,8.9725,0.223441
191.00238,8.9555,0.218641
191.00269,8.9705,0.217953
191.00300,8.9752,0.219641
191.00331,8.9725,0.218241
191.00357,8.9678,0.218241
191.00388,8.9734,0.234809
191.00419,8.9781,0.223729
191.00450,8.9658,0.223833
191.00481,8.9725,0.222041
191.00512,8.9744,0.216953
191.00537,8.9715,0.216953
191.00568,8.9705,0.221249
191.00599,8.9621,0.220537
191.00630,8.9688,0.217553
191.00661,8.9725,0.219033
191.00686,8.9688,0.219033
191.00717,8.9621,0.218561
191.00748,8.9734,0.217953
191.00779,8.9678,0.217745
191.00810,8.9648,0.219849
191.00841,8.9818,0.221641
191.00867,8.9734,0.221641
191.00897,8.9705,0.222041
191.00928,8.9762,0.222329
191.00959,8.9744,0.220641
191.00990,8.9695,0.220145
191.01022,8.9668,0.221537
191.01047,8.9752,0.221537
191.01078,8.9688,0.224729
191.01109,8.9838,0.225337
191.01140,8.9678,0.225337
191.01171,8.9648,0.232305
191.01202,8.9725,0.225337
191.01227,8.9791,0.225337
191.01258,8.9631,0.228529
191.01289,8.9678,0.224833
191.01320,8.9688,0.222649
191.01351,8.9771,0.221433
191.01376,8.9705,0.221433
191.01407,8.9771,0.221041
191.01438,8.9611,0.224921
191.01469,8.9705,0.224337
191.01500,8.9648,0.220433
191.01531,8.9695,0.222249
191.01557,8.9678,0.222249
191.01587,8.9678,0.222041
191.01619,8.9762,0.223937
191.01650,8.9762,0.220145
191.01681,8.9688,0.222225
191.01712,8.9705,0.218345
191.01737,8.9754,0.218345
191.01768,8.9752,0.222833
191.01799,8.9771,0.217345
191.01830,8.9639,0.226129
191.01861,8.9754,0.226921
191.01886,8.9641,0.226921
191.01917,8.9715,0.225025
191.01948,8.9781,0.227633
191.01979,8.9725,0.224833
191.02010,8.9648,0.224025
191.02041,8.9695,0.221937
191.02066,8.9715,0.221937
191.02097,8.9631,0.222433
191.02128,8.9715,0.222729
191.02159,8.9648,0.220937
191.02190,8.9752,0.221249
191.02221,8.9695,0.221641
191.02247,8.9705,0.221641
191.02278,8.9574,0.223545
191.02309,8.9611,0.258833
191.02340,8.9592,0.265113
191.02371,8.9668,0.231513
191.02402,8.9744,0.215953
191.02427,8.9781,0.215953
191.02458,8.9631,0.221745
191.02489,8.9639,0.212465
191.02520,8.9639,0.224833
191.02551,8.9688,0.207881
191.02576,8.9688,0.207881
191.02607,8.9688,0.209169
191.02638,8.9648,0.208673
191.02669,8.9734,0.218345
191.02700,8.9602,0.211465
191.02731,8.9725,0.220641
191.02756,8.9648,0.220641
191.02787,8.9809,0.221537
191.02819,8.9678,0.227425
191.02850,8.9658,0.223441
191.02881,8.9801,0.221641
191.02906,8.9695,0.221641
191.02937,8.9744,0.229425
191.02968,8.9631,0.219953
191.02999,8.9648,0.221041
191.03030,8.9688,0.224729
191.03061,8.9734,0.224041
191.03086,8.9641,0.224041
191.03117,8.9648,0.224337
191.03148,8.9668,0.220041
191.03179,8.9715,0.221833
191.03210,8.9744,0.224441
191.03241,8.9621,0.261713
191.03266,8.9611,0.261713
191.03297,8.9631,0.262321
191.03328,8.9658,0.227633
191.03359,8.9801,0.231617
191.03390,8.9678,0.229113
191.03421,8.9725,0.221329
191.03447,8.9668,0.221329
191.03478,8.9734,0.217057
191.03509,8.9734,0.212073
191.03540,8.9734,0.212865
191.03571,8.9668,0.213257
191.03596,8.9602,0.213257
191.03627,8.9725,0.226417
191.03658,8.9648,0.227529
191.03689,8.9705,0.236993
191.03720,8.9688,0.231113
191.03751,8.9734,0.220249
191.03776,8.9744,0.220249
191.03807,8.9678,0.219057
191.03838,8.9648,0.218641
191.03869,8.9688,0.217553
191.03900,8.9744,0.218745
191.03931,8.9725,0.221745
191.03956,8.9668,0.221745
191.03987,8.9762,0.221249
191.04019,8.9715,0.221833
191.04050,8.9705,0.220937
191.04081,8.9697,0.220745
191.04106,8.9678,0.220745
191.04137,8.9611,0.218561
191.04168,8.9744,0.218449
191.04199,8.9611,0.218745
191.04230,8.9734,0.216449
191.04261,8.9734,0.218057
191.04286,8.9668,0.218057
191.04317,8.9668,0.220145
191.04348,8.9734,0.219849
191.04379,8.9762,0.218345
191.04410,8.9695,0.219249
191.04441,8.9668,0.219457
191.04466,8.9725,0.219457
191.04497,8.9828,0.225025
191.04528,8.9762,0.218745
191.04559,8.9668,0.219033
191.04590,8.9725,0.219033
191.04621,8.9611,0.220537
191.04646,8.9688,0.220537
191.04678,8.9762,0.222225
191.04709,8.9715,0.220249
191.04740,8.9695,0.223233
191.04771,8.9658,0.220249
191.04796,8.9828,0.220249
191.04827,8.9744,0.221249
191.04858,8.9725,0.218953
191.04889,8.9725,0.243377
191.04920,8.9705,0.260817
191.04951,8.9715,0.263321
191.04976,8.9678,0.263321
191.05007,8.9611,0.256537
191.05038,8.9688,0.216161
191.05069,8.9734,0.216449
191.05100,8.9688,0.207273
191.05131,8.9734,0.220433
191.05156,8.9688,0.220433
191.05187,8.9668,0.215865
191.05219,8.9752,0.203289
191.05250,8.9641,0.201705
191.05281,8.9705,0.202289
191.05306,8.9752,0.202289
191.05337,8.9744,0.206873
191.05368,8.9734,0.208985
191.05399,8.9734,0.208881
191.05430,8.9688,0.215161
191.05461,8.9658,0.220537
191.05486,8.9725,0.220537
191.05517,8.9695,0.234305
191.05548,8.9631,0.224025
191.05579,8.9695,0.221937
191.05610,8.9705,0.221745
191.05641,8.9762,0.221833
191.05666,8.9725,0.221833
191.05697,8.9734,0.222729
191.05728,8.9658,0.222041
191.05759,8.9705,0.221145
191.05790,8.9688,0.224833
191.05816,8.9715,0.224833
191.05847,8.9744,0.220937
191.05878,8.9705,0.222145
191.05909,8.9809,0.224233
191.05940,8.9771,0.237785
191.05971,8.9725,0.259025
191.05996,8.9678,0.259025
191.06027,8.9574,0.259921
191.06058,8.9631,0.217057
191.06089,8.9781,0.234097
191.06120,8.9781,0.230113
191.06151,8.9734,0.223233
191.06176,8.9762,0.223233
191.06208,8.9744,0.220249
191.06239,8.9781,0.213073
191.06270,8.9658,0.217953
191.06300,8.9695,0.217745
191.06326,8.9705,0.217745
191.06357,8.9734,0.225233
191.06388,8.9641,0.228025
191.06419,8.9611,0.243569
191.06450,8.9688,0.232305
191.06481,8.9781,0.221041
191.06506,8.9762,0.221041
191.06537,8.9695,0.214865
191.06568,8.9771,0.220641
191.06599,8.9809,0.220249
191.06630,8.9631,0.223129
191.06656,8.9641,0.223129
191.06687,8.9658,0.257833
191.06718,8.9734,0.221145
191.06749,8.9801,0.257145
191.06779,8.9668,0.232697
191.06811,8.9688,0.226233
191.06836,8.9668,0.226233
191.06867,8.9611,0.230321
191.06898,8.9695,0.257625
191.06929,8.9734,0.220145
191.06960,8.9781,0.256329
191.06991,8.9641,0.223145
191.07016,8.9695,0.223145
191.07047,8.9668,0.219457
191.07078,8.9648,0.250553
191.07109,8.9762,0.218345
191.07140,8.9705,0.220849
191.07171,8.9658,0.256145
191.07196,8.9602,0.256145
191.07227,8.9734,0.223625
191.07258,8.9771,0.238497
191.07289,8.9705,0.244777
191.07320,8.9658,0.218241
191.07346,8.9715,0.218241
191.07377,8.9771,0.219353
191.07407,8.9678,0.252241
191.07438,8.9658,0.222041
191.07469,8.9705,0.250761
191.07500,8.9648,0.238897
191.07526,8.9725,0.238897
191.07557,8.9641,0.222433
191.07588,8.9648,0.256833
191.07619,8.9752,0.218953
191.07650,8.9648,0.223833
191.07675,8.9818,0.223833
191.07706,8.9695,0.253537
191.07737,8.9791,0.229609
191.07768,8.9678,0.223337
191.07799,8.9705,0.252953
191.07830,8.9705,0.217953
191.07856,8.9744,0.217953
191.07886,8.9678,0.219033
191.07918,8.9592,0.249257
191.07949,8.9762,0.218745
191.07980,8.9734,0.229921
191.08011,8.9648,0.252849
191.08036,8.9725,0.252849
191.08067,8.9734,0.217449
191.08098,8.9725,0.254745
191.08129,8.9688,0.222649
191.08160,8.9725,0.223545
191.08191,8.9744,0.238081
191.08216,8.9752,0.238081
191.08247,8.9705,0.248865
191.08279,8.9697,0.224937
191.08309,8.9715,0.254137
191.08340,8.9715,0.221641
191.08366,8.9734,0.221641
191.08397,8.9697,0.217345
191.08428,8.9668,0.239481
191.08459,8.9771,0.219457
191.08489,8.9688,0.219537
191.08521,8.9555,0.255745
191.08546,8.9582,0.255745
191.08577,8.9648,0.219849
191.08608,8.9611,0.249449
191.08639,8.9658,0.236601
191.08670,8.9641,0.218345
191.08701,8.9658,0.220745
191.08726,8.9688,0.220745
191.08757,8.9658,0.255353
191.08788,8.9857,0.220353
191.08819,8.9734,0.255745
191.08851,8.9668,0.227529
191.08876,8.9688,0.227529
191.08907,8.9762,0.223441
191.08938,8.9688,0.265609
191.08969,8.9668,0.226129
191.09000,8.9688,0.225921
191.09031,8.9715,0.255745
191.09056,8.9648,0.255745
191.09087,8.9705,0.225417
191.09118,8.9734,0.237785
191.09149,8.9697,0.257145
191.09180,8.9668,0.226129
191.09211,8.9695,0.225625
191.09236,8.9705,0.225625
191.09267,8.9697,0.259833
191.09298,8.9801,0.224833
191.09329,8.9688,0.245777
191.09360,8.9592,0.259521
191.09385,8.9725,0.259521
191.09416,8.9705,0.219537
191.09448,8.9611,0.257625
191.09479,8.9715,0.221937
191.09510,8.9688,0.226521
191.09535,8.9705,0.226521
191.09566,8.9688,0.249553
191.09597,8.9688,0.241769
191.09628,8.9695,0.224441
191.09659,8.9658,0.261233
191.09690,8.9762,0.230617
191.09715,8.9705,0.230617
191.09746,8.9705,0.218241
191.09777,8.9658,0.231801
191.09808,8.9697,0.218561
191.09839,8.9705,0.221833
191.09870,8.9734,0.254937
191.09895,8.9648,0.254937
191.09926,8.9705,0.220145
191.09957,8.9715,0.255745
191.09988,8.9695,0.227321
191.10019,8.9658,0.220641
191.10051,8.9791,0.231113
191.10076,8.9631,0.231113
191.10107,8.9754,0.255937
191.10138,8.9678,0.222649
191.10169,8.9688,0.253537
191.10200,8.9668,0.222537
191.10225,8.9725,0.222537
191.10256,8.9734,0.222937
191.10287,8.9715,0.238793
191.10318,8.9611,0.223337
191.10349,8.9705,0.224441
191.10380,8.9631,0.275377
191.10405,8.9658,0.275377
191.10436,8.9734,0.222329
191.10467,8.9648,0.222649
191.10498,8.9715,0.243089
191.10529,8.9678,0.220353
191.10560,8.9734,0.222145
191.10585,8.9592,0.222145
191.10617,8.9678,0.255833
191.10648,8.9725,0.224129
191.10679,8.9715,0.249945
191.10710,8.9648,0.235097
191.10735,8.9705,0.235097
191.10766,8.9688,0.210569
191.10797,8.9668,0.208089
191.10828,8.9762,0.212569
191.10859,8.9734,0.211865
191.10890,8.9715,0.211777
191.10915,8.9725,0.211777
191.10946,8.9762,0.206377
191.10977,8.9744,0.225921
191.11008,8.9771,0.221537
191.11039,8.9648,0.230009
191.11070,8.9688,0.237601
191.11095,8.9658,0.237601
191.11126,8.9641,0.222833
191.11157,8.9801,0.220537
191.11188,8.9705,0.220433
191.11220,8.9621,0.219953
191.11251,8.9705,0.222329
191.11276,8.9734,0.222329
191.11307,8.9771,0.217657
191.11338,8.9725,0.221041
191.11369,8.9611,0.224937
191.11400,8.9725,0.221641
191.11425,8.9697,0.221641
191.11456,8.9771,0.223625
191.11487,8.9695,0.218057
191.11518,8.9602,0.257225
191.11549,8.9715,0.257833
191.11580,8.9648,0.256937
191.11605,8.9668,0.256937
191.11636,8.9762,0.214257
191.11667,8.9734,0.233009
191.11698,8.9697,0.215265
191.11729,8.9762,0.212969
191.11760,8.9678,0.215449
191.11785,8.9865,0.215449
191.11816,8.9678,0.212073
191.11848,8.9752,0.231305
191.11879,8.9641,0.224521
191.11910,8.9705,0.226233
191.11935,8.9678,0.226233
191.11966,8.9697,0.235809
191.11997,8.9744,0.227025
191.12028,8.9678,0.214657
191.12059,8.9705,0.223129
191.12090,8.9744,0.224025
191.12115,8.9725,0.224025
191.12146,8.9688,0.218345
191.12177,8.9697,0.220641
191.12208,8.9688,0.219537
191.12239,8.9648,0.225233
191.12270,8.9781,0.220353
191.12296,8.9715,0.220353
191.12326,8.9705,0.220249
191.12357,8.9725,0.220745
191.12388,8.9688,0.224625
191.12420,8.9752,0.223441
191.12445,8.9725,0.223441
191.12476,8.9639,0.223233
191.12507,8.9678,0.216849
191.12538,8.9734,0.220937
191.12569,8.9715,0.218241
191.12600,8.9582,0.220041
191.12625,8.9725,0.220041
191.12656,8.9725,0.218849
191.12687,8.9771,0.219353
191.12718,8.9705,0.219457
191.12749,8.9725,0.219457
191.12780,8.9648,0.219745
191.12806,8.9668,0.219745
191.12836,8.9582,0.220745
191.12867,8.9705,0.220433
191.12898,8.9725,0.221537
191.12929,8.9648,0.219457
191.12960,8.9668,0.221249
191.12986,8.9688,0.221249
191.13017,8.9715,0.220249
191.13048,8.9705,0.226417
191.13079,8.9791,0.225521
191.13110,8.9744,0.226129
191.13135,8.9695,0.226129
191.13166,8.9648,0.227425
191.13197,8.9658,0.259337
191.13228,8.9592,0.255537
191.13259,8.9695,0.258833
191.13285,8.9715,0.258833
191.13316,8.9781,0.220537
191.13347,8.9762,0.217241
191.13378,8.9678,0.214761
191.13409,8.9715,0.216849
191.13440,8.9648,0.215657
191.13465,8.9857,0.215657
191.13496,8.9752,0.219145
191.13527,8.9762,0.204585
191.13558,8.9771,0.205585
191.13589,8.9705,0.205185
191.13620,8.9705,0.204977
191.13645,8.9715,0.204977
191.13677,8.9639,0.212865
191.13708,8.9744,0.225233
191.13738,8.9754,0.233305
191.13769,8.9697,0.230401
191.13795,8.9801,0.230401
191.13826,8.9688,0.221145
191.13857,8.9752,0.222329
191.13888,8.9688,0.222649
191.13919,8.9752,0.221433
191.13950,8.9648,0.222329
191.13975,8.9734,0.222329
191.14006,8.9791,0.220537
191.14037,8.9818,0.221249
191.14068,8.9705,0.218161
191.14099,8.9734,0.219745
191.14130,8.9715,0.219849
191.14155,8.9639,0.219849
191.14186,8.9592,0.222649
191.14217,8.9688,0.260337
191.14249,8.9678,0.259521
191.14280,8.9648,0.223545
191.14305,8.9781,0.223545
191.14336,8.9648,0.230401
191.14367,8.9705,0.224233
191.14398,8.9744,0.215449
191.14429,8.9865,0.216953
191.14460,8.9697,0.216265
191.14485,8.9688,0.216265
191.14516,8.9705,0.216265
191.14547,8.9611,0.233097
191.14578,8.9809,0.230009
191.14609,8.9771,0.234097
191.14640,8.9668,0.241289
191.14665,8.9734,0.241289
191.14696,8.9705,0.234305
191.14727,8.9705,0.220849
191.14758,8.9582,0.220641
191.14789,8.9648,0.221937
191.14820,8.9639,0.220937
191.14845,8.9752,0.220937
191.14876,8.9668,0.220041
191.14908,8.9678,0.223833
191.14939,8.9668,0.222225
191.14970,8.9648,0.220433
191.14995,8.9668,0.220433
191.15026,8.9791,0.221833
191.15057,8.9744,0.220537
191.15088,8.9631,0.222225
191.15119,8.9631,0.225129
191.15150,8.9668,0.223337
191.15175,8.9678,0.223337
191.15206,8.9658,0.222537
191.15237,8.9648,0.225025
191.15268,8.9705,0.219849
191.15299,8.9734,0.224129
191.15330,8.9695,0.223545
191.15355,8.9678,0.223545
191.15386,8.9752,0.220041
191.15417,8.9744,0.219457
191.15448,8.9715,0.218745
191.15479,8.9705,0.219353
191.15504,8.9705,0.219353
191.15535,8.9744,0.219849
191.15566,8.9668,0.222649
191.15597,8.9781,0.220849
191.15628,8.9725,0.219849
191.15659,8.9695,0.222041
191.15685,8.9715,0.222041
191.15716,8.9705,0.219145
191.15747,8.9705,0.224441
191.15778,8.9725,0.220249
191.15809,8.9611,0.220249
191.15839,8.9695,0.225521
191.15865,8.9592,0.225521
191.15896,8.9648,0.262713
191.15927,8.9705,0.257625
191.15958,8.9574,0.229025
191.15989,8.9658,0.217161
191.16020,8.9791,0.213761
191.16045,8.9705,0.213761
191.16076,8.9762,0.209961
191.16107,8.9688,0.211569
191.16138,8.9715,0.211777
191.16169,8.9771,0.206873
191.16195,8.9688,0.206873
191.16226,8.9705,0.199305
191.16257,8.9688,0.201705
191.16287,8.9801,0.203185
191.16318,8.9762,0.206689
191.16350,8.9688,0.219537
191.16375,8.9705,0.219537
191.16406,8.9744,0.219249
191.16437,8.9725,0.232113
191.16468,8.9705,0.220937
191.16499,8.9725,0.224337
191.16530,8.9678,0.222937
191.16555,8.9695,0.222937
191.16586,8.9781,0.222537
191.16617,8.9648,0.223041
191.16648,8.9695,0.224337
191.16680,8.9744,0.223937
191.16705,8.9695,0.223937
191.16736,8.9734,0.220937
191.16767,8.9705,0.218449
191.16798,8.9668,0.219249
191.16829,8.9771,0.218745
191.16860,8.9791,0.259417
191.16885,8.9631,0.259417
191.16916,8.9781,0.264321
191.16947,8.9564,0.240873
191.16978,8.9725,0.226737
191.17009,8.9688,0.225921
191.17040,8.9705,0.229321
191.17065,8.9705,0.229321
191.17096,8.9744,0.212361
191.17127,8.9744,0.213465
191.17158,8.9848,0.213569
191.17189,8.9688,0.230009
191.17214,8.9668,0.230009
191.17245,8.9658,0.236785
191.17277,8.9715,0.245273
191.17308,8.9725,0.243569
191.17339,8.9648,0.237097
191.17369,8.9648,0.226129
191.17395,8.9621,0.226129
191.17426,8.9781,0.225417
191.17457,8.9715,0.220041
191.17488,8.9641,0.218057
191.17519,8.9688,0.222041
191.17550,8.9525,0.222649
191.17575,8.9762,0.222649
191.17606,8.9631,0.220353
191.17637,8.9752,0.221641
191.17668,8.9762,0.221937
191.17699,8.9762,0.223233
191.17730,8.9688,0.220249
191.17755,8.9791,0.220249
191.17786,8.9688,0.220537
191.17817,8.9668,0.220849
191.17848,8.9688,0.220641
191.17880,8.9715,0.220249
191.17905,8.9781,0.220249
191.17936,8.9705,0.222649
191.17967,8.9715,0.224625
191.17998,8.9688,0.225233
191.18029,8.9725,0.223729
191.18054,8.9695,0.223729
191.18085,8.9695,0.224337
191.18116,8.9801,0.226233
191.18147,8.9809,0.222433
191.18178,8.9762,0.220353
191.18209,8.9658,0.222329
191.18234,8.9611,0.222329
191.18265,8.9621,0.221729
191.18296,8.9668,0.222537
191.18327,8.9752,0.220745
191.18358,8.9621,0.219641
191.18389,8.9688,0.223233
191.18414,8.9658,0.223233
191.18446,8.9688,0.220937
191.18476,8.9734,0.222225
191.18508,8.9639,0.222433
191.18539,8.9668,0.220433
191.18570,8.9695,0.224625
191.18595,8.9809,0.224625
191.18626,8.9725,0.222433
191.18657,8.9678,0.224729
191.18688,8.9695,0.225129
191.18719,8.9695,0.225025
191.18744,8.9639,0.225025
191.18775,8.9688,0.221145
191.18806,8.9639,0.223729
191.18837,8.9818,0.222225
191.18868,8.9688,0.223441
191.18899,8.9734,0.220537
191.18924,8.9621,0.220537
191.18955,8.9725,0.220249
191.18986,8.9752,0.226737
191.19017,8.9752,0.222833
191.19048,8.9744,0.221537
191.19079,8.9697,0.223337
191.19105,8.9715,0.223337
191.19135,8.9828,0.224521
191.19167,8.9678,0.222433
191.19198,8.9621,0.224521
191.19229,8.9705,0.224521
191.19259,8.9639,0.224041
191.19285,8.9705,0.224041
191.19316,8.9791,0.222225
191.19347,8.9688,0.232409
191.19378,8.9762,0.224441
191.19409,8.9744,0.226737
191.19434,8.9734,0.226737
191.19465,8.9801,0.224729
191.19496,8.9781,0.223625
191.19527,8.9744,0.221833
191.19558,8.9697,0.252161
191.19589,8.9611,0.259025
191.19614,8.9697,0.259025
191.19646,8.9705,0.255745
191.19677,8.9705,0.216657
191.19708,8.9781,0.213761
191.19739,8.9658,0.213073
191.19764,8.9688,0.213073
191.19795,8.9828,0.209273
191.19826,8.9648,0.204185
191.19857,8.9715,0.215761
191.19888,8.9752,0.200993
191.19919,8.9781,0.201993
191.19944,8.9781,0.201993
191.19975,8.9715,0.205393
191.20006,8.9725,0.220041
191.20037,8.9818,0.218241
191.20068,8.9695,0.232513
191.20099,8.9621,0.236497
191.20124,8.9639,0.236497
191.20155,8.9725,0.222225
191.20186,8.9705,0.222329
191.20217,8.9678,0.221145
191.20249,8.9695,0.222537
191.20274,8.9715,0.222537
191.20305,8.9734,0.220745
191.20336,8.9725,0.219457
191.20367,8.9658,0.220641
191.20398,8.9744,0.218561
191.20429,8.9725,0.222433
191.20454,8.9791,0.222433
191.20485,8.9668,0.220849
191.20516,8.9592,0.259729
191.20547,8.9582,0.263713
191.20578,8.9658,0.260521
191.20609,8.9611,0.226921
191.20634,8.9648,0.226921
191.20665,8.9668,0.229609
191.20696,8.9705,0.223337
191.20727,8.9734,0.214945
191.20758,8.9762,0.214553
191.20789,8.9762,0.213257
191.20815,8.9744,0.213257
191.20846,8.9658,0.229609
191.20877,8.9678,0.232201
191.20908,8.9639,0.219145
191.20939,8.9678,0.237785
191.20964,8.9648,0.237785
191.20995,8.9744,0.242673
191.21026,8.9715,0.217953
191.21057,8.9705,0.220537
191.21088,8.9744,0.218057
191.21114,8.9715,0.218057
191.21145,8.9639,0.218137
191.21176,8.9631,0.220041
191.21207,8.9734,0.217057
191.21238,8.9648,0.213361
191.21269,8.9725,0.218345
191.21294,8.9791,0.218345
191.21325,8.9791,0.219641
191.21356,8.9678,0.219145
191.21387,8.9734,0.218137
191.21418,8.9715,0.219953
191.21449,8.9771,0.228529
191.21475,8.9771,0.228529
191.21505,8.9658,0.223625
191.21536,8.9648,0.223729
191.21567,8.9695,0.230505
191.21598,8.9791,0.225921
191.21624,8.9658,0.225921
191.21655,8.9791,0.223337
191.21686,8.9725,0.220937
191.21717,8.9658,0.216953
191.21747,8.9631,0.220249
191.21779,8.9791,0.222937
191.21804,8.9715,0.222937
191.21835,8.9648,0.220145
191.21866,8.9678,0.221745
191.21897,8.9695,0.220849
191.21928,8.9762,0.217657
191.21959,8.9678,0.221041
191.21984,8.9695,0.221041
191.22015,8.9725,0.223233
191.22046,8.9771,0.221745
191.22078,8.9725,0.218449
191.22109,8.9658,0.224025
191.22134,8.9678,0.224025
191.22165,8.9621,0.222729
191.22196,8.9648,0.262129
191.22227,8.9592,0.262321
191.22258,8.9602,0.259025
191.22289,8.9688,0.219249
191.22314,8.9744,0.219249
191.22345,8.9725,0.210377
191.22376,8.9725,0.206873
191.22407,8.9705,0.217553
191.22438,8.9725,0.216449
191.22469,8.9734,0.213569
191.22494,8.9752,0.213569
191.22525,8.9754,0.201809
191.22556,8.9828,0.208273
191.22587,8.9752,0.200409
191.22618,8.9725,0.204977
191.22644,8.9734,0.204977
191.22675,8.9725,0.208273
191.22706,8.9734,0.221329
191.22737,8.9678,0.231905
191.22768,8.9705,0.234809
191.22798,8.9744,0.220937
191.22824,8.9725,0.220937
191.22855,8.9781,0.223545
191.22886,8.9734,0.223625
191.22917,8.9762,0.226129
191.22948,8.9715,0.225833
191.22979,8.9725,0.224233
191.23004,8.9705,0.224233
191.23035,8.9705,0.223337
191.23066,8.9734,0.221433
191.23097,8.9744,0.219641
191.23128,8.9592,0.222041
191.23159,8.9781,0.224833
191.23184,8.9715,0.224833
191.23215,8.9725,0.259233
191.23247,8.9621,0.258521
191.23278,8.9525,0.260417
191.23309,8.9658,0.225729
191.23334,8.9602,0.225729
191.23365,8.9697,0.229817
191.23396,8.9695,0.213153
191.23427,8.9781,0.214761
191.23458,8.9725,0.214465
191.23489,8.9752,0.214049
191.23514,8.9734,0.214049
191.23545,8.9705,0.218849
191.23576,8.9715,0.230321
191.23607,8.9631,0.239585
191.23638,8.9715,0.247657
191.23663,8.9695,0.247657
191.23694,8.9697,0.237185
191.23725,8.9744,0.234593
191.23756,8.9809,0.220849
191.23787,8.9678,0.216057
191.23818,8.9688,0.219457
191.23844,8.9705,0.219457
191.23875,8.9705,0.220433
191.23906,8.9762,0.232409
191.23937,8.9658,0.217449
191.23968,8.9688,0.228025
191.23999,8.9639,0.254745
191.24024,8.9695,0.254745
191.24055,8.9705,0.223337
191.24086,8.9725,0.250849
191.24117,8.9658,0.220145
191.24148,8.9658,0.218953
191.24173,8.9695,0.218953
191.24204,8.9611,0.228129
191.24235,8.9688,0.253537
191.24266,8.9734,0.221329
191.24297,8.9639,0.254937
191.24328,8.9658,0.222041
191.24353,8.9744,0.222041
191.24384,8.9734,0.220041
191.24415,8.9621,0.251265
191.24447,8.9648,0.221937
191.24478,8.9828,0.218745
191.24693,8.9734,0.218745
191.24869,8.9781,0.217849
191.25045,8.9648,0.257041
191.25220,8.9648,0.219537
191.25396,8.9744,0.220249
191.25572,8.9658,0.244273
191.25748,8.9688,0.252345
191.25924,8.9781,0.226817
191.25943,8.9744,0.226817
191.25974,8.9611,0.256329
191.26005,8.9705,0.224441
191.26036,8.9574,0.227425
191.26067,8.9631,0.253449
191.26098,8.9744,0.221937
191.26123,8.9695,0.221937
191.26154,8.9734,0.220145
191.26185,8.9668,0.227233
191.26216,8.9752,0.219353
191.26247,8.9725,0.231113
191.26278,8.9715,0.254353
191.26303,8.9678,0.254353
191.26335,8.9631,0.225025
191.26366,8.9602,0.257625
191.26397,8.9688,0.225025
191.26428,8.9668,0.223937
191.26453,8.9725,0.223937
191.26484,8.9715,0.236705
191.26515,8.9668,0.220249
191.26546,8.9734,0.222329
191.26577,8.9715,0.256641
191.26608,8.9658,0.222041
191.26634,8.9744,0.222041
191.26664,8.9752,0.221937
191.26695,8.9678,0.241769
191.26726,8.9688,0.222649
191.26757,8.9744,0.221833
191.26788,8.9734,0.255353
191.26814,8.9705,0.255353
191.26845,8.9592,0.218745
191.26876,8.9752,0.247761
191.26906,8.9744,0.238105
191.26938,8.9688,0.219353
191.26963,8.9688,0.219353
191.26994,8.9631,0.221433
191.27025,8.9725,0.257145
191.27056,8.9678,0.226313
191.27087,8.9781,0.256433
191.27118,8.9744,0.233513
191.27143,8.9639,0.233513
191.27174,8.9725,0.226313
191.27205,8.9705,0.257937
191.27236,8.9695,0.220641
191.27267,8.9725,0.221145
191.27298,8.9734,0.255833
191.27324,8.9602,0.255833
191.27354,8.9592,0.225417
191.27385,8.9781,0.230905
191.27416,8.9734,0.254249
191.27447,8.9678,0.220849
191.27478,8.9715,0.222225
191.27504,8.9695,0.222225
191.27535,8.9705,0.256729
191.27565,8.9639,0.221641
191.27597,8.9725,0.241481
191.27628,8.9641,0.248553
191.27653,8.9744,0.248553
191.27685,8.9725,0.223129
191.27716,8.9658,0.259441
191.27747,8.9582,0.219145
191.27777,8.9809,0.224521
191.27803,8.9725,0.224521
191.27834,8.9611,0.248553
191.27865,8.9744,0.245169
191.27896,8.9648,0.224833
191.27927,8.9611,0.256225
191.27958,8.9678,0.218641
191.27983,8.9752,0.218641
191.28014,8.9762,0.209673
191.28045,8.9715,0.208985
191.28076,8.9688,0.207777
191.28107,8.9771,0.209377
191.28138,8.9762,0.213865
191.28163,8.9771,0.213865
191.28194,8.9695,0.205481
191.28225,8.9781,0.217849
191.28256,8.9678,0.216953
191.28287,8.9639,0.228425
191.28318,8.9648,0.230721
191.28344,8.9734,0.230721
191.28374,8.9697,0.217953
191.28405,8.9658,0.220433
191.28436,8.9688,0.221041
191.28467,8.9668,0.227217
191.28493,8.9762,0.227217
191.28524,8.9725,0.221641
191.28555,8.9734,0.221249
191.28586,8.9631,0.222041
191.28616,8.9678,0.219249
191.28648,8.9744,0.220249
191.28673,8.9668,0.220249
191.28704,8.9791,0.217657
191.28735,8.9715,0.261713
191.28766,8.9631,0.261921
191.28797,8.9678,0.255041
191.28828,8.9668,0.242673
191.28853,8.9688,0.242673
191.28884,8.9688,0.224337
191.28915,8.9695,0.231513
191.28946,8.9705,0.213257
191.28977,8.9695,0.211673
191.29003,8.9754,0.211673
191.29034,8.9668,0.211281
191.29065,8.9781,0.214153
191.29095,8.9744,0.231113
191.29127,8.9734,0.229113
191.29158,8.9668,0.243777
191.29183,8.9648,0.243777
191.29214,8.9688,0.242377
191.29245,8.9752,0.219249
191.29276,8.9801,0.221937
191.29307,8.9752,0.221641
191.29338,8.9705,0.218241
191.29363,8.9781,0.218241
191.29394,8.9678,0.225129
191.29425,8.9762,0.219849
191.29456,8.9752,0.219457
191.29487,8.9658,0.219249
191.29518,8.9734,0.218561
191.29543,8.9734,0.218561
191.29574,8.9734,0.216657
191.29605,8.9648,0.218849
191.29636,8.9848,0.217241
191.29667,8.9715,0.216265
191.29692,8.9744,0.216265
191.29723,8.9688,0.214969
191.29754,8.9744,0.217345
191.29785,8.9828,0.222537
191.29816,8.9715,0.223441
191.29847,8.9592,0.223337
191.29873,8.9801,0.223337
191.29903,8.9725,0.223545
191.29934,8.9668,0.224729
191.29965,8.9688,0.223041
191.29996,8.9744,0.223729
191.30028,8.9705,0.221537
191.30053,8.9658,0.221537
191.30084,8.9705,0.220537
191.30115,8.9744,0.216953
191.30146,8.9668,0.221537
191.30177,8.9725,0.221833
191.30208,8.9621,0.221833
191.30233,8.9781,0.221833
191.30264,8.9754,0.220433
191.30295,8.9715,0.219849
191.30326,8.9725,0.225129
191.30357,8.9621,0.224441
191.30382,8.9705,0.224441
191.30413,8.9648,0.237681
191.30444,8.9754,0.257225
191.30475,8.9697,0.261129
191.30506,8.9688,0.224233
191.30537,8.9752,0.218561
191.30562,8.9734,0.218561
191.30593,8.9697,0.225233
191.30625,8.9688,0.221937
191.30656,8.9744,0.219249
191.30687,8.9752,0.213257
191.30712,8.9688,0.213257
191.30743,8.9781,0.211673
191.30774,8.9695,0.204793
191.30805,8.9752,0.205081
191.30836,8.9744,0.208673
191.30867,8.9725,0.222225
191.30892,8.9678,0.222225
191.30923,8.9631,0.218057
191.30954,8.9695,0.218849
191.30985,8.9648,0.233201
191.31016,8.9648,0.220537
191.31047,8.9658,0.221641
191.31073,8.9734,0.221641
191.31103,8.9705,0.221537
191.31134,8.9695,0.221249
191.31165,8.9752,0.221833
191.31196,8.9695,0.224521
191.31228,8.9688,0.224233
191.31253,8.9705,0.224233
191.31284,8.9688,0.221249
191.31316,8.9801,0.222833
191.31347,8.9744,0.223129
191.31378,8.9781,0.226633
191.31403,8.9697,0.226633
191.31434,8.9641,0.258545
191.31465,8.9555,0.262129
191.31496,8.9725,0.243985
191.31527,8.9791,0.228217
191.31558,8.9648,0.230721
191.31583,8.9818,0.230721
191.31614,8.9668,0.231801
191.31645,8.9725,0.214865
191.31676,8.9715,0.212569
191.31707,8.9762,0.212761
191.31738,8.9771,0.233513
191.31763,8.9648,0.233513
191.31794,8.9715,0.236497
191.31825,8.9754,0.238897
191.31857,8.9781,0.242081
191.31888,8.9668,0.232905
191.31913,8.9668,0.232905
191.31944,8.9752,0.223625
191.31975,8.9668,0.224625
191.32006,8.9705,0.222537
191.32037,8.9725,0.221329
191.32062,8.9705,0.221329
191.32093,8.9762,0.224129
191.32124,8.9734,0.216953
191.32155,8.9734,0.233905
191.32186,8.9611,0.219353
191.32217,8.9715,0.219745
191.32242,8.9734,0.219745
191.32273,8.9895,0.222329
191.32304,8.9791,0.219033
191.32335,8.9688,0.217657
191.32366,8.9705,0.219457
191.32397,8.9688,0.219033
191.32422,8.9668,0.219033
191.32454,8.9715,0.216161
191.32485,8.9695,0.218849
191.32516,8.9678,0.219145
191.32547,8.9705,0.216953
191.32578,8.9688,0.217657
191.32603,8.9668,0.217657
191.32634,8.9678,0.221641
191.32665,8.9771,0.222433
191.32696,8.9705,0.219457
191.32727,8.9621,0.220849
191.32752,8.9602,0.220849
191.32783,8.9688,0.221433
191.32814,8.9744,0.221433
191.32845,8.9734,0.223625
191.32876,8.9705,0.217849
191.32907,8.9555,0.217745
191.32932,8.9734,0.217745
191.32963,8.9801,0.217241
191.32994,8.9771,0.218953
191.33025,8.9725,0.217241
191.33056,8.9668,0.217953
191.33087,8.9744,0.260625
191.33113,8.9744,0.260625
191.33144,8.9715,0.260817
191.33174,8.9678,0.239897
191.33206,8.9695,0.215865
191.33237,8.9725,0.217449
191.33267,8.9715,0.207193
191.33293,8.9762,0.207193
191.33324,8.9668,0.216761
191.33355,8.9705,0.217849
191.33386,8.9781,0.218849
191.33417,8.9752,0.203393
191.33442,8.9754,0.203393
191.33473,8.9688,0.203497
191.33504,8.9715,0.204977
191.33535,8.9801,0.207273
191.33566,8.9744,0.209481
191.33597,8.9695,0.215657
191.33622,8.9818,0.215657
191.33654,8.9668,0.231409
191.33685,8.9725,0.214257
191.33716,8.9715,0.220145
191.33747,8.9695,0.219033
191.33772,8.9648,0.219033
191.33803,8.9725,0.220537
191.33834,8.9744,0.219745
191.33865,8.9762,0.219537
191.33896,8.9678,0.221537
191.33927,8.9631,0.221433
191.33952,8.9705,0.221433
191.33983,8.9801,0.224233
191.34014,8.9668,0.224129
191.34045,8.9744,0.225521
191.34076,8.9725,0.258833
191.34107,8.9648,0.269809
191.34132,8.9639,0.269809
191.34163,8.9688,0.261921
191.34194,8.9678,0.222225
191.34225,8.9695,0.232801
191.34256,8.9734,0.230009
191.34282,8.9734,0.230009
191.34313,8.9621,0.213153
191.34344,8.9705,0.214761
191.34375,8.9744,0.213865
191.34406,8.9754,0.217657
191.34437,8.9744,0.217849
191.34462,8.9762,0.217849
191.34493,8.9611,0.230321
191.34524,8.9621,0.229921
191.34555,8.9648,0.239793
191.34586,8.9621,0.225417
191.34617,8.9639,0.222225
191.34642,8.9744,0.222225
191.34673,8.9639,0.220433
191.34704,8.9705,0.221641
191.34735,8.9639,0.222433
191.34766,8.9744,0.221641
191.34797,8.9631,0.223833
191.34822,8.9705,0.223833
191.34854,8.9771,0.224625
191.34885,8.9715,0.222937
191.34916,8.9592,0.222937
191.34947,8.9715,0.220145
191.34978,8.9668,0.222041
191.35003,8.9715,0.222041
191.35034,8.9734,0.219457
191.35065,8.9744,0.220041
191.35096,8.9715,0.220849
191.35127,8.9705,0.220041
191.35158,8.9771,0.221329
191.35183,8.9734,0.221329
191.35214,8.9688,0.220249
191.35245,8.9621,0.222433
191.35276,8.9688,0.218849
191.35307,8.9744,0.219457
191.35338,8.9658,0.221329
191.35363,8.9658,0.221329
191.35394,8.9631,0.223129
191.35425,8.9725,0.224233
191.35457,8.9705,0.222225
191.35487,8.9744,0.225129
191.35513,8.9725,0.225129
191.35544,8.9801,0.225129
191.35575,8.9809,0.223625
191.35606,8.9688,0.221729
191.35637,8.9678,0.220353
191.35668,8.9678,0.222145
191.35693,8.9705,0.222145
191.35724,8.9678,0.218641
191.35755,8.9668,0.223233
191.35786,8.9648,0.221041
191.35817,8.9715,0.222433
191.35848,8.9754,0.222833
191.35873,8.9734,0.222833
191.35904,8.9688,0.222649
191.35935,8.9791,0.222537
191.35966,8.9678,0.221041
191.35997,8.9678,0.220353
191.36028,8.9752,0.223337
191.36053,8.9734,0.223337
191.36085,8.9695,0.220937
191.36116,8.9668,0.225129
191.36146,8.9668,0.225625
191.36178,8.9688,0.224833
191.36203,8.9602,0.224833
191.36234,8.9705,0.223545
191.36265,8.9725,0.227633
191.36296,8.9715,0.221249
191.36327,8.9734,0.221537
191.36358,8.9752,0.219849
191.36383,8.9678,0.219849
191.36414,8.9725,0.220433
191.36445,8.9688,0.220041
191.36476,8.9695,0.218137
191.36507,8.9695,0.217657
191.36538,8.9705,0.223545
191.36563,8.9752,0.223545
191.36594,8.9621,0.219457
191.36625,8.9678,0.219033
191.36656,8.9688,0.220641
191.36687,8.9668,0.217449
191.36713,8.9715,0.217449
191.36744,8.9744,0.219353
191.36775,8.9705,0.220249
191.36806,8.9725,0.259337
191.36837,8.9602,0.258833
191.36868,8.9688,0.268697
191.36893,8.9564,0.268697
191.36924,8.9648,0.242193
191.36955,8.9688,0.223041
191.36986,8.9668,0.212969
191.37017,8.9648,0.208089
191.37048,8.9678,0.219145
191.37073,8.9828,0.219145
191.37104,8.9658,0.202889
191.37135,8.9838,0.202993
191.37166,8.9752,0.204001
191.37197,8.9771,0.217553
191.37228,8.9678,0.226737
191.37253,8.9668,0.226737
191.37284,8.9838,0.218345
191.37315,8.9668,0.233009
191.37346,8.9705,0.220937
191.37377,8.9734,0.217953
191.37403,8.9781,0.217953
191.37434,8.9695,0.219953
191.37465,8.9582,0.219353
191.37496,8.9734,0.220433
191.37527,8.9744,0.225129
191.37558,8.9688,0.222225
191.37583,8.9631,0.222225
191.37614,8.9725,0.223833
191.37645,8.9688,0.218057
191.37676,8.9705,0.221745
191.37707,8.9668,0.222329
191.37738,8.9762,0.241081
191.37763,8.9658,0.241081
191.37794,8.9602,0.256433
191.37825,8.9602,0.257937
191.37856,8.9592,0.217657
191.37887,8.9725,0.228817
191.37912,8.9705,0.228817
191.37943,8.9639,0.226233
191.37974,8.9762,0.214761
191.38005,8.9771,0.212865
191.38036,8.9744,0.212569
191.38067,8.9705,0.212257
191.38093,8.9658,0.212257
191.38124,8.9744,0.216849
191.38155,8.9705,0.228609
191.38186,8.9744,0.237681
191.38216,8.9658,0.246465
191.38247,8.9648,0.234009
191.38273,8.9678,0.234009
191.38304,8.9658,0.224337
191.38335,8.9678,0.224833
191.38366,8.9648,0.222833
191.38397,8.9725,0.224729
191.38422,8.9715,0.224729
191.38453,8.9801,0.222833
191.38484,8.9648,0.221937
191.38515,8.9648,0.220249
191.38546,8.9715,0.222329
191.38577,8.9695,0.219849
191.38603,8.9715,0.219849
191.38634,8.9725,0.221641
191.38665,8.9564,0.219745
191.38695,8.9697,0.220041
191.38727,8.9752,0.219457
191.38758,8.9754,0.219849
191.38783,8.9705,0.219849
191.38814,8.9762,0.219953
191.38845,8.9818,0.223625
191.38876,8.9697,0.218641
191.38907,8.9725,0.222937
191.38938,8.9658,0.224025
191.38963,8.9678,0.224025
191.38994,8.9668,0.225025
191.39025,8.9809,0.221249
191.39056,8.9668,0.223233
191.39087,8.9639,0.223833
191.39113,8.9705,0.223833
191.39144,8.9725,0.221641
191.39174,8.9734,0.220041
191.39205,8.9725,0.219953
191.39236,8.9744,0.218745
191.39267,8.9697,0.220849
191.39293,8.9611,0.220849
191.39324,8.9744,0.218849
191.39355,8.9668,0.232201
191.39386,8.9734,0.221537
191.39417,8.9771,0.238393
191.39448,8.9648,0.257145
191.39473,8.9582,0.257145
191.39504,8.9648,0.262129
191.39535,8.9688,0.216057
191.39566,8.9781,0.214361
191.39597,8.9695,0.220041
191.39622,8.9725,0.220041
191.39653,8.9725,0.211281
191.39685,8.9762,0.224625
191.39716,8.9781,0.216345
191.39747,8.9771,0.205793
191.39777,8.9695,0.207193
191.39803,8.9762,0.207193
191.39834,8.9639,0.202097
191.39865,8.9781,0.205393
191.39896,8.9781,0.204977
191.39927,8.9658,0.214361
191.39958,8.9688,0.219537
191.39983,8.9771,0.219537
191.40014,8.9734,0.231217
191.40045,8.9695,0.220433
191.40076,8.9658,0.219953
191.40107,8.9725,0.222145
191.40132,8.9715,0.222145
191.40163,8.9781,0.219641
191.40194,8.9688,0.219353
191.40225,8.9781,0.220849
191.40257,8.9752,0.221041
191.40288,8.9688,0.219249
191.40313,8.9715,0.219249
191.40344,8.9678,0.225521
191.40375,8.9639,0.223441
191.40406,8.9648,0.223441
191.40437,8.9705,0.262025
191.40468,8.9705,0.264609
191.40493,8.9639,0.264609
191.40524,8.9725,0.259729
191.40555,8.9734,0.224521
191.40586,8.9705,0.226129
191.40617,8.9668,0.226233
191.40642,8.9734,0.226233
191.40673,8.9688,0.213465
191.40704,8.9734,0.216657
191.40735,8.9734,0.208169
191.40766,8.9734,0.214153
191.40797,8.9734,0.218241
191.40822,8.9631,0.218241
191.40854,8.9744,0.225625
191.40885,8.9725,0.239185
191.40916,8.9668,0.230721
191.40947,8.9725,0.221833
191.40972,8.9641,0.221833
191.41003,8.9744,0.220145
191.41034,8.9678,0.221145
191.41065,8.9639,0.219457
191.41096,8.9744,0.222329
191.41127,8.9734,0.256329
191.41152,8.9648,0.256329
191.41183,8.9734,0.230721
191.41214,8.9705,0.222649
191.41245,8.9639,0.254849
191.41276,8.9668,0.220041
191.41307,8.9715,0.220041
191.41332,8.9781,0.220041
191.41363,8.9695,0.252849
191.41394,8.9715,0.218953
191.41425,8.9801,0.233593
191.41457,8.9744,0.249257
191.41482,8.9809,0.249257
191.41513,8.9754,0.220641
191.41544,8.9678,0.221937
191.41575,8.9678,0.219457
191.41606,8.9734,0.216449
191.41637,8.9695,0.238897
191.41662,8.9631,0.238897
191.41693,8.9648,0.242273
191.41724,8.9611,0.221041
191.41755,8.9725,0.255833
191.41786,8.9535,0.221641
191.41817,8.9668,0.222041
191.41842,8.9648,0.222041
191.41873,8.9688,0.250849
191.41904,8.9725,0.219641
191.41935,8.9705,0.217745
191.41966,8.9508,0.258337
191.41997,8.9631,0.225129
191.42023,8.9734,0.225129
191.42054,8.9678,0.222145
191.42085,8.9631,0.228817
191.42116,8.9678,0.218345
191.42147,8.9648,0.226417
191.42172,8.9695,0.226417
191.42203,8.9744,0.255145
191.42234,8.9678,0.220041
191.42265,8.9734,0.254457
191.42296,8.9705,0.224937
191.42327,8.9715,0.219953
191.42352,8.9648,0.219953
191.42383,8.9631,0.230401
191.42414,8.9715,0.225729
191.42445,8.9639,0.222537
191.42476,8.9725,0.257729
191.42507,8.9725,0.223729
191.42532,8.9621,0.223729
191.42563,8.9688,0.224337
191.42594,8.9621,0.253953
191.42625,8.9725,0.220937
191.42656,8.9705,0.220641
191.42687,8.9688,0.257833
191.42713,8.9695,0.257833
191.42744,8.9641,0.221041
191.42774,8.9801,0.245673
191.42806,8.9641,0.242193
191.42837,8.9592,0.221937
191.42862,8.9801,0.221937
191.42893,8.9658,0.224025
191.42924,8.9668,0.257537
191.42955,8.9715,0.223233
191.42986,8.9752,0.252345
191.43017,8.9715,0.238497
191.43042,8.9744,0.238497
191.43073,8.9734,0.223833
191.43104,8.9611,0.261817
191.43135,8.9725,0.226417
191.43166,8.9725,0.226521
191.43197,8.9744,0.259025
191.43222,8.9648,0.259025
191.43254,8.9705,0.234305
191.43285,8.9658,0.231513
191.43316,8.9658,0.261817
191.43347,8.9734,0.223729
191.43372,8.9754,0.223729
191.43403,8.9639,0.218345
191.43434,8.9668,0.223233
191.43465,8.9781,0.219353
191.43496,8.9705,0.233305
191.43527,8.9621,0.252953
191.43552,8.9695,0.252953
191.43583,8.9695,0.220145
191.43614,8.9648,0.254641
191.43645,8.9668,0.223233
191.43676,8.9668,0.212257
191.43707,8.9668,0.238105
191.43732,8.9695,0.238105
191.43763,8.9752,0.245361
191.43794,8.9688,0.222537
191.43825,8.9668,0.259521
191.43856,8.9688,0.225337
191.43882,8.9801,0.225337
191.43913,8.9725,0.225833
191.43944,8.9678,0.241689
191.43975,8.9688,0.226313
191.44006,8.9752,0.219641
191.44037,8.9668,0.254433
191.44062,8.9734,0.254433
191.44093,8.9715,0.219145
191.44124,8.9678,0.252057
191.44155,8.9648,0.235393
191.44186,8.9744,0.219145
191.44217,8.9725,0.227025
191.44242,8.9582,0.227025
191.44273,8.9725,0.255433
191.44304,8.9734,0.221145
191.44335,8.9715,0.256537
191.44366,8.9715,0.230217
191.44397,8.9754,0.220745
191.44422,8.9697,0.220745
191.44454,8.9668,0.268593
191.44485,8.9631,0.217449
191.44516,8.9715,0.222225
191.44547,8.9631,0.250553
191.44572,8.9631,0.250553
191.44603,8.9648,0.222729
191.44634,8.9678,0.236097
191.44665,8.9668,0.252641
191.44696,8.9725,0.221249
191.44727,8.9725,0.222729
191.44752,8.9791,0.222729
191.44783,8.9648,0.252161
191.44814,8.9801,0.221249
191.44845,8.9705,0.241377
191.44876,8.9715,0.242193
191.44907,8.9705,0.219849
191.44932,8.9668,0.219849
191.44963,8.9705,0.218241
191.44994,8.9621,0.219033
191.45025,8.9744,0.218849
191.45057,8.9734,0.248153
191.45082,8.9631,0.248153
191.45113,8.9668,0.236393
191.45144,8.9631,0.221833
191.45175,8.9639,0.255937
191.45206,8.9688,0.215161
191.45237,8.9754,0.212569
191.45262,8.9668,0.212569
191.45293,8.9762,0.212257
191.45324,8.9734,0.214465
191.45355,8.9725,0.211969
191.45386,8.9695,0.215449
191.45417,8.9678,0.205689
191.45442,8.9695,0.205689
191.45473,8.9725,0.212865
191.45504,8.9801,0.217745
191.45535,8.9631,0.230617
191.45566,8.9678,0.232201
191.45591,8.9715,0.232201
191.45622,8.9744,0.218849
191.45654,8.9695,0.218161
191.45685,8.9781,0.220849
191.45716,8.9801,0.220745
191.45747,8.9744,0.219641
191.45772,8.9658,0.219641
191.45803,8.9715,0.216553
191.45834,8.9582,0.218057
191.45865,8.9688,0.219937
191.45896,8.9754,0.219849
191.45927,8.9762,0.221537
191.45952,8.9705,0.221537
191.45983,8.9668,0.222937
191.46014,8.9688,0.266113
191.46045,8.9678,0.258545
191.46076,8.9611,0.240481
191.46101,8.9621,0.240481
191.46132,8.9697,0.227817
191.46163,8.9705,0.227025
191.46194,8.9865,0.212969
191.46225,8.9678,0.211777
191.46257,8.9715,0.208585
191.46282,8.9705,0.208585
191.46313,8.9762,0.214049
191.46344,8.9715,0.231217
191.46375,8.9725,0.225729
191.46406,8.9762,0.239793
191.46437,8.9621,0.246065
191.46462,8.9705,0.246065
191.46493,8.9725,0.234489
191.46524,8.9744,0.221537
191.46555,8.9688,0.220353
191.46586,8.9744,0.220641
191.46611,8.9734,0.220641
191.46642,8.9744,0.224129
191.46673,8.9658,0.224625
191.46704,8.9744,0.222729
191.46735,8.9641,0.222145
191.46766,8.9697,0.226633
191.46791,8.9781,0.226633
191.46823,8.9697,0.222145
191.46854,8.9678,0.221433
191.46885,8.9715,0.215953
191.46916,8.9725,0.221145
191.46941,8.9668,0.221145
191.46972,8.9725,0.220937
191.47003,8.9734,0.219745
191.47034,8.9734,0.223233
191.47065,8.9648,0.227921
191.47096,8.9678,0.222329
191.47121,8.9658,0.222329
191.47152,8.9648,0.222833
191.47183,8.9668,0.223441
191.47214,8.9648,0.218241
191.47245,8.9771,0.223041
191.47276,8.9678,0.222329
191.47301,8.9678,0.222329
191.47332,8.9695,0.223337
191.47363,8.9734,0.224441
191.47394,8.9695,0.224025
191.47426,8.9695,0.222937
191.47457,8.9752,0.221833
191.47482,8.9648,0.221833
191.47513,8.9705,0.223545
191.47544,8.9678,0.222249
191.47575,8.9725,0.222729
191.47606,8.9621,0.222729
191.47631,8.9715,0.222729
191.47662,8.9695,0.232617
191.47693,8.9752,0.260817
191.47724,8.9592,0.256329
191.47755,8.9648,0.219145
191.47786,8.9762,0.213257
191.47811,8.9668,0.213257
191.47842,8.9668,0.221937
191.47873,8.9762,0.218057
191.47904,8.9762,0.218345
191.47935,8.9725,0.210065
191.47966,8.9658,0.204585
191.47991,8.9715,0.204585
191.48023,8.9744,0.204497
191.48054,8.9697,0.208089
191.48085,8.9762,0.210569
191.48116,8.9744,0.223337
191.48141,8.9648,0.223337
191.48172,8.9809,0.222937
191.48203,8.9754,0.222537
191.48234,8.9754,0.234409
191.48265,8.9744,0.224441
191.48296,8.9688,0.220745
191.48321,8.9639,0.220745
191.48352,8.9744,0.224129
191.48383,8.9734,0.220433
191.48414,8.9678,0.220249
191.48445,8.9705,0.221329
191.48476,8.9668,0.221433
191.48501,8.9725,0.221433
191.48532,8.9752,0.220937
191.48563,8.9668,0.228609
191.48594,8.9725,0.220433
191.48625,8.9715,0.224337
191.48657,8.9688,0.258441
191.48682,8.9715,0.258441
191.48713,8.9611,0.263505
191.48744,8.9715,0.244777
191.48775,8.9678,0.228321
191.48806,8.9818,0.230825
191.48831,8.9762,0.230825
191.48862,8.9752,0.234097
191.48893,8.9715,0.214049
191.48924,8.9762,0.212761
191.48955,8.9781,0.212257
191.48986,8.9648,0.226313
191.49011,8.9725,0.226313
191.49042,8.9752,0.238393
191.49073,8.9771,0.237601
191.49104,8.9715,0.241185
191.49135,8.9734,0.230505
191.49166,8.9762,0.218345
191.49191,8.9705,0.218345
191.49222,8.9762,0.220745
191.49254,8.9678,0.219249
191.49285,8.9705,0.219745
191.49316,8.9697,0.218953
191.49341,8.9658,0.218953
191.49372,8.9715,0.217745
191.49403,8.9725,0.222537
191.49434,8.9762,0.223233
191.49465,8.9678,0.222329
191.49496,8.9715,0.223337
191.49521,8.9668,0.223337
191.49552,8.9744,0.222433
191.49583,8.9688,0.221537
191.49614,8.9668,0.217161
191.49645,8.9762,0.219033
191.49676,8.9697,0.218953
191.49701,8.9631,0.218953
191.49732,8.9705,0.219033
191.49763,8.9725,0.217657
191.49794,8.9695,0.219457
191.49825,8.9695,0.219745
191.49851,8.9658,0.219745
191.49882,8.9648,0.219745
191.49913,8.9781,0.219953
191.49944,8.9725,0.218745
191.49975,8.9781,0.219537
191.50006,8.9744,0.219353
191.50031,8.9678,0.219353
191.50062,8.9744,0.216449
191.50093,8.9705,0.218561
191.50124,8.9725,0.222833
191.50155,8.9688,0.223129
191.50186,8.9688,0.223041
191.50211,8.9688,0.223041
191.50242,8.9715,0.222937
191.50273,8.9668,0.221745
191.50304,8.9705,0.228713
191.50335,8.9744,0.258833
191.50366,8.9611,0.261921
191.50391,8.9602,0.261921
191.50422,8.9631,0.253241
191.50454,8.9695,0.214465
191.50485,8.9818,0.217161
191.50516,8.9648,0.208273
191.50541,8.9752,0.208273
191.50572,8.9678,0.217657
191.50603,8.9744,0.212361
191.50634,8.9631,0.201201
191.50665,8.9752,0.206977
191.50696,8.9734,0.205289
191.50721,8.9734,0.205289
191.50752,8.9688,0.205585
191.50783,8.9734,0.208169
191.50814,8.9809,0.219537
191.50845,8.9688,0.223625
191.50876,8.9771,0.235601
191.50901,8.9621,0.235601
191.50932,8.9648,0.239793
191.50963,8.9658,0.223129
191.50994,8.9715,0.225729
191.51025,8.9631,0.220537
191.51051,8.9697,0.220537
191.51082,8.9752,0.223233
191.51113,8.9734,0.220937
191.51144,8.9734,0.223625
191.51175,8.9744,0.222937
191.51206,8.9697,0.224625
191.51231,8.9688,0.224625
191.51262,8.9885,0.222537
191.51293,8.9725,0.223145
191.51324,8.9658,0.261313
191.51355,8.9697,0.266305
191.51386,8.9715,0.257329
191.51411,8.9668,0.257329
191.51442,8.9678,0.248465
191.51473,8.9631,0.230009
191.51504,8.9734,0.232409
191.51535,8.9734,0.212969
191.51566,8.9678,0.217057
191.51591,8.9648,0.217057
191.51622,8.9705,0.212969
191.51654,8.9744,0.219457
191.51685,8.9865,0.221537
191.51716,8.9668,0.225129
191.51741,8.9771,0.225129
191.51772,8.9705,0.239001
191.51803,8.9752,0.235809
191.51834,8.9648,0.219641
191.51865,8.9668,0.219641
191.51896,8.9658,0.220145
191.51921,8.9715,0.220145
191.51952,8.9752,0.219641
191.51983,8.9688,0.221433
191.52014,8.9705,0.222937
191.52045,8.9705,0.219953
191.52076,8.9715,0.219249
191.52101,8.9715,0.219249
191.52132,8.9668,0.222329
191.52163,8.9695,0.225729
191.52194,8.9705,0.226921
191.52225,8.9688,0.226817
191.52250,8.9678,0.226817
191.52282,8.9678,0.223729
191.52313,8.9715,0.224921
191.52344,8.9688,0.223041
191.52375,8.9725,0.223145
191.52406,8.9734,0.223233
191.52431,8.9648,0.223233
191.52462,8.9695,0.217849
191.52493,8.9744,0.222729
191.52524,8.9762,0.221249
191.52555,8.9752,0.222329
191.52586,8.9668,0.220745
191.52611,8.9695,0.220745
191.52642,8.9725,0.221833
191.52673,8.9695,0.223041
191.52704,8.9715,0.222833
191.52735,8.9725,0.221433
191.52766,8.9688,0.221745
191.52791,8.9744,0.221745
191.52822,8.9838,0.220145
191.52853,8.9725,0.221937
191.52884,8.9678,0.221937
191.52915,8.9744,0.225025
191.52941,8.9734,0.225025
191.52972,8.9668,0.222225
191.53003,8.9705,0.223625
191.53033,8.9705,0.222433
191.53065,8.9734,0.224025
191.53095,8.9771,0.222329
191.53121,8.9697,0.222329
191.53152,8.9695,0.218745
191.53183,8.9762,0.221249
191.53214,8.9744,0.222937
191.53245,8.9791,0.220353
191.53276,8.9715,0.216849
191.53301,8.9668,0.216849
191.53332,8.9781,0.217657
191.53363,8.9705,0.218161
191.53394,8.9705,0.219249
191.53425,8.9762,0.218561
191.53450,8.9725,0.218561
191.53481,8.9734,0.220537
191.53512,8.9725,0.218561
191.53543,8.9744,0.219849
191.53574,8.9715,0.210857
191.53605,8.9762,0.223937
191.53631,8.9668,0.223937
191.53662,8.9648,0.222537
191.53692,8.9744,0.225921
191.53724,8.9658,0.223833
191.53755,8.9658,0.223441
191.53786,8.9762,0.223937
191.53811,8.9725,0.223937
191.53842,8.9762,0.219249
191.53873,8.9734,0.221329
191.53904,8.9734,0.221041
191.53935,8.9725,0.221833
191.53966,8.9678,0.220249
191.53991,8.9688,0.220249
191.54022,8.9715,0.219145
191.54054,8.9648,0.259129
191.54085,8.9648,0.265505
191.54116,8.9705,0.254353
191.54141,8.9705,0.254353
191.54172,8.9688,0.217849
191.54203,8.9668,0.219145
191.54234,8.9695,0.209273
191.54265,8.9791,0.213569
191.54290,8.9648,0.213569
191.54321,8.9744,0.210465
191.54352,8.9734,0.203105
191.54383,8.9744,0.204497
191.54414,8.9697,0.206377
191.54445,8.9762,0.209961
191.54470,8.9658,0.209961
191.54696,8.9781,0.220041
191.54872,8.9639,0.224625
191.55048,8.9688,0.258625
191.55224,8.9705,0.214465
191.55400,8.9658,0.216161
191.55576,8.9705,0.220745
191.55751,8.9752,0.224625
191.55927,8.9688,0.221145
191.55947,8.9705,0.220745
191.55972,8.9725,0.220745
191.56003,8.9639,0.221641
191.56034,8.9705,0.221537
191.56065,8.9678,0.220145
191.56090,8.9781,0.220145
191.56121,8.9734,0.219641
191.56152,8.9688,0.225417
191.56183,8.9752,0.221041
191.56214,8.9611,0.221641
191.56245,8.9762,0.222833
191.56270,8.9752,0.222833
191.56301,8.9688,0.219641
191.56332,8.9828,0.223233
191.56363,8.9725,0.221041
191.56394,8.9771,0.222729
191.56425,8.9744,0.224441
191.56450,8.9648,0.224441
191.56481,8.9725,0.226025
191.56512,8.9648,0.224833
191.56543,8.9688,0.222833
191.56574,8.9658,0.224025
191.56605,8.9678,0.222649
191.56630,8.9611,0.222649
191.56661,8.9678,0.222145
191.56693,8.9648,0.221329
191.56724,8.9705,0.257833
191.56755,8.9611,0.267697
191.56780,8.9705,0.267697
191.56811,8.9668,0.255833
191.56842,8.9688,0.250345
191.56873,8.9611,0.217953
191.56904,8.9725,0.209481
191.56935,8.9752,0.219537
191.56960,8.9705,0.219537
191.56991,8.9752,0.216657
191.57022,8.9762,0.213865
191.57053,8.9762,0.206585
191.57084,8.9715,0.203185
191.57115,8.9818,0.205793
191.57140,8.9838,0.205793
191.57171,8.9734,0.209377
191.57202,8.9752,0.222937
191.57233,8.9734,0.218345
191.57264,8.9762,0.234705
191.57290,8.9695,0.234705
191.57321,8.9688,0.242081
191.57352,8.9695,0.221641
191.57383,8.9639,0.220145
191.57414,8.9725,0.223337
191.57445,8.9658,0.219033
191.57470,8.9688,0.219033
191.57501,8.9688,0.218345
191.57532,8.9658,0.221745
191.57563,8.9801,0.220937
191.57594,8.9611,0.219953
191.57625,8.9725,0.219537
191.57650,8.9658,0.219537
191.57681,8.9688,0.221329
191.57712,8.9695,0.255937
191.57743,8.9725,0.257833
191.57774,8.9582,0.258441
191.57805,8.9639,0.257433
191.57830,8.9668,0.257433
191.57862,8.9828,0.221249
191.57893,8.9705,0.228217
191.57924,8.9668,0.216057
191.57955,8.9705,0.216657
191.57980,8.9715,0.216657
191.58011,8.9809,0.208777
191.58042,8.9762,0.213969
191.58073,8.9744,0.217657
191.58104,8.9791,0.226921
191.58135,8.9715,0.226921
191.58160,8.9725,0.226921
191.58191,8.9695,0.239081
191.58222,8.9639,0.228025
191.58253,8.9734,0.219745
191.58284,8.9668,0.218345
191.58315,8.9695,0.216265
191.58340,8.9678,0.216265
191.58371,8.9828,0.220145
191.58402,8.9715,0.247761
191.58433,8.9631,0.236201
191.58465,8.9658,0.217553
191.58490,8.9658,0.217553
191.58521,8.9641,0.219457
191.58552,8.9715,0.222649
191.58583,8.9648,0.221145
191.58614,8.9658,0.253057
191.58645,8.9592,0.235497
191.58670,8.9725,0.235497
191.58701,8.9705,0.223441
191.58732,8.9584,0.254353
191.58763,8.9668,0.211177
191.58794,8.9715,0.218745
191.58820,8.9695,0.218745
191.58850,8.9828,0.251161
191.58881,8.9678,0.222937
191.58912,8.9648,0.234489
191.58943,8.9631,0.257225
191.58974,8.9705,0.221745
191.59000,8.9752,0.221745
191.59031,8.9695,0.220641
191.59062,8.9658,0.222649
191.59093,8.9695,0.221433
191.59124,8.9725,0.237097
191.59155,8.9752,0.249865
191.59180,8.9705,0.249865
191.59211,8.9631,0.220537
191.59242,8.9631,0.257041
191.59273,8.9705,0.223233
191.59304,8.9695,0.225921
191.59329,8.9678,0.225921
191.59360,8.9658,0.247257
191.59391,8.9744,0.252345
191.59422,8.9771,0.221145
191.59453,8.9705,0.257729
191.59484,8.9621,0.221329
191.59510,8.9648,0.221329
191.59541,8.9705,0.220937
191.59571,8.9734,0.249657
191.59603,8.9621,0.219457
191.59634,8.9668,0.230617
191.59665,8.9611,0.256249
191.59690,8.9697,0.256249
191.59721,8.9762,0.220937
191.59752,8.9715,0.254353
191.59783,8.9621,0.230721
191.59814,8.9658,0.221145
191.59839,8.9809,0.221145
191.59870,8.9631,0.226817
191.59901,8.9715,0.254249
191.59932,8.9697,0.221833
191.59963,8.9715,0.257329
191.59994,8.9592,0.225233
191.60019,8.9639,0.225233
191.60050,8.9658,0.223937
191.60082,8.9631,0.252241
191.60113,8.9725,0.220641
191.60143,8.9705,0.220353
191.60174,8.9639,0.253537
191.60200,8.9688,0.253537
191.60231,8.9678,0.221249
191.60262,8.9668,0.240873
191.60293,8.9611,0.245065
191.60324,8.9744,0.221937
191.60350,8.9678,0.221937
191.60381,8.9678,0.220937
191.60412,8.9678,0.221041
191.60442,8.9658,0.222537
191.60473,8.9695,0.246065
191.60504,8.9668,0.240585
191.60530,8.9592,0.240585
191.60561,8.9744,0.221745
191.60592,8.9648,0.256833
191.60623,8.9611,0.224025
191.60654,8.9639,0.225337
191.60685,8.9621,0.256041
191.60710,8.9744,0.256041
191.60741,8.9668,0.237889
191.60772,8.9781,0.225833
191.60803,8.9658,0.259233
191.60834,8.9688,0.224025
191.60859,8.9688,0.224025
191.60890,8.9688,0.235305
191.60921,8.9631,0.224337
191.60953,8.9658,0.223833
191.60984,8.9705,0.227025
191.61015,8.9688,0.253745
191.61040,8.9621,0.253745
191.61071,8.9734,0.221433
191.61102,8.9648,0.255745
191.61133,8.9668,0.222649
191.61164,8.9648,0.221537
191.61195,8.9697,0.236289
191.61220,8.9621,0.236289
191.61251,8.9725,0.253745
191.61282,8.9648,0.218745
191.61313,8.9697,0.255745
191.61344,8.9744,0.223233
191.61375,8.9668,0.221833
191.61400,8.9771,0.221833
191.61431,8.9688,0.242377
191.61462,8.9781,0.223041
191.61493,8.9621,0.220353
191.61524,8.9688,0.257041
191.61549,8.9762,0.257041
191.61580,8.9762,0.218449
191.61611,8.9688,0.217345
191.61642,8.9621,0.235705
191.61673,8.9582,0.218137
191.61704,8.9715,0.222249
191.61729,8.9725,0.222249
191.61760,8.9602,0.252449
191.61791,8.9762,0.219033
191.61822,8.9725,0.251953
191.61853,8.9648,0.230217
191.61884,8.9809,0.217449
191.61910,8.9744,0.217449
191.61940,8.9668,0.226233
191.61971,8.9734,0.220641
191.62002,8.9771,0.221249
191.62034,8.9818,0.254033
191.62065,8.9639,0.228113
191.62090,8.9602,0.228113
191.62121,8.9648,0.221537
191.62152,8.9678,0.255353
191.62183,8.9705,0.222041
191.62214,8.9734,0.219145
191.62239,8.9668,0.219145
191.62270,8.9584,0.257937
191.62301,8.9695,0.222433
191.62332,8.9752,0.236889
191.62363,8.9658,0.250161
191.62394,8.9648,0.225233
191.62419,8.9715,0.225233
191.62450,8.9744,0.222041
191.62481,8.9668,0.213761
191.62512,8.9752,0.207585
191.62543,8.9705,0.212569
191.62574,8.9734,0.205585
191.62599,8.9668,0.205585
191.62631,8.9752,0.208377
191.62662,8.9781,0.218057
191.62693,8.9744,0.208481
191.62724,8.9715,0.223041
191.62749,8.9818,0.223041
191.62780,8.9688,0.223729
191.62811,8.9688,0.233905
191.62842,8.9688,0.234809
191.62873,8.9688,0.222041
191.62904,8.9705,0.219849
191.62929,8.9744,0.219849
191.62960,8.9695,0.221433
191.62991,8.9648,0.220249
191.63022,8.9734,0.221833
191.63053,8.9828,0.223041
191.63084,8.9695,0.221329
191.63110,8.9668,0.221329
191.63140,8.9695,0.221641
191.63171,8.9762,0.220041
191.63202,8.9754,0.220249
191.63234,8.9695,0.220745
191.63259,8.9602,0.220745
191.63290,8.9668,0.264425
191.63321,8.9611,0.257145
191.63352,8.9648,0.244881
191.63383,8.9697,0.232905
191.63414,8.9621,0.232305
191.63439,8.9688,0.232305
191.63470,8.9762,0.234809
191.63501,8.9762,0.214361
191.63532,8.9771,0.217241
191.63563,8.9678,0.216161
191.63594,8.9771,0.231321
191.63619,8.9725,0.231321
191.63650,8.9697,0.229217
191.63681,8.9705,0.234009
191.63712,8.9639,0.241081
191.63743,8.9744,0.230905
191.63774,8.9715,0.220353
191.63800,8.9715,0.220353
191.63831,8.9725,0.220353
191.63862,8.9725,0.217241
191.63893,8.9744,0.218953
191.63924,8.9781,0.221537
191.63949,8.9752,0.221537
191.63980,8.9678,0.220537
191.64011,8.9754,0.217953
191.64042,8.9705,0.218449
191.64073,8.9725,0.219353
191.64104,8.9725,0.222041
191.64129,8.9668,0.222041
191.64160,8.9705,0.221433
191.64191,8.9697,0.222649
191.64222,8.9678,0.223625
191.64253,8.9725,0.223833
191.64284,8.9744,0.224441
191.64309,8.9744,0.224441
191.64340,8.9725,0.220937
191.64371,8.9762,0.219537
191.64402,8.9781,0.222145
191.64433,8.9648,0.222729
191.64459,8.9715,0.222729
191.64490,8.9725,0.221145
191.64521,8.9668,0.222833
191.64552,8.9658,0.222537
191.64583,8.9744,0.219849
191.64614,8.9752,0.220641
191.64639,8.9734,0.220641
191.64670,8.9658,0.222537
191.64701,8.9648,0.222649
191.64732,8.9762,0.221433
191.64763,8.9648,0.219953
191.64794,8.9668,0.221249
191.64819,8.9592,0.221249
191.64850,8.9648,0.225833
191.64881,8.9688,0.225729
191.64912,8.9715,0.226233
191.64943,8.9688,0.261521
191.64974,8.9602,0.268801
191.64999,8.9648,0.268801
191.65031,8.9695,0.259233
191.65062,8.9752,0.214865
191.65093,8.9725,0.220433
191.65124,8.9697,0.215265
191.65149,8.9734,0.215265
191.65180,8.9688,0.217849
191.65211,8.9688,0.213153
191.65242,8.9688,0.212673
191.65273,8.9744,0.204393
191.65304,8.9848,0.205977
191.65329,8.9762,0.205977
191.65360,8.9648,0.203185
191.65391,8.9705,0.209377
191.65422,8.9725,0.208985
191.65453,8.9725,0.220249
191.65479,8.9762,0.220249
191.65510,8.9678,0.220353
191.65540,8.9668,0.232905
191.65572,8.9695,0.221145
191.65603,8.9678,0.222433
191.65634,8.9695,0.222041
191.65659,8.9688,0.222041
191.65690,8.9752,0.223145
191.65721,8.9668,0.219457
191.65752,8.9695,0.218345
191.65783,8.9695,0.220849
191.65814,8.9781,0.218345
191.65839,8.9639,0.218345
191.65870,8.9725,0.220249
191.65901,8.9818,0.218449
191.65932,8.9725,0.225625
191.65963,8.9592,0.258729
191.65994,8.9555,0.257729
191.66019,8.9695,0.257729
191.66050,8.9762,0.255937
191.66081,8.9734,0.229921
191.66112,8.9602,0.224921
191.66143,8.9715,0.223041
191.66169,8.9781,0.223041
191.66199,8.9734,0.213361
191.66231,8.9771,0.213657
191.66262,8.9688,0.218641
191.66293,8.9715,0.228921
191.66324,8.9781,0.231321
191.66349,8.9639,0.231321
191.66380,8.9705,0.231321
191.66411,8.9602,0.234913
191.66442,8.9688,0.234409
191.66473,8.9771,0.218953
191.66504,8.9705,0.219641
191.66529,8.9725,0.219641
191.66560,8.9725,0.219953
191.66591,8.9762,0.218745
191.66622,8.9734,0.219641
191.66653,8.9781,0.219641
191.66678,8.9725,0.219641
191.66709,8.9744,0.220433
191.66740,8.9762,0.221329
191.66771,8.9771,0.220937
191.66802,8.9631,0.218241
191.66834,8.9695,0.217345
191.66859,8.9621,0.217345
191.66890,8.9582,0.218137
191.66921,8.9725,0.223129
191.66952,8.9641,0.223625
191.66983,8.9658,0.222937
191.67009,8.9668,0.222937
191.67039,8.9688,0.222833
191.67070,8.9697,0.220433
191.67101,8.9688,0.223833
191.67132,8.9641,0.219457
191.67163,8.9705,0.223625
191.67189,8.9734,0.223625
191.67220,8.9715,0.217241
191.67251,8.9715,0.221041
191.67281,8.9715,0.222433
191.67313,8.9725,0.219249
191.67344,8.9725,0.221329
191.67369,8.9734,0.221329
191.67400,8.9734,0.220041
191.67431,8.9705,0.222145
191.67462,8.9688,0.225337
191.67493,8.9639,0.219537
191.67518,8.9754,0.219537
191.67549,8.9734,0.220937
191.67580,8.9688,0.221249
191.67611,8.9658,0.257121
191.67642,8.9668,0.259129
191.67673,8.9621,0.261313
191.67699,8.9582,0.261313
191.67729,8.9658,0.263609
191.67761,8.9631,0.222041
191.67792,8.9705,0.215265
191.67823,8.9697,0.216553
191.67853,8.9818,0.217657
191.67879,8.9818,0.217657
191.67910,8.9771,0.217057
191.67941,8.9725,0.202993
191.67972,8.9715,0.205481
191.68003,8.9725,0.204393
191.68034,8.9801,0.205393
191.68059,8.9697,0.205393
191.68090,8.9744,0.205481
191.68121,8.9705,0.217553
191.68152,8.9611,0.241977
191.68183,8.9752,0.230905
191.68208,8.9621,0.230905
191.68239,8.9705,0.221745
191.68270,8.9705,0.221937
191.68301,8.9744,0.223625
191.68332,8.9752,0.223833
191.68363,8.9725,0.223041
191.68389,8.9705,0.223041
191.68420,8.9668,0.225129
191.68451,8.9648,0.225337
191.68482,8.9715,0.225233
191.68512,8.9705,0.220145
191.68544,8.9762,0.221745
191.68569,8.9631,0.221745
191.68600,8.9725,0.222433
191.68631,8.9752,0.260521
191.68662,8.9611,0.258625
191.68693,8.9611,0.261313
191.68719,8.9668,0.261313
191.68750,8.9697,0.220745
191.68781,8.9762,0.225833
191.68811,8.9688,0.215657
191.68843,8.9725,0.215449
191.68874,8.9695,0.212761
191.68899,8.9678,0.212761
191.68930,8.9658,0.214865
191.68961,8.9695,0.228425
191.68992,8.9688,0.228921
191.69023,8.9688,0.233009
191.69054,8.9658,0.251745
191.69079,8.9621,0.251745
191.69110,8.9695,0.246177
191.69141,8.9762,0.223545
191.69172,8.9695,0.223937
191.69203,8.9875,0.220433
191.69228,8.9715,0.220433
191.69259,8.9602,0.219953
191.69291,8.9695,0.220745
191.69322,8.9688,0.220641
191.69353,8.9725,0.231409
191.69384,8.9762,0.218561
191.69409,8.9648,0.218561
191.69440,8.9648,0.222041
191.69471,8.9705,0.223129
191.69502,8.9752,0.220249
191.69533,8.9564,0.221145
191.69564,8.9695,0.220641
191.69589,8.9678,0.220641
191.69620,8.9688,0.217161
191.69651,8.9725,0.220537
191.69682,8.9734,0.217953
191.69713,8.9668,0.222937
191.69738,8.9668,0.222937
191.69769,8.9828,0.225921
191.69800,8.9668,0.223545
191.69831,8.9631,0.222729
191.69862,8.9621,0.220849
191.69893,8.9725,0.221641
191.69919,8.9771,0.221641
191.69950,8.9705,0.217057
191.69981,8.9621,0.220641
191.70012,8.9658,0.219457
191.70043,8.9668,0.218849
191.70074,8.9695,0.217657
191.70099,8.9725,0.217657
191.70130,8.9705,0.219953
191.70161,8.9715,0.220641
191.70192,8.9818,0.222537
191.70223,8.9695,0.220849
191.70248,8.9705,0.220849
191.70279,8.9688,0.222145
191.70310,8.9705,0.220745
191.70341,8.9752,0.221537
191.70372,8.9762,0.219537
191.70403,8.9754,0.220641
191.70428,8.9678,0.220641
191.70460,8.9631,0.221433
191.70491,8.9705,0.224521
191.70522,8.9705,0.224337
191.70553,8.9762,0.225129
191.70578,8.9658,0.225129
191.70609,8.9705,0.224233
191.70640,8.9762,0.220249
191.70671,8.9658,0.219849
191.70702,8.9688,0.220041
191.70733,8.9592,0.219457
191.70758,8.9752,0.219457
191.70789,8.9762,0.213569
191.70820,8.9668,0.217241
191.70851,8.9678,0.219953
191.70882,8.9781,0.218137
191.70913,8.9705,0.218561
191.70938,8.9781,0.218561
191.70969,8.9725,0.218345
191.71000,8.9725,0.218953
191.71031,8.9771,0.218641
191.71063,8.9695,0.217745
191.71093,8.9688,0.216265
191.71119,8.9744,0.216265
191.71150,8.9705,0.220937
191.71181,8.9754,0.215265
191.71212,8.9705,0.219457
191.71243,8.9734,0.220145
191.71268,8.9668,0.220145
191.71299,8.9678,0.223337
191.71330,8.9688,0.221041
191.71361,8.9582,0.258937
191.71392,8.9705,0.263713
191.71423,8.9688,0.259729
191.71448,8.9705,0.259729
191.71479,8.9658,0.220041
191.71510,8.9631,0.221833
191.71541,8.9771,0.213361
191.71572,8.9752,0.220641
191.71603,8.9791,0.203585
191.71628,8.9705,0.203585
191.71660,8.9744,0.205793
191.71691,8.9678,0.201705
191.71722,8.9705,0.204001
191.71753,8.9725,0.206585
191.71778,8.9648,0.206585
191.71809,8.9734,0.219641
191.71840,8.9781,0.223337
191.71871,8.9744,0.235601
191.71902,8.9688,0.224937
191.71933,8.9631,0.224025
191.71958,8.9752,0.224025
191.71989,8.9574,0.224129
191.72020,8.9631,0.221537
191.72051,8.9744,0.225417
191.72082,8.9725,0.221433
191.72113,8.9762,0.221833
191.72138,8.9752,0.221833
191.72169,8.9705,0.220353
191.72200,8.9725,0.218849
191.72231,8.9725,0.221329
191.72262,8.9688,0.219537
191.72293,8.9688,0.258729
191.72319,8.9631,0.258729
191.72350,8.9678,0.263025
191.72381,8.9705,0.237681
191.72411,8.9744,0.229009
191.72442,8.9725,0.229217
191.72468,8.9695,0.229217
191.72499,8.9715,0.223441
191.72530,8.9754,0.217657
191.72561,8.9688,0.222225
191.72592,8.9688,0.223233
191.72623,8.9725,0.219249
191.72648,8.9754,0.219249
191.72679,8.9734,0.222145
191.72710,8.9762,0.238081
191.72741,8.9771,0.231905
191.72772,8.9695,0.233593
191.72803,8.9752,0.218057
191.72828,8.9744,0.218057
191.72859,8.9715,0.218849
191.72890,8.9631,0.219849
191.72922,8.9678,0.223729
191.72953,8.9752,0.222225
191.72978,8.9715,0.222225
191.73009,8.9695,0.220249
191.73040,8.9688,0.223145
191.73071,8.9668,0.221537
191.73102,8.9688,0.216161
191.73133,8.9801,0.221833
191.73158,8.9705,0.221833
191.73189,8.9621,0.235705
191.73220,8.9639,0.222833
191.73251,8.9688,0.224441
191.73282,8.9658,0.223937
191.73313,8.9688,0.224521
191.73338,8.9611,0.224521
191.73369,8.9631,0.222937
191.73400,8.9688,0.220849
191.73431,8.9744,0.222041
191.73463,8.9688,0.221537
191.73488,8.9705,0.221537
191.73519,8.9631,0.220745
191.73550,8.9611,0.223545
191.73581,8.9725,0.223729
191.73612,8.9744,0.219353
191.73643,8.9688,0.219641
191.73668,8.9668,0.219641
191.73699,8.9801,0.219033
191.73730,8.9734,0.220041
191.73761,8.9695,0.217161
191.73792,8.9697,0.219033
191.73823,8.9602,0.219057
191.73848,8.9658,0.219057
191.73879,8.9781,0.218241
191.73910,8.9752,0.221641
191.73941,8.9744,0.230905
191.73972,8.9648,0.260921
191.74003,8.9688,0.260729
191.74028,8.9621,0.260729
191.74059,8.9668,0.256729
191.74090,8.9744,0.214465
191.74121,8.9752,0.220145
191.74152,8.9697,0.205185
191.74177,8.9734,0.205185
191.74209,8.9678,0.215953
191.74240,8.9695,0.215761
191.74271,8.9725,0.204497
191.74302,8.9801,0.201305
191.74332,8.9752,0.202889
191.74358,8.9705,0.202889
191.74389,8.9809,0.201705
191.74420,8.9744,0.206377
191.74451,8.9744,0.220145
191.74482,8.9668,0.218057
191.74513,8.9725,0.226025
191.74538,8.9639,0.226025
191.74569,8.9725,0.230009
191.74600,8.9602,0.221745
191.74631,8.9725,0.223233
191.74662,8.9574,0.219849
191.74687,8.9725,0.219849
191.74718,8.9621,0.221041
191.74749,8.9715,0.222041
191.74780,8.9705,0.214865
191.74811,8.9705,0.219953
191.74842,8.9695,0.218057
191.74868,8.9725,0.218057
191.74898,8.9771,0.220249
191.74929,8.9752,0.219457
191.74960,8.9678,0.255937
191.74991,8.9574,0.258729
191.75022,8.9592,0.257625
191.75048,8.9725,0.257625
191.75079,8.9697,0.235393
191.75110,8.9744,0.225833
191.75141,8.9725,0.229217
191.75172,8.9678,0.211777
191.75203,8.9715,0.212865
191.75228,8.9695,0.212865
191.75259,8.9715,0.213969
191.75290,8.9781,0.209569
191.75321,8.9639,0.217057
191.75352,8.9715,0.217241
191.75378,8.9668,0.217241
191.75408,8.9752,0.227321
191.75439,8.9621,0.230721
191.75470,8.9705,0.233305
191.75501,8.9695,0.220249
191.75532,8.9715,0.218057
191.75558,8.9725,0.218057
191.75589,8.9658,0.218161
191.75619,8.9762,0.221937
191.75651,8.9648,0.225337
191.75682,8.9715,0.234809
191.75713,8.9762,0.253745
191.75738,8.9678,0.253745
191.75769,8.9771,0.220937
191.75800,8.9715,0.258041
191.75831,8.9668,0.220537
191.75862,8.9631,0.220041
191.75887,8.9744,0.220041
191.75918,8.9809,0.240377
191.75949,8.9734,0.245569
191.75980,8.9848,0.217849
191.76011,8.9611,0.257537
191.76042,8.9697,0.224833
191.76067,8.9744,0.224833
191.76098,8.9678,0.222433
191.76129,8.9631,0.249657
191.76160,8.9688,0.220745
191.76191,8.9688,0.226025
191.76222,8.9762,0.255937
191.76248,8.9781,0.255937
191.76278,8.9705,0.220537
191.76310,8.9631,0.253449
191.76341,8.9631,0.234097
191.76372,8.9648,0.220353
191.76402,8.9705,0.219457
191.76428,8.9602,0.219457
191.76459,8.9762,0.220433
191.76490,8.9658,0.220537
191.76521,8.9752,0.255537
191.76553,8.9678,0.225921
191.76578,8.9744,0.225921
191.76609,8.9762,0.221145
191.76640,8.9734,0.253849
191.76671,8.9658,0.219457
191.76702,8.9734,0.222537
191.76733,8.9678,0.258337
191.76758,8.9631,0.258337
191.76789,8.9781,0.226417
191.76820,8.9678,0.239977
191.76851,8.9678,0.247761
191.76882,8.9678,0.225921
191.76907,8.9705,0.225921
191.76938,8.9715,0.224337
191.76969,8.9725,0.256329
191.77000,8.9639,0.222537
191.77031,8.9688,0.243377
191.77063,8.9658,0.243881
191.77088,8.9641,0.243881
191.77119,8.9734,0.221833
191.77150,8.9734,0.254641
191.77181,8.9688,0.223625
191.77212,8.9668,0.222729
191.77237,8.9678,0.222729
191.77268,8.9582,0.242985
191.77299,8.9697,0.238105
191.77330,8.9762,0.223625
191.77361,8.9631,0.255833
191.77392,8.9752,0.221433
191.77417,8.9791,0.221433
191.77448,8.9695,0.223441
191.77479,8.9611,0.233513
191.77510,8.9639,0.225233
191.77541,8.9695,0.229505
191.77572,8.9639,0.258729
191.77597,8.9705,0.258729
191.77628,8.9688,0.221537
191.77660,8.9744,0.256937
191.77691,8.9715,0.225729
191.77722,8.9715,0.220849
191.77747,8.9705,0.220849
191.77778,8.9545,0.230401
191.77809,8.9688,0.256249
191.77840,8.9762,0.220145
191.77871,8.9725,0.255353
191.77902,8.9631,0.220249
191.77927,8.9754,0.220249
191.77958,8.9695,0.218057
191.77989,8.9648,0.240481
191.78020,8.9734,0.219641
191.78051,8.9658,0.218345
191.78082,8.9678,0.254937
191.78107,8.9678,0.254937
191.78138,8.9715,0.223129
191.78169,8.9678,0.245273
191.78200,8.9668,0.244065
191.78231,8.9697,0.222329
191.78263,8.9631,0.222833
191.78288,8.9678,0.222833
191.78319,8.9648,0.256249
191.78350,8.9678,0.218641
191.78381,8.9695,0.250049
191.78412,8.9648,0.228217
191.78437,8.9695,0.228217
191.78468,8.9621,0.219745
191.78499,8.9678,0.220641
191.78530,8.9678,0.221641
191.78561,8.9695,0.219145
191.78592,8.9715,0.253345
191.78617,8.9611,0.253345
191.78648,8.9771,0.226817
191.78679,8.9725,0.228921
191.78710,8.9648,0.255249
191.78741,8.9734,0.220537
191.78772,8.9639,0.219033
191.78797,8.9678,0.219033
191.78828,8.9668,0.253537
191.78859,8.9697,0.221745
191.78890,8.9771,0.237601
191.78922,8.9658,0.251161
191.78953,8.9678,0.222537
191.78978,8.9688,0.222537
191.79009,8.9705,0.224337
191.79040,8.9611,0.218241
191.79071,8.9688,0.219249
191.79102,8.9771,0.239793
191.79127,8.9678,0.239793
191.79158,8.9678,0.241081
191.79189,8.9734,0.221537
191.79220,8.9611,0.254745
191.79251,8.9725,0.219537
191.79282,8.9762,0.218241
191.79307,8.9668,0.218241
191.79338,8.9639,0.247257
191.79369,8.9668,0.222433
191.79400,8.9762,0.218449
191.79431,8.9678,0.254353
191.79462,8.9648,0.218953
191.79488,8.9668,0.218953
191.79519,8.9725,0.218849
191.79550,8.9658,0.237497
191.79581,8.9611,0.218241
191.79612,8.9602,0.223041
191.79637,8.9695,0.223041
191.79668,8.9715,0.257729
191.79699,8.9695,0.222649
191.79730,8.9734,0.254745
191.79761,8.9678,0.219353
191.79792,8.9734,0.214865
191.79817,8.9734,0.214865
191.79848,8.9725,0.210065
191.79879,8.9705,0.210465
191.79910,8.9668,0.210169
191.79941,8.9648,0.217849
191.79972,8.9734,0.208169
191.79997,8.9734,0.208169
191.80028,8.9744,0.216265
191.80060,8.9762,0.218057
191.80091,8.9678,0.227921
191.80122,8.9668,0.233905
191.80147,8.9744,0.233905
191.80178,8.9658,0.222537
191.80209,8.9801,0.221937
191.80240,8.9658,0.224833
191.80271,8.9725,0.222729
191.80302,8.9801,0.225129
191.80327,8.9592,0.225129
191.80358,8.9695,0.228217
191.80389,8.9695,0.220937
191.80420,8.9668,0.236601
191.80451,8.9744,0.225233
191.80482,8.9715,0.221433
191.80507,8.9744,0.221433
191.80538,8.9744,0.220041
191.80569,8.9584,0.259521
191.80600,8.9648,0.265217
191.80631,8.9639,0.256433
191.80657,8.9668,0.256433
191.80688,8.9705,0.219745
191.80719,8.9744,0.227129
191.80750,8.9705,0.216553
191.80781,8.9668,0.210857
191.80812,8.9771,0.216161
191.80837,8.9791,0.216161
191.80868,8.9781,0.212969
191.80899,8.9678,0.217057
191.80930,8.9695,0.226313
191.80961,8.9695,0.233905
191.80992,8.9658,0.245777
191.81017,8.9555,0.245777
191.81048,8.9648,0.246257
191.81079,8.9668,0.223337
191.81110,8.9715,0.223233
191.81141,8.9705,0.219641
191.81172,8.9648,0.215369
191.81197,8.9725,0.215369
191.81228,8.9695,0.220249
191.81260,8.9801,0.222649
191.81291,8.9818,0.221833
191.81322,8.9602,0.222145
191.81347,8.9725,0.222145
191.81378,8.9678,0.230009
191.81409,8.9715,0.222145
191.81440,8.9688,0.220537
191.81471,8.9695,0.222537
191.81502,8.9639,0.220433
191.81527,8.9752,0.220433
191.81558,8.9715,0.220433
191.81589,8.9705,0.219745
191.81620,8.9734,0.222729
191.81651,8.9752,0.224129
191.81682,8.9762,0.224233
191.81707,8.9725,0.224233
191.81738,8.9621,0.223729
191.81769,8.9762,0.223041
191.81800,8.9744,0.222041
191.81831,8.9734,0.222225
191.81857,8.9688,0.222225
191.81887,8.9678,0.225625
191.81919,8.9705,0.220641
191.81950,8.9658,0.224337
191.81981,8.9734,0.218953
191.82011,8.9678,0.219353
191.82037,8.9762,0.219353
191.82068,8.9705,0.222729
191.82099,8.9621,0.220433
191.82130,8.9801,0.218561
191.82161,8.9639,0.219953
191.82192,8.9678,0.221641
191.82217,8.9715,0.221641
191.82248,8.9592,0.244169
191.82279,8.9695,0.257833
191.82310,8.9639,0.254249
191.82341,8.9648,0.220641
191.82372,8.9734,0.216265
191.82397,8.9658,0.216265
191.82428,8.9725,0.217657
191.82459,8.9734,0.220249
191.82490,8.9781,0.217953
191.82521,8.9688,0.213153
191.82547,8.9771,0.213153
191.82578,8.9734,0.203793
191.82609,8.9715,0.199705
191.82640,8.9668,0.202889
191.82670,8.9734,0.205689
191.82702,8.9754,0.204793
191.82727,8.9678,0.204793
191.82758,8.9668,0.218849
191.82789,8.9688,0.238185
191.82820,8.9744,0.230217
191.82851,8.9688,0.221433
191.82882,8.9725,0.219745
191.82907,8.9688,0.219745
191.82938,8.9725,0.221041
191.82969,8.9715,0.219745
191.83000,8.9752,0.220641
191.83031,8.9621,0.221937
191.83056,8.9705,0.221937
191.83087,8.9688,0.221641
191.83118,8.9725,0.220041
191.83149,8.9734,0.223625
191.83180,8.9688,0.221041
191.83211,8.9688,0.221041
191.83237,8.9602,0.221041
191.83268,8.9744,0.261129
191.83299,8.9648,0.256729
191.83329,8.9574,0.228817
191.83361,8.9715,0.227025
191.83392,8.9678,0.227713
191.83417,8.9705,0.227713
191.83448,8.9725,0.226633
191.83479,8.9754,0.210569
191.83510,8.9715,0.212177
191.83541,8.9744,0.213865
191.83572,8.9754,0.212569
191.83597,8.9695,0.212569
191.83628,8.9744,0.219353
191.83659,8.9678,0.239689
191.83691,8.9648,0.242585
191.83722,8.9648,0.234489
191.83747,8.9744,0.234489
191.83778,8.9734,0.220641
191.83809,8.9715,0.225233
191.83840,8.9688,0.223625
191.83871,8.9705,0.225025
191.83902,8.9734,0.221249
191.83927,8.9658,0.221249
191.83958,8.9668,0.221937
191.83989,8.9744,0.221937
191.84020,8.9744,0.221833
191.84051,8.9705,0.220537
191.84076,8.9688,0.220537
191.84107,8.9631,0.222729
191.84138,8.9678,0.221745
191.84169,8.9688,0.219849
191.84200,8.9668,0.219537
191.84231,8.9695,0.222833
191.84256,8.9734,0.222833
191.84288,8.9781,0.222225
191.84319,8.9678,0.221249
191.84350,8.9781,0.224025
191.84381,8.9648,0.220641
191.84412,8.9734,0.224025
191.84437,8.9791,0.224025
191.84468,8.9621,0.222649
191.84499,8.9648,0.223545
191.84713,8.9762,0.220745
191.84889,8.9791,0.236497
191.85065,8.9688,0.211673
191.85241,8.9695,0.210065
191.85417,8.9725,0.207881
191.85593,8.9705,0.219849
191.85768,8.9752,0.223625
191.85944,8.9668,0.236393
191.85969,8.9658,0.262921
191.86000,8.9705,0.262129
191.86031,8.9648,0.258937
191.86062,8.9688,0.215657
191.86088,8.9715,0.215657
191.86119,8.9715,0.230721
191.86150,8.9734,0.221833
191.86181,8.9744,0.212465
191.86211,8.9688,0.212177
191.86237,8.9639,0.212177
191.86268,8.9762,0.212465
191.86299,8.9744,0.216449
191.86330,8.9734,0.225129
191.86361,8.9631,0.224729
191.86392,8.9602,0.240081
191.86417,8.9695,0.240081
191.86448,8.9611,0.239897
191.86479,8.9688,0.219641
191.86510,8.9781,0.221329
191.86541,8.9715,0.221537
191.86572,8.9725,0.223625
191.86597,8.9752,0.223625
191.86628,8.9725,0.221833
191.86659,8.9744,0.220849
191.86690,8.9688,0.222041
191.86721,8.9705,0.218953
191.86752,8.9695,0.209569
191.86778,8.9697,0.209569
191.86809,8.9697,0.217657
191.86840,8.9648,0.218241
191.86871,8.9688,0.220641
191.86902,8.9658,0.220849
191.86927,8.9771,0.220849
191.86958,8.9678,0.217953
191.86989,8.9705,0.218057
191.87020,8.9678,0.217553
191.87051,8.9705,0.220041
191.87082,8.9771,0.219145
191.87107,8.9658,0.219145
191.87138,8.9725,0.221145
191.87169,8.9705,0.217745
191.87200,8.9592,0.220145
191.87231,8.9688,0.222433
191.87262,8.9705,0.221937
191.87287,8.9734,0.221937
191.87318,8.9734,0.221249
191.87349,8.9744,0.221937
191.87380,8.9602,0.221641
191.87411,8.9744,0.220937
191.87442,8.9668,0.219033
191.87467,8.9754,0.219033
191.87498,8.9668,0.221745
191.87529,8.9734,0.219457
191.87560,8.9744,0.216449
191.87591,8.9725,0.218641
191.87617,8.9725,0.218641
191.87648,8.9678,0.217241
191.87679,8.9744,0.218849
191.87710,8.9668,0.219537
191.87741,8.9744,0.217553
191.87772,8.9631,0.219537
191.87797,8.9725,0.219537
191.87828,8.9762,0.218449
191.87859,8.9668,0.223441
191.87890,8.9744,0.220537
191.87921,8.9688,0.225817
191.87952,8.9752,0.224233
191.87977,8.9668,0.224233
191.88008,8.9781,0.222329
191.88039,8.9639,0.220145
191.88070,8.9668,0.222937
191.88101,8.9658,0.222729
191.88127,8.9725,0.222729
191.88158,8.9771,0.220249
191.88189,8.9744,0.223041
191.88220,8.9725,0.219953
191.88251,8.9688,0.220641
191.88281,8.9602,0.221433
191.88307,8.9705,0.221433
191.88338,8.9725,0.215657
191.88369,8.9744,0.222937
191.88400,8.9688,0.221145
191.88431,8.9668,0.222145
191.88462,8.9771,0.220641
191.88487,8.9754,0.220641
191.88518,8.9715,0.222225
191.88549,8.9734,0.221833
191.88580,8.9781,0.221249
191.88611,8.9771,0.223625
191.88642,8.9791,0.225921
191.88668,8.9584,0.225921
191.88699,8.9602,0.259729
191.88729,8.9754,0.264113
191.88760,8.9725,0.238105
191.88792,8.9668,0.215553
191.88817,8.9734,0.215553
191.88848,8.9762,0.217553
191.88879,8.9818,0.212465
191.88910,8.9705,0.221041
191.88941,8.9734,0.204289
191.88972,8.9744,0.204689
191.88997,8.9734,0.204689
191.89028,8.9791,0.203105
191.89059,8.9668,0.206185
191.89090,8.9668,0.209377
191.89121,8.9697,0.221833
191.89152,8.9695,0.218561
191.89177,8.9734,0.218561
191.89208,8.9705,0.232697
191.89239,8.9781,0.221729
191.89271,8.9688,0.222145
191.89302,8.9592,0.224337
191.89327,8.9621,0.224337
191.89358,8.9744,0.225233
191.89389,8.9725,0.226633
191.89420,8.9668,0.223833
191.89451,8.9697,0.224337
191.89482,8.9744,0.224521
191.89507,8.9744,0.224521
191.89538,8.9725,0.218449
191.89569,8.9648,0.229817
191.89600,8.9734,0.228529
191.89631,8.9695,0.255745
191.89662,8.9678,0.266305
191.89687,8.9621,0.266305
191.89718,8.9688,0.259921
191.89749,8.9809,0.232113
191.89780,8.9781,0.227713
191.89811,8.9668,0.220249
191.89836,8.9771,0.220249
191.89868,8.9885,0.213073
191.89899,8.9715,0.214049
191.89930,8.9697,0.220937
191.89961,8.9688,0.227817
191.89992,8.9688,0.230721
191.90017,8.9744,0.230721
191.90048,8.9631,0.232201
191.90079,8.9695,0.238497
191.90110,8.9658,0.235201
191.90141,8.9678,0.222249
191.90172,8.9668,0.223233
191.90197,8.9611,0.223233
191.90228,8.9555,0.222433
191.90259,8.9611,0.219537
191.90290,8.9762,0.220641
191.90321,8.9744,0.222145
191.90352,8.9678,0.217241
191.90377,8.9725,0.217241
191.90408,8.9668,0.219457
191.90439,8.9771,0.219353
191.90470,8.9705,0.218745
191.90501,8.9705,0.219745
191.90527,8.9715,0.219745
191.90557,8.9734,0.219249
191.90588,8.9715,0.221745
191.90619,8.9697,0.219033
191.90650,8.9725,0.219953
191.90681,8.9725,0.214153
191.90707,8.9695,0.214153
191.90738,8.9658,0.222537
191.90769,8.9801,0.221641
191.90800,8.9678,0.221833
191.90830,8.9582,0.223145
191.90862,8.9705,0.221937
191.90887,8.9771,0.221937
191.90918,8.9752,0.223625
191.90949,8.9791,0.219249
191.90980,8.9752,0.218849
191.91011,8.9762,0.221641
191.91042,8.9688,0.221833
191.91067,8.9754,0.221833
191.91098,8.9705,0.220641
191.91129,8.9744,0.224729
191.91160,8.9695,0.221329
191.91191,8.9752,0.220433
191.91217,8.9781,0.220433
191.91248,8.9688,0.219249
191.91278,8.9752,0.251657
191.91309,8.9611,0.253745
191.91341,8.9688,0.254745
191.91372,8.9668,0.260129
191.91397,8.9771,0.260129
191.91428,8.9771,0.219145
191.91459,8.9725,0.213657
191.91490,8.9752,0.214657
191.91521,8.9725,0.219537
191.91552,8.9744,0.216761
191.91577,8.9668,0.216761
191.91608,8.9762,0.224729
191.91639,8.9744,0.203393
191.91670,8.9781,0.201201
191.91701,8.9762,0.203105
191.91727,8.9781,0.203105
191.91757,8.9648,0.204289
191.91789,8.9631,0.215657
191.91820,8.9705,0.223041
191.91851,8.9658,0.231217
191.91881,8.9744,0.222729
191.91907,8.9611,0.222729
191.91938,8.9695,0.218745
191.91969,8.9678,0.218345
191.92000,8.9648,0.220145
191.92031,8.9771,0.218745
191.92062,8.9639,0.222041
191.92087,8.9631,0.222041
191.92118,8.9648,0.221433
191.92149,8.9648,0.226025
191.92180,8.9658,0.225521
191.92211,8.9688,0.224441
191.92242,8.9725,0.223233
191.92267,8.9771,0.223233
191.92299,8.9697,0.263425
191.92329,8.9725,0.257225
191.92360,8.9668,0.260025
191.92391,8.9639,0.217241
191.92417,8.9781,0.217241
191.92448,8.9725,0.230009
191.92479,8.9705,0.217745
191.92510,8.9705,0.214865
191.92540,8.9658,0.212673
191.92572,8.9715,0.215049
191.92597,8.9715,0.215049
191.92628,8.9762,0.212465
191.92659,8.9688,0.225625
191.92690,8.9705,0.227529
191.92721,8.9621,0.241185
191.92746,8.9695,0.241185
191.92777,8.9658,0.245361
191.92808,8.9658,0.231305
191.92839,8.9744,0.223937
191.92870,8.9639,0.227233
191.92901,8.9668,0.224521
191.92927,8.9697,0.224521
191.92957,8.9668,0.223129
191.92988,8.9584,0.265401
191.93019,8.9631,0.224521
191.93050,8.9678,0.220537
191.93081,8.9725,0.248761
191.93107,8.9574,0.248761
191.93138,8.9791,0.234201
191.93169,8.9715,0.221041
191.93199,8.9631,0.256145
191.93231,8.9771,0.218561
191.93262,8.9762,0.221041
191.93287,8.9678,0.221041
191.93318,8.9621,0.253745
191.93349,8.9752,0.220937
191.93380,8.9678,0.226737
191.93411,8.9621,0.256145
191.93436,8.9602,0.256145
191.93467,8.9658,0.222937
191.93498,8.9688,0.257225
191.93529,8.9705,0.225417
191.93560,8.9631,0.221641
191.93591,8.9744,0.237993
191.93617,8.9555,0.237993
191.93647,8.9695,0.256041
191.93679,8.9688,0.224729
191.93710,8.9781,0.255745
191.93741,8.9545,0.222649
191.93772,8.9705,0.221833
191.93797,8.9744,0.221833
191.93828,8.9678,0.240377
191.93859,8.9658,0.220145
191.93890,8.9715,0.223337
191.93921,8.9695,0.250049
191.93946,8.9668,0.250049
191.93977,8.9695,0.217849
191.94008,8.9705,0.220537
191.94039,8.9639,0.242193
191.94070,8.9715,0.222041
191.94101,8.9695,0.222329
191.94126,8.9602,0.222329
191.94157,8.9668,0.255937
191.94188,8.9648,0.222041
191.94219,8.9705,0.255433
191.94250,8.9621,0.240793
191.94281,8.9695,0.228217
191.94306,8.9688,0.228217
191.94337,8.9668,0.225233
191.94368,8.9611,0.222145
191.94399,8.9648,0.220745
191.94430,8.9658,0.253241
191.94461,8.9688,0.228025
191.94486,8.9725,0.228025
191.94518,8.9801,0.218137
191.94549,8.9555,0.251265
191.94579,8.9688,0.218057
191.94610,8.9744,0.218745
191.94641,8.9744,0.255353
191.94667,8.9555,0.255353
191.94698,8.9744,0.218561
191.94729,8.9715,0.233409
191.94760,8.9762,0.249865
191.94791,8.9801,0.219033
191.94816,8.9648,0.219033
191.94847,8.9762,0.218561
191.94878,8.9668,0.219457
191.94909,8.9688,0.220641
191.94940,8.9762,0.242481
191.94971,8.9639,0.241185
191.94996,8.9744,0.241185
191.95027,8.9734,0.220249
191.95058,8.9715,0.256729
191.95089,8.9648,0.220249
191.95120,8.9725,0.218641
191.95151,8.9705,0.248153
191.95176,8.9678,0.248153
191.95207,8.9771,0.237601
191.95238,8.9705,0.218849
191.95269,8.9621,0.254641
191.95301,8.9705,0.218449
191.95326,8.9725,0.218449
191.95357,8.9734,0.220849
191.95388,8.9621,0.254033
191.95419,8.9715,0.220145
191.95450,8.9668,0.223441
191.95481,8.9715,0.251849
191.95506,8.9715,0.251849
191.95537,8.9688,0.220249
191.95568,8.9695,0.254033
191.95599,8.9695,0.224833
191.95630,8.9648,0.220041
191.95661,8.9715,0.235497
191.95686,8.9574,0.235497
191.95717,8.9678,0.256833
191.95748,8.9752,0.226025
191.95779,8.9715,0.257329
191.95810,8.9725,0.221641
191.95841,8.9678,0.222833
191.95867,8.9658,0.222833
191.95898,8.9695,0.248969
191.95929,8.9725,0.224233
191.95960,8.9715,0.228025
191.95991,8.9611,0.256329
191.96016,8.9875,0.256329
191.96047,8.9715,0.224129
191.96078,8.9705,0.247177
191.96109,8.9705,0.244777
191.96140,8.9668,0.224729
191.96171,8.9734,0.224625
191.96196,8.9631,0.224625
191.96227,8.9658,0.256641
191.96258,8.9564,0.225129
191.96289,8.9705,0.257729
191.96320,8.9658,0.244465
191.96351,8.9781,0.230009
191.96376,8.9744,0.230009
191.96407,8.9639,0.228609
191.96438,8.9592,0.228713
191.96469,8.9648,0.228921
191.96500,8.9762,0.261921
191.96531,8.9715,0.234809
191.96556,8.9688,0.234809
191.96587,8.9631,0.228817
191.96618,8.9715,0.263025
191.96649,8.9762,0.229113
191.96680,8.9725,0.228217
191.96706,8.9705,0.228217
191.96736,8.9611,0.261233
191.96767,8.9801,0.231905
191.96798,8.9809,0.243169
191.96829,8.9621,0.259921
191.96860,8.9744,0.229817
191.96886,8.9695,0.229817
191.96917,8.9621,0.225025
191.96948,8.9725,0.229921
191.96979,8.9688,0.229921
191.97010,8.9705,0.252745
191.97041,8.9668,0.244465
191.97066,8.9639,0.244465
191.97097,8.9695,0.212177
191.97128,8.9648,0.214553
191.97159,8.9695,0.211465
191.97190,8.9688,0.215161
191.97216,8.9678,0.215161
191.97247,8.9734,0.209673
191.97278,8.9744,0.215553
191.97309,8.9705,0.221041
191.97339,8.9688,0.217745
191.97371,8.9791,0.227713
191.97396,8.9688,0.227713
191.97427,8.9705,0.232801
191.97458,8.9648,0.223233
191.97489,8.9688,0.225025
191.97520,8.9744,0.222329
191.97551,8.9678,0.219537
191.97576,8.9658,0.219537
191.97607,8.9631,0.221833
191.97638,8.9752,0.219745
191.97669,8.9818,0.221641
191.97700,8.9611,0.223041
191.97725,8.9631,0.223041
191.97756,8.9631,0.226129
191.97787,8.9658,0.239689
191.97818,8.9602,0.249257
191.97849,8.9715,0.264217
191.97880,8.9648,0.261417
191.97905,8.9725,0.261417
191.97936,8.9688,0.261209
191.97967,8.9688,0.218345
191.97998,8.9734,0.223441
191.98029,8.9744,0.214945
191.98060,8.9639,0.220641
191.98086,8.9762,0.220641
191.98117,8.9658,0.214865
191.98148,8.9715,0.223545
191.98178,8.9688,0.227529
191.98210,8.9725,0.228713
191.98241,8.9668,0.230721
191.98266,8.9639,0.230721
191.98297,8.9715,0.232905
191.98329,8.9705,0.231217
191.98360,8.9705,0.220249
191.98391,8.9734,0.222145
191.98416,8.9658,0.222145
191.98447,8.9688,0.226633
191.98478,8.9639,0.225729
191.98509,8.9695,0.223729
191.98540,8.9715,0.222433
191.98571,8.9725,0.224625
191.98596,8.9678,0.224625
191.98627,8.9641,0.220849
191.98658,8.9725,0.219641
191.98689,8.9725,0.217057
191.98720,8.9688,0.219353
191.98751,8.9688,0.212569
191.98776,8.9574,0.212569
191.98807,8.9781,0.219745
191.98838,8.9668,0.219537
191.98869,8.9668,0.218449
191.98900,8.9771,0.218449
191.98925,8.9781,0.218449
191.98957,8.9781,0.218241
191.98987,8.9791,0.218561
191.99018,8.9695,0.219145
191.99049,8.9658,0.218449
191.99080,8.9781,0.218953
191.99106,8.9744,0.218953
191.99137,8.9574,0.219745
191.99168,8.9621,0.220249
191.99199,8.9697,0.222145
191.99230,8.9818,0.221145
191.99260,8.9771,0.222833
191.99286,8.9668,0.222833
191.99317,8.9695,0.224521
191.99348,8.9752,0.225417
191.99379,8.9695,0.219641
191.99410,8.9762,0.219849
191.99441,8.9744,0.220849
191.99466,8.9658,0.220849
191.99497,8.9678,0.218641
191.99528,8.9611,0.253537
191.99559,8.9639,0.251745
191.99590,8.9688,0.258625
191.99615,8.9734,0.258625
191.99646,8.9725,0.217449
191.99677,8.9752,0.208585
191.99708,8.9725,0.214865
191.99739,8.9678,0.214761
191.99770,8.9688,0.214553
191.99795,8.9771,0.214553
191.99826,8.9781,0.221833
191.99857,8.9734,0.204585
191.99888,8.9801,0.205081
191.99919,8.9771,0.209673
191.99950,8.9734,0.208585
191.99976,8.9725,0.208585
192.00007,8.9754,0.212073
192.00038,8.9725,0.228321
192.00069,8.9658,0.229817
192.00100,8.9734,0.219953
192.00125,8.9725,0.219953
192.00156,8.9752,0.218241
192.00187,8.9658,0.220745
192.00218,8.9715,0.221937
192.00249,8.9857,0.219849
192.00280,8.9771,0.224729
192.00305,8.9725,0.224729
192.00336,8.9688,0.218137
192.00367,8.9752,0.228817
192.00398,8.9648,0.218561
192.00429,8.9688,0.219537
192.00460,8.9648,0.224233
192.00486,8.9818,0.224233
192.00516,8.9705,0.253537
192.00547,8.9744,0.269409
192.00578,8.9621,0.261417
192.00609,8.9639,0.222433
192.00641,8.9697,0.235809
192.00666,8.9744,0.235809
192.00697,8.9688,0.230617
192.00728,8.9715,0.213761
192.00759,8.9801,0.214657
192.00790,8.9678,0.216553
192.00815,8.9725,0.216553
192.00846,8.9695,0.218953
192.00877,8.9688,0.229505
192.00908,8.9658,0.229025
192.00939,8.9725,0.240377
192.00970,8.9648,0.239793
192.00995,8.9744,0.239793
192.01026,8.9725,0.226737
192.01057,8.9658,0.221937
192.01088,8.9734,0.221537
192.01119,8.9648,0.220745
192.01150,8.9734,0.221329
192.01175,8.9695,0.221329
192.01206,8.9602,0.220937
192.01237,8.9771,0.224233
192.01269,8.9695,0.225521
192.01300,8.9658,0.223545
192.01326,8.9631,0.223545
192.01357,8.9688,0.225337
192.01388,8.9695,0.224625
192.01419,8.9705,0.220641
192.01449,8.9688,0.221041
192.01475,8.9715,0.221041
192.01506,8.9705,0.223625
192.01537,8.9744,0.218241
192.01568,8.9678,0.222537
192.01599,8.9695,0.219953
192.01630,8.9668,0.220041
192.01655,8.9725,0.220041
192.01686,8.9695,0.219457
192.01717,8.9734,0.220537
192.01748,8.9762,0.222649
192.01779,8.9705,0.223041
192.01810,8.9648,0.222225
192.01835,8.9725,0.222225
192.01867,8.9705,0.223441
192.01898,8.9705,0.223545
192.01929,8.9771,0.226633
192.01960,8.9705,0.225233
192.01985,8.9734,0.225233
192.02016,8.9705,0.223937
192.02047,8.9678,0.224441
192.02078,8.9762,0.223833
192.02109,8.9818,0.221041
192.02140,8.9668,0.220937
192.02165,8.9658,0.220937
192.02196,8.9602,0.252745
192.02227,8.9631,0.258041
192.02258,8.9678,0.257329
192.02289,8.9752,0.220433
192.02320,8.9705,0.210465
192.02345,8.9752,0.210465
192.02376,8.9791,0.215369
192.02407,8.9725,0.216553
192.02438,8.9688,0.216345
192.02470,8.9621,0.217241
192.02495,8.9668,0.217241
192.02526,8.9744,0.203289
192.02557,8.9809,0.202393
192.02588,8.9801,0.203393
192.02619,8.9725,0.205873
192.02650,8.9715,0.210065
192.02675,8.9695,0.210065
192.02706,8.9725,0.221937
192.02737,8.9648,0.232409
192.02768,8.9725,0.234993
192.02799,8.9631,0.222649
192.02830,8.9688,0.218849
192.02855,8.9688,0.218849
192.02886,8.9678,0.222041
192.02917,8.9648,0.219937
192.02948,8.9705,0.221745
192.02979,8.9752,0.220745
192.03010,8.9752,0.216849
192.03035,8.9791,0.216849
192.03067,8.9744,0.217849
192.03098,8.9705,0.219353
192.03129,8.9762,0.219457
192.03160,8.9705,0.224441
192.03185,8.9592,0.224441
192.03216,8.9592,0.263921
192.03247,8.9668,0.258041
192.03278,8.9648,0.237097
192.03309,8.9658,0.227129
192.03340,8.9695,0.231009
192.03365,8.9781,0.231009
192.03396,8.9828,0.230617
192.03427,8.9695,0.212673
192.03458,8.9754,0.214049
192.03489,8.9705,0.214049
192.03520,8.9621,0.212865
192.03545,8.9734,0.212865
192.03576,8.9582,0.223145
192.03607,8.9695,0.237393
192.03639,8.9631,0.242881
192.03670,8.9668,0.229817
192.03695,8.9641,0.229817
192.03726,8.9715,0.217241
192.03757,8.9762,0.221145
192.03788,8.9725,0.220041
192.03819,8.9725,0.222145
192.03850,8.9658,0.218849
192.03875,8.9621,0.218849
192.03906,8.9695,0.219537
192.03937,8.9695,0.218561
192.03968,8.9725,0.220849
192.03999,8.9762,0.218849
192.04030,8.9668,0.221537
192.04055,8.9725,0.221537
192.04086,8.9688,0.223625
192.04117,8.9715,0.221433
192.04148,8.9725,0.221833
192.04179,8.9678,0.222433
192.04204,8.9668,0.222433
192.04236,8.9658,0.219745
192.04267,8.9762,0.220937
192.04298,8.9715,0.219537
192.04329,8.9631,0.216849
192.04360,8.9688,0.219537
192.04385,8.9695,0.219537
192.04416,8.9744,0.219145
192.04447,8.9734,0.219353
192.04478,8.9734,0.218057
192.04509,8.9639,0.218641
192.04534,8.9668,0.218641
192.04565,8.9752,0.219953
192.04596,8.9715,0.222329
192.04627,8.9734,0.219953
192.04658,8.9828,0.219641
192.04689,8.9705,0.222729
192.04715,8.9688,0.222729
192.04745,8.9762,0.222537
192.04777,8.9715,0.226817
192.04808,8.9715,0.223833
192.04839,8.9688,0.224233
192.04870,8.9801,0.224833
192.04895,8.9688,0.224833
192.04926,8.9678,0.222433
192.04957,8.9668,0.222433
192.04988,8.9658,0.223833
192.05019,8.9695,0.222433
192.05050,8.9762,0.223041
192.05075,8.9754,0.223041
192.05106,8.9688,0.222833
192.05137,8.9744,0.219033
192.05168,8.9678,0.223937
192.05199,8.9688,0.222833
192.05224,8.9734,0.222833
192.05255,8.9715,0.223233
192.05286,8.9734,0.224025
192.05317,8.9695,0.224233
192.05348,8.9771,0.224233
192.05379,8.9697,0.225129
192.05405,8.9734,0.225129
192.05436,8.9695,0.226633
192.05467,8.9725,0.227217
192.05498,8.9734,0.226817
192.05529,8.9695,0.224025
192.05554,8.9715,0.224025
192.05585,8.9688,0.229217
192.05616,8.9705,0.220833
192.05647,8.9641,0.225521
192.05678,8.9734,0.226025
192.05709,8.9678,0.224625
192.05734,8.9695,0.224625
192.05765,8.9725,0.224625
192.05796,8.9688,0.225417
192.05827,8.9752,0.225025
192.05858,8.9744,0.226233
192.05889,8.9725,0.258521
192.05915,8.9584,0.258521
192.05946,8.9688,0.264113
192.05976,8.9678,0.257729
192.06008,8.9648,0.215865
192.06039,8.9688,0.215865
192.06070,8.9734,0.217241
192.06095,8.9697,0.217241
192.06126,8.9762,0.214465
192.06157,8.9781,0.213361
192.06188,8.9752,0.207273
192.06219,8.9688,0.206769
192.06244,8.9658,0.206769
192.06275,8.9734,0.209881
192.06306,8.9809,0.208169
192.06337,8.9678,0.216265
192.06368,8.9715,0.217745
192.06399,8.9602,0.231409
192.06424,8.9744,0.231409
192.06455,8.9725,0.231009
192.06486,8.9678,0.220249
192.06517,8.9705,0.221433
192.06548,8.9668,0.219849
192.06579,8.9678,0.219641
192.06604,8.9725,0.219641
192.06636,8.9658,0.221433
192.06667,8.9752,0.223041
192.06698,8.9754,0.221433
192.06729,8.9705,0.219745
192.06760,8.9752,0.224937
192.06785,8.9639,0.224937
192.06816,8.9621,0.219849
192.06847,8.9744,0.262817
192.06878,8.9734,0.267009
192.06909,8.9668,0.260921
192.06934,8.9688,0.260921
192.06965,8.9697,0.255937
192.06996,8.9744,0.230113
192.07027,8.9688,0.231009
192.07058,8.9695,0.215553
192.07089,8.9668,0.213465
192.07114,8.9705,0.213465
192.07145,8.9705,0.210777
192.07176,8.9705,0.215161
192.07207,8.9658,0.216657
192.07238,8.9678,0.226521
192.07270,8.9678,0.238185
192.07295,8.9715,0.238185
192.07326,8.9678,0.237785
192.07357,8.9734,0.218561
192.07388,8.9715,0.218849
192.07419,8.9734,0.213257
192.07444,8.9762,0.213257
192.07475,8.9725,0.219457
192.07506,8.9715,0.219249
192.07537,8.9744,0.220433
192.07568,8.9678,0.220537
192.07599,8.9725,0.222537
192.07624,8.9725,0.222537
192.07655,8.9688,0.218849
192.07686,8.9648,0.221641
192.07717,8.9639,0.220249
192.07748,8.9725,0.217161
192.07779,8.9621,0.218449
192.07804,8.9725,0.218449
192.07836,8.9705,0.218745
192.07867,8.9809,0.219457
192.07898,8.9705,0.220849
192.07929,8.9752,0.218745
192.07954,8.9668,0.218745
192.07985,8.9705,0.219033
192.08016,8.9658,0.221833
192.08047,8.9734,0.218345
192.08078,8.9781,0.219249
192.08109,8.9584,0.221329
192.08134,8.9771,0.221329
192.08165,8.9809,0.219953
192.08196,8.9668,0.222729
192.08227,8.9791,0.225417
192.08258,8.9705,0.229321
192.08289,8.9697,0.224337
192.08314,8.9705,0.224337
192.08345,8.9771,0.220433
192.08376,8.9697,0.221145
192.08407,8.9695,0.217449
192.08438,8.9762,0.218953
192.08464,8.9688,0.218953
192.08495,8.9678,0.218161
192.08526,8.9715,0.220433
192.08557,8.9715,0.262129
192.08588,8.9725,0.253953
192.08619,8.9678,0.225625
192.08644,8.9725,0.225625
192.08675,8.9639,0.216265
192.08706,8.9725,0.208985
192.08737,8.9762,0.216553
192.08768,8.9734,0.217745
192.08799,8.9695,0.214257
192.08824,8.9734,0.214257
192.08855,8.9818,0.213073
192.08886,8.9695,0.202393
192.08917,8.9705,0.207273
192.08948,8.9639,0.205977
192.08979,8.9658,0.223041
192.09004,8.9695,0.223041
192.09036,8.9725,0.222433
192.09067,8.9752,0.234009
192.09098,8.9631,0.236889
192.09129,8.9631,0.222649
192.09154,8.9791,0.222649
192.09185,8.9555,0.224521
192.09216,8.9725,0.221641
192.09247,8.9695,0.223545
192.09278,8.9801,0.221833
192.09309,8.9752,0.222145
192.09334,8.9695,0.222145
192.09365,8.9715,0.219353
192.09396,8.9668,0.221937
192.09427,8.9725,0.220849
192.09458,8.9857,0.219537
192.09489,8.9771,0.222041
192.09514,8.9648,0.222041
192.09545,8.9688,0.258833
192.09576,8.9688,0.254433
192.09607,8.9695,0.262217
192.09639,8.9688,0.224441
192.09664,8.9705,0.224441
192.09695,8.9688,0.231617
192.09726,8.9725,0.217241
192.09757,8.9678,0.219457
192.09788,8.9658,0.216553
192.09819,8.9895,0.213761
192.09844,8.9744,0.213761
192.09875,8.9801,0.213865
192.09906,8.9715,0.228217
192.09937,8.9695,0.233513
192.09968,8.9631,0.242193
192.09999,8.9695,0.233593
192.10024,8.9631,0.233593
192.10055,8.9734,0.225729
192.10086,8.9695,0.220537
192.10117,8.9688,0.223233
192.10148,8.9695,0.222937
192.10179,8.9725,0.220641
192.10204,8.9678,0.220641
192.10235,8.9688,0.250345
192.10267,8.9771,0.221641
192.10298,8.9744,0.225625
192.10329,8.9621,0.254641
192.10354,8.9678,0.254641
192.10385,8.9801,0.226521
192.10416,8.9752,0.257729
192.10447,8.9744,0.234809
192.10478,8.9771,0.222329
192.10509,8.9688,0.225337
192.10534,8.9668,0.225337
192.10565,8.9725,0.255433
192.10596,8.9752,0.221145
192.10627,8.9648,0.257937
192.10658,8.9725,0.224833
192.10689,8.9695,0.219745
192.10714,8.9592,0.219745
192.10745,8.9639,0.232009
192.10776,8.9838,0.220041
192.10807,8.9725,0.220433
192.10838,8.9631,0.258441
192.10864,8.9744,0.258441
192.10895,8.9678,0.221937
192.10926,8.9658,0.238897
192.10957,8.9602,0.246761
192.10988,8.9668,0.218641
192.11019,8.9818,0.224233
192.11044,8.9678,0.224233
192.11075,8.9695,0.257625
192.11106,8.9697,0.223441
192.11137,8.9762,0.243985
192.11168,8.9688,0.241185
192.11193,8.9744,0.241185
192.11225,8.9705,0.221329
192.11255,8.9678,0.220849
192.11286,8.9744,0.220937
192.11317,8.9705,0.221041
192.11348,8.9791,0.248657
192.11374,8.9678,0.248657
192.11405,8.9705,0.235305
192.11436,8.9801,0.220353
192.11467,8.9648,0.254537
192.11498,8.9695,0.218449
192.11523,8.9697,0.218449
192.11554,8.9688,0.220041
192.11585,8.9602,0.253057
192.11616,8.9762,0.218849
192.11647,8.9697,0.224441
192.11678,8.9611,0.253137
192.11704,8.9715,0.253137
192.11735,8.9725,0.223441
192.11766,8.9744,0.224129
192.11796,8.9631,0.224729
192.11828,8.9715,0.220249
192.11859,8.9744,0.237681
192.11884,8.9744,0.237681
192.11915,8.9678,0.254137
192.11946,8.9771,0.219537
192.11977,8.9725,0.254137
192.12008,8.9668,0.222225
192.12039,8.9781,0.221537
192.12064,8.9744,0.221537
192.12095,8.9695,0.238497
192.12126,8.9678,0.220745
192.12157,8.9639,0.217449
192.12188,8.9592,0.254849
192.12213,8.9762,0.254849
192.12244,8.9668,0.220249
192.12275,8.9715,0.219249
192.12306,8.9725,0.238897
192.12337,8.9801,0.220433
192.12368,8.9688,0.219537
192.12393,8.9648,0.219537
192.12424,8.9631,0.255641
192.12455,8.9658,0.224521
192.12486,8.9668,0.255249
192.12517,8.9648,0.237393
192.12548,8.9705,0.222649
192.12574,8.9801,0.222649
192.12605,8.9611,0.226313
192.12636,8.9705,0.223441
192.12667,8.9725,0.221537
192.12698,8.9648,0.255249
192.12729,8.9639,0.226129
192.12754,8.9695,0.226129
192.12785,8.9771,0.224337
192.12816,8.9695,0.254937
192.12847,8.9639,0.223441
192.12878,8.9818,0.219249
192.12909,8.9697,0.256329
192.12934,8.9611,0.256329
192.12965,8.9688,0.221729
192.12996,8.9678,0.236601
192.13027,8.9611,0.249761
192.13058,8.9678,0.219849
192.13089,8.9678,0.227025
192.13114,8.9725,0.227025
192.13145,8.9611,0.258337
192.13176,8.9695,0.224129
192.13207,8.9631,0.245065
192.13238,8.9715,0.246065
192.13263,8.9734,0.246065
192.13295,8.9678,0.223833
192.13325,8.9648,0.257433
192.13356,8.9658,0.226129
192.13387,8.9688,0.233593
192.13418,8.9781,0.249553
192.13444,8.9705,0.249553
192.13475,8.9715,0.242481
192.13506,8.9744,0.217553
192.13537,8.9574,0.253537
192.13568,8.9725,0.218953
192.13599,8.9705,0.219145
192.13624,8.9678,0.219145
192.13655,8.9715,0.252641
192.13686,8.9688,0.221145
192.13717,8.9705,0.225233
192.13748,8.9648,0.255041
192.13779,8.9668,0.220433
192.13804,8.9762,0.220433
192.13835,8.9668,0.224833
192.13866,8.9744,0.226233
192.13897,8.9744,0.221641
192.13928,8.9781,0.237889
192.13954,8.9555,0.237889
192.13984,8.9592,0.250345
192.14015,8.9744,0.222433
192.14046,8.9744,0.253745
192.14077,8.9639,0.222329
192.14108,8.9668,0.219033
192.14134,8.9771,0.219033
192.14165,8.9639,0.239793
192.14196,8.9705,0.222041
192.14227,8.9734,0.220745
192.14258,8.9715,0.256433
192.14289,8.9648,0.222833
192.14314,8.9762,0.222833
192.14345,8.9668,0.209377
192.14376,8.9734,0.210065
192.14407,8.9688,0.210673
192.14438,8.9705,0.211073
192.14463,8.9688,0.211073
192.14494,8.9734,0.218849
192.14714,8.9752,0.220353
192.14890,8.9648,0.223545
192.15066,8.9752,0.257729
192.15242,8.9715,0.232697
192.15418,8.9715,0.214049
192.15594,8.9678,0.219353
192.15769,8.9697,0.221249
192.15945,8.9621,0.223041
192.15965,8.9621,0.223041
192.15996,8.9715,0.221329
192.16027,8.9705,0.223833
192.16058,8.9715,0.224921
192.16083,8.9762,0.224921
192.16114,8.9705,0.225921
192.16145,8.9695,0.222433
192.16176,8.9705,0.222225
192.16207,8.9838,0.220041
192.16238,8.9705,0.222225
192.16263,8.9781,0.222225
192.16294,8.9648,0.219249
192.16325,8.9658,0.219953
192.16356,8.9668,0.219353
192.16387,8.9688,0.221041
192.16418,8.9678,0.219849
192.16444,8.9648,0.219849
192.16475,8.9781,0.219249
192.16506,8.9715,0.219145
192.16537,8.9602,0.219145
192.16568,8.9688,0.222537
192.16593,8.9734,0.222537
192.16624,8.9695,0.221833
192.16655,8.9791,0.219745
192.16686,8.9762,0.217953
192.16717,8.9688,0.222937
192.16748,8.9688,0.222537
192.16773,8.9574,0.222537
192.16804,8.9744,0.260337
192.16835,8.9658,0.252745
192.16866,8.9639,0.237497
192.16897,8.9697,0.214657
192.16928,8.9715,0.219953
192.16953,8.9695,0.219953
192.16984,8.9678,0.210777
192.17015,8.9715,0.216057
192.17047,8.9648,0.214969
192.17078,8.9715,0.214257
192.17103,8.9715,0.214257
192.17134,8.9668,0.203393
192.17165,8.9705,0.205393
192.17196,8.9801,0.203185
192.17227,8.9744,0.208377
192.17258,8.9715,0.209481
192.17283,8.9781,0.209481
192.17314,8.9668,0.220353
192.17345,8.9668,0.236993
192.17376,8.9734,0.224521
192.17407,8.9734,0.225129
192.17438,8.9725,0.226025
192.17463,8.9678,0.226025
192.17494,8.9734,0.224833
192.17525,8.9752,0.221041
192.17556,8.9648,0.224129
192.17587,8.9697,0.220433
192.17612,8.9725,0.220433
192.17644,8.9621,0.222225
192.17675,8.9791,0.220641
192.17706,8.9734,0.220937
192.17737,8.9781,0.221937
192.17768,8.9771,0.253241
192.17793,8.9771,0.253241
192.17824,8.9695,0.262921
192.17855,8.9688,0.257833
192.17886,8.9744,0.219953
192.17917,8.9734,0.228817
192.17948,8.9725,0.227817
192.17973,8.9631,0.227817
192.18004,8.9705,0.212073
192.18035,8.9762,0.217345
192.18066,8.9688,0.216761
192.18097,8.9688,0.217953
192.18128,8.9621,0.219937
192.18153,8.9658,0.219937
192.18184,8.9752,0.232513
192.18215,8.9639,0.239585
192.18247,8.9688,0.236889
192.18278,8.9648,0.229217
192.18303,8.9752,0.229217
192.18334,8.9744,0.223729
192.18365,8.9697,0.223625
192.18396,8.9752,0.221641
192.18427,8.9639,0.224521
192.18458,8.9725,0.226921
192.18483,8.9678,0.226921
192.18514,8.9725,0.224441
192.18545,8.9695,0.221745
192.18576,8.9818,0.222433
192.18607,8.9592,0.223233
192.18638,8.9725,0.224441
192.18663,8.9725,0.224441
192.18694,8.9695,0.221537
192.18725,8.9734,0.225921
192.18756,8.9744,0.228321
192.18787,8.9752,0.226817
192.18818,8.9705,0.221833
192.18844,8.9725,0.221833
192.18875,8.9631,0.225233
192.18906,8.9695,0.221745
192.18937,8.9695,0.222649
192.18968,8.9771,0.222937
192.18993,8.9725,0.222937
192.19024,8.9602,0.220937
192.19055,8.9688,0.225417
192.19086,8.9668,0.221433
192.19117,8.9705,0.222537
192.19148,8.9688,0.224233
192.19173,8.9658,0.224233
192.19204,8.9725,0.222145
192.19235,8.9678,0.218345
192.19266,8.9725,0.220353
192.19297,8.9734,0.219249
192.19328,8.9678,0.220433
192.19353,8.9848,0.220433
192.19384,8.9705,0.232409
192.19415,8.9762,0.223145
192.19446,8.9695,0.261129
192.19477,8.9648,0.257329
192.19503,8.9705,0.257329
192.19534,8.9678,0.254745
192.19565,8.9705,0.216657
192.19596,8.9631,0.219641
192.19627,8.9801,0.204689
192.19658,8.9631,0.221329
192.19683,8.9715,0.221329
192.19714,8.9705,0.217057
192.19745,8.9725,0.214153
192.19776,8.9725,0.205081
192.19807,8.9611,0.202097
192.19838,8.9762,0.203897
192.19863,8.9695,0.203897
192.19894,8.9697,0.204977
192.19925,8.9658,0.211073
192.19956,8.9697,0.215657
192.19987,8.9695,0.229425
192.20018,8.9658,0.231409
192.20043,8.9705,0.231409
192.20075,8.9734,0.218561
192.20106,8.9752,0.220641
192.20137,8.9705,0.222041
192.20168,8.9705,0.222833
192.20193,8.9752,0.222833
192.20224,8.9744,0.222145
192.20255,8.9809,0.222225
192.20286,8.9744,0.219457
192.20317,8.9715,0.219249
192.20348,8.9734,0.220041
192.20373,8.9771,0.220041
192.20404,8.9801,0.218137
192.20435,8.9641,0.257537
192.20466,8.9582,0.263217
192.20497,8.9639,0.256937
192.20522,8.9734,0.256937
192.20553,8.9688,0.255745
192.20584,8.9678,0.225521
192.20615,8.9725,0.226737
192.20646,8.9725,0.214361
192.20678,8.9695,0.212073
192.20703,8.9705,0.212073
192.20734,8.9641,0.209673
192.20765,8.9715,0.213569
192.20796,8.9715,0.219145
192.20827,8.9697,0.228921
192.20858,8.9734,0.241273
192.20883,8.9801,0.241273
192.20914,8.9771,0.242481
192.20945,8.9762,0.223233
192.20976,8.9754,0.221937
192.21007,8.9668,0.220041
192.21032,8.9678,0.220041
192.21063,8.9668,0.217161
192.21094,8.9744,0.219145
192.21125,8.9668,0.218241
192.21156,8.9678,0.222937
192.21187,8.9734,0.223625
192.21212,8.9752,0.223625
192.21243,8.9688,0.223545
192.21274,8.9668,0.222329
192.21305,8.9695,0.221145
192.21336,8.9611,0.221641
192.21367,8.9668,0.224025
192.21393,8.9715,0.224025
192.21424,8.9695,0.220937
192.21455,8.9705,0.222433
192.21486,8.9678,0.224233
192.21517,8.9695,0.224625
192.21547,8.9752,0.223729
192.21573,8.9688,0.223729
192.21604,8.9695,0.224441
192.21635,8.9725,0.225233
192.21666,8.9752,0.226129
192.21697,8.9752,0.225337
192.21728,8.9734,0.221537
192.21753,8.9639,0.221537
192.21784,8.9631,0.225233
192.21815,8.9791,0.222649
192.21846,8.9648,0.221433
192.21878,8.9611,0.222937
192.21903,8.9715,0.222937
192.21934,8.9715,0.223337
192.21965,8.9697,0.221729
192.21996,8.9762,0.220641
192.22027,8.9781,0.222537
192.22058,8.9762,0.220353
192.22083,8.9574,0.220353
192.22114,8.9715,0.222329
192.22145,8.9725,0.226233
192.22176,8.9668,0.223337
192.22207,8.9762,0.226025
192.22232,8.9611,0.226025
192.22263,8.9715,0.225417
192.22294,8.9734,0.224233
192.22325,8.9695,0.224921
192.22356,8.9695,0.237993
192.22387,8.9678,0.226129
192.22412,8.9705,0.226129
192.22443,8.9688,0.223545
192.22474,8.9715,0.222649
192.22505,8.9744,0.223625
192.22537,8.9781,0.221145
192.22568,8.9602,0.223833
192.22593,8.9658,0.223833
192.22624,8.9734,0.222225
192.22655,8.9725,0.223833
192.22686,8.9695,0.219145
192.22717,8.9752,0.219849
192.22742,8.9631,0.219849
192.22773,8.9668,0.222937
192.22804,8.9725,0.220041
192.22835,8.9668,0.222249
192.22866,8.9668,0.222433
192.22897,8.9678,0.224625
192.22922,8.9621,0.224625
192.22953,8.9744,0.226417
192.22984,8.9762,0.224233
192.23015,8.9762,0.225233
192.23046,8.9639,0.224833
192.23078,8.9752,0.225521
192.23103,8.9771,0.225521
192.23134,8.9678,0.222433
192.23165,8.9641,0.258121
192.23196,8.9564,0.256225
192.23227,8.9705,0.260729
192.23252,8.9752,0.260729
192.23283,8.9715,0.220849
192.23314,8.9705,0.214153
192.23345,8.9697,0.212177
192.23376,8.9688,0.219145
192.23407,8.9725,0.206689
192.23432,8.9705,0.206689
192.23463,8.9695,0.204897
192.23494,8.9688,0.198905
192.23525,8.9668,0.204497
192.23556,8.9828,0.210569
192.23587,8.9668,0.223441
192.23612,8.9725,0.223441
192.23643,8.9648,0.220145
192.23675,8.9771,0.236201
192.23706,8.9695,0.222433
192.23736,8.9715,0.221433
192.23768,8.9611,0.222433
192.23793,8.9611,0.222433
192.23824,8.9762,0.222329
192.23855,8.9791,0.222937
192.23886,8.9801,0.218241
192.23917,8.9762,0.218449
192.23942,8.9801,0.218449
192.23973,8.9705,0.219849
192.24004,8.9734,0.217849
192.24035,8.9725,0.219849
192.24066,8.9725,0.219849
192.24097,8.9705,0.260625
192.24122,8.9715,0.260625
192.24153,8.9648,0.262529
192.24184,8.9621,0.247761
192.24215,8.9734,0.225233
192.24246,8.9697,0.229505
192.24272,8.9658,0.229505
192.24303,8.9752,0.229609
192.24334,8.9688,0.216345
192.24365,8.9705,0.214465
192.24396,8.9771,0.217953
192.24427,8.9734,0.227921
192.24452,8.9725,0.227921
192.24483,8.9678,0.231801
192.24514,8.9762,0.236705
192.24545,8.9754,0.240081
192.24576,8.9715,0.229321
192.24607,8.9725,0.220745
192.24632,8.9762,0.220745
192.24663,8.9725,0.217657
192.24694,8.9715,0.217745
192.24725,8.9865,0.219249
192.24756,8.9744,0.218641
192.24787,8.9695,0.218449
192.24812,8.9725,0.218449
192.24844,8.9744,0.219849
192.24875,8.9668,0.219849
192.24906,8.9715,0.220041
192.24937,8.9744,0.218057
192.24962,8.9688,0.218057
192.24993,8.9705,0.215161
192.25024,8.9668,0.222329
192.25055,8.9705,0.224833
192.25086,8.9725,0.219953
192.25117,8.9734,0.222041
192.25142,8.9658,0.222041
192.25173,8.9715,0.224833
192.25204,8.9592,0.222729
192.25235,8.9668,0.221433
192.25266,8.9734,0.219745
192.25297,8.9744,0.218449
192.25322,8.9695,0.218449
192.25353,8.9744,0.219745
192.25384,8.9668,0.221249
192.25415,8.9734,0.221041
192.25446,8.9688,0.222833
192.25472,8.9631,0.222833
192.25503,8.9695,0.221145
192.25534,8.9762,0.221329
192.25565,8.9705,0.221329
192.25596,8.9602,0.222649
192.25627,8.9678,0.222433
192.25652,8.9715,0.222433
192.25683,8.9695,0.221641
192.25714,8.9705,0.222225
192.25745,8.9688,0.225921
192.25776,8.9715,0.263817
192.25807,8.9611,0.263921
192.25832,8.9668,0.263921
192.25863,8.9678,0.259729
192.25894,8.9744,0.219457
192.25925,8.9725,0.220433
192.25956,8.9762,0.214049
192.25987,8.9705,0.219033
192.26012,8.9744,0.219033
192.26043,8.9762,0.219249
192.26075,8.9725,0.211361
192.26106,8.9744,0.205185
192.26137,8.9705,0.202601
192.26162,8.9752,0.202601
192.26193,8.9791,0.203793
192.26224,8.9639,0.206185
192.26255,8.9611,0.213257
192.26286,8.9734,0.215553
192.26317,8.9744,0.233009
192.26342,8.9688,0.233009
192.26373,8.9705,0.231217
192.26404,8.9734,0.224129
192.26435,8.9631,0.221041
192.26466,8.9592,0.231409
192.26497,8.9639,0.225129
192.26522,8.9705,0.225129
192.26553,8.9648,0.222649
192.26584,8.9801,0.222937
192.26615,8.9697,0.222649
192.26646,8.9695,0.222225
192.26672,8.9668,0.222225
192.26703,8.9762,0.217057
192.26734,8.9697,0.221041
192.26765,8.9658,0.260817
192.26796,8.9564,0.266617
192.26827,8.9725,0.258729
192.26852,8.9602,0.258729
192.26883,8.9725,0.260729
192.26914,8.9695,0.228529
192.26945,8.9611,0.229217
192.26976,8.9705,0.215553
192.27007,8.9658,0.210377
192.27032,8.9688,0.210377
192.27063,8.9771,0.214657
192.27094,8.9771,0.216553
192.27125,8.9725,0.221433
192.27156,8.9705,0.232009
192.27181,8.9611,0.232009
192.27212,8.9658,0.239977
192.27244,8.9658,0.238185
192.27275,8.9715,0.224833
192.27306,8.9705,0.221329
192.27337,8.9705,0.221041
192.27362,8.9705,0.221041
192.27393,8.9592,0.223729
192.27424,8.9678,0.223337
192.27455,8.9734,0.254353
192.27486,8.9631,0.230617
192.27517,8.9658,0.222329
192.27542,8.9715,0.222329
192.27573,8.9705,0.223441
192.27604,8.9715,0.218745
192.27635,8.9658,0.222041
192.27666,8.9658,0.254537
192.27691,8.9648,0.254537
192.27722,8.9564,0.226129
192.27753,8.9678,0.218641
192.27784,8.9752,0.253953
192.27815,8.9734,0.218849
192.27846,8.9658,0.221729
192.27872,8.9621,0.221729
192.27903,8.9648,0.255145
192.27934,8.9781,0.215449
192.27965,8.9648,0.238393
192.27996,8.9602,0.249257
192.28021,8.9715,0.249257
192.28052,8.9668,0.219641
192.28083,8.9688,0.220041
192.28114,8.9809,0.219033
192.28145,8.9695,0.218241
192.28176,8.9678,0.239289
192.28202,8.9725,0.239289
192.28233,8.9705,0.240689
192.28264,8.9668,0.219249
192.28294,8.9668,0.253849
192.28326,8.9715,0.220249
192.28357,8.9771,0.220745
192.28382,8.9771,0.220745
192.28413,8.9678,0.248657
192.28444,8.9752,0.216953
192.28475,8.9828,0.220145
192.28506,8.9611,0.256833
192.28531,8.9705,0.256833
192.28562,8.9771,0.221249
192.28593,8.9744,0.222225
192.28624,8.9639,0.229425
192.28655,8.9744,0.231217
192.28686,8.9678,0.233305
192.28711,8.9668,0.233305
192.28742,8.9639,0.253449
192.28773,8.9734,0.219249
192.28804,8.9734,0.256537
192.28835,8.9648,0.221249
192.28866,8.9715,0.221641
192.28891,8.9639,0.221641
192.28922,8.9658,0.232801
192.28953,8.9725,0.221329
192.28984,8.9668,0.221433
192.29015,8.9648,0.252345
192.29047,8.9678,0.219641
192.29072,8.9762,0.219641
192.29103,8.9648,0.236601
192.29134,8.9695,0.244777
192.29165,8.9818,0.217849
192.29196,8.9705,0.220849
192.29221,8.9648,0.220849
192.29252,8.9725,0.257329
192.29283,8.9725,0.222329
192.29314,8.9734,0.247569
192.29345,8.9695,0.241689
192.29376,8.9734,0.224233
192.29401,8.9725,0.224233
192.29433,8.9611,0.220249
192.29464,8.9621,0.222433
192.29495,8.9705,0.219145
192.29525,8.9695,0.254249
192.29556,8.9592,0.234409
192.29582,8.9809,0.234409
192.29613,8.9715,0.220249
192.29644,8.9621,0.256537
192.29675,8.9705,0.222145
192.29706,8.9781,0.222145
192.29731,8.9715,0.222145
192.29762,8.9697,0.254849
192.29793,8.9734,0.219849
192.29824,8.9688,0.225129
192.29855,8.9678,0.255937
192.29886,8.9695,0.220641
192.29912,8.9648,0.220641
192.29943,8.9639,0.224129
192.29974,8.9705,0.226817
192.30004,8.9771,0.223337
192.30036,8.9754,0.239001
192.30066,8.9725,0.255745
192.30092,8.9695,0.255745
192.30123,8.9705,0.224521
192.30154,8.9725,0.257729
192.30185,8.9678,0.218745
192.30216,8.9744,0.218953
192.30241,8.9668,0.218953
192.30272,8.9602,0.242169
192.30303,8.9695,0.223441
192.30334,8.9695,0.220145
192.30365,8.9658,0.255145
192.30396,8.9658,0.231513
192.30421,8.9762,0.231513
192.30452,8.9611,0.221433
192.30483,8.9688,0.238497
192.30514,8.9781,0.221145
192.30545,8.9715,0.224833
192.30576,8.9715,0.256537
192.30602,8.9744,0.256537
192.30633,8.9678,0.221145
192.30663,8.9725,0.256641
192.30695,8.9639,0.233305
192.30726,8.9734,0.222833
192.30757,8.9705,0.229025
192.30782,8.9715,0.229025
192.30813,8.9639,0.256641
192.30844,8.9668,0.221041
192.30875,8.9688,0.255353
192.30906,8.9658,0.224521
192.30931,8.9762,0.224521
192.30962,8.9697,0.219953
192.30993,8.9564,0.253537
192.31024,8.9705,0.217849
192.31055,8.9744,0.214865
192.31086,8.9678,0.253345
192.31111,8.9705,0.253345
192.31142,8.9658,0.222537
192.31173,8.9725,0.238689
192.31204,8.9648,0.246969
192.31235,8.9688,0.221833
192.31266,8.9678,0.221537
192.31292,8.9697,0.221537
192.31323,8.9648,0.254033
192.31354,8.9781,0.224337
192.31385,8.9688,0.246361
192.31416,8.9658,0.243569
192.31441,8.9611,0.243569
192.31472,8.9648,0.226417
192.31503,8.9658,0.255745
192.31535,8.9668,0.220537
192.31566,8.9705,0.210169
192.31591,8.9754,0.210169
192.31622,8.9648,0.208169
192.31653,8.9648,0.210857
192.31684,8.9695,0.210961
192.31715,8.9695,0.218241
192.31746,8.9734,0.206289
192.31771,8.9734,0.206289
192.31802,8.9631,0.212073
192.31833,8.9668,0.215865
192.31864,8.9678,0.230009
192.31895,8.9688,0.229921
192.31926,8.9688,0.218745
192.31951,8.9668,0.218745
192.31982,8.9734,0.220433
192.32013,8.9771,0.220041
192.32044,8.9762,0.221433
192.32076,8.9695,0.223129
192.32101,8.9754,0.223129
192.32132,8.9762,0.222145
192.32163,8.9754,0.221745
192.32194,8.9639,0.222833
192.32225,8.9648,0.220537
192.32256,8.9668,0.222649
192.32281,8.9762,0.222649
192.32312,8.9697,0.218345
192.32343,8.9715,0.262217
192.32374,8.9611,0.256537
192.32405,8.9715,0.234489
192.32436,8.9725,0.227217
192.32461,8.9631,0.227217
192.32492,8.9648,0.226737
192.32523,8.9602,0.212673
192.32554,8.9688,0.214465
192.32585,8.9734,0.209777
192.32616,8.9715,0.212865
192.32641,8.9658,0.212865
192.32673,8.9688,0.230321
192.32704,8.9725,0.226233
192.32735,8.9695,0.244065
192.32766,8.9621,0.247257
192.32791,8.9781,0.247257
192.32822,8.9668,0.237889
192.32853,8.9678,0.222329
192.32884,8.9838,0.220353
192.32915,8.9678,0.220537
192.32946,8.9658,0.221329
192.32971,8.9592,0.221329
192.33002,8.9678,0.219641
192.33033,8.9771,0.219953
192.33064,8.9715,0.219849
192.33095,8.9678,0.219641
192.33120,8.9668,0.219641
192.33151,8.9705,0.217849
192.33182,8.9715,0.219641
192.33213,8.9725,0.218745
192.33245,8.9688,0.218849
192.33276,8.9668,0.221145
192.33301,8.9791,0.221145
192.33332,8.9734,0.217449
192.33363,8.9648,0.217745
192.33394,8.9715,0.221433
192.33425,8.9715,0.221145
192.33456,8.9678,0.223729
192.33481,8.9725,0.223729
192.33512,8.9705,0.220249
192.33543,8.9648,0.224625
192.33574,8.9697,0.222433
192.33605,8.9734,0.222729
192.33630,8.9688,0.222729
192.33661,8.9697,0.221433
192.33692,8.9695,0.222649
192.33723,8.9658,0.223129
192.33754,8.9705,0.229113
192.33785,8.9771,0.232409
192.33811,8.9688,0.232409
192.33842,8.9725,0.220249
192.33873,8.9734,0.222833
192.33904,8.9715,0.221641
192.33935,8.9781,0.221329
192.33966,8.9678,0.236889
192.33991,8.9688,0.236889
192.34022,8.9695,0.257937
192.34053,8.9602,0.255641
192.34084,8.9678,0.216057
192.34115,8.9725,0.217241
192.34146,8.9744,0.222729
192.34171,8.9715,0.222729
192.34202,8.9705,0.212673
192.34233,8.9668,0.219849
192.34264,8.9705,0.217057
192.34295,8.9744,0.207193
192.34320,8.9838,0.207193
192.34351,8.9725,0.204689
192.34382,8.9734,0.206185
192.34413,8.9611,0.206377
192.34444,8.9752,0.203897
192.34476,8.9705,0.211361
192.34501,8.9621,0.211361
192.34532,8.9648,0.217241
192.34563,8.9678,0.233305
192.34594,8.9725,0.219849
192.34625,8.9715,0.221833
192.34656,8.9762,0.232801
192.34681,8.9582,0.232801
192.34712,8.9705,0.222537
192.34743,8.9744,0.221937
192.34774,8.9715,0.221145
192.34805,8.9697,0.223129
192.34830,8.9525,0.223129
192.34861,8.9705,0.224233
192.34892,8.9678,0.224833
192.34923,8.9771,0.223937
192.34954,8.9611,0.224625
192.34985,8.9688,0.263113
192.35016,8.9668,0.264505
192.35042,8.9725,0.264505
192.35073,8.9744,0.258121
192.35104,8.9631,0.228713
192.35135,8.9639,0.230617
192.35166,8.9752,0.229425
192.35191,8.9695,0.229425
192.35222,8.9771,0.213865
192.35253,8.9762,0.211969
192.35284,8.9762,0.212073
192.35315,8.9678,0.211361
192.35346,8.9705,0.211361
192.35372,8.9838,0.211361
192.35403,8.9725,0.215553
192.35433,8.9725,0.228713
192.35464,8.9668,0.234705
192.35496,8.9725,0.229817
192.35527,8.9705,0.228025
192.35552,8.9762,0.228025
192.35583,8.9639,0.221937
192.35614,8.9734,0.225129
192.35645,8.9695,0.223337
192.35676,8.9602,0.224025
192.35702,8.9621,0.224025
192.35733,8.9688,0.222649
192.35764,8.9695,0.222041
192.35795,8.9734,0.222433
192.35826,8.9641,0.219457
192.35857,8.9678,0.217849
192.35882,8.9715,0.217849
192.35913,8.9791,0.218345
192.35944,8.9641,0.220537
192.35975,8.9771,0.218345
192.36006,8.9678,0.220849
192.36037,8.9688,0.221537
192.36062,8.9744,0.221537
192.36093,8.9668,0.218849
192.36124,8.9725,0.220041
192.36155,8.9734,0.221249
192.36186,8.9668,0.218953
192.36211,8.9762,0.218953
192.36242,8.9725,0.221145
192.36274,8.9715,0.215049
192.36305,8.9762,0.220249
192.36336,8.9688,0.223129
192.36367,8.9744,0.220145
192.36392,8.9688,0.220145
192.36423,8.9695,0.224233
192.36454,8.9725,0.221937
192.36485,8.9762,0.219249
192.36516,8.9715,0.221249
192.36547,8.9641,0.220041
192.36572,8.9621,0.220041
192.36603,8.9744,0.223233
192.36634,8.9818,0.218953
192.36665,8.9705,0.215449
192.36696,8.9592,0.218641
192.36721,8.9648,0.218641
192.36752,8.9639,0.256041
192.36783,8.9658,0.257833
192.36814,8.9688,0.254537
192.36845,8.9705,0.218161
192.36877,8.9648,0.217745
192.36902,8.9744,0.217745
192.36933,8.9734,0.210465
192.36964,8.9688,0.219537
192.36995,8.9695,0.214153
192.37026,8.9648,0.226233
192.37051,8.9771,0.226233
192.37082,8.9715,0.204289
192.37113,8.9705,0.201097
192.37144,8.9715,0.205393
192.37175,8.9705,0.203289
192.37206,8.9705,0.209481
192.37231,8.9639,0.209481
192.37262,8.9705,0.215657
192.37293,8.9658,0.233305
192.37324,8.9725,0.218449
192.37355,8.9734,0.217057
192.37386,8.9658,0.219249
192.37412,8.9678,0.219249
192.37443,8.9705,0.219457
192.37474,8.9752,0.220041
192.37505,8.9658,0.218641
192.37536,8.9752,0.218449
192.37561,8.9762,0.218449
192.37592,8.9734,0.219537
192.37623,8.9705,0.225233
192.37654,8.9762,0.226417
192.37685,8.9688,0.224441
192.37716,8.9697,0.259833
192.37741,8.9705,0.259833
192.37772,8.9734,0.264713
192.37803,8.9508,0.258521
192.37834,8.9791,0.223337
192.37865,8.9781,0.231801
192.37896,8.9695,0.224521
192.37921,8.9734,0.224521
192.37952,8.9781,0.213569
192.37983,8.9715,0.212073
192.38014,8.9658,0.212865
192.38046,8.9688,0.214049
192.38071,8.9838,0.214049
192.38102,8.9705,0.217161
192.38133,8.9695,0.229217
192.38164,8.9705,0.241289
192.38195,8.9668,0.237185
192.38226,8.9705,0.227817
192.38251,8.9639,0.227817
192.38282,8.9678,0.224521
192.38313,8.9762,0.223625
192.38344,8.9744,0.221729
192.38375,8.9744,0.223441
192.38406,8.9688,0.222937
192.38431,8.9781,0.222937
192.38462,8.9668,0.223337
192.38493,8.9688,0.224441
192.38524,8.9801,0.218641
192.38555,8.9631,0.222729
192.38586,8.9744,0.222649
192.38612,8.9715,0.222649
192.38643,8.9705,0.219937
192.38674,8.9678,0.223545
192.38705,8.9715,0.221249
192.38736,8.9725,0.222145
192.38761,8.9744,0.222145
192.38792,8.9695,0.229817
192.38823,8.9688,0.219849
192.38854,8.9688,0.226129
192.38885,8.9762,0.228609
192.38916,8.9762,0.219849
192.38941,8.9734,0.219849
192.38972,8.9744,0.221745
192.39003,8.9762,0.223729
192.39034,8.9678,0.223233
192.39065,8.9678,0.224129
192.39096,8.9631,0.223041
192.39121,8.9555,0.223041
192.39152,8.9705,0.224129
192.39183,8.9658,0.225129
192.39214,8.9734,0.221641
192.39246,8.9668,0.222433
192.39271,8.9621,0.222433
192.39302,8.9678,0.222041
192.39333,8.9715,0.222145
192.39364,8.9744,0.228529
192.39395,8.9648,0.221745
192.39426,8.9678,0.224921
192.39451,8.9695,0.224921
192.39482,8.9648,0.222833
192.39513,8.9754,0.220641
192.39544,8.9725,0.220041
192.39575,8.9668,0.221041
192.39606,8.9715,0.222537
192.39631,8.9791,0.222537
192.39662,8.9658,0.222537
192.39693,8.9715,0.223337
192.39724,8.9611,0.226025
192.39755,8.9781,0.224441
192.39786,8.9744,0.224937
192.39811,8.9639,0.224937
192.39842,8.9688,0.225521
192.39873,8.9688,0.225921
192.39904,8.9668,0.222833
192.39935,8.9744,0.221433
192.39966,8.9752,0.220041
192.39991,8.9705,0.220041
192.40022,8.9602,0.222145
192.40053,8.9725,0.221433
192.40084,8.9678,0.220537
192.40115,8.9725,0.221537
192.40141,8.9705,0.221537
192.40171,8.9678,0.221937
192.40203,8.9725,0.223729
192.40234,8.9705,0.220041
192.40265,8.9678,0.219849
192.40296,8.9705,0.218449
192.40321,8.9631,0.218449
192.40352,8.9695,0.219849
192.40383,8.9725,0.218561
192.40414,8.9725,0.228921
192.40445,8.9592,0.258441
192.40470,8.9725,0.258441
192.40502,8.9752,0.258521
192.40533,8.9555,0.218849
192.40564,8.9658,0.216953
192.40595,8.9508,0.222329
192.40626,8.9875,0.210777
192.40651,8.9678,0.210777
192.40682,8.9705,0.213257
192.40713,8.9658,0.201705
192.40744,8.9688,0.203393
192.40775,8.9705,0.200601
192.40806,8.9781,0.207481
192.40831,8.9781,0.207481
192.40862,8.9725,0.208169
192.40893,8.9705,0.219249
192.40924,8.9695,0.226417
192.40955,8.9688,0.233409
192.40986,8.9725,0.220849
192.41011,8.9631,0.220849
192.41043,8.9678,0.217953
192.41074,8.9631,0.214969
192.41105,8.9744,0.220641
192.41136,8.9592,0.220641
192.41161,8.9658,0.220641
192.41192,8.9801,0.223041
192.41223,8.9705,0.223833
192.41254,8.9688,0.221537
192.41285,8.9705,0.222041
192.41316,8.9762,0.218849
192.41341,8.9752,0.218849
192.41372,8.9744,0.221145
192.41403,8.9555,0.259025
192.41434,8.9697,0.255937
192.41465,8.9648,0.256145
192.41496,8.9734,0.221833
192.41521,8.9705,0.221833
192.41552,8.9631,0.226233
192.41583,8.9705,0.209673
192.41614,8.9771,0.211465
192.41645,8.9791,0.210273
192.41671,8.9744,0.210273
192.41702,8.9715,0.210777
192.41733,8.9725,0.228025
192.41764,8.9705,0.225625
192.41795,8.9762,0.233513
192.41826,8.9744,0.242673
192.41851,8.9648,0.242673
192.41882,8.9715,0.234409
192.41913,8.9715,0.220641
192.41944,8.9791,0.222225
192.41975,8.9762,0.226737
192.42006,8.9611,0.221833
192.42031,8.9725,0.221833
192.42062,8.9688,0.221833
192.42093,8.9725,0.219353
192.42124,8.9688,0.220641
192.42155,8.9752,0.221249
192.42186,8.9658,0.224441
192.42211,8.9734,0.224441
192.42242,8.9621,0.220249
192.42273,8.9801,0.220433
192.42304,8.9668,0.218057
192.42335,8.9762,0.222433
192.42361,8.9668,0.222433
192.42392,8.9688,0.221729
192.42423,8.9631,0.221833
192.42454,8.9658,0.221329
192.42485,8.9688,0.222225
192.42516,8.9611,0.223337
192.42541,8.9715,0.223337
192.42572,8.9648,0.225521
192.42603,8.9752,0.223625
192.42634,8.9697,0.223441
192.42665,8.9705,0.223833
192.42696,8.9734,0.223625
192.42721,8.9752,0.223625
192.42752,8.9715,0.222433
192.42783,8.9715,0.221249
192.42814,8.9744,0.221329
192.42845,8.9781,0.222225
192.42870,8.9611,0.222225
192.42902,8.9648,0.221041
192.42933,8.9611,0.220145
192.42964,8.9695,0.222537
192.42995,8.9688,0.220433
192.43026,8.9705,0.224833
192.43051,8.9648,0.224833
192.43082,8.9648,0.260129
192.43113,8.9705,0.256145
192.43144,8.9697,0.237889
192.43175,8.9688,0.215657
192.43206,8.9762,0.225833
192.43231,8.9658,0.225833
192.43262,8.9725,0.212465
192.43293,8.9744,0.220849
192.43324,8.9715,0.216057
192.43355,8.9602,0.221433
192.43386,8.9715,0.208673
192.43411,8.9705,0.208673
192.43442,8.9648,0.205001
192.43474,8.9725,0.204585
192.43504,8.9734,0.209673
192.43535,8.9715,0.210569
192.43561,8.9725,0.210569
192.43592,8.9705,0.218745
192.43623,8.9678,0.236601
192.43654,8.9658,0.223625
192.43685,8.9668,0.221329
192.43716,8.9791,0.220433
192.43741,8.9725,0.220433
192.43772,8.9752,0.224833
192.43803,8.9668,0.223041
192.43834,8.9818,0.222433
192.43865,8.9602,0.222329
192.43890,8.9705,0.222329
192.43921,8.9668,0.220145
192.43952,8.9678,0.223145
192.43983,8.9695,0.239185
192.44014,8.9744,0.224625
192.44045,8.9611,0.255041
192.44070,8.9658,0.255041
192.44102,8.9695,0.264321
192.44133,8.9705,0.257833
192.44164,8.9705,0.222537
192.44195,8.9688,0.232409
192.44226,8.9705,0.227025
192.44251,8.9781,0.227025
192.44282,8.9648,0.213865
192.44313,8.9744,0.211865
192.44344,8.9734,0.212569
192.44375,8.9791,0.212761
192.44400,8.9762,0.212761
192.44431,8.9715,0.213569
192.44462,8.9631,0.231217
192.44493,8.9715,0.240185
192.44718,8.9725,0.223129
192.44895,8.9648,0.216849
192.45070,8.9648,0.253537
192.45246,8.9762,0.227921
192.45422,8.9734,0.221329
192.45598,8.9715,0.250953
192.45774,8.9781,0.219249
192.45950,8.9725,0.218849
192.45969,8.9715,0.220641
192.45994,8.9611,0.253137
192.46025,8.9705,0.221041
192.46050,8.9715,0.221041
192.46082,8.9725,0.224729
192.46113,8.9762,0.206377
192.46144,8.9744,0.206185
192.46175,8.9762,0.205393
192.46200,8.9695,0.205393
192.46231,8.9771,0.203897
192.46262,8.9744,0.201393
192.46293,8.9658,0.221433
192.46324,8.9695,0.218849
192.46355,8.9752,0.210569
192.46380,8.9744,0.210569
192.46411,8.9791,0.205689
192.46442,8.9818,0.206289
192.46473,8.9668,0.226817
192.46504,8.9639,0.218953
192.46535,8.9705,0.201497
192.46560,8.9762,0.201497
192.46591,8.9848,0.202705
192.46622,8.9695,0.203289
192.46653,8.9715,0.207673
192.46685,8.9922,0.201601
192.46710,8.9771,0.201601
192.46741,8.9715,0.206793
192.46772,8.9648,0.204897
192.46803,8.9734,0.206481
192.46834,8.9688,0.205689
192.46865,8.9695,0.202993
192.46890,8.9648,0.202993
192.46921,8.9688,0.207089
192.46952,8.9781,0.214257
192.46983,8.9715,0.207881
192.47014,8.9678,0.202289
192.47045,8.9678,0.203897
192.47070,8.9715,0.203897
192.47101,8.9744,0.203393
192.47132,8.9762,0.203289
192.47163,8.9678,0.195617
192.47194,8.9725,0.244961
192.47225,8.9621,0.202289
192.47251,8.9791,0.202289
192.47282,8.9754,0.201705
192.47314,8.9744,0.204289
192.47344,8.9725,0.202201
192.47370,8.9744,0.202201
192.47401,8.9818,0.203185
192.47432,8.9668,0.204185
192.47463,8.9744,0.204689
192.47494,8.9705,0.205081
192.47525,8.9752,0.206081
192.47550,8.9715,0.206081
192.47581,8.9744,0.208273
192.47612,8.9695,0.200305
192.47643,8.9744,0.201705
192.47674,8.9771,0.201705
192.47705,8.9744,0.202705
192.47730,8.9781,0.202705
192.47761,8.9631,0.201305
192.47792,8.9791,0.201889
192.47823,8.9734,0.201097
192.47854,8.9705,0.201705
192.47879,8.9641,0.201705
192.47910,8.9725,0.202889
192.47942,8.9762,0.203585
192.47973,8.9648,0.203105
192.48004,8.9771,0.202705
192.48034,8.9734,0.202705
192.48060,8.9668,0.202705
192.48091,8.9752,0.205873
192.48122,8.9752,0.206481
192.48153,8.9688,0.208585
192.48184,8.9725,0.209377
192.48215,8.9705,0.206289
192.48240,8.9658,0.206289
192.48271,8.9658,0.206873
192.48302,8.9744,0.206185
192.48333,8.9695,0.205185
192.48364,8.9631,0.202393
192.48395,8.9744,0.200201
192.48420,8.9695,0.200201
192.48451,8.9762,0.202097
192.48483,8.9744,0.199993
192.48513,8.9744,0.202497
192.48544,8.9744,0.201097
192.48570,8.9771,0.201097
192.48601,8.9715,0.202497
192.48632,8.9668,0.203393
192.48663,8.9734,0.202393
192.48693,8.9725,0.201497
192.48725,8.9809,0.198697
192.48750,8.9725,0.198697
192.48781,8.9658,0.204689
192.48812,8.9781,0.203185
192.48843,8.9734,0.203601
192.48874,8.9734,0.204793
192.48905,8.9658,0.204393
192.48930,8.9658,0.204393
192.48961,8.9762,0.202785
192.48992,8.9658,0.202497
192.49023,8.9818,0.199705
192.49054,8.9752,0.205081
192.49080,8.9818,0.205081
192.49110,8.9734,0.206873
192.49141,8.9771,0.200097
192.49172,8.9734,0.199705
192.49203,8.9658,0.199809
192.49234,8.9725,0.200497
192.49260,8.9734,0.200497
192.49291,8.9705,0.198513
192.49322,8.9771,0.198113
192.49353,8.9744,0.210377
192.49384,8.9678,0.203185
192.49415,8.9781,0.198305
192.49440,8.9762,0.198305
192.49471,8.9658,0.201305
192.49502,8.9705,0.201785
192.49533,8.9725,0.202289
192.49564,8.9762,0.198697
192.49595,8.9744,0.202601
192.49620,8.9678,0.202601
192.49651,8.9725,0.204185
192.49682,8.9762,0.204977
192.49713,8.9705,0.200601
192.49744,8.9781,0.197721
192.49769,8.9752,0.197721
192.49800,8.9564,0.202097
192.49831,8.9762,0.200705
192.49862,8.9754,0.199017
192.49893,8.9781,0.200097
192.49924,8.9641,0.201305
192.49949,8.9688,0.201305
192.49980,8.9695,0.203601
192.50011,8.9715,0.199017
192.50042,8.9678,0.200497
192.50073,8.9744,0.199809
192.50104,8.9705,0.199601
192.50130,8.9754,0.199601
192.50160,8.9715,0.197801
192.50192,8.9801,0.200809
192.50223,8.9688,0.201785
192.50254,8.9648,0.202097
192.50279,8.9857,0.202097
192.50310,8.9695,0.201305
192.50341,8.9771,0.201097
192.50372,8.9781,0.202681
192.50403,8.9791,0.199601
192.50434,8.9734,0.199409
192.50459,8.9725,0.199409
192.50490,8.9771,0.199993
192.50521,8.9762,0.201097
192.50552,8.9809,0.199913
192.50583,8.9744,0.199201
192.50614,8.9781,0.196905
192.50639,8.9734,0.196905
192.50670,8.9752,0.198305
192.50701,8.9725,0.199017
192.50732,8.9752,0.197721
192.50763,8.9752,0.197617
192.50794,8.9734,0.199809
192.50820,8.9801,0.199809
192.50851,8.9744,0.199993
192.50882,8.9848,0.200097
192.50913,8.9734,0.203393
192.50944,8.9791,0.202393
192.50969,8.9744,0.202393
192.51000,8.9828,0.203689
192.51031,8.9754,0.203897
192.51062,8.9697,0.213073
192.51093,8.9658,0.205977
192.51124,8.9744,0.202705
192.51150,8.9715,0.202705
192.51181,8.9752,0.207377
192.51211,8.9762,0.200889
192.51242,8.9744,0.199705
192.51273,8.9875,0.236097
192.51304,8.9744,0.219457
192.51330,8.9752,0.219457
192.51361,8.9771,0.199409
192.51392,8.9695,0.200705
192.51423,8.9762,0.201993
192.51454,8.9715,0.202705
192.51479,8.9725,0.202705
192.51510,8.9705,0.201305
192.51541,8.9791,0.201497
192.51572,8.9695,0.201097
192.51603,8.9752,0.203601
192.51634,8.9715,0.208377
192.51659,8.9762,0.208377
192.51690,8.9725,0.210377
192.51721,8.9754,0.203689
192.51752,8.9762,0.206977
192.51783,8.9725,0.206377
192.51814,8.9705,0.202889
192.51839,8.9791,0.202889
192.51870,8.9771,0.203289
192.51901,8.9725,0.208777
192.51932,8.9762,0.203393
192.51963,8.9705,0.206689
192.51994,8.9801,0.203185
192.52020,8.9752,0.203185
192.52051,8.9668,0.203689
192.52082,8.9631,0.204497
192.52113,8.9678,0.203393
192.52144,8.9715,0.206081
192.52169,8.9781,0.206081
192.52200,8.9752,0.207273
192.52231,8.9734,0.204585
192.52262,8.9781,0.203689
192.52293,8.9688,0.206481
192.52324,8.9752,0.209673
192.52349,8.9715,0.209673
192.52380,8.9744,0.208377
192.52411,8.9725,0.208377
192.52442,8.9857,0.207689
192.52473,8.9715,0.204793
192.52504,8.9668,0.199705
192.52529,8.9648,0.199705
192.52560,8.9695,0.198513
192.52591,8.9725,0.199305
192.52622,8.9781,0.197721
192.52653,8.9744,0.211465
192.52685,8.9705,0.209961
192.52710,8.9715,0.209961
192.52741,8.9744,0.206793
192.52772,8.9725,0.209961
192.52803,8.9715,0.208985
192.52834,8.9848,0.209881
192.52859,8.9781,0.209881
192.52890,8.9791,0.212673
192.52921,8.9744,0.211073
192.52952,8.9639,0.209777
192.52983,8.9705,0.209065
192.53014,8.9695,0.212177
192.53039,8.9725,0.212177
192.53070,8.9725,0.211465
192.53101,8.9762,0.212073
192.53132,8.9744,0.212673
192.53163,8.9801,0.214153
192.53194,8.9648,0.216657
192.53219,8.9705,0.216657
192.53250,8.9715,0.209169
192.53282,8.9668,0.205081
192.53313,8.9744,0.202785
192.53344,8.9697,0.206873
192.53369,8.9678,0.206873
192.53400,8.9801,0.206081
192.53431,8.9658,0.206185
192.53462,8.9695,0.204977
192.53493,8.9725,0.202993
192.53524,8.9668,0.206585
192.53549,8.9734,0.206585
192.53580,8.9744,0.205289
192.53611,8.9809,0.203689
192.53642,8.9762,0.202993
192.53673,8.9715,0.206793
192.53704,8.9734,0.206769
192.53729,8.9734,0.206769
192.53760,8.9621,0.209777
192.53791,8.9658,0.207673
192.53822,8.9734,0.207881
192.53853,8.9762,0.210857
192.53879,8.9752,0.210857
192.53910,8.9791,0.207881
192.53941,8.9695,0.205481
192.53972,8.9705,0.201705
192.54003,8.9658,0.206793
192.54034,8.9705,0.202201
192.54059,8.9762,0.202201
192.54090,8.9705,0.205793
192.54121,8.9762,0.206873
192.54152,8.9771,0.208169
192.54183,8.9697,0.205977
192.54214,8.9705,0.205873
192.54239,8.9725,0.205873
192.54270,8.9648,0.204289
192.54301,8.9734,0.205481
192.54332,8.9695,0.206689
192.54363,8.9697,0.206377
192.54394,8.9695,0.208169
192.54419,8.9725,0.208169
192.54450,8.9828,0.205081
192.54482,8.9725,0.211073
192.54513,8.9752,0.205481
192.54543,8.9705,0.211969
192.54569,8.9752,0.211969
192.54600,8.9697,0.209961
192.54631,8.9678,0.208377
192.54662,8.9715,0.207481
192.54693,8.9744,0.206793
192.54724,8.9762,0.207881
192.54749,8.9631,0.207881
192.54780,8.9828,0.206481
192.54811,8.9688,0.209481
192.54842,8.9801,0.211865
192.54873,8.9705,0.208777
192.54904,8.9688,0.208585
192.54929,8.9734,0.208585
192.54960,8.9752,0.208777
192.54991,8.9688,0.207193
192.55022,8.9705,0.209673
192.55053,8.9688,0.211673
192.55079,8.9762,0.211673
192.55110,8.9658,0.210857
192.55141,8.9695,0.212361
192.55172,8.9688,0.211361
192.55203,8.9744,0.212569
192.55234,8.9641,0.212257
192.55259,8.9801,0.212257
192.55290,8.9744,0.214257
192.55321,8.9668,0.208985
192.55352,8.9791,0.211569
192.55383,8.9705,0.212865
192.55414,8.9744,0.209569
192.55439,8.9762,0.209569
192.55470,8.9697,0.211177
192.55501,8.9678,0.211865
192.55532,8.9695,0.213657
192.55563,8.9791,0.211777
192.55588,8.9828,0.211777
192.55619,8.9791,0.213153
192.55651,8.9725,0.211865
192.55682,8.9762,0.212865
192.55713,8.9752,0.207377
192.55744,8.9715,0.212465
192.55769,8.9734,0.212465
192.55800,8.9678,0.218849
192.55831,8.9705,0.217057
192.55862,8.9668,0.216265
192.55893,8.9695,0.214153
192.55924,8.9715,0.216953
192.55949,8.9695,0.216953
192.55980,8.9744,0.216553
192.56011,8.9734,0.213761
192.56042,8.9762,0.226817
192.56073,8.9715,0.205289
192.56098,8.9705,0.205289
192.56129,8.9668,0.204081
192.56160,8.9762,0.205081
192.56191,8.9801,0.203185
192.56222,8.9734,0.205977
192.56254,8.9658,0.206377
192.56279,8.9734,0.206377
192.56310,8.9828,0.205873
192.56341,8.9744,0.203897
192.56372,8.9744,0.202201
192.56403,8.9668,0.204689
192.56434,8.9752,0.206585
192.56459,8.9705,0.206585
192.56490,8.9688,0.206081
192.56521,8.9744,0.207881
192.56552,8.9705,0.210377
192.56583,8.9695,0.208881
192.56608,8.9658,0.208881
192.56639,8.9658,0.207377
192.56670,8.9695,0.209673
192.56701,8.9801,0.206873
192.56732,8.9705,0.206689
192.56763,8.9809,0.207377
192.56788,8.9744,0.207377
192.56819,8.9668,0.203289
192.56851,8.9695,0.205289
192.56882,8.9725,0.206081
192.56913,8.9744,0.204585
192.56944,8.9611,0.205289
192.56969,8.9744,0.205289
192.57000,8.9715,0.207585
192.57031,8.9781,0.206481
192.57062,8.9725,0.205689
192.57093,8.9771,0.204977
192.57124,8.9734,0.207089
192.57149,8.9725,0.207089
192.57180,8.9762,0.205001
192.57211,8.9771,0.211673
192.57242,8.9668,0.210961
192.57273,8.9771,0.211569
192.57298,8.9688,0.211569
192.57329,8.9744,0.204897
192.57360,8.9697,0.209777
192.57391,8.9781,0.210961
192.57422,8.9688,0.208273
192.57453,8.9771,0.208169
192.57478,8.9658,0.208169
192.57510,8.9695,0.206481
192.57541,8.9725,0.207985
192.57571,8.9781,0.208673
192.57602,8.9762,0.207881
192.57633,8.9734,0.210465
192.57659,8.9648,0.210465
192.57690,8.9678,0.208585
192.57721,8.9734,0.210777
192.57752,8.9809,0.210377
192.57783,8.9592,0.207377
192.57814,8.9668,0.208673
192.57839,8.9705,0.208673
192.57870,8.9857,0.210065
192.57901,8.9809,0.213465
192.57932,8.9715,0.212073
192.57963,8.9744,0.211673
192.57994,8.9668,0.215265
192.58019,8.9725,0.215265
192.58050,8.9695,0.213073
192.58081,8.9744,0.211465
192.58112,8.9658,0.210857
192.58143,8.9705,0.210273
192.58168,8.9725,0.210273
192.58199,8.9762,0.212257
192.58230,8.9762,0.211569
192.58261,8.9695,0.211761
192.58292,8.9668,0.212177
192.58323,8.9791,0.212673
192.58349,8.9648,0.212673
192.58379,8.9631,0.211361
192.58410,8.9678,0.211465
192.58441,8.9809,0.212257
192.58472,8.9668,0.210465
192.58503,8.9678,0.207585
192.58529,8.9838,0.207585
192.58560,8.9705,0.212257
192.58591,8.9781,0.213569
192.58622,8.9762,0.213657
192.58653,8.9715,0.215449
192.58678,8.9744,0.215449
192.58709,8.9725,0.215449
192.58740,8.9734,0.218345
192.58771,8.9705,0.216849
192.58802,8.9744,0.216161
192.58833,8.9734,0.216553
192.58858,8.9688,0.216553
192.58889,8.9688,0.222433
192.58920,8.9809,0.203897
192.58951,8.9688,0.205481
192.58982,8.9668,0.203289
192.59013,8.9781,0.206585
192.59038,8.9725,0.206585
192.59069,8.9781,0.203289
192.59100,8.9688,0.204081
192.59131,8.9762,0.207377
192.59162,8.9725,0.204585
192.59193,8.9801,0.204393
192.59219,8.9762,0.204393
192.59250,8.9668,0.206873
192.59281,8.9631,0.204793
192.59312,8.9791,0.204585
192.59343,8.9678,0.204793
192.59368,8.9762,0.204793
192.59399,8.9697,0.208377
192.59430,8.9801,0.208777
192.59461,8.9744,0.208481
192.59492,8.9705,0.210377
192.59523,8.9725,0.206873
192.59548,8.9715,0.206873
192.59579,8.9631,0.206289
192.59610,8.9781,0.200497
192.59641,8.9781,0.203601
192.59672,8.9781,0.205873
192.59703,8.9744,0.206377
192.59729,8.9725,0.206377
192.59760,8.9705,0.205793
192.59791,8.9678,0.207481
192.59821,8.9895,0.204393
192.59853,8.9715,0.206585
192.59878,8.9734,0.206585
192.59909,8.9781,0.206689
192.59940,8.9648,0.206689
192.59971,8.9752,0.204081
192.60002,8.9725,0.210857
192.60033,8.9734,0.205873
192.60058,8.9668,0.205873
192.60089,8.9734,0.209273
192.60120,8.9744,0.209777
192.60151,8.9695,0.212177
192.60182,8.9705,0.209881
192.60213,8.9705,0.206793
192.60239,8.9678,0.206793
192.60269,8.9734,0.206977
192.60300,8.9631,0.207089
192.60331,8.9715,0.207689
192.60362,8.9658,0.204897
192.60393,8.9715,0.207777
192.60419,8.9584,0.207777
192.60450,8.9771,0.208673
192.60481,8.9801,0.208673
192.60512,8.9695,0.207193
192.60543,8.9639,0.206289
192.60568,8.9791,0.206289
192.60599,8.9734,0.208673
192.60630,8.9762,0.208169
192.60661,8.9688,0.208481
192.60692,8.9678,0.209065
192.60723,8.9771,0.211969
192.60748,8.9631,0.211969
192.60779,8.9744,0.212177
192.60810,8.9688,0.213153
192.60841,8.9762,0.212673
192.60872,8.9791,0.213761
192.60903,8.9771,0.209065
192.60929,8.9771,0.209065
192.60959,8.9678,0.211673
192.60991,8.9498,0.211073
192.61022,8.9705,0.212073
192.61053,8.9744,0.209065
192.61078,8.9762,0.209065
192.61110,8.9734,0.210273
192.61141,8.9668,0.212257
192.61172,8.9725,0.211465
192.61202,8.9668,0.211777
192.61228,8.9781,0.211777
192.61259,8.9752,0.210857
192.61290,8.9725,0.211569
192.61321,8.9705,0.213569
192.61352,8.9771,0.211569
192.61383,8.9725,0.214361
192.61408,8.9725,0.214361
192.61439,8.9697,0.217953
192.61470,8.9744,0.214465
192.61501,8.9688,0.215265
192.61532,8.9668,0.215657
192.61563,8.9695,0.215953
192.61588,8.9678,0.215953
192.61619,8.9762,0.219145
192.61650,8.9734,0.215161
192.61681,8.9752,0.225833
192.61712,8.9734,0.203289
192.61743,8.9725,0.203689
192.61768,8.9762,0.203689
192.61799,8.9744,0.204497
192.61830,8.9668,0.208273
192.61861,8.9744,0.205393
192.61892,8.9781,0.208169
192.61918,8.9688,0.208169
192.61949,8.9658,0.204289
192.61980,8.9715,0.204393
192.62010,8.9697,0.205977
192.62042,8.9688,0.204689
192.62072,8.9734,0.206289
192.62098,8.9725,0.206289
192.62129,8.9744,0.209881
192.62160,8.9695,0.209065
192.62191,8.9725,0.208481
192.62222,8.9752,0.206081
192.62253,8.9648,0.208673
192.62278,8.9688,0.208673
192.62309,8.9639,0.208777
192.62340,8.9801,0.205001
192.62371,8.9705,0.203393
192.62402,8.9639,0.204585
192.62433,8.9705,0.205393
192.62458,8.9781,0.205393
192.62489,8.9762,0.206185
192.62520,8.9791,0.204393
192.62551,8.9678,0.206481
192.62582,8.9705,0.205873
192.62608,8.9715,0.205873
192.62638,8.9678,0.206873
192.62669,8.9781,0.205393
192.62700,8.9828,0.205689
192.62731,8.9715,0.206289
192.62762,8.9648,0.204001
192.62788,8.9752,0.204001
192.62819,8.9695,0.206873
192.62850,8.9695,0.205977
192.62881,8.9744,0.207193
192.62912,8.9781,0.208585
192.62943,8.9762,0.209881
192.62968,8.9631,0.209881
192.62999,8.9762,0.210673
192.63030,8.9658,0.207689
192.63061,8.9762,0.208089
192.63092,8.9734,0.206689
192.63117,8.9734,0.206689
192.63148,8.9688,0.207777
192.63179,8.9705,0.207673
192.63210,8.9705,0.205793
192.63241,8.9658,0.207273
192.63272,8.9695,0.208673
192.63297,8.9695,0.208673
192.63328,8.9697,0.208673
192.63360,8.9752,0.210377
192.63391,8.9809,0.208585
192.63422,8.9715,0.210169
192.63453,8.9695,0.208881
192.63478,8.9744,0.208881
192.63509,8.9744,0.209065
192.63540,8.9678,0.211865
192.63571,8.9688,0.211969
192.63602,8.9611,0.214945
192.63627,8.9658,0.214945
192.63658,8.9725,0.210673
192.63689,8.9697,0.213657
192.63720,8.9875,0.208985
192.63751,8.9809,0.210857
192.63782,8.9668,0.211177
192.63808,8.9688,0.211177
192.63838,8.9697,0.210273
192.63869,8.9621,0.212361
192.63900,8.9791,0.211569
192.63931,8.9791,0.210857
192.63962,8.9754,0.212257
192.63988,8.9744,0.212257
192.64019,8.9762,0.212865
192.64050,8.9754,0.212177
192.64081,8.9734,0.212865
192.64112,8.9678,0.212865
192.64137,8.9725,0.212865
192.64168,8.9668,0.212865
192.64199,8.9744,0.214945
192.64230,8.9725,0.215369
192.64261,8.9781,0.215657
192.64292,8.9762,0.216657
192.64317,8.9744,0.216657
192.64348,8.9781,0.218641
192.64379,8.9734,0.216345
192.64410,8.9695,0.214153
192.64441,8.9668,0.213153
192.64472,8.9688,0.228425
192.64498,8.9631,0.228425
192.64529,8.9725,0.202993
192.64559,8.9668,0.206585
192.64591,8.9668,0.205001
192.64622,8.9818,0.205873
192.64653,8.9734,0.205977
192.64678,8.9791,0.205977
192.64709,8.9697,0.203601
192.64740,8.9705,0.196113
192.64771,8.9715,0.205081
192.64802,8.9801,0.205081
192.64827,8.9744,0.205081
192.64858,8.9658,0.202705
192.64889,8.9744,0.204289
192.64920,8.9688,0.208585
192.64951,8.9725,0.207881
192.64982,8.9744,0.208169
192.65008,8.9705,0.208169
192.65038,8.9678,0.208777
192.65070,8.9658,0.208089
192.65101,8.9744,0.204585
192.65131,8.9715,0.203393
192.65162,8.9725,0.207481
192.65188,8.9725,0.207481
192.65219,8.9734,0.203185
192.65250,8.9771,0.207273
192.65281,8.9705,0.206689
192.65312,8.9781,0.206689
192.65337,8.9688,0.206689
192.65368,8.9705,0.205081
192.65399,8.9744,0.205289
192.65430,8.9668,0.204897
192.65461,8.9762,0.204689
192.65492,8.9752,0.205793
192.65517,8.9668,0.205793
192.65548,8.9678,0.205185
192.65579,8.9592,0.207881
192.65610,8.9791,0.207689
192.65641,8.9715,0.211177
192.65672,8.9781,0.207689
192.65697,8.9715,0.207689
192.65728,8.9705,0.208777
192.65759,8.9771,0.209569
192.65790,8.9725,0.208585
192.65821,8.9688,0.206585
192.65853,8.9762,0.207377
192.65878,8.9781,0.207377
192.65909,8.9705,0.206689
192.65940,8.9648,0.207273
192.65971,8.9744,0.209881
192.66002,8.9744,0.206793
192.66027,8.9754,0.206793
192.66058,8.9658,0.205081
192.66089,8.9762,0.208273
192.66120,8.9734,0.208089
192.66151,8.9688,0.208985
192.66182,8.9715,0.208673
192.66207,8.9809,0.208673
192.66238,8.9648,0.208377
192.66269,8.9725,0.206873
192.66300,8.9668,0.211361
192.66331,8.9744,0.211865
192.66362,8.9771,0.214465
192.66388,8.9791,0.214465
192.66418,8.9658,0.212177
192.66449,8.9744,0.214465
192.66481,8.9668,0.213361
192.66512,8.9695,0.211673
192.66537,8.9734,0.211673
192.66568,8.9762,0.210169
192.66599,8.9818,0.211073
192.66630,8.9715,0.212673
192.66661,8.9828,0.211177
192.66692,8.9688,0.211777
192.66717,8.9695,0.211777
192.66748,8.9752,0.210273
192.66779,8.9865,0.211073
192.66810,8.9734,0.209881
192.66841,8.9781,0.212865
192.66872,8.9631,0.213865
192.66897,8.9781,0.213865
192.66928,8.9648,0.210569
192.66959,8.9705,0.209481
192.66990,8.9678,0.212969
192.67021,8.9752,0.215369
192.67052,8.9678,0.217849
192.67078,8.9695,0.217849
192.67109,8.9809,0.214761
192.67140,8.9752,0.215657
192.67171,8.9631,0.215761
192.67202,8.9688,0.215449
192.67227,8.9695,0.215449
192.67258,8.9744,0.213153
192.67289,8.9688,0.218953
192.67320,8.9688,0.221641
192.67351,8.9658,0.226521
192.67382,8.9734,0.220745
192.67407,8.9688,0.220745
192.67438,8.9725,0.207881
192.67469,8.9752,0.204793
192.67500,8.9695,0.205689
192.67531,8.9771,0.204393
192.67562,8.9754,0.207777
192.67587,8.9762,0.207777
192.67618,8.9744,0.203793
192.67649,8.9705,0.206481
192.67681,8.9762,0.203393
192.67712,8.9688,0.208585
192.67737,8.9648,0.208585
192.67768,8.9781,0.208881
192.67799,8.9715,0.210377
192.67830,8.9734,0.207985
192.67861,8.9781,0.208089
192.67892,8.9771,0.208673
192.67917,8.9725,0.208673
192.67948,8.9734,0.211969
192.67979,8.9801,0.201889
192.68010,8.9725,0.202889
192.68041,8.9725,0.206873
192.68072,8.9688,0.205081
192.68097,8.9762,0.205081
192.68128,8.9771,0.205873
192.68159,8.9715,0.205185
192.68190,8.9771,0.204793
192.68221,8.9688,0.205793
192.68252,8.9828,0.204897
192.68278,8.9791,0.204897
192.68309,8.9697,0.205185
192.68340,8.9631,0.205689
192.68371,8.9648,0.201305
192.68402,8.9744,0.199809
192.68427,8.9762,0.199809
192.68458,8.9688,0.206977
192.68489,8.9688,0.210273
192.68520,8.9781,0.206977
192.68551,8.9744,0.207881
192.68582,8.9781,0.207881
192.68607,8.9725,0.207881
192.68638,8.9744,0.204793
192.68669,8.9639,0.206185
192.68700,8.9715,0.206081
192.68731,8.9725,0.206977
192.68762,8.9715,0.206585
192.68787,8.9771,0.206585
192.68818,8.9678,0.208377
192.68850,8.9781,0.207273
192.68881,8.9734,0.207777
192.68912,8.9725,0.208089
192.68937,8.9771,0.208089
192.68968,8.9668,0.208585
192.68999,8.9781,0.206689
192.69030,8.9602,0.209065
192.69061,8.9695,0.207777
192.69092,8.9857,0.210465
192.69117,8.9762,0.210465
192.69148,8.9752,0.211865
192.69179,8.9688,0.212177
192.69210,8.9771,0.210961
192.69241,8.9715,0.215161
192.69272,8.9781,0.208673
192.69297,8.9648,0.208673
192.69328,8.9828,0.211865
192.69359,8.9734,0.210065
192.69390,8.9734,0.209377
192.69421,8.9771,0.211465
192.69447,8.9592,0.211465
192.69478,8.9705,0.212177
192.69510,8.9754,0.212177
192.69541,8.9734,0.211969
192.69572,8.9828,0.210673
192.69597,8.9734,0.210673
192.69628,8.9697,0.211777
192.69659,8.9781,0.209065
192.69690,8.9725,0.210169
192.69721,8.9734,0.217449
192.69752,8.9744,0.214761
192.69777,8.9725,0.214761
192.69808,8.9705,0.211777
192.69839,8.9781,0.214865
192.69870,8.9602,0.215953
192.69901,8.9754,0.215049
192.69932,8.9725,0.216265
192.69957,8.9781,0.216265
192.69988,8.9781,0.218057
192.70019,8.9639,0.214257
192.70050,8.9639,0.213969
192.70081,8.9725,0.208777
192.70107,8.9752,0.208777
192.70138,8.9725,0.211673
192.70168,8.9744,0.213153
192.70199,8.9705,0.224937
192.70230,8.9754,0.207193
192.70261,8.9744,0.204585
192.70287,8.9752,0.204585
192.70318,8.9781,0.206185
192.70349,8.9734,0.206081
192.70380,8.9725,0.206081
192.70411,8.9744,0.205081
192.70442,8.9744,0.204497
192.70467,8.9668,0.204497
192.70498,8.9762,0.206081
192.70529,8.9809,0.207089
192.70560,8.9725,0.207985
192.70591,8.9762,0.207689
192.70622,8.9818,0.208089
192.70647,8.9688,0.208089
192.70679,8.9705,0.206689
192.70710,8.9734,0.204689
192.70741,8.9744,0.205689
192.70772,8.9734,0.205481
192.70797,8.9725,0.205481
192.70828,8.9744,0.200497
192.70859,8.9725,0.205977
192.70890,8.9734,0.205289
192.70921,8.9781,0.207481
192.70952,8.9762,0.206481
192.70977,8.9818,0.206481
192.71008,8.9791,0.205185
192.71039,8.9752,0.207481
192.71070,8.9715,0.205793
192.71101,8.9648,0.203393
192.71132,8.9688,0.206081
192.71157,8.9725,0.206081
192.71188,8.9668,0.205481
192.71219,8.9828,0.201785
192.71250,8.9734,0.206289
192.71281,8.9725,0.208777
192.71306,8.9762,0.208777
192.71338,8.9744,0.209961
192.71369,8.9668,0.209777
192.71400,8.9762,0.209065
192.71430,8.9734,0.206873
192.71462,8.9688,0.206481
192.71487,8.9762,0.206481
192.71518,8.9725,0.206585
192.71549,8.9697,0.201393
192.71580,8.9725,0.206585
192.71611,8.9678,0.208273
192.71642,8.9695,0.207777
192.71667,8.9688,0.207777
192.71698,8.9754,0.210377
192.71729,8.9705,0.208273
192.71760,8.9688,0.207777
192.71791,8.9688,0.208169
192.71822,8.9715,0.209673
192.71847,8.9734,0.209673
192.71878,8.9744,0.208881
192.71909,8.9744,0.212361
192.71940,8.9678,0.213153
192.71971,8.9734,0.213361
192.71997,8.9744,0.213361
192.72028,8.9809,0.211673
192.72059,8.9695,0.212073
192.72089,8.9752,0.215369
192.72121,8.9744,0.208777
192.72152,8.9715,0.210465
192.72177,8.9695,0.210465
192.72208,8.9715,0.210569
192.72239,8.9754,0.210273
192.72270,8.9762,0.210673
192.72301,8.9762,0.212465
192.72332,8.9818,0.211361
192.72357,8.9705,0.211361
192.72388,8.9715,0.212969
192.72419,8.9705,0.211073
192.72450,8.9725,0.213865
192.72481,8.9668,0.212969
192.72506,8.9668,0.212969
192.72537,8.9791,0.211281
192.72568,8.9725,0.211865
192.72599,8.9771,0.214657
192.72630,8.9725,0.217161
192.72661,8.9688,0.216345
192.72687,8.9688,0.216345
192.72717,8.9744,0.217345
192.72748,8.9762,0.217161
192.72780,8.9754,0.217449
192.72811,8.9621,0.214465
192.72842,8.9734,0.216057
192.72867,8.9695,0.216057
192.72898,8.9639,0.213657
192.72929,8.9762,0.213969
192.72960,8.9744,0.226233
192.72991,8.9801,0.221433
192.73022,8.9697,0.226417
192.73047,8.9631,0.226417
192.73078,8.9744,0.206481
192.73109,8.9781,0.206481
192.73140,8.9734,0.204081
192.73171,8.9705,0.201097
192.73196,8.9734,0.201097
192.73227,8.9781,0.208585
192.73258,8.9715,0.203897
192.73289,8.9791,0.202889
192.73320,8.9734,0.207881
192.73351,8.9715,0.207377
192.73377,8.9715,0.207377
192.73408,8.9791,0.208273
192.73439,8.9725,0.205873
192.73470,8.9744,0.207089
192.73501,8.9648,0.207585
192.73531,8.9744,0.204185
192.73557,8.9725,0.204185
192.73588,8.9762,0.207481
192.73619,8.9631,0.203897
192.73650,8.9754,0.206873
192.73681,8.9695,0.204393
192.73706,8.9725,0.204393
192.73737,8.9734,0.205793
192.73768,8.9688,0.204081
192.73799,8.9725,0.207585
192.73830,8.9697,0.205585
192.73861,8.9705,0.203897
192.73886,8.9857,0.203897
192.73917,8.9762,0.204081
192.73948,8.9725,0.204497
192.73979,8.9771,0.206081
192.74010,8.9688,0.209481
192.74041,8.9621,0.207585
192.74067,8.9734,0.207585
192.74098,8.9781,0.210569
192.74129,8.9695,0.208673
192.74159,8.9771,0.208169
192.74191,8.9734,0.210673
192.74221,8.9621,0.207481
192.74247,8.9678,0.207481
192.74278,8.9744,0.207193
192.74310,8.9715,0.206481
192.74341,8.9734,0.207689
192.74372,8.9695,0.203793
192.74397,8.9705,0.203793
192.74428,8.9744,0.205689
192.74459,8.9725,0.207585
192.74490,8.9762,0.208377
192.74521,8.9725,0.209169
192.74734,8.9695,0.210961
192.74911,8.9734,0.209569
192.75086,8.9725,0.211969
192.75262,8.9695,0.213569
192.75438,8.9648,0.217953
192.75614,8.9809,0.214049
192.75790,8.9754,0.211673
192.75965,8.9781,0.210065
192.75991,8.9809,0.205585
192.76016,8.9658,0.205585
192.76047,8.9725,0.202785
192.76078,8.9781,0.206289
192.76109,8.9762,0.209569
192.76140,8.9801,0.206873
192.76171,8.9781,0.208169
192.76196,8.9688,0.208169
192.76227,8.9705,0.207377
192.76258,8.9744,0.206977
192.76289,8.9771,0.208585
192.76320,8.9734,0.204585
192.76346,8.9697,0.204585
192.76377,8.9678,0.205081
192.76408,8.9752,0.204393
192.76438,8.9781,0.204001
192.76470,8.9688,0.204289
192.76501,8.9668,0.205185
192.76526,8.9744,0.205185
192.76557,8.9771,0.206289
192.76588,8.9744,0.205793
192.76619,8.9705,0.203185
192.76650,8.9725,0.203793
192.76681,8.9678,0.205289
192.76706,8.9705,0.205289
192.76737,8.9781,0.204585
192.76768,8.9771,0.206185
192.76799,8.9678,0.208673
192.76830,8.9734,0.209065
192.76861,8.9848,0.210961
192.76886,8.9705,0.210961
192.76917,8.9838,0.209377
192.76948,8.9668,0.208169
192.76979,8.9725,0.210169
192.77010,8.9771,0.204793
192.77036,8.9771,0.204793
192.77067,8.9695,0.207089
192.77097,8.9809,0.205585
192.77129,8.9781,0.206081
192.77160,8.9791,0.208585
192.77191,8.9705,0.208881
192.77216,8.9631,0.208881
192.77247,8.9771,0.206793
192.77278,8.9734,0.209169
192.77309,8.9695,0.206873
192.77340,8.9809,0.208481
192.77371,8.9695,0.209481
192.77396,8.9801,0.209481
192.77427,8.9678,0.210673
192.77458,8.9697,0.210065
192.77489,8.9688,0.211281
192.77520,8.9752,0.212969
192.77551,8.9752,0.212569
192.77576,8.9639,0.212569
192.77607,8.9744,0.213153
192.77638,8.9715,0.214049
192.77669,8.9744,0.214761
192.77700,8.9762,0.214657
192.77725,8.9771,0.214657
192.77756,8.9809,0.210673
192.77787,8.9771,0.211969
192.77818,8.9857,0.211865
192.77849,8.9809,0.210377
192.77880,8.9744,0.213073
192.77906,8.9688,0.213073
192.77937,8.9771,0.210857
192.77968,8.9688,0.211073
192.77999,8.9762,0.211465
192.78030,8.9734,0.209569
192.78061,8.9744,0.213465
192.78086,8.9857,0.213465
192.78117,8.9668,0.206689
192.78148,8.9697,0.210673
192.78179,8.9621,0.214361
192.78210,8.9762,0.215369
192.78235,8.9668,0.215369
192.78266,8.9762,0.215865
192.78297,8.9668,0.215265
192.78328,8.9705,0.214657
192.78359,8.9715,0.216345
192.78390,8.9695,0.215953
192.78416,8.9838,0.215953
192.78447,8.9771,0.212865
192.78478,8.9781,0.213569
192.78508,8.9818,0.214049
192.78540,8.9658,0.212465
192.78571,8.9744,0.214761
192.78596,8.9725,0.214761
192.78627,8.9705,0.223833
192.78658,8.9752,0.206081
192.78689,8.9688,0.206481
192.78720,8.9648,0.204081
192.78745,8.9781,0.204081
192.78776,8.9697,0.203897
192.78807,8.9734,0.204977
192.78838,8.9734,0.203393
192.78869,8.9734,0.204689
192.78900,8.9668,0.205001
192.78926,8.9678,0.205001
192.78957,8.9715,0.206977
192.78987,8.9725,0.206977
192.79019,8.9734,0.205185
192.79050,8.9801,0.207193
192.79081,8.9705,0.205873
192.79106,8.9734,0.205873
192.79137,8.9762,0.204585
192.79168,8.9744,0.207193
192.79199,8.9762,0.204689
192.79230,8.9688,0.204289
192.79261,8.9734,0.204977
192.79286,8.9744,0.204977
192.79318,8.9697,0.203793
192.79348,8.9688,0.204585
192.79379,8.9688,0.204289
192.79410,8.9668,0.205081
192.79436,8.9734,0.205081
192.79466,8.9818,0.205873
192.79498,8.9744,0.201785
192.79529,8.9668,0.204393
192.79560,8.9725,0.203793
192.79590,8.9648,0.204585
192.79616,8.9725,0.204585
192.79647,8.9725,0.202201
192.79678,8.9695,0.208481
192.79709,8.9744,0.207481
192.79740,8.9818,0.208273
192.79771,8.9715,0.206481
192.79796,8.9611,0.206481
192.79827,8.9725,0.206481
192.79858,8.9658,0.205793
192.79889,8.9818,0.206873
192.79920,8.9705,0.206377
192.79945,8.9838,0.206377
192.79976,8.9762,0.207481
192.80007,8.9734,0.203897
192.80038,8.9668,0.204689
192.80069,8.9801,0.209065
192.80100,8.9791,0.206185
192.80126,8.9695,0.206185
192.80157,8.9781,0.208777
192.80188,8.9744,0.207273
192.80219,8.9734,0.208273
192.80249,8.9697,0.208985
192.80281,8.9715,0.209961
192.80306,8.9791,0.209961
192.80337,8.9744,0.211465
192.80368,8.9668,0.211673
192.80399,8.9705,0.212177
192.80430,8.9744,0.215553
192.80455,8.9781,0.215553
192.80486,8.9688,0.214049
192.80517,8.9744,0.210569
192.80548,8.9734,0.209569
192.80579,8.9725,0.209881
192.80610,8.9695,0.211281
192.80636,8.9631,0.211281
192.80667,8.9725,0.210857
192.80697,8.9648,0.212465
192.80729,8.9791,0.211969
192.80760,8.9762,0.212361
192.80791,8.9752,0.210065
192.80816,8.9828,0.210065
192.80847,8.9725,0.211673
192.80878,8.9752,0.213569
192.80909,8.9752,0.208985
192.80940,8.9715,0.211569
192.80965,8.9668,0.211569
192.80996,8.9725,0.211177
192.81027,8.9744,0.212569
192.81058,8.9734,0.214465
192.81089,8.9688,0.215049
192.81120,8.9715,0.215449
192.81145,8.9734,0.215449
192.81176,8.9688,0.215865
192.81207,8.9668,0.212673
192.81238,8.9695,0.216657
192.81269,8.9648,0.213865
192.81300,8.9695,0.212761
192.81326,8.9752,0.212761
192.81356,8.9781,0.212257
192.81387,8.9688,0.213073
192.81418,8.9762,0.226921
192.81449,8.9771,0.206289
192.81480,8.9705,0.204289
192.81506,8.9725,0.204289
192.81537,8.9734,0.203289
192.81568,8.9695,0.204585
192.81599,8.9734,0.201201
192.81630,8.9809,0.204185
192.81655,8.9715,0.204185
192.81686,8.9678,0.204689
192.81717,8.9695,0.207585
192.81748,8.9744,0.208089
192.81779,8.9648,0.205289
192.81810,8.9705,0.207985
192.81836,8.9715,0.207985
192.81867,8.9725,0.208273
192.81898,8.9744,0.206793
192.81929,8.9715,0.205081
192.81959,8.9725,0.202601
192.81991,8.9695,0.207377
192.82016,8.9658,0.207377
192.82047,8.9734,0.203185
192.82078,8.9668,0.206377
192.82109,8.9725,0.205873
192.82140,8.9725,0.205481
192.82165,8.9771,0.205481
192.82196,8.9809,0.206185
192.82227,8.9762,0.204585
192.82258,8.9725,0.205185
192.82289,8.9621,0.205289
192.82320,8.9771,0.207377
192.82345,8.9668,0.207377
192.82376,8.9781,0.203289
192.82407,8.9762,0.210273
192.82438,8.9631,0.210169
192.82469,8.9752,0.209377
192.82500,8.9688,0.211673
192.82526,8.9668,0.211673
192.82557,8.9744,0.210273
192.82587,8.9752,0.210273
192.82618,8.9781,0.206873
192.82649,8.9648,0.206585
192.82680,8.9658,0.207273
192.82706,8.9762,0.207273
192.82737,8.9697,0.209569
192.82767,8.9744,0.208481
192.82798,8.9791,0.204689
192.82830,8.9752,0.205185
192.82855,8.9678,0.205185
192.82886,8.9705,0.206185
192.82917,8.9781,0.207689
192.82948,8.9705,0.209065
192.82979,8.9668,0.208777
192.83010,8.9668,0.210377
192.83036,8.9818,0.210377
192.83066,8.9781,0.208985
192.83098,8.9725,0.211865
192.83129,8.9688,0.212569
192.83160,8.9771,0.213657
192.83185,8.9801,0.213657
192.83216,8.9752,0.212177
192.83247,8.9697,0.212569
192.83278,8.9648,0.215553
192.83309,8.9697,0.211281
192.83340,8.9705,0.212465
192.83365,8.9705,0.212465
192.83396,8.9688,0.209377
192.83427,8.9678,0.212361
192.83458,8.9781,0.210465
192.83489,8.9752,0.211177
192.83520,8.9695,0.211281
192.83545,8.9715,0.211281
192.83576,8.9695,0.212361
192.83607,8.9639,0.211865
192.83638,8.9809,0.212361
192.83669,8.9752,0.212569
192.83695,8.9631,0.212569
192.83725,8.9631,0.212257
192.83757,8.9771,0.213361
192.83788,8.9725,0.211073
192.83819,8.9715,0.215369
192.83849,8.9688,0.215265
192.83875,8.9762,0.215265
192.83906,8.9688,0.215553
192.83937,8.9705,0.217553
192.83968,8.9705,0.215657
192.83999,8.9752,0.214049
192.84030,8.9734,0.213465
192.84055,8.9801,0.213465
192.84086,8.9781,0.211865
192.84118,8.9688,0.210377
192.84149,8.9744,0.214361
192.84180,8.9762,0.215265
192.84205,8.9781,0.215265
192.84236,8.9744,0.212073
192.84267,8.9668,0.204897
192.84298,8.9771,0.205585
192.84329,8.9725,0.205081
192.84360,8.9875,0.203105
192.84385,8.9781,0.203105
192.84416,8.9734,0.207193
192.84447,8.9658,0.206585
192.84478,8.9762,0.205873
192.84509,8.9705,0.206689
192.84540,8.9668,0.208273
192.84565,8.9705,0.208273
192.84596,8.9658,0.208985
192.84627,8.9801,0.208273
192.84658,8.9725,0.208273
192.84690,8.9688,0.207585
192.84715,8.9725,0.207585
192.84746,8.9688,0.203601
192.84777,8.9752,0.204585
192.84808,8.9734,0.204977
192.84839,8.9809,0.201393
192.84870,8.9781,0.203793
192.84901,8.9725,0.205081
192.84926,8.9695,0.205081
192.84957,8.9688,0.206289
192.84988,8.9715,0.204897
192.85019,8.9762,0.205873
192.85050,8.9725,0.204289
192.85081,8.9715,0.202601
192.85106,8.9715,0.202601
192.85137,8.9715,0.208273
192.85168,8.9744,0.205289
192.85199,8.9914,0.204393
192.85230,8.9781,0.210273
192.85261,8.9658,0.209273
192.85287,8.9631,0.209273
192.85318,8.9725,0.209961
192.85349,8.9762,0.210377
192.85380,8.9791,0.209169
192.85411,8.9631,0.206873
192.85436,8.9678,0.206873
192.85467,8.9781,0.207193
192.85498,8.9697,0.206377
192.85529,8.9754,0.207193
192.85560,8.9781,0.205793
192.85591,8.9658,0.210377
192.85616,8.9762,0.210377
192.85647,8.9744,0.206689
192.85678,8.9678,0.208481
192.85709,8.9809,0.207777
192.85740,8.9641,0.210169
192.85771,8.9848,0.209673
192.85796,8.9715,0.209673
192.85827,8.9734,0.206585
192.85858,8.9754,0.208273
192.85889,8.9688,0.211177
192.85920,8.9725,0.212969
192.85946,8.9744,0.212969
192.85977,8.9668,0.213073
192.86008,8.9781,0.213361
192.86039,8.9818,0.212865
192.86070,8.9658,0.214049
192.86101,8.9744,0.210857
192.86126,8.9695,0.210857
192.86157,8.9725,0.210065
192.86188,8.9705,0.211569
192.86219,8.9734,0.211673
192.86250,8.9791,0.209569
192.86281,8.9715,0.210065
192.86306,8.9695,0.210065
192.86337,8.9734,0.211569
192.86368,8.9725,0.212073
192.86399,8.9857,0.210777
192.86430,8.9791,0.216953
192.86455,8.9734,0.216953
192.86487,8.9771,0.211969
192.86518,8.9801,0.211777
192.86549,8.9705,0.212761
192.86580,8.9715,0.210673
192.86611,8.9752,0.216161
192.86636,8.9725,0.216161
192.86667,8.9744,0.217449
192.86698,8.9678,0.215369
192.86729,8.9668,0.215049
192.86760,8.9744,0.216345
192.86791,8.9678,0.214657
192.86816,8.9885,0.214657
192.86847,8.9725,0.214361
192.86878,8.9668,0.213073
192.86909,8.9762,0.213073
192.86940,8.9762,0.215369
192.86971,8.9668,0.214153
192.86996,8.9648,0.214153
192.87027,8.9668,0.213569
192.87058,8.9771,0.203289
192.87089,8.9801,0.204585
192.87120,8.9752,0.205185
192.87146,8.9752,0.205185
192.87177,8.9658,0.203393
192.87208,8.9705,0.204897
192.87239,8.9678,0.204185
192.87270,8.9715,0.205481
192.87301,8.9752,0.206185
192.87326,8.9734,0.206185
192.87357,8.9838,0.205873
192.87388,8.9725,0.205393
192.87419,8.9688,0.206873
192.87450,8.9688,0.205793
192.87475,8.9734,0.205793
192.87506,8.9791,0.207985
192.87537,8.9771,0.204289
192.87568,8.9744,0.205873
192.87599,8.9688,0.200809
192.87630,8.9678,0.202889
192.87655,8.9744,0.202889
192.87687,8.9754,0.205793
192.87718,8.9725,0.204289
192.87749,8.9705,0.204897
192.87780,8.9725,0.204585
192.87811,8.9725,0.204897
192.87836,8.9705,0.204897
192.87867,8.9762,0.206481
192.87898,8.9762,0.204585
192.87929,8.9762,0.203497
192.87960,8.9734,0.206481
192.87985,8.9725,0.206481
192.88016,8.9715,0.204977
192.88047,8.9725,0.209065
192.88078,8.9762,0.209881
192.88109,8.9725,0.207377
192.88140,8.9725,0.209169
192.88165,8.9771,0.209169
192.88196,8.9678,0.209377
192.88227,8.9744,0.208089
192.88258,8.9668,0.208273
192.88289,8.9705,0.207193
192.88320,8.9781,0.206689
192.88346,8.9734,0.206689
192.88377,8.9648,0.208673
192.88407,8.9725,0.206873
192.88438,8.9695,0.206289
192.88469,8.9725,0.208481
192.88500,8.9809,0.207481
192.88526,8.9818,0.207481
192.88557,8.9678,0.207481
192.88588,8.9695,0.210465
192.88619,8.9734,0.212073
192.88650,8.9697,0.208377
192.88681,8.9705,0.210169
192.88706,8.9725,0.210169
192.88737,8.9715,0.211281
192.88768,8.9734,0.213073
192.88799,8.9744,0.204081
192.88830,8.9725,0.212073
192.88855,8.9705,0.212073
192.88886,8.9658,0.211777
192.88918,8.9705,0.209673
192.88949,8.9781,0.210377
192.88980,8.9771,0.210065
192.89010,8.9648,0.209673
192.89036,8.9734,0.209673
192.89067,8.9688,0.211673
192.89098,8.9809,0.211465
192.89129,8.9725,0.211177
192.89160,8.9705,0.213657
192.89185,8.9725,0.213657
192.89216,8.9809,0.210857
192.89247,8.9678,0.212761
192.89278,8.9695,0.211865
192.89309,8.9658,0.212569
192.89340,8.9668,0.215449
192.89365,8.9705,0.215449
192.89396,8.9611,0.211281
192.89427,8.9771,0.212569
192.89458,8.9762,0.213569
192.89489,8.9648,0.215449
192.89520,8.9818,0.215449
192.89546,8.9762,0.215449
192.89577,8.9744,0.214945
192.89608,8.9648,0.211465
192.89639,8.9705,0.214969
192.89670,8.9762,0.208481
192.89695,8.9705,0.208481
192.89726,8.9639,0.209881
192.89757,8.9695,0.213153
192.89788,8.9865,0.212569
192.89819,8.9744,0.218849
192.89850,8.9648,0.206377
192.89875,8.9818,0.206377
192.89906,8.9762,0.206185
192.89937,8.9752,0.204081
192.89968,8.9744,0.203105
192.89999,8.9705,0.200601
192.90030,8.9771,0.204793
192.90055,8.9705,0.204793
192.90087,8.9734,0.204897
192.90118,8.9695,0.206081
192.90149,8.9695,0.207193
192.90180,8.9668,0.210273
192.90205,8.9754,0.210273
192.90236,8.9725,0.208273
192.90267,8.9771,0.208377
192.90298,8.9744,0.206289
192.90329,8.9801,0.205289
192.90360,8.9725,0.202889
192.90385,8.9725,0.202889
192.90416,8.9744,0.201393
192.90447,8.9695,0.204793
192.90478,8.9754,0.205081
192.90509,8.9668,0.204793
192.90540,8.9705,0.205873
192.90565,8.9818,0.205873
192.90596,8.9631,0.204185
192.90627,8.9705,0.205185
192.90659,8.9762,0.205289
192.90690,8.9801,0.205289
192.90715,8.9688,0.205289
192.90746,8.9705,0.206377
192.90777,8.9705,0.207273
192.90808,8.9697,0.210465
192.90839,8.9752,0.207689
192.90870,8.9744,0.211673
192.90895,8.9688,0.211673
192.90926,8.9781,0.206977
192.90957,8.9801,0.209777
192.90988,8.9705,0.211465
192.91019,8.9725,0.207481
192.91050,8.9744,0.208089
192.91075,8.9801,0.208089
192.91106,8.9621,0.206793
192.91137,8.9688,0.206689
192.91168,8.9678,0.208585
192.91199,8.9705,0.202497
192.91230,8.9754,0.208089
192.91255,8.9734,0.208089
192.91287,8.9771,0.207585
192.91318,8.9752,0.210169
192.91349,8.9752,0.210377
192.91380,8.9809,0.207273
192.91405,8.9801,0.207273
192.91436,8.9611,0.208585
192.91467,8.9695,0.210273
192.91498,8.9744,0.210465
192.91529,8.9705,0.213257
192.91560,8.9801,0.213569
192.91585,8.9695,0.213569
192.91616,8.9725,0.213761
192.91647,8.9705,0.214049
192.91678,8.9762,0.214153
192.91709,8.9752,0.210169
192.91740,8.9734,0.212257
192.91765,8.9771,0.212257
192.91796,8.9715,0.210465
192.91827,8.9771,0.212177
192.91858,8.9754,0.208481
192.91890,8.9734,0.211465
192.91915,8.9734,0.211465
192.91946,8.9762,0.210377
192.91977,8.9781,0.211969
192.92008,8.9725,0.211361
192.92039,8.9668,0.213761
192.92070,8.9734,0.207777
192.92095,8.9715,0.207777
192.92126,8.9688,0.210569
192.92157,8.9791,0.211969
192.92188,8.9752,0.212361
192.92219,8.9715,0.217161
192.92250,8.9762,0.215657
192.92275,8.9648,0.215657
192.92306,8.9697,0.215265
192.92337,8.9705,0.212257
192.92368,8.9715,0.214865
192.92399,8.9771,0.212969
192.92430,8.9771,0.210465
192.92456,8.9705,0.210465
192.92487,8.9734,0.215161
192.92518,8.9678,0.214257
192.92549,8.9744,0.208585
192.92580,8.9715,0.212761
192.92605,8.9762,0.212761
192.92636,8.9725,0.212673
192.92667,8.9781,0.210273
192.92698,8.9744,0.212569
192.92729,8.9725,0.208481
192.92760,8.9688,0.200305
192.92785,8.9631,0.200305
192.92816,8.9809,0.199409
192.92847,8.9752,0.204689
192.92878,8.9725,0.198513
192.92909,8.9639,0.206689
192.92934,8.9744,0.206689
192.92965,8.9734,0.203497
192.92996,8.9734,0.201393
192.93027,8.9715,0.201305
192.93059,8.9648,0.202289
192.93090,8.9695,0.211865
192.93115,8.9639,0.211865
192.93146,8.9688,0.197905
192.93177,8.9771,0.203393
192.93208,8.9781,0.199201
192.93239,8.9762,0.200705
192.93270,8.9762,0.199513
192.93295,8.9762,0.199513
192.93326,8.9754,0.198513
192.93357,8.9744,0.201889
192.93388,8.9592,0.243569
192.93419,8.9695,0.193921
192.93450,8.9762,0.200201
192.93475,8.9762,0.200201
192.93506,8.9781,0.200993
192.93537,8.9744,0.199017
192.93568,8.9781,0.200305
192.93599,8.9801,0.202601
192.93624,8.9668,0.202601
192.93656,8.9705,0.203497
192.93687,8.9762,0.203105
192.93718,8.9744,0.203497
192.93749,8.9762,0.204793
192.93780,8.9668,0.206185
192.93805,8.9678,0.206185
192.93836,8.9715,0.200993
192.93867,8.9668,0.201393
192.93898,8.9668,0.199409
192.93929,8.9801,0.199513
192.93960,8.9771,0.200809
192.93985,8.9771,0.200809
192.94016,8.9668,0.198617
192.94047,8.9705,0.201705
192.94078,8.9648,0.200097
192.94109,8.9688,0.200705
192.94134,8.9818,0.200705
192.94165,8.9715,0.199201
192.94196,8.9754,0.199201
192.94227,8.9744,0.201705
192.94258,8.9762,0.199201
192.94290,8.9801,0.199305
192.94315,8.9678,0.199305
192.94346,8.9705,0.201097
192.94377,8.9658,0.203793
192.94408,8.9762,0.201705
192.94439,8.9791,0.202497
192.94470,8.9688,0.201705
192.94495,8.9725,0.201705
192.94526,8.9762,0.202785
192.94557,8.9771,0.198009
192.94588,8.9762,0.198113
192.94619,8.9752,0.200097
192.94644,8.9705,0.200097
192.94675,8.9725,0.197801
192.94706,8.9734,0.201705
192.94737,8.9744,0.198905
192.94768,8.9678,0.200409
192.94799,8.9725,0.199913
192.94824,8.9695,0.199913
192.94855,8.9809,0.202097
192.94887,8.9705,0.199513
192.94918,8.9697,0.199705
192.94949,8.9725,0.200889
192.94979,8.9744,0.200913
192.95005,8.9715,0.200913
192.95036,8.9688,0.196617
192.95067,8.9762,0.200601
192.95098,8.9688,0.199201
192.95129,8.9762,0.199993
192.95160,8.9771,0.199809
192.95185,8.9734,0.199809
192.95216,8.9678,0.199305
192.95247,8.9752,0.198593
192.95278,8.9744,0.198305
192.95309,8.9781,0.199993
192.95334,8.9688,0.199993
192.95365,8.9715,0.201201
192.95396,8.9771,0.200497
192.95427,8.9697,0.200097
192.95458,8.9658,0.201889
192.95489,8.9658,0.201601
192.95514,8.9781,0.201601
192.95545,8.9848,0.201393
192.95576,8.9631,0.199705
192.95607,8.9754,0.200305
192.95638,8.9725,0.200889
192.95669,8.9791,0.199993
192.95694,8.9668,0.199993
192.95726,8.9801,0.200409
192.95757,8.9715,0.200497
192.95788,8.9688,0.199097
192.95818,8.9705,0.199097
192.95850,8.9734,0.200889
192.95875,8.9668,0.200889
192.95906,8.9801,0.197721
192.95937,8.9754,0.201993
192.95968,8.9725,0.198513
192.95999,8.9762,0.199705
192.96030,8.9791,0.197721
192.96055,8.9762,0.197721
192.96086,8.9771,0.200809
192.96117,8.9801,0.200889
192.96148,8.9762,0.198305
192.96179,8.9762,0.199409
192.96205,8.9771,0.199409
192.96235,8.9744,0.199705
192.96266,8.9754,0.199305
192.96297,8.9734,0.198305
192.96328,8.9734,0.198305
192.96359,8.9762,0.199489
192.96385,8.9791,0.199489
192.96416,8.9857,0.199913
192.96447,8.9688,0.198905
192.96478,8.9734,0.197513
192.96509,8.9715,0.195113
192.96540,8.9801,0.194817
192.96565,8.9771,0.194817
192.96596,8.9705,0.196217
192.96627,8.9818,0.194921
192.96658,8.9678,0.194921
192.96689,8.9818,0.194817
192.96715,8.9725,0.194817
192.96746,8.9734,0.194113
192.96777,8.9734,0.195009
192.96808,8.9697,0.196721
192.96839,8.9725,0.195505
192.96864,8.9688,0.195505
192.96895,8.9791,0.194425
192.96926,8.9658,0.195825
192.96957,8.9715,0.192633
192.96988,8.9781,0.195505
192.97019,8.9828,0.194529
192.97044,8.9752,0.194529
192.97075,8.9762,0.194713
192.97106,8.9678,0.194217
192.97137,8.9791,0.195009
192.97168,8.9771,0.193425
192.97199,8.9781,0.196513
192.97224,8.9715,0.196513
192.97255,8.9801,0.195505
192.97286,8.9771,0.196217
192.97317,8.9725,0.202097
192.97348,8.9762,0.199409
192.97379,8.9678,0.195113
192.97405,8.9762,0.195113
192.97436,8.9695,0.191529
192.97467,8.9875,0.220641
192.97498,8.9639,0.228921
192.97528,8.9648,0.197721
192.97554,8.9705,0.197721
192.97585,8.9752,0.194921
192.97616,8.9697,0.194113
192.97647,8.9791,0.194609
192.97678,8.9641,0.196217
192.97709,8.9781,0.189233
192.97734,8.9809,0.189233
192.97765,8.9734,0.193529
192.97796,8.9754,0.199913
192.97827,8.9752,0.193921
192.97858,8.9801,0.199601
192.97889,8.9801,0.197305
192.97915,8.9771,0.197305
192.97946,8.9771,0.195505
192.97977,8.9734,0.195113
192.98008,8.9762,0.197009
192.98039,8.9857,0.195217
192.98064,8.9668,0.195217
192.98095,8.9734,0.195505
192.98126,8.9809,0.198113
192.98157,8.9725,0.192713
192.98188,8.9734,0.193129
192.98219,8.9715,0.196321
192.98244,8.9744,0.196321
192.98275,8.9951,0.197305
192.98306,8.9734,0.194609
192.98337,8.9658,0.196617
192.98368,8.9752,0.195905
192.98399,8.9828,0.196801
192.98424,8.9705,0.196801
192.98455,8.9818,0.196321
192.98486,8.9801,0.196009
192.98517,8.9744,0.195825
192.98548,8.9695,0.197009
192.98574,8.9725,0.197009
192.98605,8.9762,0.197905
192.98636,8.9705,0.195321
192.98666,8.9705,0.195217
192.98698,8.9695,0.196721
192.98729,8.9744,0.196513
192.98754,8.9885,0.196513
192.98785,8.9725,0.193529
192.98816,8.9715,0.196721
192.98847,8.9781,0.199601
192.98878,8.9801,0.196721
192.98909,8.9838,0.195009
192.98934,8.9734,0.195009
192.98965,8.9631,0.193713
192.98996,8.9771,0.195217
192.99027,8.9848,0.196721
192.99058,8.9725,0.196513
192.99089,8.9762,0.195113
192.99114,8.9828,0.195113
192.99145,8.9791,0.195321
192.99176,8.9754,0.193817
192.99207,8.9781,0.194609
192.99238,8.9695,0.193129
192.99264,8.9744,0.193129
192.99295,8.9705,0.197009
192.99326,8.9818,0.197113
192.99357,8.9688,0.193713
192.99388,8.9715,0.199705
192.99419,8.9762,0.196217
192.99444,8.9744,0.196217
192.99475,8.9725,0.194921
192.99506,8.9734,0.195009
192.99537,8.9695,0.196321
192.99568,8.9725,0.194217
192.99599,8.9744,0.195009
192.99624,8.9639,0.195009
192.99655,8.9734,0.195321
192.99686,8.9734,0.196513
192.99717,8.9818,0.191921
192.99748,8.9678,0.193529
192.99773,8.9744,0.193529
192.99805,8.9715,0.194425
192.99836,8.9705,0.193529
192.99867,8.9818,0.198201
192.99897,8.9818,0.197513
192.99929,8.9715,0.196801
192.99954,8.9688,0.196801
192.99985,8.9678,0.196009
193.00016,8.9771,0.195721
193.00047,8.9705,0.196513
193.00078,8.9688,0.198113
193.00109,8.9641,0.196721
193.00134,8.9705,0.196721
193.00165,8.9791,0.198409
193.00196,8.9678,0.197009
193.00227,8.9695,0.196905
193.00258,8.9762,0.198905
193.00283,8.9752,0.198905
193.00314,8.9752,0.197217
193.00345,8.9744,0.198905
193.00376,8.9715,0.199201
193.00407,8.9688,0.201497
193.00438,8.9801,0.199305
193.00463,8.9734,0.199305
193.00494,8.9809,0.199513
193.00525,8.9697,0.200705
193.00556,8.9762,0.200409
193.00587,8.9801,0.206081
193.00618,8.9752,0.198801
193.00644,8.9725,0.198801
193.00675,8.9705,0.199601
193.00706,8.9725,0.200097
193.00736,8.9705,0.201785
193.00768,8.9705,0.201497
193.00799,8.9688,0.201889
193.00824,8.9658,0.201889
193.00855,8.9809,0.202201
193.00886,8.9762,0.201993
193.00917,8.9725,0.201993
193.00948,8.9705,0.202993
193.00974,8.9678,0.202993
193.01004,8.9678,0.203105
193.01035,8.9715,0.204001
193.01066,8.9762,0.201993
193.01097,8.9695,0.202393
193.01128,8.9725,0.202393
193.01154,8.9818,0.202393
193.01185,8.9668,0.201809
193.01216,8.9771,0.201785
193.01247,8.9678,0.203897
193.01278,8.9781,0.204081
193.01309,8.9734,0.201497
193.01334,8.9809,0.201497
193.01365,8.9705,0.202289
193.01396,8.9762,0.192233
193.01427,8.9678,0.192921
193.01458,8.9818,0.193321
193.01483,8.9695,0.193321
193.01515,8.9771,0.175169
193.01546,8.9895,0.107673
193.01577,8.9885,0.106489
193.01608,8.9818,0.106969
193.01638,8.9914,0.101985
193.01664,8.9865,0.101985
193.01695,8.9818,0.102089
193.01726,8.9885,0.082041
193.01757,8.9875,0.081857
193.01788,8.9914,0.080353
193.01819,8.9885,0.079849
193.01844,8.9904,0.079849
193.01875,8.9932,0.082649
193.01906,8.9818,0.081457
193.01937,8.9828,0.083145
193.01968,8.9848,0.081353
193.01999,8.9885,0.082649
193.02024,8.9828,0.082649
193.02055,8.9932,0.084441
193.02086,8.9809,0.083937
193.02117,8.9857,0.083833
193.02148,8.9875,0.085233
193.02174,8.9895,0.085233
193.02205,8.9865,0.083441
193.02236,8.9838,0.083145
193.02266,8.9848,0.084145
193.02298,8.9857,0.082937
193.02329,8.9895,0.082937
193.02354,8.9781,0.082937
193.02385,8.9801,0.084441
193.02416,8.9932,0.084041
193.02447,8.9932,0.083649
193.02478,8.9818,0.082937
193.02509,8.9857,0.083145
193.02534,8.9838,0.083145
193.02565,8.9885,0.083649
193.02596,8.9951,0.083145
193.02627,8.9885,0.082041
193.02658,8.9922,0.083649
193.02684,8.9922,0.083649
193.02715,8.9801,0.081641
193.02745,8.9838,0.084337
193.02777,8.9922,0.082249
193.02808,8.9971,0.083833
193.02839,8.9895,0.082753
193.02864,8.9885,0.082753
193.02895,8.9865,0.083937
193.02926,8.9932,0.082441
193.02957,8.9895,0.083649
193.02988,8.9809,0.082937
193.03019,8.9904,0.083353
193.03044,8.9818,0.083353
193.03075,8.9941,0.083041
193.03106,8.9875,0.063209
193.03137,8.9941,0.062913
193.03168,8.9904,0.062313
193.03193,8.9895,0.062313
193.03224,9.0084,0.062097
193.03255,8.9914,0.063105
193.03286,8.9904,0.063705
193.03317,8.9979,0.061409
193.03348,8.9932,0.062417
193.03374,9.0008,0.062417
193.03405,8.9875,0.061601
193.03436,8.9922,0.062913
193.03467,8.9932,0.061913
193.03498,8.9885,0.063393
193.03528,8.9865,0.062809
193.03554,8.9895,0.062809
193.03585,8.9988,0.062601
193.03616,8.9988,0.062313
193.03647,8.9988,0.062017
193.03678,8.9838,0.062913
193.03709,8.9857,0.063897
193.03734,8.9865,0.063897
193.03765,8.9979,0.063105
193.03796,8.9971,0.062497
193.03827,8.9771,0.062809
193.03858,8.9895,0.062601
193.03883,9.0018,0.062601
193.03915,8.9961,0.060617
193.03946,8.9932,0.061705
193.03976,8.9914,0.061705
193.04007,8.9979,0.062913
193.04039,8.9961,0.061705
193.04064,8.9914,0.061705
193.04095,8.9885,0.062913
193.04126,8.9895,0.061913
193.04157,8.9951,0.062705
193.04188,8.9961,0.062097
193.04213,9.0008,0.062097
193.04244,8.9865,0.062313
193.04275,8.9895,0.063001
193.04306,8.9988,0.063601
193.04337,8.9781,0.061913
193.04368,8.9875,0.061513
193.04393,8.9914,0.061513
193.04424,8.9961,0.061993
193.04455,8.9941,0.061305
193.04487,8.9875,0.035697
193.04518,9.0018,0.002593
193.04737,8.9971,0.002385
193.04913,9.0055,0.000385
193.05089,8.9961,0.001673
193.05265,8.9988,0.001985
193.05441,8.9988,0.000881
193.05616,8.9998,0.002489
193.05792,9.0027,0.001193
193.05968,9.0008,0.001777
193.05987,8.9941,0.001881
193.06013,8.9941,0.001881
193.06044,9.0064,0.002177
193.06075,9.0074,0.001673
193.06106,9.0035,0.001697
193.06137,9.0027,0.001489
193.06167,8.9998,0.002281
193.06193,8.9988,0.002281
193.06224,8.9998,0.001593
193.06255,9.0027,0.000985
193.06286,8.9971,0.002777
193.06317,8.9951,0.000881
193.06348,8.9979,0.000881
193.06373,8.9998,0.000881
193.06404,8.9988,0.000881
193.06435,8.9979,0.002777
193.06466,8.9979,0.001985
193.06497,9.0008,0.001673
193.06528,8.9998,0.000881
193.06554,8.9961,0.000881
193.06584,9.0027,0.002177
193.06615,8.9979,0.001777
193.06646,8.9998,0.000489
193.06677,8.9988,0.001193
193.06703,8.9932,0.001193
193.06734,9.0027,0.000881
193.06765,9.0055,0.001673
193.06796,8.9914,0.001673
193.06827,8.9961,0.001489
193.06858,8.9951,0.001985
193.06883,8.9998,0.001985
193.06914,8.9998,0.002089
193.06945,8.9932,0.001777
193.06976,9.0074,0.001881
193.07007,9.0008,0.002281
193.07038,8.9941,0.003385
193.07063,8.9988,0.003385
193.07094,8.9951,0.001673
193.07125,8.9941,0.001089
193.07156,9.0008,0.001881
193.07187,9.0018,0.001777
193.07213,8.9988,0.001777
193.07244,8.9961,0.000881
193.07274,8.9979,0.001193
193.07306,8.9904,0.002089
193.07337,9.0008,0.001985
193.07368,9.0055,0.001089
193.07393,9.0055,0.001089
193.07424,8.9951,0.001673
193.07455,8.9998,0.001881
193.07486,8.9979,0.001881
193.07517,9.0045,0.002089
193.07548,9.0045,0.001281
193.07573,8.9979,0.001281
193.07604,9.0027,0.001489
193.07635,8.9979,0.002593
193.07666,9.0018,0.001985
193.07697,8.9988,0.001489
193.07723,8.9961,0.001489
193.07753,8.9971,0.001777
193.07785,8.9998,0.002489
193.07816,8.9941,0.001281
193.07847,9.0064,0.002177
193.07877,8.9961,0.001881
193.07903,9.0027,0.001881
193.07934,8.9971,0.001985
193.07965,9.0008,0.001281
193.07996,8.9961,0.001281
193.08027,8.9971,0.001281
193.08058,8.9951,0.001593
193.08083,8.9998,0.001593
193.08114,9.0008,0.000593
193.08145,8.9971,0.002177
193.08176,8.9979,0.001193
193.08207,9.0084,0.001193
193.08238,9.0045,0.001593
193.08263,9.0008,0.001593
193.08295,9.0018,0.001089
193.08326,9.0008,0.002385
193.08357,8.9979,0.002777
193.08388,8.9979,0.002089
193.08413,9.0027,0.002089
193.08444,9.0084,0.001193
193.08475,9.0008,0.002177
193.08506,8.9979,0.001385
193.08537,9.0018,0.001593
193.08568,8.9961,0.000089
193.08593,9.0027,0.000089
193.08624,9.0008,0.001281
193.08655,9.0008,-0.000399
193.08686,9.0008,0.000297
193.08717,9.0018,0.001385
193.08748,8.9971,0.002281
193.08773,9.0064,0.002281
193.08804,8.9932,0.001985
193.08835,8.9998,0.003177
193.08866,8.9979,0.000881
193.08898,8.9979,0.001881
193.08923,9.0035,0.001881
193.08954,8.9961,0.001777
193.08985,9.0035,0.000985
193.09016,8.9979,0.000985
193.09047,9.0027,0.001489
193.09072,9.0018,0.001489
193.09103,8.9951,0.002177
193.09134,8.9998,0.002089
193.09165,8.9971,0.001673
193.09196,8.9971,0.001281
193.09227,8.9998,0.001281
193.09253,9.0055,0.001281
193.09283,9.0008,0.000489
193.09314,8.9941,0.002673
193.09345,8.9988,0.002089
193.09376,9.0064,0.001489
193.09407,9.0008,0.001881
193.09433,8.9998,0.001881
193.09464,8.9988,0.001489
193.09495,8.9951,0.001489
193.09526,8.9951,0.002281
193.09557,8.9998,0.000777
193.09582,9.0027,0.000777
193.09613,8.9988,0.001985
193.09644,8.9979,0.001673
193.09675,9.0018,0.001489
193.09706,9.0018,0.000985
193.09737,9.0008,0.001281
193.09762,8.9932,0.001281
193.09793,9.0148,0.001593
193.09824,9.0045,0.002089
193.09855,9.0064,0.001777
193.09886,9.0018,0.001777
193.09917,8.9998,0.001985
193.09942,9.0008,0.001985
193.09973,8.9988,0.000193
193.10004,8.9951,0.001089
193.10035,8.9941,0.002089
193.10066,8.9979,0.002281
193.10098,9.0064,0.000697
193.10123,8.9979,0.000697
193.10154,8.9971,0.001281
193.10185,8.9914,0.001673
193.10216,9.0084,0.001089
193.10247,9.0074,0.001385
193.10272,9.0008,0.001385
193.10303,9.0008,0.000697
193.10334,8.9941,0.001489
193.10365,8.9988,0.001593
193.10396,9.0027,0.001489
193.10427,8.9988,0.000881
193.10452,8.9971,0.000881
193.10483,8.9988,0.001697
193.10514,8.9988,0.001777
193.10545,9.0027,0.000697
193.10576,8.9941,0.001281
193.10607,8.9998,0.001385
193.10633,9.0064,0.001385
193.10664,8.9988,0.001881
193.10695,8.9998,0.000697
193.10726,9.0008,0.001193
193.10757,8.9988,0.001881
193.10782,8.9988,0.001881
193.10813,9.0055,0.000297
193.10844,9.0027,0.000593
193.10875,9.0008,0.000297
193.10906,8.9951,0.001673
193.10937,9.0018,0.001881
193.10962,9.0035,0.001881
193.10993,8.9971,0.001281
193.11024,8.9971,0.001881
193.11055,8.9979,0.001089
193.11086,8.9979,0.000985
193.11117,9.0027,0.000881
193.11142,9.0035,0.000881
193.11173,8.9914,0.000385
193.11204,9.0018,0.002385
193.11235,8.9961,0.001089
193.11266,9.0008,0.001881
193.11298,9.0045,0.001089
193.11323,9.0035,0.001089
193.11354,8.9988,0.001385
193.11385,8.9988,0.000697
193.11416,8.9914,0.001281
193.11447,9.0027,0.001489
193.11472,8.9998,0.001489
193.11503,9.0008,0.001281
193.11534,8.9979,0.001777
193.11565,9.0027,0.001193
193.11596,9.0018,0.000985
193.11627,8.9914,0.001673
193.11652,8.9932,0.001673
193.11683,9.0064,0.001489
193.11714,9.0092,0.000697
193.11745,9.0027,0.000801
193.11776,8.9951,0.001193
193.11807,9.0035,0.001089
193.11832,8.9941,0.001089
193.11863,8.9971,0.001593
193.11895,8.9951,0.000697
193.11926,9.0027,0.000881
193.11956,9.0045,0.001673
193.11988,8.9979,0.000881
193.12013,9.0027,0.000881
193.12044,8.9979,0.000881
193.12075,8.9998,0.001385
193.12106,9.0027,-0.000295
193.12137,9.0035,0.000777
193.12162,8.9941,0.000777
193.12193,8.9979,0.000593
193.12224,9.0035,0.001673
193.12255,8.9998,0.001193
193.12286,8.9998,0.000385
193.12317,9.0027,0.001385
193.12342,8.9971,0.001385
193.12373,9.0055,0.001089
193.12404,9.0045,0.000985
193.12435,8.9971,0.000801
193.12466,8.9941,0.001193
193.12498,8.9979,0.001777
193.12523,8.9988,0.001777
193.12554,8.9971,0.001673
193.12585,8.9988,0.001385
193.12616,9.0008,0.001193
193.12647,9.0055,0.001881
193.12672,9.0055,0.001881
193.12703,8.9941,0.001697
193.12734,9.0008,0.000697
193.12765,8.9988,0.001881
193.12796,9.0018,0.000985
193.12827,8.9932,0.002089
193.12852,9.0027,0.002089
193.12883,8.9998,0.000881
193.12914,9.0027,0.001777
193.12945,8.9941,0.001089
193.12976,9.0084,0.001385
193.13007,8.9971,0.000489
193.13032,8.9979,0.000489
193.13063,8.9951,0.001193
193.13094,8.9951,0.001777
193.13126,9.0027,0.000385
193.13157,8.9979,0.002281
193.13182,9.0064,0.002281
193.13213,8.9988,0.001089
193.13244,9.0045,0.001593
193.13275,8.9998,0.000489
193.13306,8.9979,0.000985
193.13337,8.9998,0.001089
193.13362,8.9998,0.001089
193.13393,9.0064,0.001593
193.13424,8.9951,0.000489
193.13455,8.9941,0.000385
193.13486,8.9998,0.001777
193.13517,8.9971,0.000801
193.13542,9.0027,0.000801
193.13573,9.0055,0.001489
193.13604,8.9932,0.001089
193.13635,8.9988,0.001489
193.13666,8.9979,0.000697
193.13692,9.0055,0.000697
193.13723,8.9998,0.000297
193.13754,8.9961,0.001193
193.13785,8.9922,0.002385
193.13816,8.9998,0.001089
193.13847,9.0084,-0.000511
193.13872,9.0045,-0.000511
193.13903,9.0045,0.001385
193.13934,9.0008,0.001489
193.13965,9.0027,0.000593
193.13996,8.9961,0.000593
193.14027,8.9951,0.000593
193.14052,9.0018,0.000593
193.14083,9.0027,0.000489
193.14114,8.9971,0.000593
193.14145,8.9971,0.000801
193.14176,9.0074,0.000593
193.14207,8.9941,0.002177
193.14232,8.9971,0.002177
193.14264,8.9941,0.001089
193.14295,8.9961,0.001281
193.14326,8.9922,0.001089
193.14357,8.9914,0.000985
193.14382,8.9998,0.000985
193.14413,8.9988,0.000881
193.14444,8.9971,0.000489
193.14475,8.9988,0.001089
193.14506,8.9998,0.000777
193.14537,9.0035,0.000697
193.14562,8.9979,0.000697
193.14593,9.0045,0.000697
193.14624,8.9979,0.000777
193.14655,9.0008,0.000881
193.14686,8.9979,0.001193
193.14717,8.9914,0.001489
193.14742,8.9932,0.001489
193.14773,8.9979,0.001089
193.14804,9.0008,0.000881
193.14835,9.0008,0.001281
193.14866,8.9979,0.001281
193.14892,8.9961,0.001281
193.14923,8.9971,0.000297
193.14954,9.0008,0.001281
193.14985,8.9941,0.001281
193.15016,9.0045,0.001089
193.15047,8.9961,0.000985
193.15072,9.0035,0.000985
193.15103,8.9922,0.000985
193.15134,9.0035,0.000489
193.15165,8.9932,0.000881
193.15196,8.9941,0.000777
193.15227,9.0027,0.001593
193.15252,9.0008,0.001593
193.15283,8.9951,0.001489
193.15314,9.0055,0.000777
193.15345,8.9988,0.001281
193.15376,9.0008,0.001089
193.15407,9.0008,0.000985
193.15432,8.9998,0.000985
193.15463,8.9971,0.000985
193.15495,9.0008,0.001777
193.15526,8.9998,0.002281
193.15557,8.9979,0.000697
193.15582,8.9951,0.000697
193.15613,8.9961,0.000985
193.15644,8.9932,0.002089
193.15675,8.9988,0.000297
193.15706,9.0008,-0.000111
193.15737,8.9885,0.001089
193.15762,8.9988,0.001089
193.15793,8.9988,0.001385
193.15824,8.9885,0.001385
193.15855,8.9971,0.000089
193.15886,8.9988,0.000697
193.15917,8.9961,0.000489
193.15942,8.9961,0.000489
193.15973,8.9998,0.001089
193.16004,8.9979,0.000089
193.16035,8.9979,-0.000295
193.16066,9.0035,0.000489
193.16092,8.9998,0.000489
193.16123,8.9904,0.000881
193.16154,9.0008,0.000089
193.16185,8.9941,0.001193
193.16216,9.0045,0.001385
193.16247,8.9998,0.001385
193.16272,9.0084,0.001385
193.16303,8.9988,0.001281
193.16334,8.9971,0.000297
193.16365,8.9961,0.001673
193.16396,8.9998,0.000593
193.16427,9.0045,0.001089
193.16452,8.9971,0.001089
193.16483,9.0035,0.000697
193.16514,9.0018,0.000697
193.16545,8.9961,0.001193
193.16576,9.0027,0.001385
193.16601,8.9971,0.001385
193.16632,8.9961,0.001193
193.16663,8.9998,0.001673
193.16695,9.0008,0.000385
193.16726,9.0008,0.000777
193.16757,8.9971,0.000593
193.16782,8.9895,0.000593
193.16813,8.9979,0.000777
193.16844,9.0027,-0.000007
193.16875,8.9932,0.001281
193.16906,8.9951,0.000777
193.16937,8.9979,0.001673
193.16962,8.9988,0.001673
193.16993,8.9979,0.000489
193.17024,9.0008,0.000193
193.17055,9.0092,0.001281
193.17086,8.9988,0.001385
193.17117,8.9951,0.001281
193.17142,9.0045,0.001281
193.17173,9.0027,0.001193
193.17204,8.9932,-0.000295
193.17235,9.0018,0.001673
193.17266,9.0027,0.000697
193.17291,8.9951,0.000697
193.17323,8.9941,0.000593
193.17353,9.0008,0.000385
193.17385,8.9979,0.001385
193.17416,9.0027,0.000985
193.17447,9.0018,0.000697
193.17472,8.9998,0.000697
193.17503,9.0035,0.000881
193.17534,9.0064,0.001281
193.17565,8.9932,0.001193
193.17596,8.9848,0.000297
193.17627,8.9988,0.000801
193.17652,8.9941,0.000801
193.17683,8.9951,0.001489
193.17714,9.0008,0.000777
193.17745,9.0035,0.000193
193.17776,8.9988,0.001281
193.17807,8.9971,0.001489
193.17832,8.9951,0.001489
193.17863,8.9979,0.001385
193.17894,8.9979,0.000881
193.17925,8.9951,0.000697
193.17956,8.9979,0.001281
193.17981,8.9988,0.001281
193.18012,9.0008,0.000881
193.18043,8.9979,-0.000191
193.18074,8.9979,0.001881
193.18105,8.9922,0.001385
193.18136,8.9988,0.000881
193.18162,9.0018,0.000881
193.18193,9.0064,0.000593
193.18224,8.9971,0.000593
193.18255,8.9961,0.000985
193.18286,9.0045,0.000777
193.18316,8.9961,0.000881
193.18342,9.0018,0.000881
193.18373,8.9988,0.000089
193.18404,8.9971,0.001193
193.18435,9.0018,0.001193
193.18466,8.9971,0.000193
193.18491,8.9971,0.000193
193.18522,9.0008,0.001089
193.18553,8.9961,0.000297
193.18584,9.0045,0.000297
193.18615,8.9941,-0.000007
193.18646,8.9941,0.001777
193.18671,8.9979,0.001777
193.18702,8.9979,0.000985
193.18733,8.9971,0.000697
193.18764,8.9988,0.000593
193.18795,8.9979,0.000489
193.18826,8.9961,0.000881
193.18852,8.9941,0.000881
193.18883,8.9971,0.000881
193.18913,8.9979,0.000881
193.18944,9.0027,0.001881
193.18975,9.0045,0.000193
193.19006,9.0045,0.000881
193.19032,9.0027,0.000881
193.19063,8.9998,0.000697
193.19094,8.9914,0.000881
193.19125,8.9988,0.000881
193.19156,9.0018,0.000489
193.19181,9.0018,0.000489
193.19212,9.0008,0.000297
193.19243,8.9988,0.000489
193.19274,9.0018,0.001777
193.19305,8.9971,0.000881
193.19336,8.9961,0.000881
193.19361,8.9988,0.000881
193.19392,8.9998,0.000193
193.19423,8.9875,0.000385
193.19454,8.9951,0.000697
193.19485,9.0018,0.000985
193.19516,9.0045,0.000489
193.19541,8.9971,0.000489
193.19572,9.0035,0.000697
193.19603,9.0035,-0.000007
193.19634,9.0045,0.000985
193.19665,8.9951,0.000777
193.19691,8.9961,0.000777
193.19722,8.9941,0.001089
193.19753,8.9961,0.000193
193.19784,9.0027,0.000193
193.19815,9.0027,0.001489
193.19846,9.0018,0.001281
193.19871,9.0008,0.001281
193.19902,9.0045,0.000697
193.19933,9.0027,0.000697
193.19964,8.9979,0.000777
193.19995,8.9998,0.001281
193.20026,8.9951,0.000697
193.20051,8.9979,0.000697
193.20082,8.9961,0.000297
193.20113,8.9988,0.001281
193.20144,8.9988,0.000593
193.20175,9.0064,0.000297
193.20206,8.9979,0.000881
193.20231,9.0064,0.000881
193.20262,8.9988,0.000193
193.20294,8.9971,0.000385
193.20325,9.0027,0.000777
193.20356,8.9988,-0.000295
193.20381,8.9951,-0.000295
193.20412,9.0035,0.000777
193.20443,8.9961,0.000297
193.20474,9.0064,0.000089
193.20505,8.9951,0.001281
193.20536,8.9941,0.000697
193.20561,9.0027,0.000697
193.20592,9.0008,0.000593
193.20623,8.9988,0.000777
193.20654,9.0008,-0.000111
193.20685,9.0045,0.000697
193.20716,8.9998,0.001593
193.20741,9.0008,0.001593
193.20772,9.0035,0.001089
193.20803,9.0018,0.000697
193.20834,9.0008,0.000697
193.20865,9.0092,0.000881
193.20891,8.9914,0.000881
193.20922,8.9951,0.001193
193.20953,8.9932,0.000985
193.20984,8.9998,0.001777
193.21015,8.9979,-0.000111
193.21046,9.0035,0.000193
193.21071,8.9951,0.000193
193.21102,8.9979,0.000385
193.21133,8.9998,0.001489
193.21164,9.0035,0.001385
193.21195,9.0018,0.001385
193.21226,8.9961,0.000881
193.21251,9.0018,0.000881
193.21282,9.0027,0.000881
193.21313,9.0008,0.000489
193.21344,8.9922,0.000089
193.21375,9.0018,0.001193
193.21406,8.9971,0.000697
193.21432,9.0092,0.000697
193.21463,9.0027,0.001281
193.21494,8.9971,0.001193
193.21525,8.9998,0.000881
193.21556,8.9932,0.000801
193.21581,9.0035,0.000801
193.21612,8.9988,-0.000191
193.21643,8.9951,0.000881
193.21674,8.9988,0.001193
193.21705,8.9979,0.000697
193.21736,9.0008,0.000593
193.21761,9.0045,0.000593
193.21792,8.9971,0.000489
193.21823,8.9971,0.000881
193.21854,8.9979,0.000697
193.21885,9.0131,0.000089
193.21916,8.9971,0.000697
193.21941,9.0027,0.000697
193.21972,8.9904,0.000697
193.22003,9.0018,0.000593
193.22034,8.9971,0.000881
193.22066,8.9932,0.000777
193.22091,8.9961,0.000777
193.22122,9.0027,0.000593
193.22153,8.9932,0.000297
193.22184,9.0045,-0.000511
193.22215,9.0008,0.001089
193.22246,8.9988,0.000385
193.22271,8.9951,0.000385
193.22302,9.0074,0.000801
193.22333,9.0035,0.000593
193.22364,9.0045,0.001089
193.22395,9.0027,0.000777
193.22426,9.0018,0.002089
193.22451,9.0018,0.002089
193.22482,9.0008,-0.000007
193.22513,8.9904,0.000297
193.22544,8.9979,-0.000511
193.22575,9.0074,0.001193
193.22600,9.0018,0.001193
193.22631,8.9979,0.000881
193.22663,8.9979,-0.000111
193.22694,8.9988,0.000593
193.22725,8.9979,0.000593
193.22756,8.9979,-0.000111
193.22781,8.9941,-0.000111
193.22812,8.9971,0.000697
193.22843,9.0018,0.001281
193.22874,9.0008,0.001385
193.22905,9.0035,0.000593
193.22936,9.0018,0.000881
193.22961,9.0008,0.000881
193.22992,9.0027,0.001489
193.23023,9.0027,0.000385
193.23054,9.0045,0.000385
193.23085,9.0027,0.000801
193.23110,9.0018,0.000801
193.23141,8.9961,0.001593
193.23172,8.9951,0.001193
193.23203,9.0027,0.001281
193.23234,9.0018,0.000193
193.23266,9.0008,0.001281
193.23291,9.0027,0.001281
193.23322,9.0055,0.000193
193.23353,9.0018,-0.000007
193.23384,9.0008,0.000593
193.23415,9.0035,0.000697
193.23440,9.0035,0.000697
193.23471,8.9988,0.000593
193.23502,8.9904,0.000385
193.23533,9.0027,0.001089
193.23564,8.9941,0.000985
193.23595,9.0018,0.001193
193.23621,8.9998,0.001193
193.23652,9.0018,0.000297
193.23682,8.9941,0.001089
193.23714,8.9951,0.001089
193.23744,8.9998,-0.000295
193.23775,9.0018,0.000697
193.23801,9.0055,0.000697
193.23832,8.9971,0.000697
193.23863,9.0008,-0.000191
193.23894,9.0035,0.000593
193.23925,8.9998,0.000777
193.23956,8.9961,0.000385
193.23981,8.9941,0.000385
193.24012,9.0027,0.000697
193.24043,9.0055,0.000385
193.24074,8.9971,-0.000399
193.24105,8.9971,-0.000903
193.24130,8.9951,-0.000903
193.24161,9.0008,0.001089
193.24192,9.0008,0.000697
193.24223,8.9951,-0.000007
193.24254,8.9979,0.000881
193.24285,8.9951,0.001281
193.24310,8.9971,0.001281
193.24341,9.0045,0.000985
193.24372,8.9914,0.000385
193.24403,8.9979,0.000593
193.24434,8.9951,0.001489
193.24465,9.0035,-0.000007
193.24491,9.0045,-0.000007
193.24522,8.9961,0.000697
193.24553,8.9998,0.001193
193.24584,8.9971,0.000385
193.24615,9.0008,-0.000111
193.24640,8.9961,-0.000111
193.24671,8.9951,0.000697
193.24702,8.9971,0.000089
193.24733,8.9988,0.001089
193.24764,9.0074,0.000385
193.24795,9.0018,0.000593
193.24820,8.9971,0.000593
193.24851,8.9979,0.000489
193.24882,9.0027,0.000985
193.24913,9.0008,-0.000111
193.24944,8.9971,0.000489
193.24975,8.9951,0.000489
193.25001,9.0027,0.000489
193.25032,8.9971,0.000489
193.25063,8.9988,0.001385
193.25094,8.9979,0.000089
193.25125,8.9971,0.000881
193.25150,9.0084,0.000881
193.25181,8.9971,0.000697
193.25212,8.9951,0.000385
193.25243,8.9979,0.000193
193.25274,8.9961,0.000985
193.25305,8.9932,0.001281
193.25330,9.0027,0.001281
193.25361,9.0055,0.000089
193.25392,8.9979,0.000193
193.25423,8.9971,0.001193
193.25454,9.0008,0.000489
193.25485,8.9895,0.000089
193.25511,8.9961,0.000089
193.25542,8.9951,-0.000007
193.25572,9.0018,0.000881
193.25603,8.9998,-0.000007
193.25635,9.0008,0.000697
193.25666,8.9961,0.000385
193.25691,8.9961,0.000385
193.25722,9.0102,0.000489
193.25753,9.0027,0.000489
193.25784,9.0102,0.000777
193.25815,8.9961,-0.000111
193.25841,8.9988,-0.000111
193.25871,9.0018,0.000985
193.25902,9.0064,0.000193
193.25933,9.0092,0.000193
193.25964,8.9922,-0.000191
193.25995,8.9922,0.001193
193.26021,9.0018,0.001193
193.26051,8.9961,0.001385
193.26083,8.9971,0.001089
193.26114,9.0045,0.001089
193.26145,8.9922,0.000801
193.26175,8.9961,0.001281
193.26201,8.9998,0.001281
193.26232,9.0018,0.000297
193.26263,9.0008,0.000385
193.26294,8.9961,0.000777
193.26325,9.0027,0.000489
193.26350,8.9971,0.000489
193.26381,8.9998,0.000697
193.26412,8.9914,0.000985
193.26443,9.0064,0.000881
193.26474,9.0008,0.000193
193.26505,9.0055,0.000193
193.26530,9.0008,0.000193
193.26561,8.9922,0.000385
193.26592,9.0027,0.000697
193.26623,8.9951,0.001385
193.26654,8.9951,0.000297
193.26685,8.9951,0.000801
193.26711,8.9951,0.000801
193.26742,8.9941,0.001193
193.26773,9.0008,0.000801
193.26804,9.0008,-0.000615
193.26834,9.0018,0.000593
193.26860,8.9971,0.000593
193.26891,8.9979,0.000593
193.26922,9.0064,0.000881
193.26953,8.9951,-0.000007
193.26984,8.9988,0.000985
193.27015,8.9932,0.000881
193.27041,9.0045,0.000881
193.27072,9.0018,0.001281
193.27102,8.9998,0.001593
193.27133,8.9971,0.000297
193.27164,8.9988,0.000593
193.27195,9.0018,0.000489
193.27221,8.9988,0.000489
193.27252,8.9998,0.000193
193.27283,9.0008,0.001193
193.27313,8.9988,0.000385
193.27345,8.9971,0.001089
193.27370,9.0027,0.001089
193.27401,8.9979,0.000297
193.27432,9.0035,0.001489
193.27463,8.9932,0.000385
193.27494,9.0045,0.000297
193.27525,9.0018,0.000089
193.27550,8.9875,0.000089
193.27581,8.9961,0.000489
193.27612,9.0027,-0.000007
193.27643,9.0055,-0.000399
193.27674,9.0027,0.001089
193.27705,9.0027,0.000385
193.27730,9.0008,0.000385
193.27761,9.0035,0.001281
193.27792,9.0008,-0.000007
193.27823,8.9971,0.000697
193.27854,9.0027,0.000801
193.27885,8.9998,0.000297
193.27910,9.0045,0.000297
193.27941,8.9951,-0.000111
193.27972,8.9988,0.000297
193.28003,8.9932,0.000985
193.28034,8.9941,-0.000007
193.28060,9.0027,-0.000007
193.28091,8.9971,0.000985
193.28122,8.9961,0.001089
193.28153,8.9988,0.000193
193.28184,9.0027,-0.000191
193.28215,8.9998,0.000193
193.28240,8.9875,0.000193
193.28271,8.9988,0.000985
193.28302,8.9961,0.000489
193.28333,9.0027,0.000881
193.28364,8.9971,-0.000399
193.28395,8.9951,0.000297
193.28420,8.9961,0.000297
193.28452,9.0008,0.000985
193.28482,9.0064,-0.000295
193.28513,8.9998,0.000193
193.28544,8.9951,0.000489
193.28570,8.9988,0.000489
193.28601,8.9979,0.000385
193.28632,8.9988,0.000985
193.28663,9.0027,0.000297
193.28694,8.9941,0.000697
193.28725,8.9979,0.000489
193.28750,8.9998,0.000489
193.28781,9.0045,0.000985
193.28812,9.0027,-0.000111
193.28843,8.9979,0.000697
193.28874,8.9961,-0.001095
193.28905,8.9922,0.000489
193.28930,8.9951,0.000489
193.28961,9.0018,0.000385
193.28992,8.9998,0.000297
193.29023,9.0008,0.001089
193.29054,8.9941,0.000593
193.29080,8.9979,0.000593
193.29111,8.9979,0.000489
193.29142,8.9971,0.000777
193.29173,9.0008,0.000593
193.29203,8.9932,-0.000111
193.29235,9.0008,0.000385
193.29260,8.9885,0.000385
193.29291,8.9988,0.000593
193.29322,9.0008,-0.000111
193.29353,9.0045,0.000385
193.29384,8.9971,-0.000007
193.29415,9.0035,0.001089
193.29440,8.9951,0.001089
193.29471,9.0045,0.001881
193.29502,8.9961,0.000777
193.29533,8.9961,-0.000295
193.29564,9.0027,0.000881
193.29590,8.9951,0.000881
193.29621,8.9979,0.001089
193.29651,9.0055,0.001385
193.29682,9.0027,0.000193
193.29714,8.9988,-0.000111
193.29745,8.9932,-0.000007
193.29770,8.9988,-0.000007
193.29801,9.0018,0.000489
193.29832,9.0008,0.000697
193.29863,8.9932,0.000593
193.29894,9.0035,0.000297
193.29919,9.0008,0.000297
193.29950,9.0008,0.000881
193.29981,8.9998,0.000193
193.30012,9.0008,0.000777
193.30043,8.9998,0.000593
193.30074,8.9998,-0.000007
193.30100,8.9971,-0.000007
193.30130,8.9988,-0.000007
193.30162,8.9961,0.000193
193.30193,9.0064,0.001193
193.30224,8.9988,0.000089
193.30255,9.0055,0.000697
193.30280,9.0008,0.000697
193.30311,8.9904,0.000193
193.30342,9.0027,0.001089
193.30373,8.9979,-0.000399
193.30404,8.9971,0.000489
193.30435,8.9961,-0.000191
193.30460,9.0018,-0.000191
193.30491,9.0027,0.001089
193.30523,9.0045,-0.000191
193.30554,9.0035,0.000297
193.30585,8.9979,0.000881
193.30610,9.0008,0.000881
193.30641,9.0035,0.000985
193.30672,9.0074,0.000385
193.30703,8.9961,0.000697
193.30734,8.9979,0.001193
193.30765,8.9961,0.000593
193.30790,9.0008,0.000593
193.30821,8.9998,0.000881
193.30852,9.0064,0.000297
193.30883,8.9941,0.000489
193.30914,8.9998,0.001281
193.30945,9.0074,0.000297
193.30970,8.9971,0.000297
193.31001,8.9988,0.000089
193.31032,8.9998,0.001489
193.31063,8.9961,0.000881
193.31094,8.9998,0.000193
193.31120,9.0084,0.000193
193.31151,8.9988,0.000489
193.31182,9.0008,0.000697
193.31213,9.0045,0.000697
193.31244,8.9998,0.001593
193.31275,8.9961,-0.000007
193.31300,8.9932,-0.000007
193.31331,8.9998,0.000489
193.31362,8.9998,0.000881
193.31393,9.0008,0.000881
193.31424,9.0018,0.000297
193.31455,9.0008,0.000697
193.31480,9.0045,0.000697
193.31511,8.9941,0.000489
193.31542,9.0045,-0.000295
193.31573,9.0008,0.000697
193.31604,9.0045,0.000089
193.31635,8.9998,0.001673
193.31660,8.9988,0.001673
193.31692,9.0018,0.000489
193.31723,8.9904,0.000985
193.31754,9.0018,0.000593
193.31785,9.0018,0.000881
193.31810,8.9998,0.000881
193.31841,8.9998,0.000193
193.31872,9.0035,-0.000111
193.31903,8.9998,0.000193
193.31934,8.9998,0.000697
193.31965,9.0035,-0.000111
193.31990,8.9998,-0.000111
193.32021,8.9941,0.000777
193.32052,8.9951,-0.000111
193.32083,8.9914,0.001089
193.32114,9.0027,0.000489
193.32139,9.0027,0.000489
193.32170,8.9998,0.000297
193.32201,8.9988,0.000697
193.32232,8.9988,0.000489
193.32263,8.9988,0.000777
193.32295,9.0027,0.000193
193.32320,8.9895,0.000193
193.32351,9.0084,0.001489
193.32382,8.9988,-0.000007
193.32413,9.0008,-0.000007
193.32444,8.9971,0.000193
193.32475,9.0018,0.000801
193.32500,8.9932,0.000801
193.32531,8.9932,0.001489
193.32562,9.0027,0.000593
193.32593,8.9951,0.000489
193.32624,8.9988,-0.000007
193.32649,9.0018,-0.000007
193.32680,8.9951,0.001089
193.32711,8.9951,-0.000295
193.32742,8.9998,0.001089
193.32773,9.0018,0.000297
193.32804,8.9988,0.000593
193.32829,9.0018,0.000593
193.32860,8.9961,0.000489
193.32892,9.0035,0.000985
193.32923,8.9979,0.000193
193.32954,8.9998,0.000193
193.32985,9.0027,0.000297
193.33010,8.9998,0.000297
193.33041,9.0018,0.000297
193.33072,9.0027,0.000385
193.33103,9.0008,0.000985
193.33134,9.0035,0.001281
193.33159,8.9961,0.001281
193.33190,9.0045,0.000489
193.33221,9.0084,-0.000511
193.33252,8.9951,0.000089
193.33283,8.9971,0.000777
193.33314,9.0027,0.000777
193.33339,9.0027,0.000777
193.33370,8.9998,0.000697
193.33401,9.0018,-0.000111
193.33432,9.0008,0.000593
193.33463,8.9961,0.000801
193.33495,8.9979,0.001089
193.33520,8.9998,0.001089
193.33551,9.0027,-0.000007
193.33582,8.9922,0.000089
193.33613,8.9988,0.001385
193.33644,8.9988,0.000089
193.33669,8.9988,0.000089
193.33700,8.9979,0.000489
193.33731,8.9988,0.000297
193.33762,8.9941,0.000777
193.33793,9.0027,0.000593
193.33824,8.9998,-0.000111
193.33849,9.0008,-0.000111
193.33880,8.9998,-0.000903
193.33911,8.9922,0.001193
193.33942,8.9971,0.000697
193.33973,9.0027,0.000089
193.34004,8.9988,0.000985
193.34029,9.0035,0.000985
193.34061,8.9951,0.000881
193.34092,8.9971,0.001385
193.34123,9.0092,0.000297
193.34154,9.0035,0.000489
193.34184,9.0008,0.000385
193.34210,8.9988,0.000385
193.34241,9.0045,0.001193
193.34272,8.9988,0.000881
193.34303,8.9979,-0.000007
193.34334,9.0027,0.001089
193.34359,9.0064,0.001089
193.34390,8.9941,0.000297
193.34421,9.0027,0.000297
193.34452,9.0008,0.000193
193.34483,9.0018,0.000193
193.34514,8.9988,0.000489
193.34539,8.9979,0.000489
193.34751,8.9951,0.000193
193.34927,8.9988,0.001193
193.35103,8.9988,0.001089
193.35279,9.0045,0.000489
193.35454,8.9951,0.000593
193.35630,8.9988,0.001593
193.35806,9.0064,0.000193
193.35982,9.0008,0.000489
193.36013,8.9941,0.000489
193.36044,8.9961,0.000985
193.36075,8.9998,0.000697
193.36100,8.9951,0.000697
193.36131,9.0027,-0.000111
193.36162,8.9922,0.000193
193.36193,9.0018,0.000697
193.36224,8.9932,0.001281
193.36255,9.0045,0.000697
193.36280,8.9951,0.000697
193.36311,8.9971,0.000489
193.36342,8.9971,0.000697
193.36373,9.0027,0.000881
193.36404,9.0055,0.000489
193.36435,8.9971,-0.000799
193.36460,9.0027,-0.000799
193.36491,8.9961,0.000985
193.36522,9.0027,0.001089
193.36553,8.9998,0.000697
193.36584,8.9998,0.000985
193.36610,8.9971,0.000985
193.36641,9.0018,-0.000191
193.36672,8.9988,0.000777
193.36703,9.0018,-0.000695
193.36734,8.9988,-0.000399
193.36765,8.9932,0.001673
193.36790,8.9951,0.001673
193.36821,8.9971,0.000593
193.36852,8.9971,0.000297
193.36883,8.9971,0.000697
193.36914,9.0045,0.000697
193.36945,8.9914,0.000777
193.36970,8.9998,0.000777
193.37001,9.0035,0.002281
193.37032,8.9971,0.000593
193.37063,9.0018,0.001385
193.37094,9.0064,0.000193
193.37125,8.9998,-0.000111
193.37150,9.0027,-0.000111
193.37181,9.0055,0.000489
193.37212,8.9914,0.001777
193.37243,8.9971,0.001593
193.37275,9.0084,0.000385
193.37300,8.9971,0.000385
193.37331,9.0008,0.000985
193.37362,8.9988,0.000489
193.37393,8.9988,0.000801
193.37424,9.0008,0.000593
193.37455,8.9971,0.000489
193.37480,9.0008,0.000489
193.37511,9.0008,0.000297
193.37542,9.0027,0.000193
193.37573,8.9922,0.000385
193.37604,9.0008,0.000297
193.37635,8.9961,0.000881
193.37660,8.9998,0.000881
193.37691,9.0018,0.000089
193.37722,9.0008,0.000297
193.37753,8.9904,0.000489
193.37784,8.9971,0.000593
193.37809,8.9848,0.000593
193.37840,8.9988,0.000985
193.37872,9.0018,0.000697
193.37903,8.9998,0.001281
193.37934,8.9971,0.000489
193.37965,8.9988,0.000489
193.37990,9.0008,0.000489
193.38021,8.9961,0.000297
193.38052,9.0084,0.000489
193.38083,9.0008,0.001385
193.38114,9.0018,0.001281
193.38145,8.9988,0.000385
193.38170,8.9988,0.000385
193.38201,9.0035,0.000089
193.38232,9.0018,0.000777
193.38263,8.9998,0.000385
193.38294,8.9971,-0.000007
193.38325,8.9979,0.001193
193.38350,8.9998,0.001193
193.38381,8.9961,0.000777
193.38412,8.9961,-0.001487
193.38443,8.9971,0.000593
193.38474,8.9998,0.000385
193.38500,8.9979,0.000385
193.38531,8.9904,0.000985
193.38562,9.0008,0.000489
193.38593,8.9998,-0.000007
193.38624,8.9971,0.000881
193.38655,8.9998,0.000089
193.38680,8.9941,0.000089
193.38711,8.9951,0.000297
193.38742,9.0008,0.000697
193.38773,9.0027,-0.000111
193.38804,8.9932,0.000593
193.38829,9.0045,0.000593
193.38860,8.9979,0.000297
193.38891,9.0064,-0.000007
193.38922,8.9951,0.001089
193.38953,9.0111,0.000881
193.38984,8.9951,0.000985
193.39010,9.0035,0.000985
193.39040,8.9951,0.000777
193.39072,8.9895,0.001385
193.39103,8.9961,0.001089
193.39134,9.0008,-0.000111
193.39165,8.9951,-0.000695
193.39190,9.0008,-0.000695
193.39221,8.9941,0.000593
193.39252,8.9998,0.000593
193.39283,9.0045,0.000193
193.39314,8.9979,-0.000007
193.39345,9.0064,0.000489
193.39370,8.9971,0.000489
193.39401,9.0045,0.001281
193.39432,9.0055,-0.000007
193.39463,8.9971,0.000777
193.39494,9.0018,0.000193
193.39519,9.0008,0.000193
193.39550,8.9951,0.000697
193.39581,8.9941,0.000089
193.39612,8.9988,0.000297
193.39643,8.9961,0.001593
193.39674,9.0008,0.000297
193.39700,8.9971,0.000297
193.39731,9.0018,-0.000191
193.39762,9.0018,0.000777
193.39793,9.0045,0.000985
193.39824,9.0035,-0.000007
193.39855,9.0074,0.000801
193.39880,8.9988,0.000801
193.39911,8.9979,0.000193
193.39942,8.9988,0.000489
193.39973,8.9988,0.000697
193.40004,9.0035,-0.000111
193.40035,8.9961,0.000193
193.40060,8.9988,0.000193
193.40091,9.0008,0.000489
193.40122,8.9988,0.000881
193.40153,8.9961,-0.000511
193.40184,9.0018,0.000297
193.40209,8.9951,0.000297
193.40240,8.9941,-0.000191
193.40271,9.0027,0.000193
193.40302,8.9951,0.000881
193.40333,8.9875,0.000777
193.40365,8.9941,0.001281
193.40390,9.0027,0.001281
193.40421,8.9988,0.000089
193.40452,8.9988,0.000193
193.40483,8.9988,0.000089
193.40514,8.9941,0.001281
193.40545,8.9979,0.001089
193.40570,9.0018,0.001089
193.40601,9.0027,-0.000191
193.40632,9.0008,0.000489
193.40663,8.9971,0.000385
193.40694,8.9988,0.000297
193.40719,9.0035,0.000297
193.40750,8.9979,0.001489
193.40781,8.9971,-0.000511
193.40812,8.9971,0.000777
193.40843,8.9971,0.001089
193.40874,9.0045,-0.000007
193.40900,8.9998,-0.000007
193.40931,8.9979,0.000193
193.40962,8.9998,0.001281
193.40993,9.0027,0.000593
193.41024,9.0018,-0.000111
193.41049,9.0008,-0.000111
193.41080,9.0018,0.000777
193.41111,9.0055,0.000089
193.41142,9.0027,0.000089
193.41173,9.0008,0.000193
193.41204,8.9998,0.001089
193.41229,8.9932,0.001089
193.41260,8.9998,0.001089
193.41291,9.0035,-0.000511
193.41322,9.0027,0.000193
193.41353,9.0008,0.000297
193.41384,8.9932,0.000489
193.41409,8.9998,0.000489
193.41440,9.0008,0.000193
193.41472,9.0008,-0.000111
193.41503,8.9914,0.000697
193.41534,8.9971,0.001489
193.41559,9.0027,0.001489
193.41590,8.9971,-0.000511
193.41621,8.9971,0.000489
193.41652,9.0055,0.001193
193.41683,9.0008,0.000489
193.41714,8.9988,0.000801
193.41739,8.9988,0.000801
193.41770,9.0055,0.000489
193.41801,9.0027,0.001489
193.41832,8.9998,-0.000007
193.41863,8.9961,-0.000191
193.41894,9.0055,-0.000799
193.41919,8.9904,-0.000799
193.41950,8.9988,0.000385
193.41981,9.0008,0.000593
193.42012,9.0045,-0.000591
193.42043,9.0045,0.000777
193.42074,9.0035,0.000489
193.42100,8.9988,0.000489
193.42131,9.0045,0.001089
193.42162,9.0064,0.000593
193.42193,8.9998,-0.000007
193.42224,9.0008,0.000593
193.42249,8.9932,0.000593
193.42280,9.0055,-0.000007
193.42311,8.9941,-0.000111
193.42342,9.0055,-0.000399
193.42373,8.9988,0.000697
193.42404,8.9979,0.000697
193.42429,8.9951,0.000697
193.42460,8.9951,0.001385
193.42491,8.9979,-0.000191
193.42522,9.0018,0.000193
193.42553,8.9988,0.000089
193.42584,9.0064,-0.000111
193.42610,9.0064,-0.000111
193.42640,8.9932,-0.000007
193.42672,8.9979,0.000801
193.42703,8.9979,0.000193
193.42734,9.0035,0.000385
193.42759,9.0018,0.000385
193.42790,8.9988,0.000089
193.42821,8.9895,0.001193
193.42852,8.9979,0.000697
193.42883,9.0035,0.000193
193.42914,8.9998,0.001881
193.42940,8.9998,0.001881
193.42971,8.9979,0.000489
193.43001,8.9988,0.000385
193.43033,8.9951,0.000385
193.43064,8.9961,0.000777
193.43089,9.0045,0.000777
193.43120,9.0074,0.000385
193.43151,8.9998,0.001489
193.43182,9.0055,-0.000007
193.43213,8.9998,0.000297
193.43244,9.0008,0.000985
193.43269,8.9971,0.000985
193.43300,9.0045,0.000593
193.43331,8.9961,-0.000191
193.43362,8.9988,-0.000511
193.43393,8.9979,0.000385
193.43424,8.9971,0.001089
193.43450,9.0027,0.001089
193.43481,8.9988,-0.000111
193.43512,9.0008,0.000697
193.43543,8.9988,0.000297
193.43574,8.9979,0.000489
193.43599,8.9971,0.000489
193.43630,9.0045,-0.000007
193.43661,8.9998,0.000593
193.43692,8.9971,0.000985
193.43723,9.0035,0.000777
193.43754,8.9988,0.000089
193.43779,9.0018,0.000089
193.43810,8.9988,0.000801
193.43841,9.0008,0.000385
193.43872,9.0074,0.000297
193.43903,8.9922,-0.000191
193.43934,9.0027,0.000489
193.43959,8.9961,0.000489
193.43990,8.9941,0.000593
193.44021,8.9998,0.000489
193.44052,9.0045,0.000089
193.44083,8.9979,0.000297
193.44108,8.9932,0.000297
193.44140,8.9961,0.000777
193.44171,9.0045,0.000697
193.44202,8.9951,0.000489
193.44232,8.9988,0.000777
193.44264,8.9961,0.000777
193.44289,8.9895,0.000777
193.44320,8.9988,0.000193
193.44351,8.9988,-0.000399
193.44382,8.9988,0.000297
193.44413,9.0027,-0.000191
193.44444,9.0055,-0.000111
193.44469,9.0035,-0.000111
193.44500,8.9979,-0.000111
193.44531,8.9941,0.000881
193.44562,8.9988,-0.000191
193.44593,8.9998,-0.000007
193.44619,8.9971,-0.000007
193.44650,9.0018,-0.000695
193.44681,8.9988,-0.000191
193.44711,9.0018,0.001777
193.44743,8.9951,0.001593
193.44774,8.9971,0.000297
193.44799,8.9961,0.000297
193.44830,9.0008,0.000193
193.44861,9.0027,-0.000191
193.44892,8.9979,0.000089
193.44923,8.9961,0.000193
193.44954,8.9951,0.000297
193.44979,8.9988,0.000297
193.45010,9.0035,-0.000191
193.45041,9.0027,0.000385
193.45072,9.0035,0.000593
193.45103,8.9904,0.001281
193.45129,8.9922,0.001281
193.45159,8.9998,0.000089
193.45190,8.9979,0.000297
193.45221,8.9914,0.000385
193.45252,8.9971,0.000697
193.45283,8.9961,0.001089
193.45309,8.9998,0.001089
193.45340,8.9998,0.000489
193.45370,9.0027,0.000489
193.45402,8.9971,0.000489
193.45433,8.9904,0.002089
193.45464,9.0055,-0.000399
193.45489,8.9971,-0.000399
193.45520,8.9988,0.000985
193.45551,8.9998,0.000881
193.45582,8.9971,0.001489
193.45613,9.0008,0.000489
193.45644,9.0064,0.000193
193.45669,8.9914,0.000193
193.45700,8.9998,0.001281
193.45731,9.0055,0.000297
193.45762,9.0035,0.000881
193.45793,9.0008,-0.000615
193.45818,9.0008,-0.000615
193.45850,8.9932,0.000385
193.45881,9.0045,0.000297
193.45912,9.0074,0.000297
193.45942,8.9971,0.000489
193.45973,8.9971,0.000985
193.45999,9.0018,0.000985
193.46030,9.0035,-0.000007
193.46061,8.9951,0.000777
193.46092,9.0027,-0.000007
193.46123,8.9988,-0.000111
193.46154,8.9971,0.000593
193.46179,9.0035,0.000593
193.46210,8.9998,0.001193
193.46241,8.9979,0.000089
193.46272,8.9961,0.000801
193.46303,8.9961,0.001089
193.46328,8.9979,0.001089
193.46359,8.9979,0.000489
193.46390,8.9988,0.000489
193.46421,9.0035,0.001281
193.46452,8.9988,0.000881
193.46483,9.0035,0.000697
193.46508,8.9922,0.000697
193.46539,9.0045,0.000593
193.46570,9.0035,0.000881
193.46601,8.9914,0.000089
193.46632,8.9998,0.000193
193.46663,8.9979,0.000193
193.46689,8.9988,0.000193
193.46720,8.9951,0.000881
193.46751,9.0008,0.000193
193.46781,8.9988,0.000489
193.46813,8.9961,0.000697
193.46844,9.0027,0.000985
193.46869,8.9979,0.000985
193.46900,8.9971,0.001089
193.46931,9.0018,0.000489
193.46962,8.9961,0.000297
193.46993,8.9961,0.000593
193.47018,8.9932,0.000593
193.47049,8.9988,0.000489
193.47080,9.0008,0.000385
193.47111,8.9988,-0.000191
193.47142,9.0018,0.000985
193.47173,9.0018,-0.000191
193.47199,8.9979,-0.000191
193.47230,9.0035,0.000697
193.47260,8.9988,0.001593
193.47292,8.9971,0.001193
193.47323,8.9922,0.000193
193.47354,8.9988,0.000193
193.47379,8.9988,0.000193
193.47410,8.9941,0.000489
193.47441,9.0018,0.000881
193.47472,8.9998,0.000385
193.47503,8.9988,-0.000295
193.47529,9.0008,-0.000295
193.47560,8.9895,0.000593
193.47591,9.0008,0.000881
193.47622,9.0064,-0.000591
193.47653,9.0027,-0.000399
193.47684,9.0008,-0.000191
193.47709,8.9961,-0.000191
193.47740,8.9951,0.000385
193.47771,9.0008,0.000193
193.47802,8.9971,0.000089
193.47833,9.0008,0.001281
193.47864,8.9914,0.000193
193.47889,8.9998,0.000193
193.47920,8.9971,0.000801
193.47951,9.0027,0.000193
193.47982,8.9988,0.000297
193.48013,8.9979,0.001089
193.48038,8.9979,0.001089
193.48069,9.0008,-0.000399
193.48100,8.9971,0.000489
193.48131,8.9932,0.001593
193.48162,9.0027,-0.000111
193.48193,9.0027,-0.000295
193.48219,8.9961,-0.000295
193.48250,8.9979,0.000881
193.48281,8.9998,0.000881
193.48312,9.0027,-0.000111
193.48343,8.9961,0.000881
193.48374,9.0055,-0.000007
193.48399,8.9988,-0.000007
193.48430,8.9988,0.000193
193.48461,9.0045,0.000297
193.48492,8.9979,0.000193
193.48523,8.9979,0.000297
193.48548,8.9904,0.000297
193.48579,9.0055,0.000881
193.48610,8.9979,0.000777
193.48641,8.9971,0.000385
193.48672,8.9971,0.001385
193.48704,8.9971,0.000385
193.48729,8.9998,0.000385
193.48760,8.9951,0.001089
193.48791,9.0008,0.000593
193.48822,8.9932,0.000697
193.48853,9.0018,0.000697
193.48878,9.0027,0.000697
193.48909,8.9979,0.000593
193.48940,8.9961,0.000089
193.48971,8.9922,-0.000295
193.49002,8.9961,0.000297
193.49033,8.9998,0.001089
193.49058,9.0045,0.001089
193.49089,9.0008,0.000697
193.49120,8.9951,0.000089
193.49151,8.9961,-0.000191
193.49182,8.9988,-0.001095
193.49213,8.9979,0.000297
193.49238,9.0027,0.000297
193.49269,8.9895,0.000593
193.49300,9.0018,0.000489
193.49331,8.9971,0.000489
193.49362,9.0008,0.000489
193.49393,8.9914,0.000489
193.49419,9.0064,0.000489
193.49449,8.9988,0.001281
193.49481,8.9998,-0.000007
193.49512,8.9988,-0.000295
193.49543,8.9971,0.000385
193.49573,8.9941,0.000385
193.49599,8.9971,0.000385
193.49630,9.0008,0.000881
193.49661,8.9988,0.000777
193.49692,9.0027,0.001281
193.49723,8.9979,0.000297
193.49748,8.9941,0.000297
193.49779,8.9998,0.000297
193.49810,9.0018,-0.000111
193.49841,8.9922,0.000985
193.49872,9.0074,0.000089
193.49903,8.9988,0.001089
193.49929,8.9998,0.001089
193.49960,9.0008,0.000881
193.49991,9.0035,0.000489
